"","bcubed.precision","bcubed.recall","bcubed.f1"
"majority-vote",0.468826039862199,0.881710967019605,0.612155104028258
