"","bcubed.precision","bcubed.recall","bcubed.f1"
"majority-vote",0.643016900693127,0.55241083586083,0.594280177250175
