"","bcubed.precision","bcubed.recall","bcubed.f1"
"majority-vote",0.899057162052352,0.869589501176651,0.884077849276073
