"","bcubed.precision","bcubed.recall","bcubed.f1"
"majority-vote",0.575992135228305,0.238382316509935,0.337206893448472
