"","bcubed.precision","bcubed.recall","bcubed.f1"
"majority-vote",0.836597829669966,0.450220767455075,0.585402974073839
