"","bcubed.precision","bcubed.recall","bcubed.f1"
"majority-vote",0.658487913066681,0.807490248917687,0.725416766252173
