"","bcubed.precision","bcubed.recall","bcubed.f1"
"majority-vote",0.533572095279232,0.739226970977441,0.619784998666572
