"","bcubed.precision","bcubed.recall","bcubed.f1"
"majority-vote",0.999411422512398,0.0628282759369851,0.118224345634689
