"","bcubed.precision","bcubed.recall","bcubed.f1"
"majority-vote",0.66374238587582,0.841028787025402,0.741941982599544
