"","bcubed.precision","bcubed.recall","bcubed.f1"
"majority-vote",0.659369680096898,0.810724273724813,0.727255565704546
