"","bcubed.precision","bcubed.recall","bcubed.f1"
"majority-vote",0.984428117130989,0.117166662778398,0.209409411397079
