"","bcubed.precision","bcubed.recall","bcubed.f1"
"majority-vote",0.764402176300634,0.945746435680714,0.845459428026352
