"","bcubed.precision","bcubed.recall","bcubed.f1"
"majority-vote",0.859844912153049,0.969478883662703,0.911376638147829
