"","bcubed.precision","bcubed.recall","bcubed.f1"
"majority-vote",0.742808989335763,0.404704632517926,0.5239471381168
