"","bcubed.precision","bcubed.recall","bcubed.f1"
"majority-vote",0.600567298282943,0.419853582887412,0.494208491029519
