"","bcubed.precision","bcubed.recall","bcubed.f1"
"majority-vote",0.692354611231375,0.930309716912159,0.793884737842729
