"","bcubed.precision","bcubed.recall","bcubed.f1"
"majority-vote",0.762289895520358,0.508272775764566,0.609889161534366
