"","bcubed.precision","bcubed.recall","bcubed.f1"
"majority-vote",0.887003121466525,0.94844355736373,0.916694999227756
