"","bcubed.precision","bcubed.recall","bcubed.f1"
"majority-vote",0.500648576646363,0.879133883500664,0.63798046455714
