"","bcubed.precision","bcubed.recall","bcubed.f1"
"majority-vote",0.395930405943768,0.913628506775652,0.552450603109271
