"","bcubed.precision","bcubed.recall","bcubed.f1"
"majority-vote",0.535956985551412,0.810605513432835,0.64527222134663
