"","bcubed.precision","bcubed.recall","bcubed.f1"
"majority-vote",0.721021061765039,0.414276964400494,0.526209699748547
