"","bcubed.precision","bcubed.recall","bcubed.f1"
"majority-vote",0.630490890129689,0.469991297533989,0.53853707921345
