"","bcubed.precision","bcubed.recall","bcubed.f1"
"majority-vote",0.622066976624344,0.88512600479193,0.73063989087198
