"","bcubed.precision","bcubed.recall","bcubed.f1"
"majority-vote",0.697528613128651,0.69256676827101,0.695038835226774
