"","bcubed.precision","bcubed.recall","bcubed.f1"
"majority-vote",0.33038684119683,0.968942924653449,0.492755573819678
