"","bcubed.precision","bcubed.recall","bcubed.f1"
"majority-vote",0.901661724403521,0.97631905760727,0.937506425499868
