"","bcubed.precision","bcubed.recall","bcubed.f1"
"majority-vote",0.966893119410139,0.53959091051131,0.692641579077133
