"","bcubed.precision","bcubed.recall","bcubed.f1"
"majority-vote",0.801914817419295,0.639508776612872,0.711562605133968
