"","bcubed.precision","bcubed.recall","bcubed.f1"
"majority-vote",0.386751900936289,0.953225927213178,0.55025080509068
