"","bcubed.precision","bcubed.recall","bcubed.f1"
"majority-vote",0.516150468872136,0.70692785557669,0.596660306737288
