"","bcubed.precision","bcubed.recall","bcubed.f1"
"majority-vote",0.317120891224041,0.877572188340193,0.465887815440235
