"","bcubed.precision","bcubed.recall","bcubed.f1"
"majority-vote",0.501327941442922,0.801719715254118,0.616899147773842
