"","bcubed.precision","bcubed.recall","bcubed.f1"
"majority-vote",0.852002703728389,0.780412766304326,0.814637938835647
