"","bcubed.precision","bcubed.recall","bcubed.f1"
"majority-vote",0.921675474099825,0.270224081508654,0.417919290708236
