"","bcubed.precision","bcubed.recall","bcubed.f1"
"majority-vote",0.761617667356246,0.196985727889826,0.31301330940813
