"","bcubed.precision","bcubed.recall","bcubed.f1"
"majority-vote",0.278152146200667,0.999891195594493,0.435230751456527
