"","bcubed.precision","bcubed.recall","bcubed.f1"
"majority-vote",0.669441121347047,0.688242066226632,0.678711417788639
