"","bcubed.precision","bcubed.recall","bcubed.f1"
"majority-vote",0.747040120750877,0.759496636696799,0.753216881543718
