"","bcubed.precision","bcubed.recall","bcubed.f1"
"majority-vote",0.625120161365431,0.928291466553444,0.747121626923146
