"","bcubed.precision","bcubed.recall","bcubed.f1"
"majority-vote",0.403070324269694,0.817191189484684,0.539860536488622
