"","bcubed.precision","bcubed.recall","bcubed.f1"
"majority-vote",0.711893357770583,0.756444868269127,0.733493234311359
