"","bcubed.precision","bcubed.recall","bcubed.f1"
"majority-vote",0.234687816327421,0.964590156088035,0.37752308070377
