"","bcubed.precision","bcubed.recall","bcubed.f1"
"majority-vote",0.99904748151983,0.345249626547115,0.513161514411857
