"","bcubed.precision","bcubed.recall","bcubed.f1"
"majority-vote",0.270573948242322,0.206973751081865,0.234538686258968
