"","bcubed.precision","bcubed.recall","bcubed.f1"
"majority-vote",0.601220170197731,0.955878630278681,0.738159341730517
