"","bcubed.precision","bcubed.recall","bcubed.f1"
"majority-vote",0.712190869610853,0.857914293874161,0.778290195097052
