"","bcubed.precision","bcubed.recall","bcubed.f1"
"majority-vote",0.735686157445678,0.4183901851575,0.533420288188584
