"","bcubed.precision","bcubed.recall","bcubed.f1"
"majority-vote",0.317493092602076,0.98878976267549,0.480652285095494
