"","bcubed.precision","bcubed.recall","bcubed.f1"
"majority-vote",0.96058340805137,0.723162473806229,0.825133865090453
