"","bcubed.precision","bcubed.recall","bcubed.f1"
"majority-vote",0.761729065384716,0.719523592200739,0.740025046507237
