"","bcubed.precision","bcubed.recall","bcubed.f1"
"majority-vote",0.277503030422349,0.749176961607362,0.404992556166682
