"","bcubed.precision","bcubed.recall","bcubed.f1"
"majority-vote",0.77948565405421,0.924039952930004,0.845629656670656
