"","bcubed.precision","bcubed.recall","bcubed.f1"
"majority-vote",0.902236070024068,0.953996705039616,0.927394720677016
