"","bcubed.precision","bcubed.recall","bcubed.f1"
"majority-vote",0.222437768419919,0.94283131603605,0.359953416310512
