"","bcubed.precision","bcubed.recall","bcubed.f1"
"majority-vote",0.919138611417339,0.724532341638703,0.810315044118255
