"","bcubed.precision","bcubed.recall","bcubed.f1"
"majority-vote",0.772994988022776,0.893640304831985,0.828950976487533
