"","bcubed.precision","bcubed.recall","bcubed.f1"
"majority-vote",0.89679695822684,0.714714636542363,0.795469190705002
