"","bcubed.precision","bcubed.recall","bcubed.f1"
"majority-vote",0.498390686563977,0.93212633429999,0.649503748561565
