"","bcubed.precision","bcubed.recall","bcubed.f1"
"majority-vote",0.749281174060051,0.779818501218188,0.764244910378641
