"","bcubed.precision","bcubed.recall","bcubed.f1"
"majority-vote",0.928358211001534,0.942667192476764,0.935457986567864
