"","bcubed.precision","bcubed.recall","bcubed.f1"
"majority-vote",0.900559217090913,0.954522479369045,0.926755968059673
