"","bcubed.precision","bcubed.recall","bcubed.f1"
"majority-vote",0.514731624606236,0.985301711901868,0.676206239622881
