"","bcubed.precision","bcubed.recall","bcubed.f1"
"majority-vote",0.895957457042404,0.980225123216769,0.93619887314491
