"","bcubed.precision","bcubed.recall","bcubed.f1"
"majority-vote",0.66681745868881,0.355031589905511,0.463358580918987
