"","bcubed.precision","bcubed.recall","bcubed.f1"
"majority-vote",0.797105480526747,0.73525645292672,0.76493279482571
