"","bcubed.precision","bcubed.recall","bcubed.f1"
"majority-vote",0.769331832467112,0.713865947206788,0.740561784580364
