"","bcubed.precision","bcubed.recall","bcubed.f1"
"majority-vote",0.378439947553925,0.698146707442918,0.490822735212927
