"","bcubed.precision","bcubed.recall","bcubed.f1"
"majority-vote",0.437766737865097,0.950893622959401,0.599526869381518
