"","bcubed.precision","bcubed.recall","bcubed.f1"
"majority-vote",0.704739573404135,0.620424801421568,0.659899885915195
