"","bcubed.precision","bcubed.recall","bcubed.f1"
"majority-vote",0.261032014559039,0.956284928791208,0.410116663237792
