"","bcubed.precision","bcubed.recall","bcubed.f1"
"majority-vote",0.272615305541663,0.95582833139971,0.424233436152912
