"","bcubed.precision","bcubed.recall","bcubed.f1"
"majority-vote",0.855415896444829,0.81561287635804,0.835040342975668
