"","bcubed.precision","bcubed.recall","bcubed.f1"
"majority-vote",0.496919571925939,0.866814695638594,0.631702521144517
