"","bcubed.precision","bcubed.recall","bcubed.f1"
"majority-vote",0.413935783820851,0.153244441233823,0.223679723291468
