"","bcubed.precision","bcubed.recall","bcubed.f1"
"majority-vote",0.880364920358153,0.414377574888387,0.563515111389551
