"","bcubed.precision","bcubed.recall","bcubed.f1"
"majority-vote",0.840692447251681,0.46355588603186,0.597597746258839
