"","bcubed.precision","bcubed.recall","bcubed.f1"
"majority-vote",0.825901025140071,0.657527570603608,0.732158859789453
