"","bcubed.precision","bcubed.recall","bcubed.f1"
"majority-vote",0.940524266167782,0.876430786959179,0.907347070950395
