"","bcubed.precision","bcubed.recall","bcubed.f1"
"majority-vote",0.401611040428509,0.914564155981116,0.558130958893841
