"","bcubed.precision","bcubed.recall","bcubed.f1"
"majority-vote",0.544430531619513,0.953831857654209,0.693196584331313
