"","bcubed.precision","bcubed.recall","bcubed.f1"
"majority-vote",0.929510351566011,0.721814740565398,0.812601075906234
