"","bcubed.precision","bcubed.recall","bcubed.f1"
"majority-vote",0.965317306316484,0.914863330322159,0.939413361104671
