"","bcubed.precision","bcubed.recall","bcubed.f1"
"majority-vote",0.301185031924462,0.956785633998846,0.45814981148118
