"","bcubed.precision","bcubed.recall","bcubed.f1"
"majority-vote",0.925289388895226,0.788018274694095,0.851154714737498
