"","bcubed.precision","bcubed.recall","bcubed.f1"
"majority-vote",0.817192290517133,0.667960353298167,0.735078718486592
