"","bcubed.precision","bcubed.recall","bcubed.f1"
"majority-vote",0.34746271931605,0.706309023277914,0.465785983787136
