"","bcubed.precision","bcubed.recall","bcubed.f1"
"majority-vote",0.895710258159843,0.954242577713601,0.924050439618273
