"","bcubed.precision","bcubed.recall","bcubed.f1"
"majority-vote",0.408438088050066,0.950265157255565,0.571316047578517
