"","bcubed.precision","bcubed.recall","bcubed.f1"
"majority-vote",0.96050051071172,0.995385066848897,0.977631693829037
