"","bcubed.precision","bcubed.recall","bcubed.f1"
"majority-vote",0.570962436219745,0.902268892939061,0.699362869960047
