"","bcubed.precision","bcubed.recall","bcubed.f1"
"majority-vote",0.313361779036952,0.992376921877259,0.47631734817532
