"","bcubed.precision","bcubed.recall","bcubed.f1"
"majority-vote",0.878540822625783,0.695765292861692,0.776543020104965
