"","bcubed.precision","bcubed.recall","bcubed.f1"
"majority-vote",0.403794493565388,0.968144864471268,0.56989627560005
