"","bcubed.precision","bcubed.recall","bcubed.f1"
"majority-vote",0.593406799799463,0.987319124339683,0.741282056564344
