"","bcubed.precision","bcubed.recall","bcubed.f1"
"majority-vote",0.463178852676473,0.953523783938278,0.623492948809074
