"","bcubed.precision","bcubed.recall","bcubed.f1"
"majority-vote",0.612344777267696,0.501987089115496,0.551701304699086
