"","bcubed.precision","bcubed.recall","bcubed.f1"
"majority-vote",0.739710841672333,0.251765625770444,0.375669557590514
