"","bcubed.precision","bcubed.recall","bcubed.f1"
"majority-vote",0.237821907990227,0.867928851983649,0.373343619647876
