"","bcubed.precision","bcubed.recall","bcubed.f1"
"majority-vote",0.967704700698336,0.0821207262965767,0.151393957163782
