"","bcubed.precision","bcubed.recall","bcubed.f1"
"majority-vote",0.74375745629442,0.810343255170442,0.77562391387469
