"","bcubed.precision","bcubed.recall","bcubed.f1"
"majority-vote",0.269589230004167,0.699202344257183,0.389139267131057
