"","bcubed.precision","bcubed.recall","bcubed.f1"
"majority-vote",0.153996023518205,0.993137064946733,0.266645885029779
