"","bcubed.precision","bcubed.recall","bcubed.f1"
"majority-vote",0.763829396587266,0.790950350857471,0.777153330198523
