"","bcubed.precision","bcubed.recall","bcubed.f1"
"majority-vote",0.785487363514972,0.834410006967714,0.80920992700702
