"","bcubed.precision","bcubed.recall","bcubed.f1"
"majority-vote",0.660692120593123,0.571891294392846,0.613092902999115
