"","bcubed.precision","bcubed.recall","bcubed.f1"
"majority-vote",0.601110304157236,0.988483443723387,0.747596779747249
