"","bcubed.precision","bcubed.recall","bcubed.f1"
"majority-vote",0.499024795591412,0.895564957259579,0.640918404601306
