"","bcubed.precision","bcubed.recall","bcubed.f1"
"majority-vote",0.128427953875631,0.998135144605589,0.227574388839596
