"","bcubed.precision","bcubed.recall","bcubed.f1"
"majority-vote",0.624133167530565,0.707543452746048,0.663226085979005
