"","bcubed.precision","bcubed.recall","bcubed.f1"
"majority-vote",0.445856695887603,0.670541765540479,0.535589301432904
