"","bcubed.precision","bcubed.recall","bcubed.f1"
"majority-vote",0.628364752810896,0.778464984226614,0.695407474703461
