"","bcubed.precision","bcubed.recall","bcubed.f1"
"majority-vote",0.208694169714064,0.807943617611629,0.331707368259014
