"","bcubed.precision","bcubed.recall","bcubed.f1"
"majority-vote",0.426623823115055,0.606318987158035,0.500841134196426
