"","bcubed.precision","bcubed.recall","bcubed.f1"
"majority-vote",0.558807458470932,0.911550049616779,0.692866821427511
