"","bcubed.precision","bcubed.recall","bcubed.f1"
"majority-vote",0.770937204914984,0.679559306627255,0.722369958502205
