"","bcubed.precision","bcubed.recall","bcubed.f1"
"majority-vote",0.447665997559222,0.893286537322134,0.596432757214509
