"","bcubed.precision","bcubed.recall","bcubed.f1"
"majority-vote",0.7931272400862,0.50025645241353,0.613533357098732
