"","bcubed.precision","bcubed.recall","bcubed.f1"
"majority-vote",0.682612366367178,0.670858709688456,0.676684503156158
