"","bcubed.precision","bcubed.recall","bcubed.f1"
"majority-vote",0.932486403799687,0.271934919992017,0.42107460338317
