"","bcubed.precision","bcubed.recall","bcubed.f1"
"majority-vote",0.509581872936892,0.747308249764963,0.605963450103033
