"","bcubed.precision","bcubed.recall","bcubed.f1"
"majority-vote",0.679785024261513,0.868923148710852,0.762804709158511
