"","bcubed.precision","bcubed.recall","bcubed.f1"
"majority-vote",0.923957048260573,0.683919246039024,0.786020678405584
