"","bcubed.precision","bcubed.recall","bcubed.f1"
"majority-vote",0.3635213687374,0.95713872649434,0.526918896365594
