"","bcubed.precision","bcubed.recall","bcubed.f1"
"majority-vote",0.841442607545125,0.52513096593387,0.646679517083282
