"","bcubed.precision","bcubed.recall","bcubed.f1"
"majority-vote",0.765385851249651,0.412652947109768,0.536211078334832
