"","bcubed.precision","bcubed.recall","bcubed.f1"
"majority-vote",0.80165505488958,0.90347703051562,0.849525892672837
