"","bcubed.precision","bcubed.recall","bcubed.f1"
"majority-vote",0.234772283300201,0.980991565977327,0.378872311394353
