"","bcubed.precision","bcubed.recall","bcubed.f1"
"majority-vote",0.115875574460602,0.930187331684851,0.206079368232505
