"","bcubed.precision","bcubed.recall","bcubed.f1"
"majority-vote",0.765055250696045,0.902586496472959,0.828149738403022
