"","bcubed.precision","bcubed.recall","bcubed.f1"
"majority-vote",0.800481349478988,0.635952802712068,0.708794561788156
