"","bcubed.precision","bcubed.recall","bcubed.f1"
"majority-vote",0.955232982316091,0.586864284516387,0.727051571610477
