"","bcubed.precision","bcubed.recall","bcubed.f1"
"majority-vote",0.505522487518578,0.762230310403572,0.607885958853839
