"","bcubed.precision","bcubed.recall","bcubed.f1"
"majority-vote",0.698913183552011,0.278847561574675,0.398646065424973
