"","bcubed.precision","bcubed.recall","bcubed.f1"
"majority-vote",0.647526751289792,0.973439606296338,0.77771902284331
