"","bcubed.precision","bcubed.recall","bcubed.f1"
"majority-vote",0.833590829944587,0.424835302449241,0.562828128314159
