"","bcubed.precision","bcubed.recall","bcubed.f1"
"majority-vote",0.801788534931857,0.286406129638165,0.422051602630903
