"","bcubed.precision","bcubed.recall","bcubed.f1"
"majority-vote",0.900421854315812,0.939130964402959,0.919369137769113
