"","bcubed.precision","bcubed.recall","bcubed.f1"
"majority-vote",0.38615895369103,0.990604986779224,0.555695822604306
