"","bcubed.precision","bcubed.recall","bcubed.f1"
"majority-vote",0.554561208726665,0.768242967408644,0.644143337748759
