"","bcubed.precision","bcubed.recall","bcubed.f1"
"majority-vote",0.793778494799188,0.87661648851002,0.833143446572272
