"","bcubed.precision","bcubed.recall","bcubed.f1"
"majority-vote",0.993063089898645,0.876163093198672,0.930957672704212
