"","bcubed.precision","bcubed.recall","bcubed.f1"
"majority-vote",0.428291023949082,0.765615636087753,0.549299732897603
