"","bcubed.precision","bcubed.recall","bcubed.f1"
"majority-vote",0.804223620683921,0.272738884192331,0.40733647077463
