"","bcubed.precision","bcubed.recall","bcubed.f1"
"majority-vote",0.965427095738327,0.86690424706898,0.913516927837697
