"","bcubed.precision","bcubed.recall","bcubed.f1"
"majority-vote",0.313616219656093,0.953658197868785,0.472009337083898
