"","bcubed.precision","bcubed.recall","bcubed.f1"
"majority-vote",0.839813957158987,0.915218250816002,0.875896245538152
