"","bcubed.precision","bcubed.recall","bcubed.f1"
"majority-vote",0.901216049685653,0.958252282168922,0.928859418086693
