"","bcubed.precision","bcubed.recall","bcubed.f1"
"majority-vote",0.883018859452528,0.759697808433609,0.816729391557045
