"","bcubed.precision","bcubed.recall","bcubed.f1"
"majority-vote",0.227226741257329,0.94673157067792,0.366491258613691
