"","bcubed.precision","bcubed.recall","bcubed.f1"
"majority-vote",0.637865638999065,0.700583157805443,0.667754978288978
