"","bcubed.precision","bcubed.recall","bcubed.f1"
"majority-vote",0.893064302825918,0.870120524952452,0.881443133752805
