"","bcubed.precision","bcubed.recall","bcubed.f1"
"majority-vote",0.20490360347721,0.869824199645916,0.331674889923191
