"","bcubed.precision","bcubed.recall","bcubed.f1"
"majority-vote",0.452218793183699,0.805654103390218,0.579282576722902
