"","bcubed.precision","bcubed.recall","bcubed.f1"
"majority-vote",0.798610798894,0.791538982494403,0.795059165575796
