"","bcubed.precision","bcubed.recall","bcubed.f1"
"majority-vote",0.748262922414327,0.625112409039228,0.681166214817761
