"","bcubed.precision","bcubed.recall","bcubed.f1"
"majority-vote",0.178202173204181,0.880945962311487,0.296439147075349
