"","bcubed.precision","bcubed.recall","bcubed.f1"
"majority-vote",0.266949367198951,0.850198581338003,0.406320350995333
