"","bcubed.precision","bcubed.recall","bcubed.f1"
"majority-vote",0.982907651845051,0.627038306418905,0.765641537488248
