"","bcubed.precision","bcubed.recall","bcubed.f1"
"majority-vote",0.734846309081942,0.82433395025345,0.777022101412305
