"","bcubed.precision","bcubed.recall","bcubed.f1"
"majority-vote",0.793629681571652,0.632390201237341,0.703894300615791
