"","bcubed.precision","bcubed.recall","bcubed.f1"
"majority-vote",0.907756233049983,0.940507498315668,0.923841689189531
