"","bcubed.precision","bcubed.recall","bcubed.f1"
"majority-vote",0.77376726209409,0.437746050693375,0.55915780629467
