"","bcubed.precision","bcubed.recall","bcubed.f1"
"majority-vote",0.478443358211567,0.920314108637076,0.629584732423742
