"","bcubed.precision","bcubed.recall","bcubed.f1"
"majority-vote",0.795904211791943,0.999599835325097,0.886197633827908
