"","bcubed.precision","bcubed.recall","bcubed.f1"
"majority-vote",0.721582981463399,0.476826885601748,0.574211169667735
