"","bcubed.precision","bcubed.recall","bcubed.f1"
"majority-vote",0.71027504014135,0.219430567136807,0.335280445038135
