"","bcubed.precision","bcubed.recall","bcubed.f1"
"majority-vote",0.845209683525009,0.99921978344287,0.915784801816316
