"","bcubed.precision","bcubed.recall","bcubed.f1"
"majority-vote",0.222890388698672,0.867742807551034,0.35467750721434
