"","bcubed.precision","bcubed.recall","bcubed.f1"
"majority-vote",0.437233226479551,0.876060780703564,0.583331500249213
