"","bcubed.precision","bcubed.recall","bcubed.f1"
"majority-vote",0.442150160363215,0.975907323352622,0.608575582407723
