"","bcubed.precision","bcubed.recall","bcubed.f1"
"majority-vote",0.493727039993937,0.629827176087549,0.55353396018923
