"","bcubed.precision","bcubed.recall","bcubed.f1"
"majority-vote",0.98445356601233,0.881315786174128,0.930034001754119
