"","bcubed.precision","bcubed.recall","bcubed.f1"
"majority-vote",0.872545318919184,0.108963844708173,0.1937340906328
