"","bcubed.precision","bcubed.recall","bcubed.f1"
"majority-vote",0.837028579758455,0.872052794981297,0.854181811639877
