"","bcubed.precision","bcubed.recall","bcubed.f1"
"majority-vote",0.287894085476074,0.965504940925163,0.443534989473176
