"","bcubed.precision","bcubed.recall","bcubed.f1"
"majority-vote",0.611681933668793,0.966003371055859,0.749055351112807
