"","bcubed.precision","bcubed.recall","bcubed.f1"
"majority-vote",0.47624863776554,0.979001656545787,0.640780774445104
