"","bcubed.precision","bcubed.recall","bcubed.f1"
"majority-vote",0.96833854788536,0.876842755294631,0.92032218072283
