"","bcubed.precision","bcubed.recall","bcubed.f1"
"majority-vote",0.553102714333611,0.987792463270288,0.709134145623921
