"","bcubed.precision","bcubed.recall","bcubed.f1"
"majority-vote",0.655958482872129,0.576717729907749,0.613791169544211
