"","bcubed.precision","bcubed.recall","bcubed.f1"
"majority-vote",0.301232254393633,0.901225048152976,0.451538782119224
