"","bcubed.precision","bcubed.recall","bcubed.f1"
"majority-vote",0.429803230634957,0.924506991704597,0.58680217460489
