"","bcubed.precision","bcubed.recall","bcubed.f1"
"majority-vote",0.425378210619112,0.915553484780715,0.580874483641746
