"","bcubed.precision","bcubed.recall","bcubed.f1"
"majority-vote",0.802551393856304,0.980829346354729,0.882779477543318
