"","bcubed.precision","bcubed.recall","bcubed.f1"
"majority-vote",0.227958086393863,0.876439194442429,0.361810745231798
