"","bcubed.precision","bcubed.recall","bcubed.f1"
"majority-vote",0.771540944133325,0.748221348758865,0.759702235727303
