"","bcubed.precision","bcubed.recall","bcubed.f1"
"majority-vote",0.825290036468046,0.622579223673131,0.709744234999984
