"","bcubed.precision","bcubed.recall","bcubed.f1"
"majority-vote",0.256330927680531,0.907771239174192,0.399775639088325
