"","bcubed.precision","bcubed.recall","bcubed.f1"
"majority-vote",0.824501342497774,0.860577519064483,0.842153249889136
