"","bcubed.precision","bcubed.recall","bcubed.f1"
"majority-vote",0.718868245381132,0.860322112085007,0.783259908158855
