"","bcubed.precision","bcubed.recall","bcubed.f1"
"majority-vote",0.496428874516517,0.961552595665172,0.654799093976156
