"","bcubed.precision","bcubed.recall","bcubed.f1"
"majority-vote",0.30543737470225,0.903120412696299,0.456489099272178
