"","bcubed.precision","bcubed.recall","bcubed.f1"
"majority-vote",0.662355766105681,0.975297433205227,0.788926347560489
