"","bcubed.precision","bcubed.recall","bcubed.f1"
"majority-vote",0.426496417289474,0.305533737580401,0.356020974196799
