"","bcubed.precision","bcubed.recall","bcubed.f1"
"majority-vote",0.450399260022559,0.724508340658813,0.555478610102884
