"","bcubed.precision","bcubed.recall","bcubed.f1"
"majority-vote",0.30116841269845,0.989258913863639,0.461759497343952
