"","bcubed.precision","bcubed.recall","bcubed.f1"
"majority-vote",0.408784660103415,0.646187156560028,0.500774320195613
