"","bcubed.precision","bcubed.recall","bcubed.f1"
"majority-vote",0.667470671267277,0.758101107717057,0.709904983692766
