"","bcubed.precision","bcubed.recall","bcubed.f1"
"majority-vote",0.501783651685664,0.272133840153804,0.352885969110369
