"","bcubed.precision","bcubed.recall","bcubed.f1"
"majority-vote",0.725804419048823,0.976317118184207,0.832625947408004
