"","bcubed.precision","bcubed.recall","bcubed.f1"
"majority-vote",0.285649795114172,0.973157591274893,0.441659732167408
