"","bcubed.precision","bcubed.recall","bcubed.f1"
"majority-vote",0.740427861906134,0.228078561277765,0.348734334499002
