"","bcubed.precision","bcubed.recall","bcubed.f1"
"majority-vote",0.697046337326879,0.94992515924748,0.804072024762224
