"","bcubed.precision","bcubed.recall","bcubed.f1"
"majority-vote",0.695577668453801,0.610607475965259,0.650328824037079
