"","bcubed.precision","bcubed.recall","bcubed.f1"
"majority-vote",0.909752768515501,0.518923089228853,0.66088009328851
