"","bcubed.precision","bcubed.recall","bcubed.f1"
"majority-vote",0.459127763404331,0.916510321411909,0.611782035771487
