"","bcubed.precision","bcubed.recall","bcubed.f1"
"majority-vote",0.973381941442187,0.945713972321355,0.95934850970725
