"","bcubed.precision","bcubed.recall","bcubed.f1"
"majority-vote",0.930344442020075,0.886986525674011,0.908148266855947
