"","bcubed.precision","bcubed.recall","bcubed.f1"
"majority-vote",0.396635472422513,0.539692261887942,0.457235404683042
