"","bcubed.precision","bcubed.recall","bcubed.f1"
"majority-vote",0.705071181694772,0.966376224329457,0.815298194838714
