"","bcubed.precision","bcubed.recall","bcubed.f1"
"majority-vote",0.818334218339572,0.851645669367778,0.834657708484323
