"","bcubed.precision","bcubed.recall","bcubed.f1"
"majority-vote",0.854926927814048,0.440658826926962,0.581561036373265
