"","bcubed.precision","bcubed.recall","bcubed.f1"
"majority-vote",0.0472981321703284,0.998506703262028,0.0903180027931721
