"","bcubed.precision","bcubed.recall","bcubed.f1"
"majority-vote",0.454554495634006,0.88053136094935,0.599586141509345
