"","bcubed.precision","bcubed.recall","bcubed.f1"
"majority-vote",0.485334891677738,0.999976793281634,0.653497354881266
