"","bcubed.precision","bcubed.recall","bcubed.f1"
"majority-vote",0.964496968664595,0.522574737858118,0.677871481723537
