"","bcubed.precision","bcubed.recall","bcubed.f1"
"majority-vote",0.856148670299893,0.999708299683479,0.922375964640687
