"","bcubed.precision","bcubed.recall","bcubed.f1"
"majority-vote",0.319412309411434,0.902729631261807,0.471864922885514
