"","bcubed.precision","bcubed.recall","bcubed.f1"
"majority-vote",0.740603894531819,0.863415706654205,0.797308255429339
