"","bcubed.precision","bcubed.recall","bcubed.f1"
"majority-vote",0.388030605510105,0.968828329344256,0.554125463766278
