"","bcubed.precision","bcubed.recall","bcubed.f1"
"majority-vote",0.236480065532981,0.927423065821324,0.376864811983159
