"","bcubed.precision","bcubed.recall","bcubed.f1"
"majority-vote",0.352718597076432,0.993785761665676,0.520646988438581
