"","bcubed.precision","bcubed.recall","bcubed.f1"
"majority-vote",0.535540733732927,0.877305478637059,0.665086993366509
