{
      "avg_bcuded_f1": 0.6099376987803802,
      "avg_bcuded_recall": 0.7846648942117659,
      "avg_bcuded_precision": 0.5959217667776662,
      "avg_bcuded_f1star": 0.6773915804053467
}