"","bcubed.precision","bcubed.recall","bcubed.f1"
"majority-vote",0.74058100931139,0.257017628755942,0.381601112214126
