"","bcubed.precision","bcubed.recall","bcubed.f1"
"majority-vote",0.765085741550394,0.350395035268814,0.480657759354049
