"","bcubed.precision","bcubed.recall","bcubed.f1"
"majority-vote",0.93157630251215,0.210347388555393,0.343200940669387
