"","bcubed.precision","bcubed.recall","bcubed.f1"
"majority-vote",0.714992804810758,0.343658328596708,0.464200574686136
