"","bcubed.precision","bcubed.recall","bcubed.f1"
"majority-vote",0.948202574497827,0.205264206736503,0.33747317642131
