"","bcubed.precision","bcubed.recall","bcubed.f1"
"majority-vote",0.800540028044381,0.155230772342333,0.260038173993184
