"","bcubed.precision","bcubed.recall","bcubed.f1"
"majority-vote",0.833639075247306,0.278096169110385,0.417063027233506
