"","bcubed.precision","bcubed.recall","bcubed.f1"
"majority-vote",0.246746074891531,0.535467319535705,0.337822032374863
