"","bcubed.precision","bcubed.recall","bcubed.f1"
"majority-vote",0.816196358347102,0.419270163245204,0.553971757912605
