"","bcubed.precision","bcubed.recall","bcubed.f1"
"majority-vote",0.777581443569589,0.660321630660497,0.714170316471629
