"","bcubed.precision","bcubed.recall","bcubed.f1"
"majority-vote",0.633264128954869,0.477672030841765,0.544572358851813
