"","bcubed.precision","bcubed.recall","bcubed.f1"
"majority-vote",0.938487874132853,0.18450471455883,0.308382155104935
