"","bcubed.precision","bcubed.recall","bcubed.f1"
"majority-vote",0.873896173181051,0.157715929137724,0.267207696794858
