"","bcubed.precision","bcubed.recall","bcubed.f1"
"majority-vote",0.7703379869263,0.60250415675695,0.676161991917935
