"","bcubed.precision","bcubed.recall","bcubed.f1"
"majority-vote",0.914096058222559,0.812508601555602,0.8603138022914
