"","bcubed.precision","bcubed.recall","bcubed.f1"
"majority-vote",0.482091905952747,0.295512358142839,0.366418042049625
