"","bcubed.precision","bcubed.recall","bcubed.f1"
"majority-vote",0.968775476104518,0.178661550033407,0.301686147914805
