"","bcubed.precision","bcubed.recall","bcubed.f1"
"majority-vote",0.808773826606635,0.737560121042473,0.771527162492762
