"","bcubed.precision","bcubed.recall","bcubed.f1"
"majority-vote",0.973789154334244,0.14777623853704,0.256610803561401
