"","bcubed.precision","bcubed.recall","bcubed.f1"
"majority-vote",0.600304194147834,0.112476350779313,0.189455297554918
