"","bcubed.precision","bcubed.recall","bcubed.f1"
"majority-vote",0.737733962363279,0.264429785554201,0.389315286786518
