"","bcubed.precision","bcubed.recall","bcubed.f1"
"majority-vote",0.40060569357415,0.538630178381288,0.459476309696658
