"","bcubed.precision","bcubed.recall","bcubed.f1"
"majority-vote",0.945337139275683,0.254396955787534,0.400906986663503
