"","bcubed.precision","bcubed.recall","bcubed.f1"
"majority-vote",0.778775229404252,0.517977305072007,0.622150925267436
