"","bcubed.precision","bcubed.recall","bcubed.f1"
"majority-vote",0.830836825804576,0.312979550349517,0.45467951250788
