"","bcubed.precision","bcubed.recall","bcubed.f1"
"majority-vote",0.647436556849593,0.476828629170484,0.549187664469647
