"","bcubed.precision","bcubed.recall","bcubed.f1"
"majority-vote",0.988473774539055,0.189232121964544,0.317653143144904
