"","bcubed.precision","bcubed.recall","bcubed.f1"
"majority-vote",0.98553842841281,0.239700270428941,0.385612743103825
