"","bcubed.precision","bcubed.recall","bcubed.f1"
"majority-vote",0.952352594524296,0.636093293068584,0.762739357689259
