"","bcubed.precision","bcubed.recall","bcubed.f1"
"majority-vote",0.741779059423331,0.268653291287458,0.394447754136154
