"","bcubed.precision","bcubed.recall","bcubed.f1"
"majority-vote",0.769066438553191,0.363773520254886,0.493919734181586
