"","bcubed.precision","bcubed.recall","bcubed.f1"
"majority-vote",0.682694054765203,0.214451886648441,0.32637951372188
