"","bcubed.precision","bcubed.recall","bcubed.f1"
"majority-vote",0.799949434728689,0.432627490603265,0.561555403875451
