"","bcubed.precision","bcubed.recall","bcubed.f1"
"majority-vote",0.410760060434359,0.680616703818545,0.51232565608911
