"","bcubed.precision","bcubed.recall","bcubed.f1"
"majority-vote",0.721884966507071,0.368467499304666,0.487899384345355
