"","bcubed.precision","bcubed.recall","bcubed.f1"
"majority-vote",0.656308838292181,0.456616423403545,0.5385472047467
