"","bcubed.precision","bcubed.recall","bcubed.f1"
"majority-vote",0.705294327474736,0.568868285164028,0.629777660444066
