"","bcubed.precision","bcubed.recall","bcubed.f1"
"majority-vote",0.943819303531534,0.700140360128029,0.803919952146947
