"","bcubed.precision","bcubed.recall","bcubed.f1"
"majority-vote",0.810193495977878,0.461359318202158,0.587927319648482
