"","bcubed.precision","bcubed.recall","bcubed.f1"
"majority-vote",0.702215198386031,0.732064421166779,0.716829209218303
