"","bcubed.precision","bcubed.recall","bcubed.f1"
"majority-vote",0.911790130051768,0.628082652582755,0.743801137262663
