"","bcubed.precision","bcubed.recall","bcubed.f1"
"majority-vote",0.960147648162707,0.316766198070923,0.47637093292133
