"","bcubed.precision","bcubed.recall","bcubed.f1"
"majority-vote",0.919869251189002,0.295626748537312,0.447451831794901
