"","bcubed.precision","bcubed.recall","bcubed.f1"
"majority-vote",0.749480008294276,0.273834264414544,0.40111491110428
