"","bcubed.precision","bcubed.recall","bcubed.f1"
"majority-vote",0.315273698264352,0.406552550400164,0.35514177086413
