"","bcubed.precision","bcubed.recall","bcubed.f1"
"majority-vote",0.570149123160137,0.764265580976335,0.653088353274869
