"","bcubed.precision","bcubed.recall","bcubed.f1"
"majority-vote",0.81890446699413,0.0321011900593978,0.0617805715334156
