"","bcubed.precision","bcubed.recall","bcubed.f1"
"majority-vote",0.705115912771109,0.4975010382235,0.583387583854387
