"","bcubed.precision","bcubed.recall","bcubed.f1"
"majority-vote",0.525504202833689,0.515820293277299,0.520617219774374
