"","bcubed.precision","bcubed.recall","bcubed.f1"
"majority-vote",0.893663112192729,0.335330305840022,0.487671162973711
