"","bcubed.precision","bcubed.recall","bcubed.f1"
"majority-vote",0.625818429593497,0.0839537973087978,0.148047025788838
