"","bcubed.precision","bcubed.recall","bcubed.f1"
"majority-vote",0.460939434483989,0.594336551291709,0.519206648380596
