"","bcubed.precision","bcubed.recall","bcubed.f1"
"majority-vote",0.958755709920627,0.0926848078003367,0.169029226482694
