"","bcubed.precision","bcubed.recall","bcubed.f1"
"majority-vote",0.941645465867601,0.68437882100946,0.792660009989257
