"","bcubed.precision","bcubed.recall","bcubed.f1"
"majority-vote",0.881942990649725,0.326524477315693,0.476596982008922
