"","bcubed.precision","bcubed.recall","bcubed.f1"
"majority-vote",0.874841256299474,0.640874370931106,0.739800170589931
