"","bcubed.precision","bcubed.recall","bcubed.f1"
"majority-vote",0.351492059667309,0.40000109865227,0.374180944904046
