"","bcubed.precision","bcubed.recall","bcubed.f1"
"majority-vote",0.605282306324372,0.60266011178633,0.603968362932849
