"","bcubed.precision","bcubed.recall","bcubed.f1"
"majority-vote",0.782279225602122,0.457233851983832,0.577137184136218
