"","bcubed.precision","bcubed.recall","bcubed.f1"
"majority-vote",0.438027592323,0.572614578640521,0.496359626418182
