"","bcubed.precision","bcubed.recall","bcubed.f1"
"majority-vote",0.668310367228005,0.293503701037002,0.407878347166726
