"","bcubed.precision","bcubed.recall","bcubed.f1"
"majority-vote",0.989128309413007,0.603678046977399,0.74976477038888
