"","bcubed.precision","bcubed.recall","bcubed.f1"
"majority-vote",0.489815371982946,0.670921745956661,0.566239813456724
