"","bcubed.precision","bcubed.recall","bcubed.f1"
"majority-vote",0.684186211818637,0.288968652033877,0.406324573227144
