"","bcubed.precision","bcubed.recall","bcubed.f1"
"majority-vote",0.871208670231916,0.849003713874169,0.859962878328701
