"","bcubed.precision","bcubed.recall","bcubed.f1"
"majority-vote",0.839517185298815,0.409025699426651,0.550055761958141
