"","bcubed.precision","bcubed.recall","bcubed.f1"
"majority-vote",0.520078436683476,0.674415848790114,0.5872763806053
