"","bcubed.precision","bcubed.recall","bcubed.f1"
"majority-vote",0.882355238495808,0.766987076492885,0.820636272594172
