"","bcubed.precision","bcubed.recall","bcubed.f1"
"majority-vote",0.945215297045846,0.142711829824856,0.247982426925714
