"","bcubed.precision","bcubed.recall","bcubed.f1"
"majority-vote",0.870805883087928,0.169552421842999,0.283839222954042
