"","bcubed.precision","bcubed.recall","bcubed.f1"
"majority-vote",0.842421851982221,0.274490844854569,0.414064745668014
