"","bcubed.precision","bcubed.recall","bcubed.f1"
"majority-vote",0.728158524519602,0.461234062230872,0.564744589723382
