"","bcubed.precision","bcubed.recall","bcubed.f1"
"majority-vote",0.907606841651864,0.194497279463588,0.320345524786101
