"","bcubed.precision","bcubed.recall","bcubed.f1"
"majority-vote",0.881507923678405,0.305272918201628,0.453496529069125
