"","bcubed.precision","bcubed.recall","bcubed.f1"
"majority-vote",0.803904934802897,0.283819797978943,0.419525509191112
