"","bcubed.precision","bcubed.recall","bcubed.f1"
"majority-vote",0.765714834575577,0.233273308586689,0.357603509346839
