"","bcubed.precision","bcubed.recall","bcubed.f1"
"majority-vote",0.663150897363513,0.381581426280045,0.484422774194159
