"","bcubed.precision","bcubed.recall","bcubed.f1"
"majority-vote",0.658468631435672,0.627919577216286,0.642831365959978
