"","bcubed.precision","bcubed.recall","bcubed.f1"
"majority-vote",0.510426001066541,0.521842285726857,0.516071014674683
