"","bcubed.precision","bcubed.recall","bcubed.f1"
"majority-vote",0.345088637260988,0.338736930179558,0.341883284835785
