"","bcubed.precision","bcubed.recall","bcubed.f1"
"majority-vote",0.400602726784567,0.390316820725638,0.395392889668228
