"","bcubed.precision","bcubed.recall","bcubed.f1"
"majority-vote",0.784112057817256,0.809974552751035,0.796833508451349
