"","bcubed.precision","bcubed.recall","bcubed.f1"
"majority-vote",0.418203409131063,0.397727732482888,0.407708653701586
