"","bcubed.precision","bcubed.recall","bcubed.f1"
"majority-vote",0.707065265040771,0.351323548632255,0.469409114721562
