"","bcubed.precision","bcubed.recall","bcubed.f1"
"majority-vote",0.692738801716384,0.400895527382348,0.507877047863287
