"","bcubed.precision","bcubed.recall","bcubed.f1"
"majority-vote",0.907147370351208,0.529051813578081,0.668330642207805
