"","bcubed.precision","bcubed.recall","bcubed.f1"
"majority-vote",0.968435634712124,0.796051423428415,0.873822861952648
