"","bcubed.precision","bcubed.recall","bcubed.f1"
"majority-vote",0.974754506135026,0.942982554033432,0.958605340473591
