"","bcubed.precision","bcubed.recall","bcubed.f1"
"majority-vote",0.636256689194715,0.709767544120874,0.671004780661077
