"","bcubed.precision","bcubed.recall","bcubed.f1"
"majority-vote",0.917292173940338,0.447658137870655,0.601682424504721
