"","bcubed.precision","bcubed.recall","bcubed.f1"
"majority-vote",0.62869811200749,0.412463532449208,0.498126387008952
