"","bcubed.precision","bcubed.recall","bcubed.f1"
"majority-vote",0.740402289153798,0.568344356330491,0.643063290984059
