"","bcubed.precision","bcubed.recall","bcubed.f1"
"majority-vote",0.974202652168922,0.242898709145136,0.388846112869541
