"","bcubed.precision","bcubed.recall","bcubed.f1"
"majority-vote",0.938335463779295,0.464310436009761,0.62122442788491
