"","bcubed.precision","bcubed.recall","bcubed.f1"
"majority-vote",0.566213343779378,0.186485379369936,0.280565137076953
