"","bcubed.precision","bcubed.recall","bcubed.f1"
"majority-vote",0.777644558561314,0.240328038054499,0.367180396965697
