"","bcubed.precision","bcubed.recall","bcubed.f1"
"majority-vote",0.891135735006409,0.399320602882397,0.551508560971505
