"","bcubed.precision","bcubed.recall","bcubed.f1"
"majority-vote",0.776440790821706,0.729806043611133,0.752401490505048
