"","bcubed.precision","bcubed.recall","bcubed.f1"
"majority-vote",0.55288379254506,0.223066299954463,0.317880603662389
