"","bcubed.precision","bcubed.recall","bcubed.f1"
"majority-vote",0.931577653956701,0.500157299967476,0.650868183159122
