"","bcubed.precision","bcubed.recall","bcubed.f1"
"majority-vote",0.379358785737639,0.323399141894214,0.349150969213549
