"","bcubed.precision","bcubed.recall","bcubed.f1"
"majority-vote",0.703036064949686,0.817128918157007,0.755800989447442
