"","bcubed.precision","bcubed.recall","bcubed.f1"
"majority-vote",0.936968919904979,0.344124615876017,0.503373189614139
