"","bcubed.precision","bcubed.recall","bcubed.f1"
"majority-vote",0.665692606607536,0.611328224657844,0.637353235595993
