"","bcubed.precision","bcubed.recall","bcubed.f1"
"majority-vote",0.916113377170569,0.647633088626488,0.758825486056788
