"","bcubed.precision","bcubed.recall","bcubed.f1"
"majority-vote",0.776509276435749,0.363846883031004,0.495512700186445
