"","bcubed.precision","bcubed.recall","bcubed.f1"
"majority-vote",0.94437724151989,0.809029877203582,0.871479755707765
