"","bcubed.precision","bcubed.recall","bcubed.f1"
"majority-vote",0.71271010438582,0.502318564345023,0.589298879347815
