"","bcubed.precision","bcubed.recall","bcubed.f1"
"majority-vote",0.810924554532613,0.670003807155857,0.733759380816439
