"","bcubed.precision","bcubed.recall","bcubed.f1"
"majority-vote",0.963728653001877,0.237710218235373,0.381356311851042
