"","bcubed.precision","bcubed.recall","bcubed.f1"
"majority-vote",0.992904453655028,0.529524272088926,0.690695070560507
