"","bcubed.precision","bcubed.recall","bcubed.f1"
"majority-vote",0.750448687404597,0.363182687965688,0.489479692292794
