"","bcubed.precision","bcubed.recall","bcubed.f1"
"majority-vote",0.806038294944122,0.151584798256988,0.25518004566511
