"","bcubed.precision","bcubed.recall","bcubed.f1"
"majority-vote",0.742951711630016,0.635427742927193,0.68499588798153
