"","bcubed.precision","bcubed.recall","bcubed.f1"
"majority-vote",0.969962613841738,0.353770057533761,0.518448682463697
