"","bcubed.precision","bcubed.recall","bcubed.f1"
"majority-vote",0.859604281181617,0.315768659817662,0.461872283041456
