"","bcubed.precision","bcubed.recall","bcubed.f1"
"majority-vote",0.83795472622952,0.440768796570361,0.577676549582695
