"","bcubed.precision","bcubed.recall","bcubed.f1"
"majority-vote",0.985348189212559,0.712820619458762,0.827216355677405
