"","bcubed.precision","bcubed.recall","bcubed.f1"
"majority-vote",0.693660768257076,0.446304467146259,0.543146211731105
