"","bcubed.precision","bcubed.recall","bcubed.f1"
"majority-vote",0.973222857152714,0.804880854310272,0.881082964564372
