"","bcubed.precision","bcubed.recall","bcubed.f1"
"majority-vote",0.908419751386825,0.829345547806551,0.867083577629157
