"","bcubed.precision","bcubed.recall","bcubed.f1"
"majority-vote",0.61908846291948,0.430276165514172,0.507695805101932
