"","bcubed.precision","bcubed.recall","bcubed.f1"
"majority-vote",0.616386310660499,0.281757737078034,0.38673442750052
