"","bcubed.precision","bcubed.recall","bcubed.f1"
"majority-vote",0.93550692832896,0.728262766603196,0.81897736913532
