"","bcubed.precision","bcubed.recall","bcubed.f1"
"majority-vote",0.876983002839397,0.151016304161754,0.257663076228774
