"","bcubed.precision","bcubed.recall","bcubed.f1"
"majority-vote",0.950307427504674,0.346659145312057,0.508005013401406
