"","bcubed.precision","bcubed.recall","bcubed.f1"
"majority-vote",0.533439827900166,0.314251459847814,0.395507768173339
