"","bcubed.precision","bcubed.recall","bcubed.f1"
"majority-vote",0.95498187844834,0.830757914508554,0.888549112096037
