"","bcubed.precision","bcubed.recall","bcubed.f1"
"majority-vote",0.739911923247037,0.337199352510873,0.463272137334959
