"","bcubed.precision","bcubed.recall","bcubed.f1"
"majority-vote",0.927999630635365,0.165790168856467,0.28132135723565
