"","bcubed.precision","bcubed.recall","bcubed.f1"
"majority-vote",0.936104339857362,0.699655145499849,0.800790365538265
