"","bcubed.precision","bcubed.recall","bcubed.f1"
"majority-vote",0.950868732476005,0.166453386563754,0.283311890100661
