"","bcubed.precision","bcubed.recall","bcubed.f1"
"majority-vote",0.713460424551617,0.357780051040875,0.476572558501468
