"","bcubed.precision","bcubed.recall","bcubed.f1"
"majority-vote",0.554961004103679,0.123728744450573,0.202344674876988
