"","bcubed.precision","bcubed.recall","bcubed.f1"
"majority-vote",0.772203480812983,0.294177687628219,0.426048473260432
