"","bcubed.precision","bcubed.recall","bcubed.f1"
"majority-vote",0.710337460808144,0.317890914000088,0.439221150081405
