"","bcubed.precision","bcubed.recall","bcubed.f1"
"majority-vote",0.918984643367637,0.279279981632154,0.428376184968308
