"","bcubed.precision","bcubed.recall","bcubed.f1"
"majority-vote",0.603060446083165,0.534620494238606,0.566781884646057
