"","bcubed.precision","bcubed.recall","bcubed.f1"
"majority-vote",0.392711553193198,0.772541613493949,0.520721205682923
