"","bcubed.precision","bcubed.recall","bcubed.f1"
"majority-vote",0.771874950542746,0.26997764947014,0.400035446146285
