"","bcubed.precision","bcubed.recall","bcubed.f1"
"majority-vote",0.93423537589695,0.782614456422419,0.851729833459515
