"","bcubed.precision","bcubed.recall","bcubed.f1"
"majority-vote",0.880865030371421,0.317659901504213,0.466933129790455
