"","bcubed.precision","bcubed.recall","bcubed.f1"
"majority-vote",0.678399206887578,0.951943040697581,0.792223111150968
