"","bcubed.precision","bcubed.recall","bcubed.f1"
"majority-vote",0.750578010691724,0.290717610541172,0.419105278738593
