"","bcubed.precision","bcubed.recall","bcubed.f1"
"majority-vote",0.831225179368225,0.382404683806742,0.523824291958252
