"","bcubed.precision","bcubed.recall","bcubed.f1"
"majority-vote",0.7939995785207,0.636556312422408,0.706614046984038
