"","bcubed.precision","bcubed.recall","bcubed.f1"
"majority-vote",0.815226924069577,0.765975166700309,0.789833991123467
