"","bcubed.precision","bcubed.recall","bcubed.f1"
"majority-vote",0.563756178890615,0.673942001520317,0.61394445525458
