"","bcubed.precision","bcubed.recall","bcubed.f1"
"majority-vote",0.716261850228537,0.59388480391436,0.649357882385457
