"","bcubed.precision","bcubed.recall","bcubed.f1"
"majority-vote",0.975442076794383,0.486140575077138,0.648888342455427
