"","bcubed.precision","bcubed.recall","bcubed.f1"
"majority-vote",0.566858488044361,0.510586054510664,0.53725278182783
