"","bcubed.precision","bcubed.recall","bcubed.f1"
"majority-vote",0.980553100945696,0.237365528642488,0.382208629564531
