"","bcubed.precision","bcubed.recall","bcubed.f1"
"majority-vote",0.85547997650765,0.183023094960364,0.301535156281667
