"","bcubed.precision","bcubed.recall","bcubed.f1"
"majority-vote",0.713232087622603,0.456496861416441,0.556690008789971
