"","bcubed.precision","bcubed.recall","bcubed.f1"
"majority-vote",0.807667785272376,0.453105895114959,0.580530892251695
