"","bcubed.precision","bcubed.recall","bcubed.f1"
"majority-vote",0.699970280274082,0.302364004562868,0.422305851890705
