"","bcubed.precision","bcubed.recall","bcubed.f1"
"majority-vote",0.788106459648097,0.711135883631505,0.747645350452892
