"","bcubed.precision","bcubed.recall","bcubed.f1"
"majority-vote",0.973611673831166,0.357704109881083,0.523189015586527
