"","bcubed.precision","bcubed.recall","bcubed.f1"
"majority-vote",0.744686957700104,0.472854707068538,0.578425763044347
