"","bcubed.precision","bcubed.recall","bcubed.f1"
"majority-vote",0.974955698489202,0.585867110848284,0.731914570778718
