"","bcubed.precision","bcubed.recall","bcubed.f1"
"majority-vote",0.764761151664281,0.182299903049473,0.294417942983707
