"","bcubed.precision","bcubed.recall","bcubed.f1"
"majority-vote",0.573825374847841,0.541062086766599,0.556962322107753
