"","bcubed.precision","bcubed.recall","bcubed.f1"
"majority-vote",0.146544219013663,0.590045402719293,0.234778607172527
