"","bcubed.precision","bcubed.recall","bcubed.f1"
"majority-vote",0.406585224629108,0.757017998080389,0.529033139116074
