"","bcubed.precision","bcubed.recall","bcubed.f1"
"majority-vote",0.451667546931184,0.087192143704695,0.14616740625857
