"","bcubed.precision","bcubed.recall","bcubed.f1"
"majority-vote",0.646035144135301,0.340956103455915,0.446345650941744
