"","bcubed.precision","bcubed.recall","bcubed.f1"
"majority-vote",0.764691588467046,0.403255690837423,0.528048209450827
