"","bcubed.precision","bcubed.recall","bcubed.f1"
"majority-vote",0.879416917906134,0.290316323636344,0.436525316171144
