"","bcubed.precision","bcubed.recall","bcubed.f1"
"majority-vote",0.682123990634984,0.617159627698203,0.648017695542658
