"","bcubed.precision","bcubed.recall","bcubed.f1"
"majority-vote",0.611510284553972,0.265765750283334,0.370507076739196
