"","bcubed.precision","bcubed.recall","bcubed.f1"
"majority-vote",0.812681542087734,0.532858514544963,0.64367356018921
