"","bcubed.precision","bcubed.recall","bcubed.f1"
"majority-vote",0.594804283783749,0.356619277595583,0.445897458511955
