"","bcubed.precision","bcubed.recall","bcubed.f1"
"majority-vote",0.861516270051763,0.461892687212582,0.601368251087158
