"","bcubed.precision","bcubed.recall","bcubed.f1"
"majority-vote",0.554925739296424,0.405099005648655,0.468320981061143
