"","bcubed.precision","bcubed.recall","bcubed.f1"
"majority-vote",0.895213269985947,0.309798504679672,0.460303771700495
