"","bcubed.precision","bcubed.recall","bcubed.f1"
"majority-vote",0.428255355885868,0.256306093007288,0.320685476092838
