"","bcubed.precision","bcubed.recall","bcubed.f1"
"majority-vote",0.628344254028411,0.361333188495983,0.458819455765497
