"","bcubed.precision","bcubed.recall","bcubed.f1"
"majority-vote",0.887238618112396,0.679170628927663,0.769385665222514
