"","bcubed.precision","bcubed.recall","bcubed.f1"
"majority-vote",0.815317487199839,0.0703068374266325,0.129450812110036
