"","bcubed.precision","bcubed.recall","bcubed.f1"
"majority-vote",0.405668688569584,0.761242464829258,0.529281482127051
