"","bcubed.precision","bcubed.recall","bcubed.f1"
"majority-vote",0.633954894420614,0.751765937593395,0.687852393621541
