"","bcubed.precision","bcubed.recall","bcubed.f1"
"majority-vote",0.644383835721786,0.240531709758719,0.350304040964454
