"","bcubed.precision","bcubed.recall","bcubed.f1"
"majority-vote",0.820726481834441,0.35590021124572,0.496498558085889
