"","bcubed.precision","bcubed.recall","bcubed.f1"
"majority-vote",0.814815328107506,0.523793375136691,0.637669349957427
