"","bcubed.precision","bcubed.recall","bcubed.f1"
"majority-vote",0.422307734734532,0.136664252870123,0.206501836688062
