"","bcubed.precision","bcubed.recall","bcubed.f1"
"majority-vote",0.774509185848614,0.58096860603441,0.663921644098978
