"","bcubed.precision","bcubed.recall","bcubed.f1"
"majority-vote",0.789129276959816,0.456019105771882,0.578016294617263
