"","bcubed.precision","bcubed.recall","bcubed.f1"
"majority-vote",0.973123585147496,0.121719177335237,0.216374088204355
