"","bcubed.precision","bcubed.recall","bcubed.f1"
"majority-vote",0.55608613124887,0.203245004362584,0.29768759075219
