"","bcubed.precision","bcubed.recall","bcubed.f1"
"majority-vote",0.871270073080376,0.719537669673592,0.788167697694631
