"","bcubed.precision","bcubed.recall","bcubed.f1"
"majority-vote",0.712687886682006,0.353871673793772,0.472922590915043
