"","bcubed.precision","bcubed.recall","bcubed.f1"
"majority-vote",0.614869001879026,0.389902102771164,0.477200659238512
