"","bcubed.precision","bcubed.recall","bcubed.f1"
"majority-vote",0.557690233576773,0.480056914831653,0.515969720318117
