"","bcubed.precision","bcubed.recall","bcubed.f1"
"majority-vote",0.591801205928584,0.500824754968605,0.542525447054057
