"","bcubed.precision","bcubed.recall","bcubed.f1"
"majority-vote",0.815920181525434,0.470649587140378,0.596955572759452
