"","bcubed.precision","bcubed.recall","bcubed.f1"
"majority-vote",0.850940057064768,0.0347847234413898,0.0668372731612709
