"","bcubed.precision","bcubed.recall","bcubed.f1"
"majority-vote",0.635209889677326,0.50893124676834,0.565101893141158
