"","bcubed.precision","bcubed.recall","bcubed.f1"
"majority-vote",0.755061135155563,0.367730783785749,0.4945871418432
