"","bcubed.precision","bcubed.recall","bcubed.f1"
"majority-vote",0.996325193037997,0.661629531915973,0.79519441777775
