"","bcubed.precision","bcubed.recall","bcubed.f1"
"majority-vote",0.648307927204649,0.199927463079256,0.305609882975561
