"","bcubed.precision","bcubed.recall","bcubed.f1"
"majority-vote",0.383239569289027,0.717272852377657,0.49956244672208
