"","bcubed.precision","bcubed.recall","bcubed.f1"
"majority-vote",0.47597891064938,0.883526176713085,0.618666058746397
