"","bcubed.precision","bcubed.recall","bcubed.f1"
"majority-vote",0.593068546337771,0.36968167223597,0.455458887946043
