"","bcubed.precision","bcubed.recall","bcubed.f1"
"majority-vote",0.665028955367577,0.168898557456238,0.269381761606283
