"","bcubed.precision","bcubed.recall","bcubed.f1"
"majority-vote",0.885040147913146,0.589934622276025,0.707965771226441
