"","bcubed.precision","bcubed.recall","bcubed.f1"
"majority-vote",0.818634498283245,0.293817415974579,0.432430507477168
