"","bcubed.precision","bcubed.recall","bcubed.f1"
"majority-vote",0.364498181139817,0.210984205345599,0.267265726644961
