"","bcubed.precision","bcubed.recall","bcubed.f1"
"majority-vote",0.781101476653576,0.268564242053986,0.399700442352277
