"","bcubed.precision","bcubed.recall","bcubed.f1"
"majority-vote",0.271144952230939,0.592060906742127,0.371949111808356
