"","bcubed.precision","bcubed.recall","bcubed.f1"
"majority-vote",0.428575862678935,0.230410925675997,0.299698151730035
