"","bcubed.precision","bcubed.recall","bcubed.f1"
"majority-vote",0.574582389192823,0.349890291867225,0.434930753445133
