"","bcubed.precision","bcubed.recall","bcubed.f1"
"majority-vote",0.466143013557716,0.262213274903915,0.335629383846496
