"","bcubed.precision","bcubed.recall","bcubed.f1"
"majority-vote",0.350532710055641,0.705181473484154,0.468288059089267
