"","bcubed.precision","bcubed.recall","bcubed.f1"
"majority-vote",0.960713699073868,0.374696081550248,0.539123891044717
