"","bcubed.precision","bcubed.recall","bcubed.f1"
"majority-vote",0.976287739841654,0.285356954540496,0.441630670563505
