"","bcubed.precision","bcubed.recall","bcubed.f1"
"majority-vote",0.854305551155704,0.4107033786236,0.55472521652121
