"","bcubed.precision","bcubed.recall","bcubed.f1"
"majority-vote",0.90412953415894,0.574215793324192,0.702360197003202
