"","bcubed.precision","bcubed.recall","bcubed.f1"
"majority-vote",0.724143261201205,0.415202443620202,0.527787220875111
