"","bcubed.precision","bcubed.recall","bcubed.f1"
"majority-vote",0.914063514296204,0.346197171519867,0.502191660503863
