"","bcubed.precision","bcubed.recall","bcubed.f1"
"majority-vote",0.857452958394592,0.391227375254842,0.537301759749497
