"","bcubed.precision","bcubed.recall","bcubed.f1"
"majority-vote",0.739182084132354,0.160271051373062,0.263425597406926
