"","bcubed.precision","bcubed.recall","bcubed.f1"
"majority-vote",0.948857567601892,0.580565762331979,0.720368528840316
