"","bcubed.precision","bcubed.recall","bcubed.f1"
"majority-vote",0.856408580429253,0.228834030200488,0.361164268778913
