"","bcubed.precision","bcubed.recall","bcubed.f1"
"majority-vote",0.978053436971827,0.358112807515145,0.524266293448088
