"","bcubed.precision","bcubed.recall","bcubed.f1"
"majority-vote",0.138611687957375,0.473696515956972,0.214466744807843
