"","bcubed.precision","bcubed.recall","bcubed.f1"
"majority-vote",0.731481661107403,0.247251440018142,0.369579600092566
