"","bcubed.precision","bcubed.recall","bcubed.f1"
"majority-vote",0.757543139644874,0.4600594912866,0.572460838370657
