"","bcubed.precision","bcubed.recall","bcubed.f1"
"majority-vote",0.927053011195202,0.309061175266866,0.463575446852083
