"","bcubed.precision","bcubed.recall","bcubed.f1"
"majority-vote",0.640765940425318,0.183736358572581,0.285583195423893
