"","bcubed.precision","bcubed.recall","bcubed.f1"
"majority-vote",0.707147561850603,0.296032924185927,0.417350543555051
