"","bcubed.precision","bcubed.recall","bcubed.f1"
"majority-vote",0.928371420351774,0.396747830126235,0.555918792128195
