"","bcubed.precision","bcubed.recall","bcubed.f1"
"majority-vote",0.892858759363471,0.369145342695802,0.522335311218658
