"","bcubed.precision","bcubed.recall","bcubed.f1"
"majority-vote",0.853216552988604,0.320140553991045,0.46558582774722
