"","bcubed.precision","bcubed.recall","bcubed.f1"
"majority-vote",0.559797451465765,0.314470304485929,0.402713410884647
