"","bcubed.precision","bcubed.recall","bcubed.f1"
"majority-vote",0.968504243861792,0.107131363154296,0.192922545867492
