"","bcubed.precision","bcubed.recall","bcubed.f1"
"majority-vote",0.940352671429052,0.805250857454745,0.867573629920763
