"","bcubed.precision","bcubed.recall","bcubed.f1"
"majority-vote",0.999540910954004,0.348254176704765,0.516538901520536
