"","bcubed.precision","bcubed.recall","bcubed.f1"
"majority-vote",0.72173837218273,0.404651242822033,0.518563604290435
