"","bcubed.precision","bcubed.recall","bcubed.f1"
"majority-vote",0.55362947453617,0.669786390627935,0.606193687777756
