"","bcubed.precision","bcubed.recall","bcubed.f1"
"majority-vote",0.918860379402877,0.31816770074074,0.472667838198848
