"","bcubed.precision","bcubed.recall","bcubed.f1"
"majority-vote",0.936575805074595,0.334759623586704,0.493225873988782
