"","bcubed.precision","bcubed.recall","bcubed.f1"
"majority-vote",0.963712070641073,0.190946431827149,0.318739057139937
