"","bcubed.precision","bcubed.recall","bcubed.f1"
"majority-vote",0.718636681325415,0.320891591085914,0.443671373262979
