"","bcubed.precision","bcubed.recall","bcubed.f1"
"majority-vote",0.828677694192821,0.106310674950779,0.18844573450039
