"","bcubed.precision","bcubed.recall","bcubed.f1"
"majority-vote",0.586889267257145,0.280902997397023,0.379950273878908
