"","bcubed.precision","bcubed.recall","bcubed.f1"
"majority-vote",0.881748049035565,0.884852064072056,0.883297329589945
