"","bcubed.precision","bcubed.recall","bcubed.f1"
"majority-vote",0.992983373822942,0.343607771281174,0.510547754634397
