"","bcubed.precision","bcubed.recall","bcubed.f1"
"majority-vote",0.833220261820339,0.724247099543974,0.774921353569854
