"","bcubed.precision","bcubed.recall","bcubed.f1"
"majority-vote",0.843276252272977,0.330747205952041,0.475137463959495
