"","bcubed.precision","bcubed.recall","bcubed.f1"
"majority-vote",0.720534613723397,0.219250065667388,0.336198843924311
