"","bcubed.precision","bcubed.recall","bcubed.f1"
"majority-vote",0.922197827862762,0.413763533354306,0.57123183766415
