"","bcubed.precision","bcubed.recall","bcubed.f1"
"majority-vote",0.865424616945872,0.598045707960814,0.707309835969665
