"","bcubed.precision","bcubed.recall","bcubed.f1"
"majority-vote",0.483441366360412,0.394127073647968,0.434239250906026
