"","bcubed.precision","bcubed.recall","bcubed.f1"
"majority-vote",0.997752140184351,0.681533818310702,0.809870197970239
