"","bcubed.precision","bcubed.recall","bcubed.f1"
"majority-vote",0.995445472101175,0.0532494044582567,0.10109113669738
