"","bcubed.precision","bcubed.recall","bcubed.f1"
"majority-vote",0.984729766561243,0.706908694475947,0.823005683217448
