"","bcubed.precision","bcubed.recall","bcubed.f1"
"majority-vote",0.964177295027969,0.693195902018822,0.806533798089545
