"","bcubed.precision","bcubed.recall","bcubed.f1"
"majority-vote",0.933665412806923,0.591107364422093,0.723906551400179
