"","bcubed.precision","bcubed.recall","bcubed.f1"
"majority-vote",0.595545172482661,0.509712184075234,0.549295833735894
