"","bcubed.precision","bcubed.recall","bcubed.f1"
"majority-vote",0.710521946752995,0.617947525975156,0.661009211217174
