"","bcubed.precision","bcubed.recall","bcubed.f1"
"majority-vote",0.786886209586963,0.278585102330687,0.411488836477154
