"","bcubed.precision","bcubed.recall","bcubed.f1"
"majority-vote",0.66380498646413,0.185397386283558,0.289843065544538
