"","bcubed.precision","bcubed.recall","bcubed.f1"
"majority-vote",0.649196757327419,0.330578582202777,0.43808112931449
