"","bcubed.precision","bcubed.recall","bcubed.f1"
"majority-vote",0.874713946384071,0.617093946373365,0.723659773812087
