"","bcubed.precision","bcubed.recall","bcubed.f1"
"majority-vote",0.759335482467933,0.100413670533198,0.177371882704493
