"","bcubed.precision","bcubed.recall","bcubed.f1"
"majority-vote",0.474259080231795,0.447803721898163,0.460651879202182
