"","bcubed.precision","bcubed.recall","bcubed.f1"
"majority-vote",0.855356052469942,0.444495079676061,0.584992461508004
