"","bcubed.precision","bcubed.recall","bcubed.f1"
"majority-vote",0.29757854785719,0.724781350428809,0.421924573012239
