"","bcubed.precision","bcubed.recall","bcubed.f1"
"majority-vote",0.989445940753644,0.225778239436184,0.36766115448055
