"","bcubed.precision","bcubed.recall","bcubed.f1"
"majority-vote",0.676480800986439,0.337320815021831,0.450169049905135
