"","bcubed.precision","bcubed.recall","bcubed.f1"
"majority-vote",0.690661193549519,0.251299648936857,0.368514077538876
