"","bcubed.precision","bcubed.recall","bcubed.f1"
"majority-vote",0.719410443910816,0.251565635713858,0.372777351490615
