"","bcubed.precision","bcubed.recall","bcubed.f1"
"majority-vote",0.770749220905346,0.343214162226238,0.474938498240219
