"","bcubed.precision","bcubed.recall","bcubed.f1"
"majority-vote",0.923826303610296,0.298748630174992,0.4514927226075
