"","bcubed.precision","bcubed.recall","bcubed.f1"
"majority-vote",0.923535351680254,0.370370507221517,0.528709649601772
