"","bcubed.precision","bcubed.recall","bcubed.f1"
"majority-vote",0.779403400022308,0.827967977926881,0.802952032067608
