"","bcubed.precision","bcubed.recall","bcubed.f1"
"majority-vote",0.690803079838846,0.657045379514168,0.673501488409378
