"","bcubed.precision","bcubed.recall","bcubed.f1"
"majority-vote",0.860153371943677,0.750969868388073,0.801862015706622
