"","bcubed.precision","bcubed.recall","bcubed.f1"
"majority-vote",0.938713129202647,0.217252378967777,0.352843850523427
