"","bcubed.precision","bcubed.recall","bcubed.f1"
"majority-vote",0.61117208676195,0.19419256262291,0.294736238603337
