"","bcubed.precision","bcubed.recall","bcubed.f1"
"majority-vote",0.766134296088198,0.256780805143204,0.384643028850633
