"","bcubed.precision","bcubed.recall","bcubed.f1"
"majority-vote",0.884031628825895,0.414236361188143,0.564133211196413
