"","bcubed.precision","bcubed.recall","bcubed.f1"
"majority-vote",0.767212995911324,0.228207355496508,0.351778318881775
