"","bcubed.precision","bcubed.recall","bcubed.f1"
"majority-vote",0.494661759769173,0.513431899830841,0.503872085045599
