"","bcubed.precision","bcubed.recall","bcubed.f1"
"majority-vote",0.813619354990493,0.635093374526937,0.71335641802977
