"","bcubed.precision","bcubed.recall","bcubed.f1"
"majority-vote",0.993249051219887,0.396413336875227,0.566665938598145
