"","bcubed.precision","bcubed.recall","bcubed.f1"
"majority-vote",0.99895009264956,0.379661178506142,0.550209587545606
