"","bcubed.precision","bcubed.recall","bcubed.f1"
"majority-vote",0.936277592971111,0.59306502668593,0.726159708784382
