"","bcubed.precision","bcubed.recall","bcubed.f1"
"majority-vote",0.706859229934766,0.65139430472081,0.677994299106466
