"","bcubed.precision","bcubed.recall","bcubed.f1"
"majority-vote",0.612695000050844,0.113593308245835,0.191654061359411
