"","bcubed.precision","bcubed.recall","bcubed.f1"
"majority-vote",0.95325882008578,0.475946121102198,0.634898221733214
