"","bcubed.precision","bcubed.recall","bcubed.f1"
"majority-vote",0.850906831554853,0.475894751931054,0.610403394990426
