"","bcubed.precision","bcubed.recall","bcubed.f1"
"majority-vote",0.995289697568038,0.875505157515743,0.931562604071922
