"","bcubed.precision","bcubed.recall","bcubed.f1"
"majority-vote",0.844262912710406,0.743218784880491,0.790525090218703
