"","bcubed.precision","bcubed.recall","bcubed.f1"
"majority-vote",0.61117208676195,0.218647707217358,0.322073241576787
