"","bcubed.precision","bcubed.recall","bcubed.f1"
"majority-vote",0.191069065504323,0.722676718780294,0.302231031199091
