"","bcubed.precision","bcubed.recall","bcubed.f1"
"majority-vote",0.421785856103396,0.411478580151116,0.416568468894159
