"","bcubed.precision","bcubed.recall","bcubed.f1"
"majority-vote",0.996075963981544,0.603380192455096,0.751521077246718
