"","bcubed.precision","bcubed.recall","bcubed.f1"
"majority-vote",0.993507356700867,0.147312772489202,0.256580892042867
