"","bcubed.precision","bcubed.recall","bcubed.f1"
"majority-vote",0.903542361273108,0.554519515354503,0.687257352114955
