"","bcubed.precision","bcubed.recall","bcubed.f1"
"majority-vote",0.901027726744906,0.394457833210861,0.548701515078004
