"","bcubed.precision","bcubed.recall","bcubed.f1"
"majority-vote",0.66816992017087,0.671065743998291,0.669614701270541
