"","bcubed.precision","bcubed.recall","bcubed.f1"
"majority-vote",0.956885455910274,0.239076503712276,0.382568738765497
