"","bcubed.precision","bcubed.recall","bcubed.f1"
"majority-vote",0.884593080329019,0.301909825017277,0.450175622647433
