"","bcubed.precision","bcubed.recall","bcubed.f1"
"majority-vote",0.710537210065845,0.551132889959793,0.620765168326649
