"","bcubed.precision","bcubed.recall","bcubed.f1"
"majority-vote",0.867783970585288,0.259269306181863,0.399253083429653
