"","bcubed.precision","bcubed.recall","bcubed.f1"
"majority-vote",0.679066742244614,0.320371033379726,0.435351393058577
