"","bcubed.precision","bcubed.recall","bcubed.f1"
"majority-vote",0.989459367906648,0.306976517871553,0.468578191436049
