"","bcubed.precision","bcubed.recall","bcubed.f1"
"majority-vote",0.859798729417425,0.537044077315443,0.661133540712397
