"","bcubed.precision","bcubed.recall","bcubed.f1"
"majority-vote",0.719121319215816,0.267272899160313,0.389705527980924
