"","bcubed.precision","bcubed.recall","bcubed.f1"
"majority-vote",0.756243048202431,0.233073770059648,0.356327548611931
