"","bcubed.precision","bcubed.recall","bcubed.f1"
"majority-vote",0.795583371652242,0.666898895857614,0.725579631158136
