"","bcubed.precision","bcubed.recall","bcubed.f1"
"majority-vote",0.711927182777905,0.539738816499244,0.613989251586443
