"","bcubed.precision","bcubed.recall","bcubed.f1"
"majority-vote",0.577513881543681,0.517087464525676,0.545632781849114
