"","bcubed.precision","bcubed.recall","bcubed.f1"
"majority-vote",0.990669046890849,0.0832806317343837,0.153645083576696
