"","bcubed.precision","bcubed.recall","bcubed.f1"
"majority-vote",0.938770258532288,0.387188188928468,0.548253615212605
