"","bcubed.precision","bcubed.recall","bcubed.f1"
"majority-vote",0.786731167139086,0.179766232466378,0.292660276040479
