"","bcubed.precision","bcubed.recall","bcubed.f1"
"majority-vote",0.485724852837788,0.388351880111808,0.431614645959152
