"","bcubed.precision","bcubed.recall","bcubed.f1"
"majority-vote",0.656007571230895,0.0754835153222686,0.135388546668046
