"","bcubed.precision","bcubed.recall","bcubed.f1"
"majority-vote",0.967841888478958,0.217642924483436,0.355371805261269
