"","bcubed.precision","bcubed.recall","bcubed.f1"
"majority-vote",0.921141442063513,0.587445055793424,0.717386754548497
