"","bcubed.precision","bcubed.recall","bcubed.f1"
"majority-vote",0.846183017532615,0.582398065604506,0.689936830853411
