"","bcubed.precision","bcubed.recall","bcubed.f1"
"majority-vote",0.270775299735188,0.522346742871053,0.356662879780353
