"","bcubed.precision","bcubed.recall","bcubed.f1"
"majority-vote",0.917306938447609,0.238585507744365,0.378679075874164
