"","bcubed.precision","bcubed.recall","bcubed.f1"
"majority-vote",0.670387528379087,0.408683850248124,0.507800617610376
