"","bcubed.precision","bcubed.recall","bcubed.f1"
"majority-vote",0.686321468605511,0.713109492097775,0.699459091068151
