"","bcubed.precision","bcubed.recall","bcubed.f1"
"majority-vote",0.999030946618786,0.167832193100233,0.287385125193701
