"","bcubed.precision","bcubed.recall","bcubed.f1"
"majority-vote",0.411493282272179,0.389210044713341,0.400041596917932
