"","bcubed.precision","bcubed.recall","bcubed.f1"
"majority-vote",0.559192515742677,0.549023991303377,0.554061602490212
