"","bcubed.precision","bcubed.recall","bcubed.f1"
"majority-vote",0.782434669435484,0.386840909494312,0.517718396926302
