"","bcubed.precision","bcubed.recall","bcubed.f1"
"majority-vote",0.970222374572647,0.287097581844465,0.443082918026626
