"","bcubed.precision","bcubed.recall","bcubed.f1"
"majority-vote",0.935922282693235,0.59125933217637,0.724698069235773
