"","bcubed.precision","bcubed.recall","bcubed.f1"
"majority-vote",0.595258402233941,0.418820662570965,0.491690494512903
