"","bcubed.precision","bcubed.recall","bcubed.f1"
"majority-vote",0.982427872781014,0.419113615254151,0.587565763843254
