"","bcubed.precision","bcubed.recall","bcubed.f1"
"majority-vote",0.949192124659527,0.646263988825253,0.768969680155147
