"","bcubed.precision","bcubed.recall","bcubed.f1"
"majority-vote",0.6114904402981,0.21692392680825,0.320242894817253
