"","bcubed.precision","bcubed.recall","bcubed.f1"
"majority-vote",0.977007903095409,0.762114526042755,0.856284643947203
