"","bcubed.precision","bcubed.recall","bcubed.f1"
"majority-vote",0.687914659090639,0.498949334503634,0.578389037330427
