"","bcubed.precision","bcubed.recall","bcubed.f1"
"majority-vote",0.759747353765411,0.343176574596158,0.472793250230828
