"","bcubed.precision","bcubed.recall","bcubed.f1"
"majority-vote",0.698156011249182,0.384917763232674,0.49624071151763
