"","bcubed.precision","bcubed.recall","bcubed.f1"
"majority-vote",0.936297015433588,0.645337244101953,0.764054435414457
