"","bcubed.precision","bcubed.recall","bcubed.f1"
"majority-vote",0.761483460717465,0.722608091341925,0.741536611233902
