"","bcubed.precision","bcubed.recall","bcubed.f1"
"majority-vote",0.940200301449975,0.0898956099888924,0.16410099034861
