{
      "avg_bcuded_f1": 0.5035651224738987,
      "avg_bcuded_recall": 0.4231246580738695,
      "avg_bcuded_precision": 0.7672943093302164,
      "avg_bcuded_f1star": 0.545456937712196
}