"","bcubed.precision","bcubed.recall","bcubed.f1"
"majority-vote",0.991003119521372,0.196997543777126,0.328661736398588
