"","bcubed.precision","bcubed.recall","bcubed.f1"
"majority-vote",0.975645440740962,0.311047154394361,0.471708221820289
