"","bcubed.precision","bcubed.recall","bcubed.f1"
"majority-vote",0.884292047814131,0.434406435037729,0.582608019981021
