"","bcubed.precision","bcubed.recall","bcubed.f1"
"majority-vote",0.83422343445393,0.438903816113222,0.575188141970567
