"","bcubed.precision","bcubed.recall","bcubed.f1"
"majority-vote",0.885791884034047,0.179607545512905,0.298657764805187
