"","bcubed.precision","bcubed.recall","bcubed.f1"
"majority-vote",0.972872832822804,0.383709495604589,0.550354425451776
