"","bcubed.precision","bcubed.recall","bcubed.f1"
"majority-vote",0.939567912646543,0.38788929107822,0.549092400920634
