"","bcubed.precision","bcubed.recall","bcubed.f1"
"majority-vote",0.937215213619209,0.162167011500351,0.276492355165669
