"","bcubed.precision","bcubed.recall","bcubed.f1"
"majority-vote",0.968086963497108,0.676202309809802,0.796237804917329
