"","bcubed.precision","bcubed.recall","bcubed.f1"
"majority-vote",0.581987371482538,0.392550555468867,0.468857003166647
