"","bcubed.precision","bcubed.recall","bcubed.f1"
"majority-vote",0.85678801867028,0.581411843270901,0.692736405293695
