"","bcubed.precision","bcubed.recall","bcubed.f1"
"majority-vote",0.963983514824835,0.485432537574713,0.645706887276304
