"","bcubed.precision","bcubed.recall","bcubed.f1"
"majority-vote",0.9198663530501,0.487313262076829,0.637108537333561
