"","bcubed.precision","bcubed.recall","bcubed.f1"
"majority-vote",0.985285637724124,0.476382631901793,0.642242805741663
