"","bcubed.precision","bcubed.recall","bcubed.f1"
"majority-vote",0.950430385846829,0.216188910962803,0.352252891108677
