"","bcubed.precision","bcubed.recall","bcubed.f1"
"majority-vote",0.963011846514185,0.684884285899634,0.800477248340467
