"","bcubed.precision","bcubed.recall","bcubed.f1"
"majority-vote",0.978854529349885,0.602880712237788,0.746183685253539
