"","bcubed.precision","bcubed.recall","bcubed.f1"
"majority-vote",0.974288007898246,0.30102666012856,0.45994400029084
