"","bcubed.precision","bcubed.recall","bcubed.f1"
"majority-vote",0.903397824928404,0.744852678249019,0.816500026088361
