"","bcubed.precision","bcubed.recall","bcubed.f1"
"majority-vote",0.997379735436986,0.281630429028942,0.439234168108714
