"","bcubed.precision","bcubed.recall","bcubed.f1"
"majority-vote",0.994669332000666,0.512513808250844,0.676469572515142
