"","bcubed.precision","bcubed.recall","bcubed.f1"
"majority-vote",0.970190198461256,0.218941882373329,0.357261017064107
