"","bcubed.precision","bcubed.recall","bcubed.f1"
"majority-vote",0.48625327637612,0.322890240385666,0.388080566784362
