"","bcubed.precision","bcubed.recall","bcubed.f1"
"majority-vote",0.97121534106418,0.482590730529317,0.644789604478274
