"","bcubed.precision","bcubed.recall","bcubed.f1"
"majority-vote",0.994862838839436,0.186037679089271,0.313459043738053
