"","bcubed.precision","bcubed.recall","bcubed.f1"
"majority-vote",0.987319834940969,0.0821023831626086,0.151598330425777
