"","bcubed.precision","bcubed.recall","bcubed.f1"
"majority-vote",0.930680520357458,0.705562303750483,0.802635259662154
