"","bcubed.precision","bcubed.recall","bcubed.f1"
"majority-vote",0.972314915712799,0.519691039675708,0.677347630703533
