"","bcubed.precision","bcubed.recall","bcubed.f1"
"majority-vote",0.344894550010441,0.552530527038306,0.424692316636828
