"","bcubed.precision","bcubed.recall","bcubed.f1"
"majority-vote",0.838206169417196,0.833672557487939,0.835933216584139
