"","bcubed.precision","bcubed.recall","bcubed.f1"
"majority-vote",0.712498355286581,0.59438688004345,0.64810537755893
