"","bcubed.precision","bcubed.recall","bcubed.f1"
"majority-vote",0.89964517290162,0.481943098207635,0.627651219950843
