"","bcubed.precision","bcubed.recall","bcubed.f1"
"majority-vote",0.943146565706275,0.339843356092069,0.499648654647356
