"","bcubed.precision","bcubed.recall","bcubed.f1"
"majority-vote",0.97977572566238,0.205415182268696,0.339625975735355
