"","bcubed.precision","bcubed.recall","bcubed.f1"
"majority-vote",0.977264137580651,0.935424663475543,0.95588678777049
