"","bcubed.precision","bcubed.recall","bcubed.f1"
"majority-vote",0.99547464006213,0.270173781403482,0.425001356198765
