"","bcubed.precision","bcubed.recall","bcubed.f1"
"majority-vote",0.378133828555624,0.336085892749112,0.355872126063943
