"","bcubed.precision","bcubed.recall","bcubed.f1"
"majority-vote",0.917869860443111,0.433170694897677,0.588574967201464
