"","bcubed.precision","bcubed.recall","bcubed.f1"
"majority-vote",0.929727631508351,0.311876697037503,0.467073730644805
