"","bcubed.precision","bcubed.recall","bcubed.f1"
"majority-vote",0.926592895530343,0.36818925363634,0.526979070339551
