"","bcubed.precision","bcubed.recall","bcubed.f1"
"majority-vote",0.928781264016457,0.216883816295881,0.351651854465328
