"","bcubed.precision","bcubed.recall","bcubed.f1"
"majority-vote",0.941856860079655,0.718436265249238,0.815114047793167
