"","bcubed.precision","bcubed.recall","bcubed.f1"
"majority-vote",0.830579923811842,0.947531171730694,0.885209445459645
