"","bcubed.precision","bcubed.recall","bcubed.f1"
"majority-vote",0.92751909508164,0.302192079592647,0.455861392458845
