"","bcubed.precision","bcubed.recall","bcubed.f1"
"majority-vote",0.98518570739195,0.351417836637953,0.518047152462981
