"","bcubed.precision","bcubed.recall","bcubed.f1"
"majority-vote",0.943411368674731,0.469779838184634,0.627226716337281
