"","bcubed.precision","bcubed.recall","bcubed.f1"
"majority-vote",0.803089299800414,0.581880794608883,0.674819249594072
