"","bcubed.precision","bcubed.recall","bcubed.f1"
"majority-vote",0.979795012236763,0.853444134482708,0.912265383035525
