"","bcubed.precision","bcubed.recall","bcubed.f1"
"majority-vote",0.854042266187841,0.905615618454158,0.879073167381109
