"","bcubed.precision","bcubed.recall","bcubed.f1"
"majority-vote",0.975665869034607,0.588649962122143,0.734283532023578
