"","bcubed.precision","bcubed.recall","bcubed.f1"
"majority-vote",0.996583100565843,0.143304464393359,0.250577007487879
