"","bcubed.precision","bcubed.recall","bcubed.f1"
"majority-vote",0.997208676971341,0.138352117898671,0.242991714876366
