"","bcubed.precision","bcubed.recall","bcubed.f1"
"majority-vote",0.870815164663384,0.361619704894148,0.511027285321744
