"","bcubed.precision","bcubed.recall","bcubed.f1"
"majority-vote",0.981298641065236,0.504823929875475,0.66667857153995
