"","bcubed.precision","bcubed.recall","bcubed.f1"
"majority-vote",0.885357676245984,0.0952859974965524,0.172054726056342
