"","bcubed.precision","bcubed.recall","bcubed.f1"
"majority-vote",0.91763326845545,0.233217042410097,0.3719123414501
