"","bcubed.precision","bcubed.recall","bcubed.f1"
"majority-vote",0.940683719962587,0.568847609546518,0.708969300576303
