"","bcubed.precision","bcubed.recall","bcubed.f1"
"majority-vote",0.898151791722381,0.632762355084727,0.742453969922622
