"","bcubed.precision","bcubed.recall","bcubed.f1"
"majority-vote",0.999764287145399,0.408465314930151,0.579975074807233
