"","bcubed.precision","bcubed.recall","bcubed.f1"
"majority-vote",0.879921937457573,0.613069629067215,0.722647639679434
