"","bcubed.precision","bcubed.recall","bcubed.f1"
"majority-vote",0.933557434739219,0.691894663668101,0.79476154105882
