"","bcubed.precision","bcubed.recall","bcubed.f1"
"majority-vote",0.778647120522515,0.665343293596387,0.717549970764742
