"","bcubed.precision","bcubed.recall","bcubed.f1"
"majority-vote",0.939000900540324,0.717941756956907,0.813725150074078
