"","bcubed.precision","bcubed.recall","bcubed.f1"
"majority-vote",0.922651725953223,0.719567531393343,0.808552477764374
