"","bcubed.precision","bcubed.recall","bcubed.f1"
"majority-vote",0.900960297687263,0.487922242224225,0.633024832511163
