"","bcubed.precision","bcubed.recall","bcubed.f1"
"majority-vote",0.96907439098293,0.549436550691773,0.701272379582831
