"","bcubed.precision","bcubed.recall","bcubed.f1"
"majority-vote",0.985698056960656,0.193558048430262,0.323576518068668
