"","bcubed.precision","bcubed.recall","bcubed.f1"
"majority-vote",0.913648590663096,0.363415923197685,0.519996354843965
