"","bcubed.precision","bcubed.recall","bcubed.f1"
"majority-vote",0.743524568155375,0.582936951161606,0.653510016781224
