"","bcubed.precision","bcubed.recall","bcubed.f1"
"majority-vote",0.751247036739727,0.820816864184789,0.784492585272367
