"","bcubed.precision","bcubed.recall","bcubed.f1"
"majority-vote",0.929392889801633,0.770366451095128,0.842440556098719
