"","bcubed.precision","bcubed.recall","bcubed.f1"
"majority-vote",0.877538525990855,0.697565410954792,0.77727000504932
