"","bcubed.precision","bcubed.recall","bcubed.f1"
"majority-vote",0.97318060413134,0.0465787988150788,0.0889025066885355
