"","bcubed.precision","bcubed.recall","bcubed.f1"
"majority-vote",0.975908612997641,0.279893227378589,0.435021199262836
