"","bcubed.precision","bcubed.recall","bcubed.f1"
"majority-vote",0.963923197170965,0.616445831677245,0.751984411370183
