"","bcubed.precision","bcubed.recall","bcubed.f1"
"majority-vote",0.891768120445019,0.683308419099403,0.7737435601203
