"","bcubed.precision","bcubed.recall","bcubed.f1"
"majority-vote",0.979614962011944,0.354385093554383,0.520481147675057
