"","bcubed.precision","bcubed.recall","bcubed.f1"
"majority-vote",0.949130308608085,0.745755069058876,0.835240834771044
