"","bcubed.precision","bcubed.recall","bcubed.f1"
"majority-vote",0.86867367537911,0.340684124377145,0.489422287640028
