"","bcubed.precision","bcubed.recall","bcubed.f1"
"majority-vote",0.995897234465342,0.257902454023385,0.409705542411328
