"","bcubed.precision","bcubed.recall","bcubed.f1"
"majority-vote",0.973945603473947,0.519592529585008,0.67765910837611
