"","bcubed.precision","bcubed.recall","bcubed.f1"
"majority-vote",0.896215287197634,0.477075376098498,0.622682810904448
