"","bcubed.precision","bcubed.recall","bcubed.f1"
"majority-vote",0.929469360033497,0.160608265151234,0.273889598276837
