"","bcubed.precision","bcubed.recall","bcubed.f1"
"majority-vote",0.947642823431089,0.394073479180241,0.556661499488174
