"","bcubed.precision","bcubed.recall","bcubed.f1"
"majority-vote",0.888762550898479,0.490124915091396,0.6318204792482
