"","bcubed.precision","bcubed.recall","bcubed.f1"
"majority-vote",0.877122056756629,0.86220979290679,0.869601999246385
