"","bcubed.precision","bcubed.recall","bcubed.f1"
"majority-vote",0.940055255313477,0.408609301363831,0.569623216114433
