"","bcubed.precision","bcubed.recall","bcubed.f1"
"majority-vote",0.688514694521651,0.434329238917372,0.532651162551354
