"","bcubed.precision","bcubed.recall","bcubed.f1"
"majority-vote",0.780461196887546,0.701831354680276,0.739060772460359
