"","bcubed.precision","bcubed.recall","bcubed.f1"
"majority-vote",0.999670140373597,0.62395879569162,0.768344247901884
