"","bcubed.precision","bcubed.recall","bcubed.f1"
"majority-vote",0.957175054860256,0.56445332310929,0.710134811279133
