"","bcubed.precision","bcubed.recall","bcubed.f1"
"majority-vote",0.978607081744662,0.384867811051075,0.552462487457879
