"","bcubed.precision","bcubed.recall","bcubed.f1"
"majority-vote",0.973889105344174,0.958959659818951,0.966366724593078
