"","bcubed.precision","bcubed.recall","bcubed.f1"
"majority-vote",0.916738619543759,0.772849109084188,0.838666869287469
