"","bcubed.precision","bcubed.recall","bcubed.f1"
"majority-vote",0.957658344277867,0.344144928900142,0.506333436998615
