"","bcubed.precision","bcubed.recall","bcubed.f1"
"majority-vote",0.969568152067198,0.155345905081982,0.267786576519897
