"","bcubed.precision","bcubed.recall","bcubed.f1"
"majority-vote",0.939895743987725,0.54345154745409,0.688696166383472
