"","bcubed.precision","bcubed.recall","bcubed.f1"
"majority-vote",0.998349712030731,0.45880731418492,0.628690171001954
