"","bcubed.precision","bcubed.recall","bcubed.f1"
"majority-vote",0.971047758561105,0.332137788827474,0.494974266742988
