"","bcubed.precision","bcubed.recall","bcubed.f1"
"majority-vote",0.957691650505487,0.509089189936321,0.664789794251419
