"","bcubed.precision","bcubed.recall","bcubed.f1"
"majority-vote",0.923840323640911,0.433030369793078,0.589666972559523
