"","bcubed.precision","bcubed.recall","bcubed.f1"
"majority-vote",0.981578723186751,0.740119334975217,0.843917304067096
