"","bcubed.precision","bcubed.recall","bcubed.f1"
"majority-vote",0.973377919718109,0.407567931452699,0.574559277505184
