"","bcubed.precision","bcubed.recall","bcubed.f1"
"majority-vote",0.915240377026631,0.681413119030129,0.781204940849429
