"","bcubed.precision","bcubed.recall","bcubed.f1"
"majority-vote",0.935601607074591,0.376739607112874,0.53717459766238
