"","bcubed.precision","bcubed.recall","bcubed.f1"
"majority-vote",0.936739432493036,0.644673794914227,0.763736326881708
