"","bcubed.precision","bcubed.recall","bcubed.f1"
"majority-vote",0.939128153690652,0.908979900190834,0.923808122166079
