"","bcubed.precision","bcubed.recall","bcubed.f1"
"majority-vote",0.905884965504347,0.463645164838185,0.613362458919612
