"","bcubed.precision","bcubed.recall","bcubed.f1"
"majority-vote",0.936100256042402,0.419066410745426,0.578951923791648
