"","bcubed.precision","bcubed.recall","bcubed.f1"
"majority-vote",0.960569964717759,0.342902993339788,0.5053918674383
