"","bcubed.precision","bcubed.recall","bcubed.f1"
"majority-vote",0.987945811192051,0.314822084185487,0.477486681158455
