"","bcubed.precision","bcubed.recall","bcubed.f1"
"majority-vote",0.970915168113213,0.210509626185529,0.346000845900124
