"","bcubed.precision","bcubed.recall","bcubed.f1"
"majority-vote",0.946442071468143,0.867581634544245,0.905297716500917
