"","bcubed.precision","bcubed.recall","bcubed.f1"
"majority-vote",0.836697531011256,0.694057906909797,0.758731960317513
