"","bcubed.precision","bcubed.recall","bcubed.f1"
"majority-vote",0.97679543141658,0.32877491353826,0.491962512398613
