"","bcubed.precision","bcubed.recall","bcubed.f1"
"majority-vote",0.985880797057333,0.824638465514838,0.89807962220838
