"","bcubed.precision","bcubed.recall","bcubed.f1"
"majority-vote",0.940389156816519,0.259299724292117,0.406509809217343
