"","bcubed.precision","bcubed.recall","bcubed.f1"
"majority-vote",0.957403437665157,0.99469923306815,0.975695058933145
