"","bcubed.precision","bcubed.recall","bcubed.f1"
"majority-vote",0.976966952607226,0.265787790234224,0.41788758234249
