"","bcubed.precision","bcubed.recall","bcubed.f1"
"majority-vote",0.985307149108081,0.391362155061442,0.560209961977768
