"","bcubed.precision","bcubed.recall","bcubed.f1"
"majority-vote",0.941626116125834,0.452816023081988,0.611546913486802
