"","bcubed.precision","bcubed.recall","bcubed.f1"
"majority-vote",0.998797095871794,0.479422431428305,0.647868227097467
