"","bcubed.precision","bcubed.recall","bcubed.f1"
"majority-vote",0.940980480464586,0.401841177203088,0.56317933485192
