"","bcubed.precision","bcubed.recall","bcubed.f1"
"majority-vote",0.955794913820489,0.389199515417041,0.553154584451162
