"","bcubed.precision","bcubed.recall","bcubed.f1"
"majority-vote",0.960184987380928,0.231025554181882,0.372440070142052
