"","bcubed.precision","bcubed.recall","bcubed.f1"
"majority-vote",0.879055095945849,0.377355317750395,0.528037831324354
