"","bcubed.precision","bcubed.recall","bcubed.f1"
"majority-vote",0.953622811256924,0.324277399613382,0.48397883154866
