"","bcubed.precision","bcubed.recall","bcubed.f1"
"majority-vote",0.864314628534116,0.664878950751003,0.751591703134348
