"","bcubed.precision","bcubed.recall","bcubed.f1"
"majority-vote",0.90339736674948,0.661207730033566,0.76355793984679
