"","bcubed.precision","bcubed.recall","bcubed.f1"
"majority-vote",0.97064218650537,0.505726774609258,0.664982474178317
