"","bcubed.precision","bcubed.recall","bcubed.f1"
"majority-vote",0.932643346748707,0.913974035860672,0.923214317891898
