"","bcubed.precision","bcubed.recall","bcubed.f1"
"majority-vote",0.976671905789268,0.848164271258341,0.907893240666105
