"","bcubed.precision","bcubed.recall","bcubed.f1"
"majority-vote",0.973837319520408,0.331800955369813,0.49496121430542
