"","bcubed.precision","bcubed.recall","bcubed.f1"
"majority-vote",0.893621236470248,0.647384024729153,0.750829510081333
