"","bcubed.precision","bcubed.recall","bcubed.f1"
"majority-vote",0.956366988312434,0.152825334080797,0.263537894271284
