"","bcubed.precision","bcubed.recall","bcubed.f1"
"majority-vote",0.913729146319827,0.345860435503744,0.501786875723627
