"","bcubed.precision","bcubed.recall","bcubed.f1"
"majority-vote",0.97526923694394,0.170068502599432,0.289630862638776
