"","bcubed.precision","bcubed.recall","bcubed.f1"
"majority-vote",0.961968605929279,0.733313391968759,0.832220789527767
