"","bcubed.precision","bcubed.recall","bcubed.f1"
"majority-vote",0.985570178676905,0.605971216048414,0.750501572441942
