"","bcubed.precision","bcubed.recall","bcubed.f1"
"majority-vote",0.892813588452885,0.35540356907843,0.508419763249273
