"","bcubed.precision","bcubed.recall","bcubed.f1"
"majority-vote",0.952385189852903,0.397765490466086,0.561161013621049
