"","bcubed.precision","bcubed.recall","bcubed.f1"
"majority-vote",0.857476334458629,0.30123571910203,0.445844158485912
