"","bcubed.precision","bcubed.recall","bcubed.f1"
"majority-vote",0.923503069997815,0.800124548156323,0.857398046794235
