"","bcubed.precision","bcubed.recall","bcubed.f1"
"majority-vote",0.970763086682647,0.861388778247151,0.912811263314178
