"","bcubed.precision","bcubed.recall","bcubed.f1"
"majority-vote",0.981500377483465,0.507026504298707,0.668643222307794
