"","bcubed.precision","bcubed.recall","bcubed.f1"
"majority-vote",0.955373690810062,0.233547147420148,0.375340044575356
