"","bcubed.precision","bcubed.recall","bcubed.f1"
"majority-vote",0.95708276436251,0.518741270204301,0.672815074490612
