"","bcubed.precision","bcubed.recall","bcubed.f1"
"majority-vote",0.830740922932373,0.457320582131195,0.589901834628448
