"","bcubed.precision","bcubed.recall","bcubed.f1"
"majority-vote",0.937085131850992,0.444681119704088,0.603146972536898
