"","bcubed.precision","bcubed.recall","bcubed.f1"
"majority-vote",0.990360328827252,0.646190901670874,0.782085915720654
