"","bcubed.precision","bcubed.recall","bcubed.f1"
"majority-vote",0.857248072170322,0.529018345544815,0.65427532697285
