"","bcubed.precision","bcubed.recall","bcubed.f1"
"majority-vote",0.975327390102936,0.616414572237592,0.755406378905641
