"","bcubed.precision","bcubed.recall","bcubed.f1"
"majority-vote",0.970492787366285,0.339786165964369,0.503343234625013
