"","bcubed.precision","bcubed.recall","bcubed.f1"
"majority-vote",0.867203479135385,0.784127631253052,0.823575848151836
