"","bcubed.precision","bcubed.recall","bcubed.f1"
"majority-vote",0.981188034240118,0.239099159717716,0.384501674152611
