"","bcubed.precision","bcubed.recall","bcubed.f1"
"majority-vote",0.859383909625434,0.545559220596751,0.667421770807897
