"","bcubed.precision","bcubed.recall","bcubed.f1"
"majority-vote",0.850407608196733,0.607211313189245,0.708521428945593
