"","bcubed.precision","bcubed.recall","bcubed.f1"
"majority-vote",0.935652723783282,0.250567956637588,0.395279891828542
