"","bcubed.precision","bcubed.recall","bcubed.f1"
"majority-vote",0.845138427906624,0.557838463081214,0.672071970312149
