"","bcubed.precision","bcubed.recall","bcubed.f1"
"majority-vote",0.990336250629028,0.399476267011503,0.56930819584081
