"","bcubed.precision","bcubed.recall","bcubed.f1"
"majority-vote",0.805985072832395,0.634930357579012,0.710304546257383
