"","bcubed.precision","bcubed.recall","bcubed.f1"
"majority-vote",0.924483175578197,0.174692482761147,0.293857055489497
