"","bcubed.precision","bcubed.recall","bcubed.f1"
"majority-vote",0.956283304908547,0.452512105926694,0.614325925309695
