"","bcubed.precision","bcubed.recall","bcubed.f1"
"majority-vote",0.945785240181095,0.343710992150155,0.504191908612122
