"","bcubed.precision","bcubed.recall","bcubed.f1"
"majority-vote",0.922171898379045,0.510129302347345,0.656882654187335
