"","bcubed.precision","bcubed.recall","bcubed.f1"
"majority-vote",0.982967263007037,0.197813012843446,0.329347838541503
