"","bcubed.precision","bcubed.recall","bcubed.f1"
"majority-vote",0.831111817386408,0.195834078622366,0.316978757347576
