"","bcubed.precision","bcubed.recall","bcubed.f1"
"majority-vote",0.951469248287424,0.421194932400164,0.583906874458562
