"","bcubed.precision","bcubed.recall","bcubed.f1"
"majority-vote",0.913596736497579,0.472892564971116,0.623204381907502
