"","bcubed.precision","bcubed.recall","bcubed.f1"
"majority-vote",0.978317404094951,0.323994860972753,0.4867800447391
