"","bcubed.precision","bcubed.recall","bcubed.f1"
"majority-vote",0.999605039169348,0.280858190512484,0.438508902122903
