"","bcubed.precision","bcubed.recall","bcubed.f1"
"majority-vote",0.921486595054602,0.239350152601871,0.379998234191268
