"","bcubed.precision","bcubed.recall","bcubed.f1"
"majority-vote",0.912040728235527,0.215521881577995,0.348654224810795
