"","bcubed.precision","bcubed.recall","bcubed.f1"
"majority-vote",0.866912541770621,0.400657597490594,0.548032941865798
