"","bcubed.precision","bcubed.recall","bcubed.f1"
"majority-vote",0.997330106659383,0.175510154642242,0.298491733315651
