"","bcubed.precision","bcubed.recall","bcubed.f1"
"majority-vote",0.929531569271598,0.0875111115966178,0.159962492078828
