"","bcubed.precision","bcubed.recall","bcubed.f1"
"majority-vote",0.946908314299576,0.608221204129844,0.740683921562367
