"","bcubed.precision","bcubed.recall","bcubed.f1"
"majority-vote",0.884156358979824,0.664507468878394,0.758755378190713
