"","bcubed.precision","bcubed.recall","bcubed.f1"
"majority-vote",0.768578773048703,0.383288194688799,0.511495126866252
