"","bcubed.precision","bcubed.recall","bcubed.f1"
"majority-vote",0.968605910110428,0.0860638372741426,0.158081601633577
