"","bcubed.precision","bcubed.recall","bcubed.f1"
"majority-vote",0.946889240997171,0.355300493783701,0.516714586052826
