"","bcubed.precision","bcubed.recall","bcubed.f1"
"majority-vote",0.901014061268865,0.447776866538289,0.598244316067338
