"","bcubed.precision","bcubed.recall","bcubed.f1"
"majority-vote",0.999580872444374,0.717223948411572,0.835183279289491
