"","bcubed.precision","bcubed.recall","bcubed.f1"
"majority-vote",0.922171962563517,0.375203081422882,0.533387417245935
