"","bcubed.precision","bcubed.recall","bcubed.f1"
"majority-vote",0.711045624870818,0.461595502876772,0.559788421221436
