"","bcubed.precision","bcubed.recall","bcubed.f1"
"majority-vote",0.976232875759242,0.0793455014910056,0.146762549837188
