"","bcubed.precision","bcubed.recall","bcubed.f1"
"majority-vote",0.922871477157513,0.47196756265805,0.62453858730289
