"","bcubed.precision","bcubed.recall","bcubed.f1"
"majority-vote",0.90612925850057,0.560501133563602,0.692589597614848
