"","bcubed.precision","bcubed.recall","bcubed.f1"
"majority-vote",0.737568409027898,0.474080261923002,0.577174940098205
