"","bcubed.precision","bcubed.recall","bcubed.f1"
"majority-vote",0.96875710201787,0.277265471872023,0.431136482835654
