"","bcubed.precision","bcubed.recall","bcubed.f1"
"majority-vote",0.925922435301773,0.254084581929519,0.398747823423662
