"","bcubed.precision","bcubed.recall","bcubed.f1"
"majority-vote",0.880304874622267,0.345861393314175,0.496610416449491
