"","bcubed.precision","bcubed.recall","bcubed.f1"
"majority-vote",0.943808258792382,0.164422681666365,0.280056221540374
