"","bcubed.precision","bcubed.recall","bcubed.f1"
"majority-vote",0.880575095974405,0.754724665968238,0.812807242605765
