"","bcubed.precision","bcubed.recall","bcubed.f1"
"majority-vote",0.943722492750411,0.347157647971008,0.507592410148127
