"","bcubed.precision","bcubed.recall","bcubed.f1"
"majority-vote",0.946787619242239,0.345340758836118,0.506086485573539
