"","bcubed.precision","bcubed.recall","bcubed.f1"
"majority-vote",0.892501666352916,0.241862408177926,0.380587867993274
