"","bcubed.precision","bcubed.recall","bcubed.f1"
"majority-vote",0.660899418237739,0.257791037164763,0.370906098974219
