"","bcubed.precision","bcubed.recall","bcubed.f1"
"majority-vote",0.897090823446162,0.588926254855295,0.711055541193484
