"","bcubed.precision","bcubed.recall","bcubed.f1"
"majority-vote",0.915759057035567,0.491035955011479,0.639283789437879
