"","bcubed.precision","bcubed.recall","bcubed.f1"
"majority-vote",0.964352661853358,0.501196655019841,0.659589305956056
