"","bcubed.precision","bcubed.recall","bcubed.f1"
"majority-vote",0.968093167434451,0.7035080927349,0.814861048552333
