"","bcubed.precision","bcubed.recall","bcubed.f1"
"majority-vote",0.543599252660575,0.186198184332186,0.277384350010362
