"","bcubed.precision","bcubed.recall","bcubed.f1"
"majority-vote",0.73541095434213,0.202480590430162,0.317534463497389
