"","bcubed.precision","bcubed.recall","bcubed.f1"
"majority-vote",0.713907790375921,0.166144360163259,0.269556191584564
