"","bcubed.precision","bcubed.recall","bcubed.f1"
"majority-vote",0.913734738895292,0.642013340593083,0.754145095685459
