"","bcubed.precision","bcubed.recall","bcubed.f1"
"majority-vote",0.891884803196928,0.299665535561939,0.448604022030576
