"","bcubed.precision","bcubed.recall","bcubed.f1"
"majority-vote",0.97445373748011,0.0882441349767399,0.161833065384772
