"","bcubed.precision","bcubed.recall","bcubed.f1"
"majority-vote",0.983336619526566,0.644212927018051,0.778444088850206
