"","bcubed.precision","bcubed.recall","bcubed.f1"
"majority-vote",0.86969752112983,0.596692917474546,0.707781962486386
