"","bcubed.precision","bcubed.recall","bcubed.f1"
"majority-vote",0.963954304105753,0.649882938066522,0.776357663516161
