"","bcubed.precision","bcubed.recall","bcubed.f1"
"majority-vote",0.993305439596397,0.228668614257494,0.371755484808514
