"","bcubed.precision","bcubed.recall","bcubed.f1"
"majority-vote",0.947075391166494,0.380259142050613,0.542642516546827
