"","bcubed.precision","bcubed.recall","bcubed.f1"
"majority-vote",0.909779086996574,0.908528515809586,0.909153371352551
