"","bcubed.precision","bcubed.recall","bcubed.f1"
"majority-vote",0.910831665147925,0.378969154149311,0.535240946585212
