"","bcubed.precision","bcubed.recall","bcubed.f1"
"majority-vote",0.930510900423816,0.619360955169033,0.743702930022224
