"","bcubed.precision","bcubed.recall","bcubed.f1"
"majority-vote",0.975539430421159,0.41797620764375,0.585213772126161
