"","bcubed.precision","bcubed.recall","bcubed.f1"
"majority-vote",0.843512311338837,0.503940719175875,0.63093880259028
