"","bcubed.precision","bcubed.recall","bcubed.f1"
"majority-vote",0.872134887857416,0.450830694253259,0.594399706677107
