"","bcubed.precision","bcubed.recall","bcubed.f1"
"majority-vote",0.952948647789985,0.363435920570578,0.526192386921355
