"","bcubed.precision","bcubed.recall","bcubed.f1"
"majority-vote",0.94660521822477,0.401878200070622,0.564219027266224
