"","bcubed.precision","bcubed.recall","bcubed.f1"
"majority-vote",0.874452419567899,0.548737067573437,0.674322654546889
