"","bcubed.precision","bcubed.recall","bcubed.f1"
"majority-vote",0.981122165035388,0.609713883781247,0.752062170268991
