"","bcubed.precision","bcubed.recall","bcubed.f1"
"majority-vote",0.962324724691522,0.347055121871023,0.510134206638504
