"","bcubed.precision","bcubed.recall","bcubed.f1"
"majority-vote",0.483363502069921,0.347556969494931,0.404362053151718
