"","bcubed.precision","bcubed.recall","bcubed.f1"
"majority-vote",0.487319415451907,0.58908264584114,0.533390674260355
