"","bcubed.precision","bcubed.recall","bcubed.f1"
"majority-vote",0.497575869737687,0.330793691700507,0.397394994972665
