"","bcubed.precision","bcubed.recall","bcubed.f1"
"majority-vote",0.986678762478124,0.245228698773487,0.392824877907815
