"","bcubed.precision","bcubed.recall","bcubed.f1"
"majority-vote",0.990943867057888,0.549275922278391,0.706784330746575
