"","bcubed.precision","bcubed.recall","bcubed.f1"
"majority-vote",0.968464048590664,0.23804841515659,0.38216154218103
