"","bcubed.precision","bcubed.recall","bcubed.f1"
"majority-vote",0.795753882306177,0.357480364491936,0.493336698389749
