"","bcubed.precision","bcubed.recall","bcubed.f1"
"majority-vote",0.954898419441506,0.431617508068522,0.594513006421893
