"","bcubed.precision","bcubed.recall","bcubed.f1"
"majority-vote",0.980707754264371,0.371681572639527,0.539062225874344
