"","bcubed.precision","bcubed.recall","bcubed.f1"
"majority-vote",0.948943514834316,0.222575773462862,0.360577651425295
