"","bcubed.precision","bcubed.recall","bcubed.f1"
"majority-vote",0.938634838383115,0.918732834772034,0.928577209937771
