"","bcubed.precision","bcubed.recall","bcubed.f1"
"majority-vote",0.962433638189675,0.485389492254228,0.645320778686614
