"","bcubed.precision","bcubed.recall","bcubed.f1"
"majority-vote",0.997048224862222,0.0639307406840073,0.120157012689314
