"","bcubed.precision","bcubed.recall","bcubed.f1"
"majority-vote",0.99570422824276,0.164608186371065,0.282511959897613
