"","bcubed.precision","bcubed.recall","bcubed.f1"
"majority-vote",0.974941010937462,0.865848344294767,0.917162039975804
