"","bcubed.precision","bcubed.recall","bcubed.f1"
"majority-vote",0.752521029071769,0.596356365842102,0.665398809126984
