"","bcubed.precision","bcubed.recall","bcubed.f1"
"majority-vote",0.904539798862943,0.523847300880814,0.663462631745457
