"","bcubed.precision","bcubed.recall","bcubed.f1"
"majority-vote",0.735633981669327,0.249769851448738,0.37292160664891
