"","bcubed.precision","bcubed.recall","bcubed.f1"
"majority-vote",0.707464674629239,0.364485085190974,0.48110523807588
