"","bcubed.precision","bcubed.recall","bcubed.f1"
"majority-vote",0.98137667377748,0.204496771293148,0.33846505635844
