"","bcubed.precision","bcubed.recall","bcubed.f1"
"majority-vote",0.946313766557548,0.163442600554111,0.278742231232018
