"","bcubed.precision","bcubed.recall","bcubed.f1"
"majority-vote",0.960250576870769,0.34076811532076,0.50302548499857
