"","bcubed.precision","bcubed.recall","bcubed.f1"
"majority-vote",0.923561671295656,0.541366796340774,0.682607559697649
