"","bcubed.precision","bcubed.recall","bcubed.f1"
"majority-vote",0.870771150872824,0.593464863003037,0.705858996585983
