"","bcubed.precision","bcubed.recall","bcubed.f1"
"majority-vote",0.981812608562379,0.352533906370042,0.518789130629064
