"","bcubed.precision","bcubed.recall","bcubed.f1"
"majority-vote",0.918796880676576,0.717877953738542,0.806004969016542
