"","bcubed.precision","bcubed.recall","bcubed.f1"
"majority-vote",0.978967124716363,0.434197966383441,0.601579443739697
