"","bcubed.precision","bcubed.recall","bcubed.f1"
"majority-vote",0.821204808474943,0.102405054562632,0.182101830187041
