"","bcubed.precision","bcubed.recall","bcubed.f1"
"majority-vote",0.87982129511175,0.568715033804192,0.690859576805495
