"","bcubed.precision","bcubed.recall","bcubed.f1"
"majority-vote",0.975775317728773,0.213508951642159,0.350356547197524
