"","bcubed.precision","bcubed.recall","bcubed.f1"
"majority-vote",0.953546397032407,0.462012367607259,0.622440042082544
