"","bcubed.precision","bcubed.recall","bcubed.f1"
"majority-vote",0.965780737240036,0.616775380906054,0.752794514207508
