"","bcubed.precision","bcubed.recall","bcubed.f1"
"majority-vote",0.985677558049812,0.819937290946468,0.895200642754304
