"","bcubed.precision","bcubed.recall","bcubed.f1"
"majority-vote",0.893013815169226,0.269400646870268,0.41392895103623
