"","bcubed.precision","bcubed.recall","bcubed.f1"
"majority-vote",0.965180695682746,0.374922960489629,0.540060318716523
