"","bcubed.precision","bcubed.recall","bcubed.f1"
"majority-vote",0.87645830068459,0.431785147259441,0.578549316677404
