"","bcubed.precision","bcubed.recall","bcubed.f1"
"majority-vote",0.866872224170654,0.716056853950015,0.784279986003228
