"","bcubed.precision","bcubed.recall","bcubed.f1"
"majority-vote",0.975383935618537,0.22692577752799,0.368190917129474
