"","bcubed.precision","bcubed.recall","bcubed.f1"
"majority-vote",0.835058298587575,0.257130288738089,0.393189937929532
