"","bcubed.precision","bcubed.recall","bcubed.f1"
"majority-vote",0.947350738162111,0.526877912515711,0.67715164688134
