"","bcubed.precision","bcubed.recall","bcubed.f1"
"majority-vote",0.964937508327513,0.775166729388233,0.859704190337655
