"","bcubed.precision","bcubed.recall","bcubed.f1"
"majority-vote",0.985002395217359,0.46346362199824,0.630339645305505
