"","bcubed.precision","bcubed.recall","bcubed.f1"
"majority-vote",0.938964809347854,0.434796967125975,0.594366590094515
