"","bcubed.precision","bcubed.recall","bcubed.f1"
"majority-vote",0.782298387039192,0.427714249082921,0.553052351987968
