"","bcubed.precision","bcubed.recall","bcubed.f1"
"majority-vote",0.942293980864388,0.414554289493826,0.575793211761867
