"","bcubed.precision","bcubed.recall","bcubed.f1"
"majority-vote",0.826674336085168,0.320262251131623,0.461669087512216
