"","bcubed.precision","bcubed.recall","bcubed.f1"
"majority-vote",0.987000286009855,0.230309451320618,0.373471906702594
