"","bcubed.precision","bcubed.recall","bcubed.f1"
"majority-vote",0.757552413864779,0.306245310492541,0.436167269183718
