"","bcubed.precision","bcubed.recall","bcubed.f1"
"majority-vote",0.957949342017794,0.320414835475746,0.48020929594342
