"","bcubed.precision","bcubed.recall","bcubed.f1"
"majority-vote",0.943210818961296,0.552466855192994,0.696798145670256
