"","bcubed.precision","bcubed.recall","bcubed.f1"
"majority-vote",0.977238260419614,0.357903239682396,0.52392460172805
