"","bcubed.precision","bcubed.recall","bcubed.f1"
"majority-vote",0.97973173345674,0.162373907197384,0.278578204859446
