"","bcubed.precision","bcubed.recall","bcubed.f1"
"majority-vote",0.954541788369437,0.120099574761829,0.213355016489463
