"","bcubed.precision","bcubed.recall","bcubed.f1"
"majority-vote",0.974625633769603,0.344800971649346,0.50939076738022
