"","bcubed.precision","bcubed.recall","bcubed.f1"
"majority-vote",0.995084326474888,0.591427418434741,0.741904566695079
