"","bcubed.precision","bcubed.recall","bcubed.f1"
"majority-vote",0.990410528528416,0.822051321062649,0.898411498763228
