"","bcubed.precision","bcubed.recall","bcubed.f1"
"majority-vote",0.946044415046013,0.559095090315389,0.702830250336852
