"","bcubed.precision","bcubed.recall","bcubed.f1"
"majority-vote",0.995720770395493,0.369278758495119,0.538752610703528
