"","bcubed.precision","bcubed.recall","bcubed.f1"
"majority-vote",0.913868623556318,0.324268431791766,0.478684882492263
