"","bcubed.precision","bcubed.recall","bcubed.f1"
"majority-vote",0.946905932572201,0.171883158267254,0.290952394164639
