"","bcubed.precision","bcubed.recall","bcubed.f1"
"majority-vote",0.627711370937312,0.532127498240161,0.57598083718414
