"","bcubed.precision","bcubed.recall","bcubed.f1"
"majority-vote",0.938253564613673,0.24869651872236,0.393176424980637
