"","bcubed.precision","bcubed.recall","bcubed.f1"
"majority-vote",0.951589295590527,0.335578829509036,0.496179505630466
