"","bcubed.precision","bcubed.recall","bcubed.f1"
"majority-vote",0.966025843093816,0.30513495838722,0.46377807605454
