"","bcubed.precision","bcubed.recall","bcubed.f1"
"majority-vote",0.939022735496321,0.784198296901067,0.854655341460319
