"","bcubed.precision","bcubed.recall","bcubed.f1"
"majority-vote",0.942517442916932,0.331820363593581,0.490837639759546
