"","bcubed.precision","bcubed.recall","bcubed.f1"
"majority-vote",0.966567734438871,0.439964256542273,0.604686217458168
