"","bcubed.precision","bcubed.recall","bcubed.f1"
"majority-vote",0.905292394119976,0.484426774419486,0.631131647771585
