"","bcubed.precision","bcubed.recall","bcubed.f1"
"majority-vote",0.952632275439629,0.315609068608115,0.474135915200399
