"","bcubed.precision","bcubed.recall","bcubed.f1"
"majority-vote",0.858589913292334,0.545770673346722,0.667340282210152
