"","bcubed.precision","bcubed.recall","bcubed.f1"
"majority-vote",0.75502492617407,0.244740518412148,0.369657088763283
