"","bcubed.precision","bcubed.recall","bcubed.f1"
"majority-vote",0.966842190887308,0.495242310673828,0.65498425044615
