"","bcubed.precision","bcubed.recall","bcubed.f1"
"majority-vote",0.755046892385948,0.219274997101484,0.339852582448932
