"","bcubed.precision","bcubed.recall","bcubed.f1"
"majority-vote",0.811428424444717,0.554960572868573,0.65912530642024
