"","bcubed.precision","bcubed.recall","bcubed.f1"
"majority-vote",0.982047789202704,0.330417698186057,0.494467813645372
