"","bcubed.precision","bcubed.recall","bcubed.f1"
"majority-vote",0.872069045952881,0.442809182978259,0.587370257172687
