"","bcubed.precision","bcubed.recall","bcubed.f1"
"majority-vote",0.907136244964425,0.765649364969541,0.830409211764182
