"","bcubed.precision","bcubed.recall","bcubed.f1"
"majority-vote",0.906192115627393,0.541717752052292,0.678081373382534
