"","bcubed.precision","bcubed.recall","bcubed.f1"
"majority-vote",0.998332503326829,0.443038003257804,0.613720395749353
