"","bcubed.precision","bcubed.recall","bcubed.f1"
"majority-vote",0.966855431271495,0.130421953248014,0.229840103576176
