"","bcubed.precision","bcubed.recall","bcubed.f1"
"majority-vote",0.993856006706119,0.359273249227607,0.527763146392528
