"","bcubed.precision","bcubed.recall","bcubed.f1"
"majority-vote",0.979491658923205,0.158096140817919,0.272249493664294
