"","bcubed.precision","bcubed.recall","bcubed.f1"
"majority-vote",0.964126683639628,0.584721696153741,0.727954778685378
