"","bcubed.precision","bcubed.recall","bcubed.f1"
"majority-vote",0.9956631248231,0.0904559702962021,0.165844932565391
