"","bcubed.precision","bcubed.recall","bcubed.f1"
"majority-vote",0.943108948516337,0.806595356742319,0.869526692583584
