"","bcubed.precision","bcubed.recall","bcubed.f1"
"majority-vote",0.993965122018657,0.108913884636755,0.196316371930584
