"","bcubed.precision","bcubed.recall","bcubed.f1"
"majority-vote",0.752155172413793,0.242792494093121,0.3670899212147
