"","bcubed.precision","bcubed.recall","bcubed.f1"
"majority-vote",0.9955724404948,0.437633550916455,0.608001787515942
