"","bcubed.precision","bcubed.recall","bcubed.f1"
"majority-vote",0.919379383505221,0.688160773623463,0.78714155288846
