"","bcubed.precision","bcubed.recall","bcubed.f1"
"majority-vote",0.861955255552145,0.566489536878716,0.683664690599576
