"","bcubed.precision","bcubed.recall","bcubed.f1"
"majority-vote",0.972195746217645,0.290134252950382,0.446899442675528
