"","bcubed.precision","bcubed.recall","bcubed.f1"
"majority-vote",0.998444763614692,0.519939293380838,0.683793619251824
