"","bcubed.precision","bcubed.recall","bcubed.f1"
"majority-vote",0.985722105540028,0.865237042121972,0.921558187849794
