"","bcubed.precision","bcubed.recall","bcubed.f1"
"majority-vote",0.99630915005449,0.881046686325138,0.935139581107543
