"","bcubed.precision","bcubed.recall","bcubed.f1"
"majority-vote",0.985036386744745,0.613812621961756,0.756328789001385
