"","bcubed.precision","bcubed.recall","bcubed.f1"
"majority-vote",0.921945168341487,0.696690668834204,0.793644353112856
