"","bcubed.precision","bcubed.recall","bcubed.f1"
"majority-vote",0.950591038988486,0.471101461589633,0.629988309932534
