"","bcubed.precision","bcubed.recall","bcubed.f1"
"majority-vote",0.889403499725876,0.457571088013043,0.604265783121156
