"","bcubed.precision","bcubed.recall","bcubed.f1"
"majority-vote",0.961629136228656,0.445533722800406,0.608939052460372
