"","bcubed.precision","bcubed.recall","bcubed.f1"
"majority-vote",0.956742221360313,0.427396058977037,0.590848270978637
