"","bcubed.precision","bcubed.recall","bcubed.f1"
"majority-vote",0.788301910044553,0.433724404068331,0.559571872080682
