"","bcubed.precision","bcubed.recall","bcubed.f1"
"majority-vote",0.966855538825229,0.0723761644963018,0.134671210084369
