"","bcubed.precision","bcubed.recall","bcubed.f1"
"majority-vote",0.94129038834552,0.107283480233193,0.192613819203106
