"","bcubed.precision","bcubed.recall","bcubed.f1"
"majority-vote",0.989913072429238,0.443479218227305,0.612541142205849
