"","bcubed.precision","bcubed.recall","bcubed.f1"
"majority-vote",0.931703403102794,0.614257928964966,0.7403887677243
