"","bcubed.precision","bcubed.recall","bcubed.f1"
"majority-vote",0.992464857487483,0.874876843551232,0.929968544451384
