"","bcubed.precision","bcubed.recall","bcubed.f1"
"majority-vote",0.927356591082999,0.717324116075843,0.808929349131683
