"","bcubed.precision","bcubed.recall","bcubed.f1"
"majority-vote",0.927090880820572,0.673616242500895,0.780284496141123
