"","bcubed.precision","bcubed.recall","bcubed.f1"
"majority-vote",0.998808470883235,0.394662367006717,0.565770168397695
