"","bcubed.precision","bcubed.recall","bcubed.f1"
"majority-vote",0.816569601312404,0.759386956102051,0.78694085959251
