"","bcubed.precision","bcubed.recall","bcubed.f1"
"majority-vote",0.922547317163403,0.599171952462391,0.726499937665463
