"","bcubed.precision","bcubed.recall","bcubed.f1"
"majority-vote",0.968738700577405,0.379382014067619,0.545236098426211
