"","bcubed.precision","bcubed.recall","bcubed.f1"
"majority-vote",0.88738366212693,0.547751458402782,0.677379694970351
