"","bcubed.precision","bcubed.recall","bcubed.f1"
"majority-vote",0.832667541769582,0.618700025309017,0.709911728568946
