"","bcubed.precision","bcubed.recall","bcubed.f1"
"majority-vote",0.967420514836242,0.776582152748196,0.86156004229612
