"","bcubed.precision","bcubed.recall","bcubed.f1"
"majority-vote",0.97545282326336,0.116857395326684,0.208711544121145
