"","bcubed.precision","bcubed.recall","bcubed.f1"
"majority-vote",0.958702688427139,0.368130465252071,0.531984998641994
