"","bcubed.precision","bcubed.recall","bcubed.f1"
"majority-vote",0.869136772463036,0.592521652329106,0.704654860239345
