"","bcubed.precision","bcubed.recall","bcubed.f1"
"majority-vote",0.952803082962628,0.315821984990357,0.474397311810554
