"","bcubed.precision","bcubed.recall","bcubed.f1"
"majority-vote",0.89106525575733,0.53101051352729,0.665456833265717
