"","bcubed.precision","bcubed.recall","bcubed.f1"
"majority-vote",0.779998079782942,0.698256950934371,0.73686754938303
