"","bcubed.precision","bcubed.recall","bcubed.f1"
"majority-vote",0.978027025425236,0.659960497046623,0.788112477011568
