"","bcubed.precision","bcubed.recall","bcubed.f1"
"majority-vote",0.934520351148523,0.341063588728519,0.499741106388145
