"","bcubed.precision","bcubed.recall","bcubed.f1"
"majority-vote",0.97809595498583,0.473333733026509,0.637944522501231
