"","bcubed.precision","bcubed.recall","bcubed.f1"
"majority-vote",0.984741116112413,0.325070585896389,0.488788382452206
