"","bcubed.precision","bcubed.recall","bcubed.f1"
"majority-vote",0.840379602476377,0.219182847710037,0.347684639816737
