"","bcubed.precision","bcubed.recall","bcubed.f1"
"majority-vote",0.964094191514245,0.281183892774042,0.435385093805377
