"","bcubed.precision","bcubed.recall","bcubed.f1"
"majority-vote",0.979138149642482,0.107273430333955,0.193362276358042
