"","bcubed.precision","bcubed.recall","bcubed.f1"
"majority-vote",0.993665077695903,0.289002590457369,0.447772698464593
