"","bcubed.precision","bcubed.recall","bcubed.f1"
"majority-vote",0.613243861489651,0.657531220803061,0.634615819138943
