"","bcubed.precision","bcubed.recall","bcubed.f1"
"majority-vote",0.996454877335814,0.401000341755363,0.571866262183803
