"","bcubed.precision","bcubed.recall","bcubed.f1"
"majority-vote",0.948233135272617,0.465175263700126,0.624157319385143
