"","bcubed.precision","bcubed.recall","bcubed.f1"
"majority-vote",0.999042925007475,0.565965519894477,0.722582488664051
