"","bcubed.precision","bcubed.recall","bcubed.f1"
"majority-vote",0.341725118580579,0.595344868696791,0.434213663043145
