"","bcubed.precision","bcubed.recall","bcubed.f1"
"majority-vote",0.779388957565615,0.776211868030912,0.777797168425496
