"","bcubed.precision","bcubed.recall","bcubed.f1"
"majority-vote",0.920307343299975,0.266625655556577,0.413464869469929
