"","bcubed.precision","bcubed.recall","bcubed.f1"
"majority-vote",0.948781780575332,0.461646319599822,0.621090315843218
