{
      "avg_bcuded_f1": 0.5663920449176404,
      "avg_bcuded_recall": 0.4463947280992102,
      "avg_bcuded_precision": 0.9184573862031118,
      "avg_bcuded_f1star": 0.6007896839349929
}