"","bcubed.precision","bcubed.recall","bcubed.f1"
"majority-vote",0.929441241446199,0.429764510000567,0.587756282342495
