"","bcubed.precision","bcubed.recall","bcubed.f1"
"majority-vote",0.919905294961819,0.362852131774817,0.520425125359837
