"","bcubed.precision","bcubed.recall","bcubed.f1"
"majority-vote",0.961088791386202,0.287388523401422,0.442468413871217
