"","bcubed.precision","bcubed.recall","bcubed.f1"
"majority-vote",0.913019191451937,0.395376064725396,0.551799516592108
