"","bcubed.precision","bcubed.recall","bcubed.f1"
"majority-vote",0.998053111128417,0.177956690427004,0.302055694249956
