"","bcubed.precision","bcubed.recall","bcubed.f1"
"majority-vote",0.977447926813702,0.182292572715284,0.307278218440171
