"","bcubed.precision","bcubed.recall","bcubed.f1"
"majority-vote",0.978126752664049,0.411306452085652,0.579099222550657
