"","bcubed.precision","bcubed.recall","bcubed.f1"
"majority-vote",0.938480700178484,0.191232099588135,0.317722583571948
