"","bcubed.precision","bcubed.recall","bcubed.f1"
"majority-vote",0.99511367563919,0.209330108075586,0.345897842781136
