"","bcubed.precision","bcubed.recall","bcubed.f1"
"majority-vote",0.896534895070766,0.679136016528162,0.772837948374636
