"","bcubed.precision","bcubed.recall","bcubed.f1"
"majority-vote",0.953337537397534,0.403336590702661,0.566850806923317
