"","bcubed.precision","bcubed.recall","bcubed.f1"
"majority-vote",0.988736632066912,0.723997965077757,0.835906871744957
