"","bcubed.precision","bcubed.recall","bcubed.f1"
"majority-vote",0.999689879551433,0.216584801615086,0.35603410576893
