"","bcubed.precision","bcubed.recall","bcubed.f1"
"majority-vote",0.939013715411157,0.484609757844398,0.639291523056085
