"","bcubed.precision","bcubed.recall","bcubed.f1"
"majority-vote",0.989943582726997,0.513090736391241,0.675873964268705
