"","bcubed.precision","bcubed.recall","bcubed.f1"
"majority-vote",0.955678274685261,0.176980448209804,0.298653717981104
