"","bcubed.precision","bcubed.recall","bcubed.f1"
"majority-vote",0.931795844258467,0.335942175984695,0.493839450257466
