"","bcubed.precision","bcubed.recall","bcubed.f1"
"majority-vote",0.995666892349357,0.63153706074072,0.772860146359725
