"","bcubed.precision","bcubed.recall","bcubed.f1"
"majority-vote",0.889356760315817,0.555288488168545,0.683696667256357
