"","bcubed.precision","bcubed.recall","bcubed.f1"
"majority-vote",0.962498739182701,0.515329571762289,0.671260740386814
