"","bcubed.precision","bcubed.recall","bcubed.f1"
"majority-vote",0.910603468518332,0.779953847608001,0.840230227205133
