"","bcubed.precision","bcubed.recall","bcubed.f1"
"majority-vote",0.986637218120941,0.210470102910884,0.346932364684958
