"","bcubed.precision","bcubed.recall","bcubed.f1"
"majority-vote",0.995657961460446,0.262741934425349,0.415767832904936
