"","bcubed.precision","bcubed.recall","bcubed.f1"
"majority-vote",0.90556286290156,0.466148672381981,0.615474777957207
