"","bcubed.precision","bcubed.recall","bcubed.f1"
"majority-vote",0.947749759127462,0.805163241373765,0.870657320531109
