"","bcubed.precision","bcubed.recall","bcubed.f1"
"majority-vote",0.937695028041942,0.148603748661279,0.256550038086151
