"","bcubed.precision","bcubed.recall","bcubed.f1"
"majority-vote",0.907170874590328,0.44297056338642,0.595270957696433
