"","bcubed.precision","bcubed.recall","bcubed.f1"
"majority-vote",0.993705421550674,0.574463195055232,0.728043126692881
