"","bcubed.precision","bcubed.recall","bcubed.f1"
"majority-vote",0.768846292055869,0.326297985302656,0.458155151411374
