"","bcubed.precision","bcubed.recall","bcubed.f1"
"majority-vote",0.916529744958547,0.340405544382157,0.496432568042069
