"","bcubed.precision","bcubed.recall","bcubed.f1"
"majority-vote",0.874560621692166,0.695988203179416,0.775122512619464
