"","bcubed.precision","bcubed.recall","bcubed.f1"
"majority-vote",0.953214634603166,0.123389334159846,0.218495421692053
