"","bcubed.precision","bcubed.recall","bcubed.f1"
"majority-vote",0.736739310685881,0.568964188324853,0.642072697559583
