"","bcubed.precision","bcubed.recall","bcubed.f1"
"majority-vote",0.894688689626189,0.763331837883767,0.823806883515291
