"","bcubed.precision","bcubed.recall","bcubed.f1"
"majority-vote",0.903547567516703,0.73090038369543,0.80810559099819
