"","bcubed.precision","bcubed.recall","bcubed.f1"
"majority-vote",0.847895964644804,0.545393042014369,0.663805653039878
