"","bcubed.precision","bcubed.recall","bcubed.f1"
"majority-vote",0.999029183281474,0.339795655518946,0.507110066048438
