"","bcubed.precision","bcubed.recall","bcubed.f1"
"majority-vote",0.96244337143538,0.232310584480668,0.374279207933267
