"","bcubed.precision","bcubed.recall","bcubed.f1"
"majority-vote",0.98837541456152,0.187066347669622,0.314591134787526
