"","bcubed.precision","bcubed.recall","bcubed.f1"
"majority-vote",0.994605999274435,0.233715773392227,0.378492208660142
