"","bcubed.precision","bcubed.recall","bcubed.f1"
"majority-vote",0.971127725856698,0.666009696620579,0.79013584711656
