"","bcubed.precision","bcubed.recall","bcubed.f1"
"majority-vote",0.897381734466465,0.565114478762217,0.693503896333788
