"","bcubed.precision","bcubed.recall","bcubed.f1"
"majority-vote",0.993313034198494,0.129118378308632,0.228530610778362
