"","bcubed.precision","bcubed.recall","bcubed.f1"
"majority-vote",0.946956865583001,0.492467690169448,0.647961240372174
