"","bcubed.precision","bcubed.recall","bcubed.f1"
"majority-vote",0.874465191144483,0.630481728108245,0.732696041076375
