"","bcubed.precision","bcubed.recall","bcubed.f1"
"majority-vote",0.945866609212959,0.444880665078263,0.605139084520496
