"","bcubed.precision","bcubed.recall","bcubed.f1"
"majority-vote",0.939183969301337,0.903950340278191,0.921230389148843
