"","bcubed.precision","bcubed.recall","bcubed.f1"
"majority-vote",0.966635202188193,0.900226161465764,0.932249511983428
