"","bcubed.precision","bcubed.recall","bcubed.f1"
"majority-vote",0.801363808440014,0.88235939430747,0.839913453091617
