"","bcubed.precision","bcubed.recall","bcubed.f1"
"majority-vote",0.878745782714171,0.520903775626534,0.654080863747582
