"","bcubed.precision","bcubed.recall","bcubed.f1"
"majority-vote",0.981390522310619,0.490230649680466,0.653847229843335
