"","bcubed.precision","bcubed.recall","bcubed.f1"
"majority-vote",0.960317913553168,0.0403474564424066,0.0774412432961892
