"","bcubed.precision","bcubed.recall","bcubed.f1"
"majority-vote",0.982110667710936,0.197894706657984,0.329412910676403
