"","bcubed.precision","bcubed.recall","bcubed.f1"
"majority-vote",0.917109405862723,0.296647825126178,0.448291476591707
