"","bcubed.precision","bcubed.recall","bcubed.f1"
"majority-vote",0.72087730219851,0.761838159467634,0.740791947352829
