"","bcubed.precision","bcubed.recall","bcubed.f1"
"majority-vote",0.993763919821826,0.208760212305651,0.345038176517373
