"","bcubed.precision","bcubed.recall","bcubed.f1"
"majority-vote",0.9229622767356,0.48509527745051,0.635946507127268
