"","bcubed.precision","bcubed.recall","bcubed.f1"
"majority-vote",0.995879730395808,0.139484671162592,0.244696692130002
