"","bcubed.precision","bcubed.recall","bcubed.f1"
"majority-vote",0.974082009647971,0.417101587177072,0.584094224791089
