"","bcubed.precision","bcubed.recall","bcubed.f1"
"majority-vote",0.945051692999221,0.0976324378108084,0.176981116175741
