"","bcubed.precision","bcubed.recall","bcubed.f1"
"majority-vote",0.944383116883117,0.559210860335546,0.70246263722799
