"","bcubed.precision","bcubed.recall","bcubed.f1"
"majority-vote",0.784237834545013,0.669915342782369,0.722582690659479
