"","bcubed.precision","bcubed.recall","bcubed.f1"
"majority-vote",0.967831220743677,0.243889208399011,0.389600743891111
