"","bcubed.precision","bcubed.recall","bcubed.f1"
"majority-vote",0.635862473903967,0.598514792746556,0.616623632119584
