"","bcubed.precision","bcubed.recall","bcubed.f1"
"majority-vote",0.968710738560468,0.266306745523172,0.417766076130976
