"","bcubed.precision","bcubed.recall","bcubed.f1"
"majority-vote",0.934166606911466,0.753725641988438,0.834301272462637
