"","bcubed.precision","bcubed.recall","bcubed.f1"
"majority-vote",0.654629280600967,0.33430530051723,0.442589515135032
