"","bcubed.precision","bcubed.recall","bcubed.f1"
"majority-vote",0.961884854113072,0.316255656537308,0.476006391341168
