"","bcubed.precision","bcubed.recall","bcubed.f1"
"majority-vote",0.940858573129232,0.224419542026121,0.362397692614114
