"","bcubed.precision","bcubed.recall","bcubed.f1"
"majority-vote",0.935333123556692,0.628296814370222,0.751669954189745
