"","bcubed.precision","bcubed.recall","bcubed.f1"
"majority-vote",0.599066803232047,0.588784786848783,0.59388129459028
