"","bcubed.precision","bcubed.recall","bcubed.f1"
"majority-vote",0.94878677010214,0.51454283156663,0.667233725996635
