"","bcubed.precision","bcubed.recall","bcubed.f1"
"majority-vote",0.997835879766028,0.108088245170943,0.195048334294473
