"","bcubed.precision","bcubed.recall","bcubed.f1"
"majority-vote",0.913081218171201,0.320991611651628,0.474998565249481
