"","bcubed.precision","bcubed.recall","bcubed.f1"
"majority-vote",0.964812630522663,0.440038243162266,0.60441213066601
