"","bcubed.precision","bcubed.recall","bcubed.f1"
"majority-vote",0.930873835305968,0.155359271269342,0.266277799528302
