"","bcubed.precision","bcubed.recall","bcubed.f1"
"majority-vote",0.892268816706566,0.293672505650368,0.441901827984439
