"","bcubed.precision","bcubed.recall","bcubed.f1"
"majority-vote",0.669328840578158,0.52446810695251,0.588109444697214
