"","bcubed.precision","bcubed.recall","bcubed.f1"
"majority-vote",0.948431790973998,0.909899429973006,0.928766127639771
