"","bcubed.precision","bcubed.recall","bcubed.f1"
"majority-vote",0.981766863884988,0.294334070663422,0.452891193269114
