"","bcubed.precision","bcubed.recall","bcubed.f1"
"majority-vote",0.998015520407559,0.591830048235784,0.74303515414631
