"","bcubed.precision","bcubed.recall","bcubed.f1"
"majority-vote",0.986924191820531,0.621648030583073,0.762812476350331
