"","bcubed.precision","bcubed.recall","bcubed.f1"
"majority-vote",0.868568111154523,0.480453673704638,0.618680505460416
