"","bcubed.precision","bcubed.recall","bcubed.f1"
"majority-vote",0.937978923296932,0.306399358748664,0.461911212634634
