"","bcubed.precision","bcubed.recall","bcubed.f1"
"majority-vote",0.984059272182942,0.357571499668073,0.524543051783553
