"","bcubed.precision","bcubed.recall","bcubed.f1"
"majority-vote",0.985411335763719,0.373706954212396,0.541902896386009
