"","bcubed.precision","bcubed.recall","bcubed.f1"
"majority-vote",0.84225171569925,0.595551988039896,0.697737364857568
