"","bcubed.precision","bcubed.recall","bcubed.f1"
"majority-vote",0.998277045278666,0.524875896536215,0.688009122062078
