"","bcubed.precision","bcubed.recall","bcubed.f1"
"majority-vote",0.898560859268775,0.460133479263225,0.60861066802091
