"","bcubed.precision","bcubed.recall","bcubed.f1"
"majority-vote",0.968259013097084,0.305361574047709,0.464296980293069
