"","bcubed.precision","bcubed.recall","bcubed.f1"
"majority-vote",0.921488633248061,0.38335709832973,0.541457430616955
