"","bcubed.precision","bcubed.recall","bcubed.f1"
"majority-vote",0.901467844831044,0.591076945604666,0.713997815942269
