"","bcubed.precision","bcubed.recall","bcubed.f1"
"majority-vote",0.973275210450588,0.491244963905968,0.652932686077111
