"","bcubed.precision","bcubed.recall","bcubed.f1"
"majority-vote",0.997018593309457,0.814358349580528,0.896478691898533
