"","bcubed.precision","bcubed.recall","bcubed.f1"
"majority-vote",0.914613623731414,0.117261007429283,0.207871211654182
