"","bcubed.precision","bcubed.recall","bcubed.f1"
"majority-vote",0.952060471851283,0.532268280417817,0.682802363602248
