"","bcubed.precision","bcubed.recall","bcubed.f1"
"majority-vote",0.9829899167032,0.657967166611313,0.788290073978408
