"","bcubed.precision","bcubed.recall","bcubed.f1"
"majority-vote",0.838063893586294,0.687552500317356,0.755383761951559
