"","bcubed.precision","bcubed.recall","bcubed.f1"
"majority-vote",0.918064137951088,0.34658008539036,0.5031972493959
