"","bcubed.precision","bcubed.recall","bcubed.f1"
"majority-vote",0.948318389692191,0.285737216927303,0.439153399535874
