"","bcubed.precision","bcubed.recall","bcubed.f1"
"majority-vote",0.99280016824637,0.759157849246704,0.860399659046806
