"","bcubed.precision","bcubed.recall","bcubed.f1"
"majority-vote",0.941297151069895,0.847516433675268,0.891948508560883
