"","bcubed.precision","bcubed.recall","bcubed.f1"
"majority-vote",0.953510834107849,0.376196412360042,0.539528314808602
