"","bcubed.precision","bcubed.recall","bcubed.f1"
"majority-vote",0.956510655001012,0.735330773146613,0.83146293472073
