"","bcubed.precision","bcubed.recall","bcubed.f1"
"majority-vote",0.985867695151553,0.159349383022415,0.274353940328273
