"","bcubed.precision","bcubed.recall","bcubed.f1"
"majority-vote",0.874090791633229,0.51529119069096,0.648362063885746
