"","bcubed.precision","bcubed.recall","bcubed.f1"
"majority-vote",0.998661685981528,0.30654906687511,0.469102491366292
