"","bcubed.precision","bcubed.recall","bcubed.f1"
"majority-vote",0.937671300614136,0.422971294053641,0.582971670844334
