"","bcubed.precision","bcubed.recall","bcubed.f1"
"majority-vote",0.962342837433265,0.800766490419573,0.87415100622299
