"","bcubed.precision","bcubed.recall","bcubed.f1"
"majority-vote",0.996417224987771,0.527206876989428,0.689563800785998
