"","bcubed.precision","bcubed.recall","bcubed.f1"
"majority-vote",0.96067992273779,0.507884719086306,0.664478278716421
