"","bcubed.precision","bcubed.recall","bcubed.f1"
"majority-vote",0.958110360103922,0.826857501292608,0.887658265956978
