"","bcubed.precision","bcubed.recall","bcubed.f1"
"majority-vote",0.970776923737541,0.274863928013338,0.428424546462403
