"","bcubed.precision","bcubed.recall","bcubed.f1"
"majority-vote",0.981485739659165,0.281580388398769,0.4376130903075
