"","bcubed.precision","bcubed.recall","bcubed.f1"
"majority-vote",0.973066478181615,0.928646735229416,0.950337834066712
