"","bcubed.precision","bcubed.recall","bcubed.f1"
"majority-vote",0.923205701985811,0.232489349382818,0.371439667837995
