"","bcubed.precision","bcubed.recall","bcubed.f1"
"majority-vote",0.919261110930753,0.324371616637598,0.479534200177752
