"","bcubed.precision","bcubed.recall","bcubed.f1"
"majority-vote",0.905726628030684,0.457275067138572,0.607726617083177
