"","bcubed.precision","bcubed.recall","bcubed.f1"
"majority-vote",0.916231757324034,0.556948938875044,0.692778973172588
