"","bcubed.precision","bcubed.recall","bcubed.f1"
"majority-vote",0.860600403159847,0.626363075725396,0.725032353717032
