"","bcubed.precision","bcubed.recall","bcubed.f1"
"majority-vote",0.873393638428002,0.394956288781713,0.543938707574105
