"","bcubed.precision","bcubed.recall","bcubed.f1"
"majority-vote",0.938716569696377,0.222754797344663,0.36006676562248
