"","bcubed.precision","bcubed.recall","bcubed.f1"
"majority-vote",0.90506950446454,0.520588083511668,0.66098395960968
