"","bcubed.precision","bcubed.recall","bcubed.f1"
"majority-vote",0.97576007237246,0.377000438325811,0.543868588824135
