"","bcubed.precision","bcubed.recall","bcubed.f1"
"majority-vote",0.939111802348942,0.426192948532772,0.586305479105005
