"","bcubed.precision","bcubed.recall","bcubed.f1"
"majority-vote",0.906113896425466,0.668139801500858,0.76914001814619
