"","bcubed.precision","bcubed.recall","bcubed.f1"
"majority-vote",0.895940680002673,0.451242249714218,0.60019508729947
