"","bcubed.precision","bcubed.recall","bcubed.f1"
"majority-vote",0.999192881800943,0.646022952541204,0.784701340924437
