"","bcubed.precision","bcubed.recall","bcubed.f1"
"majority-vote",0.908595225632617,0.557955577212368,0.691357943532263
