"","bcubed.precision","bcubed.recall","bcubed.f1"
"majority-vote",0.971162206025449,0.845705939212421,0.904102642480783
