"","bcubed.precision","bcubed.recall","bcubed.f1"
"majority-vote",0.999960730083841,0.711434351549008,0.831376017398524
