"","bcubed.precision","bcubed.recall","bcubed.f1"
"majority-vote",0.908017231064612,0.339879453125631,0.494618511023852
