"","bcubed.precision","bcubed.recall","bcubed.f1"
"majority-vote",0.999989669528207,0.182027771681593,0.307991887264417
