"","bcubed.precision","bcubed.recall","bcubed.f1"
"majority-vote",0.937227709129933,0.850254539806633,0.891625206341924
