"","bcubed.precision","bcubed.recall","bcubed.f1"
"majority-vote",0.982309000566912,0.321366582878453,0.484294238308355
