"","bcubed.precision","bcubed.recall","bcubed.f1"
"majority-vote",0.994570563997047,0.28620536142627,0.444498404572403
