"","bcubed.precision","bcubed.recall","bcubed.f1"
"majority-vote",0.934870551399615,0.801750280982796,0.863208264338191
