"","bcubed.precision","bcubed.recall","bcubed.f1"
"majority-vote",0.988706014338094,0.236645159394226,0.381886429576604
