"","bcubed.precision","bcubed.recall","bcubed.f1"
"majority-vote",0.680370566891494,0.695092417953003,0.687652706987429
