"","bcubed.precision","bcubed.recall","bcubed.f1"
"majority-vote",0.972128911468085,0.270921286371412,0.42374863971146
