"","bcubed.precision","bcubed.recall","bcubed.f1"
"majority-vote",0.843545608262207,0.458821290876868,0.594358909386023
