"","bcubed.precision","bcubed.recall","bcubed.f1"
"majority-vote",0.88824682374913,0.23202474809723,0.367938008440014
