"","bcubed.precision","bcubed.recall","bcubed.f1"
"majority-vote",0.987904797272184,0.257473506412293,0.408485215139315
