"","bcubed.precision","bcubed.recall","bcubed.f1"
"majority-vote",0.999370731520783,0.348725782343148,0.51703470280705
