"","bcubed.precision","bcubed.recall","bcubed.f1"
"majority-vote",0.973210205124069,0.413555084053138,0.580452988436496
