"","bcubed.precision","bcubed.recall","bcubed.f1"
"majority-vote",0.977759551288773,0.23049549109738,0.373049000489803
