"","bcubed.precision","bcubed.recall","bcubed.f1"
"majority-vote",0.971621489382523,0.606769460617192,0.747026897280186
