"","bcubed.precision","bcubed.recall","bcubed.f1"
"majority-vote",0.932381580358234,0.353661954659786,0.512809843865283
