"","bcubed.precision","bcubed.recall","bcubed.f1"
"majority-vote",0.916285633643805,0.680215916111796,0.780797327512161
