"","bcubed.precision","bcubed.recall","bcubed.f1"
"majority-vote",0.996812166999263,0.284261398381461,0.442371504919243
