"","bcubed.precision","bcubed.recall","bcubed.f1"
"majority-vote",0.991883221189302,0.355652142991918,0.523571258447895
