"","bcubed.precision","bcubed.recall","bcubed.f1"
"majority-vote",0.929339910785943,0.704569960542215,0.801494618231912
