"","bcubed.precision","bcubed.recall","bcubed.f1"
"majority-vote",0.984857033612664,0.524432815496251,0.684416379403481
