"","bcubed.precision","bcubed.recall","bcubed.f1"
"majority-vote",0.96551028561417,0.425744290957056,0.590920596248626
