"","bcubed.precision","bcubed.recall","bcubed.f1"
"majority-vote",0.978193091085043,0.339353734602786,0.503896289908415
