"","bcubed.precision","bcubed.recall","bcubed.f1"
"majority-vote",0.998382544507165,0.235559271015152,0.381182096951324
