"","bcubed.precision","bcubed.recall","bcubed.f1"
"majority-vote",0.973232883634192,0.588110630494643,0.733174473948588
