"","bcubed.precision","bcubed.recall","bcubed.f1"
"majority-vote",0.974837942455132,0.268923201259815,0.421554478557739
