"","bcubed.precision","bcubed.recall","bcubed.f1"
"majority-vote",0.935593684357876,0.381432731852842,0.541926950798219
