"","bcubed.precision","bcubed.recall","bcubed.f1"
"majority-vote",0.929833699159314,0.337660367004828,0.495415318292987
