"","bcubed.precision","bcubed.recall","bcubed.f1"
"majority-vote",0.989724309088321,0.300328154224104,0.460821684997218
