"","bcubed.precision","bcubed.recall","bcubed.f1"
"majority-vote",0.908053959242737,0.50911581366578,0.652433659184661
