"","bcubed.precision","bcubed.recall","bcubed.f1"
"majority-vote",0.966298224595782,0.571478445016949,0.718203907923385
