"","bcubed.precision","bcubed.recall","bcubed.f1"
"majority-vote",0.967870095079692,0.304018427799527,0.46269832509252
