"","bcubed.precision","bcubed.recall","bcubed.f1"
"majority-vote",0.740780015344244,0.281094594844941,0.407543657912919
