"","bcubed.precision","bcubed.recall","bcubed.f1"
"majority-vote",0.898083943638689,0.699595015398642,0.786509763836104
