"","bcubed.precision","bcubed.recall","bcubed.f1"
"majority-vote",0.967786334327221,0.514244851313959,0.671617634529693
