"","bcubed.precision","bcubed.recall","bcubed.f1"
"majority-vote",0.738022400810876,0.446977391015913,0.556758455994673
