"","bcubed.precision","bcubed.recall","bcubed.f1"
"majority-vote",0.994615534150116,0.191679094109112,0.321415945130765
