"","bcubed.precision","bcubed.recall","bcubed.f1"
"majority-vote",0.874955009483654,0.589330419109547,0.704285643184189
