"","bcubed.precision","bcubed.recall","bcubed.f1"
"majority-vote",0.926243860107526,0.418115903078347,0.576151263441357
