"","bcubed.precision","bcubed.recall","bcubed.f1"
"majority-vote",0.880117452696829,0.379200203067629,0.530034205838887
