"","bcubed.precision","bcubed.recall","bcubed.f1"
"majority-vote",0.923030566917226,0.376828087650996,0.535171792952167
