"","bcubed.precision","bcubed.recall","bcubed.f1"
"majority-vote",0.966291756656097,0.435790457538982,0.60067907928075
