"","bcubed.precision","bcubed.recall","bcubed.f1"
"majority-vote",0.999144087892352,0.237929024268707,0.384335211232244
