"","bcubed.precision","bcubed.recall","bcubed.f1"
"majority-vote",0.980048245125194,0.391216408990416,0.559207814398915
