"","bcubed.precision","bcubed.recall","bcubed.f1"
"majority-vote",0.958630996861456,0.606044130591308,0.742611266527363
