"","bcubed.precision","bcubed.recall","bcubed.f1"
"majority-vote",0.873753314283019,0.50745048327295,0.642029137740324
