"","bcubed.precision","bcubed.recall","bcubed.f1"
"majority-vote",0.881632044267431,0.71045739561742,0.786842736810569
