"","bcubed.precision","bcubed.recall","bcubed.f1"
"majority-vote",0.831925442062051,0.251755652882691,0.386537946990267
