"","bcubed.precision","bcubed.recall","bcubed.f1"
"majority-vote",0.954787419446075,0.932693564272976,0.943611182361676
