"","bcubed.precision","bcubed.recall","bcubed.f1"
"majority-vote",0.827328309312539,0.227206061099167,0.356506173092011
