"","bcubed.precision","bcubed.recall","bcubed.f1"
"majority-vote",0.880784499765391,0.58332438353729,0.70183724887438
