"","bcubed.precision","bcubed.recall","bcubed.f1"
"majority-vote",0.97210424235547,0.0803793661992541,0.148481405781582
