"","bcubed.precision","bcubed.recall","bcubed.f1"
"majority-vote",0.825961882386957,0.295591979895671,0.435374022316177
