"","bcubed.precision","bcubed.recall","bcubed.f1"
"majority-vote",0.96188901766634,0.065917802951691,0.123380404675266
