"","bcubed.precision","bcubed.recall","bcubed.f1"
"majority-vote",0.822442103479762,0.502400936388352,0.623765488407701
