"","bcubed.precision","bcubed.recall","bcubed.f1"
"majority-vote",0.996657641290106,0.678329591353178,0.807244804449585
