"","bcubed.precision","bcubed.recall","bcubed.f1"
"majority-vote",0.839495111012848,0.490912076722347,0.619537074280454
