"","bcubed.precision","bcubed.recall","bcubed.f1"
"majority-vote",0.83852165736127,0.31112311351139,0.45385057261982
