"","bcubed.precision","bcubed.recall","bcubed.f1"
"majority-vote",0.95372460496614,0.431560930444722,0.594231683484862
