"","bcubed.precision","bcubed.recall","bcubed.f1"
"majority-vote",0.894073040726569,0.275251682150474,0.420918336216953
