"","bcubed.precision","bcubed.recall","bcubed.f1"
"majority-vote",0.940538996211757,0.666485853276953,0.780144669984266
