"","bcubed.precision","bcubed.recall","bcubed.f1"
"majority-vote",0.926048316186963,0.340108879859165,0.497501031463299
