"","bcubed.precision","bcubed.recall","bcubed.f1"
"majority-vote",0.931370884917572,0.462184308359375,0.617793985266486
