"","bcubed.precision","bcubed.recall","bcubed.f1"
"majority-vote",0.803434595433674,0.640807229306098,0.712964668671446
