"","bcubed.precision","bcubed.recall","bcubed.f1"
"majority-vote",0.508666856938125,0.320353232311802,0.393122130339323
