"","bcubed.precision","bcubed.recall","bcubed.f1"
"majority-vote",0.951645537786212,0.292223717081724,0.447142487536841
