"","bcubed.precision","bcubed.recall","bcubed.f1"
"majority-vote",0.880337876797228,0.542777644236287,0.671523445339082
