"","bcubed.precision","bcubed.recall","bcubed.f1"
"majority-vote",0.443173572027467,0.514189017592994,0.476047395405998
