"","bcubed.precision","bcubed.recall","bcubed.f1"
"majority-vote",0.996688998928449,0.224092990050721,0.365914667707875
