"","bcubed.precision","bcubed.recall","bcubed.f1"
"majority-vote",0.883914088637071,0.453272578097064,0.599249196451196
