"","bcubed.precision","bcubed.recall","bcubed.f1"
"majority-vote",0.851208654448997,0.465047981872432,0.60148280507083
