"","bcubed.precision","bcubed.recall","bcubed.f1"
"majority-vote",0.948177423961173,0.282111257251907,0.434843511537164
