"","bcubed.precision","bcubed.recall","bcubed.f1"
"majority-vote",0.963449864309863,0.351769854528164,0.515370342702713
