"","bcubed.precision","bcubed.recall","bcubed.f1"
"majority-vote",0.778775146342523,0.219833686992124,0.342879025386983
