"","bcubed.precision","bcubed.recall","bcubed.f1"
"majority-vote",0.946458678298425,0.623087733876935,0.751461426682853
