"","bcubed.precision","bcubed.recall","bcubed.f1"
"majority-vote",0.934196761566091,0.728047789024058,0.818339138522255
