"","bcubed.precision","bcubed.recall","bcubed.f1"
"majority-vote",0.919178765186731,0.438906434423176,0.594121008816659
