"","bcubed.precision","bcubed.recall","bcubed.f1"
"majority-vote",0.92358667047148,0.609840282230665,0.734616480807628
