"","bcubed.precision","bcubed.recall","bcubed.f1"
"majority-vote",0.989091257113189,0.161510537753686,0.27767844885433
