"","bcubed.precision","bcubed.recall","bcubed.f1"
"majority-vote",0.877021791445755,0.54937426295091,0.67556720839528
