"","bcubed.precision","bcubed.recall","bcubed.f1"
"majority-vote",0.92292538706953,0.125718493390254,0.221293026805486
