"","bcubed.precision","bcubed.recall","bcubed.f1"
"majority-vote",0.963692721125585,0.908976324639179,0.935535160055505
