"","bcubed.precision","bcubed.recall","bcubed.f1"
"majority-vote",0.780124042751299,0.126862361843674,0.218235638578641
