"","bcubed.precision","bcubed.recall","bcubed.f1"
"majority-vote",0.947886979887631,0.267633388804769,0.417411688302926
