"","bcubed.precision","bcubed.recall","bcubed.f1"
"majority-vote",0.974898703007334,0.454973492179046,0.620409388924796
