"","bcubed.precision","bcubed.recall","bcubed.f1"
"majority-vote",0.982068671780987,0.24140512614353,0.387546365104134
