"","bcubed.precision","bcubed.recall","bcubed.f1"
"majority-vote",0.99273490061651,0.231789614752916,0.37582855594566
