"","bcubed.precision","bcubed.recall","bcubed.f1"
"majority-vote",0.999627317903759,0.63846751004634,0.77923396588095
