"","bcubed.precision","bcubed.recall","bcubed.f1"
"majority-vote",0.985417492917094,0.251003743404238,0.400095812450002
