"","bcubed.precision","bcubed.recall","bcubed.f1"
"majority-vote",0.976518352867674,0.585797621965437,0.732300172475155
