"","bcubed.precision","bcubed.recall","bcubed.f1"
"majority-vote",0.856186783613108,0.656367138835574,0.743078129154149
