"","bcubed.precision","bcubed.recall","bcubed.f1"
"majority-vote",0.884044041024275,0.326809729173908,0.477207406436309
