"","bcubed.precision","bcubed.recall","bcubed.f1"
"majority-vote",0.859007407672957,0.191721648801269,0.313478180729463
