"","bcubed.precision","bcubed.recall","bcubed.f1"
"majority-vote",0.773788743690145,0.608371196225077,0.681181345269126
