"","bcubed.precision","bcubed.recall","bcubed.f1"
"majority-vote",0.858628116771148,0.392364199327149,0.538604321099951
