"","bcubed.precision","bcubed.recall","bcubed.f1"
"majority-vote",0.973807368067358,0.756435714534208,0.851467264559306
