"","bcubed.precision","bcubed.recall","bcubed.f1"
"majority-vote",0.989209606876056,0.556129116441679,0.711984054171003
