"","bcubed.precision","bcubed.recall","bcubed.f1"
"majority-vote",0.999482296583319,0.423443542650537,0.594864908363195
