"","bcubed.precision","bcubed.recall","bcubed.f1"
"majority-vote",0.906113667867381,0.49185720169329,0.637607753920299
