"","bcubed.precision","bcubed.recall","bcubed.f1"
"majority-vote",0.978417695752477,0.841419359599489,0.904761872564062
