"","bcubed.precision","bcubed.recall","bcubed.f1"
"majority-vote",0.889188957354533,0.708647953238914,0.788718711520943
