"","bcubed.precision","bcubed.recall","bcubed.f1"
"majority-vote",0.96184812970068,0.374844759042239,0.539456345506483
