"","bcubed.precision","bcubed.recall","bcubed.f1"
"majority-vote",0.998326925300749,0.410932641133087,0.582213709808258
