"","bcubed.precision","bcubed.recall","bcubed.f1"
"majority-vote",0.991334792494612,0.136567822187548,0.240064047919395
