"","bcubed.precision","bcubed.recall","bcubed.f1"
"majority-vote",0.989169378164185,0.388004653631965,0.557376646809663
