"","bcubed.precision","bcubed.recall","bcubed.f1"
"majority-vote",0.899102149078742,0.251043557725358,0.392496013205895
