"","bcubed.precision","bcubed.recall","bcubed.f1"
"majority-vote",0.698596298647076,0.340525105012012,0.457866765365646
