"","bcubed.precision","bcubed.recall","bcubed.f1"
"majority-vote",0.99473272781466,0.0647088859078763,0.121513155155046
