"","bcubed.precision","bcubed.recall","bcubed.f1"
"majority-vote",0.999754694259846,0.315976808492123,0.480188088385074
