"","bcubed.precision","bcubed.recall","bcubed.f1"
"majority-vote",0.892256836811273,0.26871042023933,0.413032681369621
