"","bcubed.precision","bcubed.recall","bcubed.f1"
"majority-vote",0.893261728475683,0.612532908223419,0.726728852677172
