"","bcubed.precision","bcubed.recall","bcubed.f1"
"majority-vote",0.908142012187196,0.681397070223996,0.778597158508372
