"","bcubed.precision","bcubed.recall","bcubed.f1"
"majority-vote",0.963477732113781,0.339524879921311,0.502108987781489
