"","bcubed.precision","bcubed.recall","bcubed.f1"
"majority-vote",0.934995247294024,0.304702714295072,0.45962096983412
