"","bcubed.precision","bcubed.recall","bcubed.f1"
"majority-vote",0.966815103019429,0.189866932280991,0.317401346421971
