"","bcubed.precision","bcubed.recall","bcubed.f1"
"majority-vote",0.924778341548611,0.454923235313574,0.609846596018261
