"","bcubed.precision","bcubed.recall","bcubed.f1"
"majority-vote",0.646618927398113,0.507565741039877,0.568715949934431
