"","bcubed.precision","bcubed.recall","bcubed.f1"
"majority-vote",0.777350575702733,0.460268949333362,0.578191157305709
