"","bcubed.precision","bcubed.recall","bcubed.f1"
"majority-vote",0.967268996661407,0.456422204303745,0.62019495142146
