"","bcubed.precision","bcubed.recall","bcubed.f1"
"majority-vote",0.936798045889357,0.38294807937275,0.543657610454777
