"","bcubed.precision","bcubed.recall","bcubed.f1"
"majority-vote",0.989086092715232,0.842064008627067,0.909672887545969
