"","bcubed.precision","bcubed.recall","bcubed.f1"
"majority-vote",0.945041407384281,0.220270492922245,0.357268704767731
