"","bcubed.precision","bcubed.recall","bcubed.f1"
"majority-vote",0.97539538093186,0.270880807933838,0.424008564397323
