"","bcubed.precision","bcubed.recall","bcubed.f1"
"majority-vote",0.824857469538006,0.3166815353355,0.457657826444917
