"","bcubed.precision","bcubed.recall","bcubed.f1"
"majority-vote",0.961510196281028,0.323635470115817,0.484270090980444
