"","bcubed.precision","bcubed.recall","bcubed.f1"
"majority-vote",0.946009899262165,0.741695299339563,0.831485375517908
