"","bcubed.precision","bcubed.recall","bcubed.f1"
"majority-vote",0.957896516739939,0.265345581001432,0.415573676286846
