"","bcubed.precision","bcubed.recall","bcubed.f1"
"majority-vote",0.94708512504085,0.364390292939874,0.526290651614341
