"","bcubed.precision","bcubed.recall","bcubed.f1"
"majority-vote",0.969101683722848,0.384689752239434,0.550754683037524
