"","bcubed.precision","bcubed.recall","bcubed.f1"
"majority-vote",0.974207405419525,0.186990809826703,0.31375837352616
