"","bcubed.precision","bcubed.recall","bcubed.f1"
"majority-vote",0.975451174858564,0.36806358775969,0.534460906708864
