"","bcubed.precision","bcubed.recall","bcubed.f1"
"majority-vote",0.866180708675501,0.324990768032734,0.472645188827905
