"","bcubed.precision","bcubed.recall","bcubed.f1"
"majority-vote",0.998407657460525,0.907577331119312,0.950828220113394
