"","bcubed.precision","bcubed.recall","bcubed.f1"
"majority-vote",0.994033412887828,0.780083782637758,0.874157971919251
