"","bcubed.precision","bcubed.recall","bcubed.f1"
"majority-vote",0.958475189190143,0.451300918837273,0.61365876624124
