"","bcubed.precision","bcubed.recall","bcubed.f1"
"majority-vote",0.91397681973193,0.39780648761559,0.554338367294538
