"","bcubed.precision","bcubed.recall","bcubed.f1"
"majority-vote",0.984344208451938,0.512800144467825,0.674312869451504
