"","bcubed.precision","bcubed.recall","bcubed.f1"
"majority-vote",0.971068197151997,0.65170836675793,0.779963530224636
