"","bcubed.precision","bcubed.recall","bcubed.f1"
"majority-vote",0.99809421603819,0.640262538462363,0.780101567780972
