"","bcubed.precision","bcubed.recall","bcubed.f1"
"majority-vote",0.995016421842634,0.430863815423016,0.601336017877359
