"","bcubed.precision","bcubed.recall","bcubed.f1"
"majority-vote",0.986601535606116,0.238221159916541,0.383776954895888
