"","bcubed.precision","bcubed.recall","bcubed.f1"
"majority-vote",0.828858542761655,0.488208239497796,0.614479957136544
