"","bcubed.precision","bcubed.recall","bcubed.f1"
"majority-vote",0.950900533866793,0.320830877549134,0.479784095924396
