"","bcubed.precision","bcubed.recall","bcubed.f1"
"majority-vote",0.885881512420312,0.460785111060363,0.606239144817973
