"","bcubed.precision","bcubed.recall","bcubed.f1"
"majority-vote",0.969747066640336,0.102802112421308,0.185897390835193
