"","bcubed.precision","bcubed.recall","bcubed.f1"
"majority-vote",0.993208364455934,0.850231298292026,0.916175185172117
