"","bcubed.precision","bcubed.recall","bcubed.f1"
"majority-vote",0.995862941926102,0.125612503200604,0.223086180840851
