"","bcubed.precision","bcubed.recall","bcubed.f1"
"majority-vote",0.978387930218046,0.176798074700022,0.299479220897519
