"","bcubed.precision","bcubed.recall","bcubed.f1"
"majority-vote",0.958457628612069,0.458513371039888,0.620288825108997
