"","bcubed.precision","bcubed.recall","bcubed.f1"
"majority-vote",0.999683163989949,0.41585599303596,0.587372285420659
