"","bcubed.precision","bcubed.recall","bcubed.f1"
"majority-vote",0.735361495464125,0.259717157975292,0.383861108920936
