"","bcubed.precision","bcubed.recall","bcubed.f1"
"majority-vote",0.962988866475355,0.0689656787265494,0.128713383920586
