"","bcubed.precision","bcubed.recall","bcubed.f1"
"majority-vote",0.975304411658287,0.285016315109332,0.441122110613316
