"","bcubed.precision","bcubed.recall","bcubed.f1"
"majority-vote",0.990410806785371,0.256466985340993,0.407429942965321
