"","bcubed.precision","bcubed.recall","bcubed.f1"
"majority-vote",0.961670182961592,0.462445259393862,0.624555852684892
