"","bcubed.precision","bcubed.recall","bcubed.f1"
"majority-vote",0.791044339300522,0.84720195987614,0.818160633039293
