"","bcubed.precision","bcubed.recall","bcubed.f1"
"majority-vote",0.960020683036505,0.878256007136624,0.917319940310844
