"","bcubed.precision","bcubed.recall","bcubed.f1"
"majority-vote",0.988011119221033,0.491324739017726,0.656286809508998
