"","bcubed.precision","bcubed.recall","bcubed.f1"
"majority-vote",0.881854111846447,0.57726408856603,0.697767610573754
