"","bcubed.precision","bcubed.recall","bcubed.f1"
"majority-vote",0.839659318308668,0.56537527122904,0.675745093200801
