"","bcubed.precision","bcubed.recall","bcubed.f1"
"majority-vote",0.999513595019213,0.810095066155254,0.894890756496109
