"","bcubed.precision","bcubed.recall","bcubed.f1"
"majority-vote",0.987526395474891,0.596254579809229,0.743558794016671
