"","bcubed.precision","bcubed.recall","bcubed.f1"
"majority-vote",0.973184449663669,0.123186700849485,0.21869123720736
