"","bcubed.precision","bcubed.recall","bcubed.f1"
"majority-vote",0.95873843492363,0.613080952229467,0.74790307006783
