"","bcubed.precision","bcubed.recall","bcubed.f1"
"majority-vote",0.999066371416602,0.105400508036522,0.190684039636671
