"","bcubed.precision","bcubed.recall","bcubed.f1"
"majority-vote",0.953340155164999,0.618070708407141,0.749939609958353
