"","bcubed.precision","bcubed.recall","bcubed.f1"
"majority-vote",0.998037943002826,0.293750484084178,0.453904250485613
