"","bcubed.precision","bcubed.recall","bcubed.f1"
"majority-vote",0.861639279154049,0.206619923074649,0.33331206734373
