"","bcubed.precision","bcubed.recall","bcubed.f1"
"majority-vote",0.784667329147571,0.771152841260417,0.777851389029999
