"","bcubed.precision","bcubed.recall","bcubed.f1"
"majority-vote",0.994691423011277,0.70351433207307,0.824140031304786
