"","bcubed.precision","bcubed.recall","bcubed.f1"
"majority-vote",0.915952551960076,0.765260809205564,0.833853224460318
