"","bcubed.precision","bcubed.recall","bcubed.f1"
"majority-vote",0.739161849710983,0.214150095035942,0.332087689102797
