"","bcubed.precision","bcubed.recall","bcubed.f1"
"majority-vote",0.999237247055558,0.37992916212862,0.550534536678712
