"","bcubed.precision","bcubed.recall","bcubed.f1"
"majority-vote",0.933008432806814,0.340783656968453,0.49922436835105
