"","bcubed.precision","bcubed.recall","bcubed.f1"
"majority-vote",0.935894268609753,0.306006516630017,0.461211955858416
