"","bcubed.precision","bcubed.recall","bcubed.f1"
"majority-vote",0.970055115932555,0.280820049379417,0.4355525365139
