"","bcubed.precision","bcubed.recall","bcubed.f1"
"majority-vote",0.990810386913638,0.380463811566441,0.549806153667318
