"","bcubed.precision","bcubed.recall","bcubed.f1"
"majority-vote",0.99877172511208,0.441380909443232,0.612211180646525
