"","bcubed.precision","bcubed.recall","bcubed.f1"
"majority-vote",0.941086655888487,0.531178986857508,0.679069648718564
