"","bcubed.precision","bcubed.recall","bcubed.f1"
"majority-vote",0.980160274588872,0.516770414761346,0.676741862847041
