"","bcubed.precision","bcubed.recall","bcubed.f1"
"majority-vote",0.99607396793151,0.384550394677135,0.554880310487842
