"","bcubed.precision","bcubed.recall","bcubed.f1"
"majority-vote",0.785614197560976,0.401867524148849,0.531735060402323
