"","bcubed.precision","bcubed.recall","bcubed.f1"
"majority-vote",0.975636057803618,0.466386556781573,0.631090715317066
