"","bcubed.precision","bcubed.recall","bcubed.f1"
"majority-vote",0.987756447838882,0.145927238440111,0.254287103941036
