"","bcubed.precision","bcubed.recall","bcubed.f1"
"majority-vote",0.988753956834532,0.672154219745513,0.800279213201134
