"","bcubed.precision","bcubed.recall","bcubed.f1"
"majority-vote",0.898854102177375,0.689250496932144,0.780220190713682
