"","bcubed.precision","bcubed.recall","bcubed.f1"
"majority-vote",0.880098548702652,0.2568916426697,0.397699054227639
