"","bcubed.precision","bcubed.recall","bcubed.f1"
"majority-vote",0.471841036452658,0.456567393842006,0.464078578546572
