"","bcubed.precision","bcubed.recall","bcubed.f1"
"majority-vote",0.965698060401415,0.377788960591215,0.54310917899966
