"","bcubed.precision","bcubed.recall","bcubed.f1"
"majority-vote",0.95465976056511,0.670202210643717,0.787531609798638
