"","bcubed.precision","bcubed.recall","bcubed.f1"
"majority-vote",0.992618943771757,0.347502527926516,0.514785561627202
