"","bcubed.precision","bcubed.recall","bcubed.f1"
"majority-vote",0.962254160692299,0.290777261509171,0.446599542141289
