"","bcubed.precision","bcubed.recall","bcubed.f1"
"majority-vote",0.996527161117403,0.108646944557745,0.195932262017789
