"","bcubed.precision","bcubed.recall","bcubed.f1"
"majority-vote",0.979271129100465,0.258997940823831,0.409651201189665
