"","bcubed.precision","bcubed.recall","bcubed.f1"
"majority-vote",0.874520775576613,0.524130104494029,0.655435422829775
