"","bcubed.precision","bcubed.recall","bcubed.f1"
"majority-vote",0.939561658205222,0.468886545101756,0.625579014963468
