"","bcubed.precision","bcubed.recall","bcubed.f1"
"majority-vote",0.704242990236448,0.7221908031362,0.713103984334773
