"","bcubed.precision","bcubed.recall","bcubed.f1"
"majority-vote",0.9768816624231,0.499172924941362,0.66072471970566
