"","bcubed.precision","bcubed.recall","bcubed.f1"
"majority-vote",0.968874578074689,0.477780981001837,0.639972443303318
