"","bcubed.precision","bcubed.recall","bcubed.f1"
"majority-vote",0.847037403805959,0.500717801877477,0.629382405874891
