"","bcubed.precision","bcubed.recall","bcubed.f1"
"majority-vote",0.992059174421379,0.330619858416039,0.495954733755647
