"","bcubed.precision","bcubed.recall","bcubed.f1"
"majority-vote",0.977645439800783,0.630600952743177,0.766678723660242
