"","bcubed.precision","bcubed.recall","bcubed.f1"
"majority-vote",0.887396157860972,0.697152966165209,0.780854129715407
