{
      "avg_bcuded_f1": 0.5616877197116817,
      "avg_bcuded_recall": 0.4375587725566208,
      "avg_bcuded_precision": 0.9295035721174718,
      "avg_bcuded_f1star": 0.5950166701426856
}