"","bcubed.precision","bcubed.recall","bcubed.f1"
"majority-vote",0.939080009841846,0.245461026031403,0.389193005156514
