"","bcubed.precision","bcubed.recall","bcubed.f1"
"majority-vote",0.963362274253819,0.401981424991189,0.567261913614048
