"","bcubed.precision","bcubed.recall","bcubed.f1"
"majority-vote",0.904371523098411,0.441553059563423,0.593388393599864
