"","bcubed.precision","bcubed.recall","bcubed.f1"
"majority-vote",0.972671561557981,0.362565656136965,0.528231685349269
