"","bcubed.precision","bcubed.recall","bcubed.f1"
"majority-vote",0.983361247467823,0.189475806204796,0.317730693400363
