"","bcubed.precision","bcubed.recall","bcubed.f1"
"majority-vote",0.969074518314456,0.471908651696501,0.6347258716807
