"","bcubed.precision","bcubed.recall","bcubed.f1"
"majority-vote",0.896592755077757,0.459168500277738,0.607315114047849
