"","bcubed.precision","bcubed.recall","bcubed.f1"
"majority-vote",0.833724335052443,0.47281336738051,0.603420796183953
