"","bcubed.precision","bcubed.recall","bcubed.f1"
"majority-vote",0.971939504514747,0.276378848025796,0.43037662638197
