"","bcubed.precision","bcubed.recall","bcubed.f1"
"majority-vote",0.976298736142775,0.529670866092473,0.686756221865561
