"","bcubed.precision","bcubed.recall","bcubed.f1"
"majority-vote",0.971874560967612,0.706806259941545,0.818412904959283
