"","bcubed.precision","bcubed.recall","bcubed.f1"
"majority-vote",0.998418541966782,0.152599966908756,0.264737074669742
