"","bcubed.precision","bcubed.recall","bcubed.f1"
"majority-vote",0.973292687472293,0.25075130851493,0.398767390309127
