"","bcubed.precision","bcubed.recall","bcubed.f1"
"majority-vote",0.96147983046737,0.212992937306883,0.348732501717625
