"","bcubed.precision","bcubed.recall","bcubed.f1"
"majority-vote",0.990961749725357,0.373566720851122,0.542590849976762
