"","bcubed.precision","bcubed.recall","bcubed.f1"
"majority-vote",0.940704572182948,0.731826048793369,0.823222129996807
