"","bcubed.precision","bcubed.recall","bcubed.f1"
"majority-vote",0.945936455517551,0.28637555932413,0.439650150727008
