"","bcubed.precision","bcubed.recall","bcubed.f1"
"majority-vote",0.959949242234788,0.523875499063004,0.677834618003549
