"","bcubed.precision","bcubed.recall","bcubed.f1"
"majority-vote",0.924260988212987,0.303297152086952,0.456720893792577
