"","bcubed.precision","bcubed.recall","bcubed.f1"
"majority-vote",0.984078561872632,0.248016619994113,0.396183415561339
