"","bcubed.precision","bcubed.recall","bcubed.f1"
"majority-vote",0.826461466432413,0.750076741734544,0.7864186490368
