"","bcubed.precision","bcubed.recall","bcubed.f1"
"majority-vote",0.983106581183376,0.728867098244929,0.83710871224598
