"","bcubed.precision","bcubed.recall","bcubed.f1"
"majority-vote",0.944827995323381,0.344358780820498,0.504752022864875
