"","bcubed.precision","bcubed.recall","bcubed.f1"
"majority-vote",0.917799512413979,0.518272600967006,0.662460242814908
