"","bcubed.precision","bcubed.recall","bcubed.f1"
"majority-vote",0.987690517546371,0.330994282363721,0.495827227363207
