"","bcubed.precision","bcubed.recall","bcubed.f1"
"majority-vote",0.959400667175014,0.265089428537565,0.415400623476632
