"","bcubed.precision","bcubed.recall","bcubed.f1"
"majority-vote",0.828500709028494,0.571424208729969,0.676358219049156
