"","bcubed.precision","bcubed.recall","bcubed.f1"
"majority-vote",0.965509508748954,0.902185502943138,0.932774008919034
