"","bcubed.precision","bcubed.recall","bcubed.f1"
"majority-vote",0.916807167690386,0.297773301580685,0.449539086364272
