"","bcubed.precision","bcubed.recall","bcubed.f1"
"majority-vote",0.970442140267872,0.260093387113368,0.410236970235184
