"","bcubed.precision","bcubed.recall","bcubed.f1"
"majority-vote",0.983363721289484,0.0403075462914196,0.0774408347141499
