"","bcubed.precision","bcubed.recall","bcubed.f1"
"majority-vote",0.996537653562438,0.11114749422889,0.199989434396693
