"","bcubed.precision","bcubed.recall","bcubed.f1"
"majority-vote",0.94194371747222,0.33123437723348,0.490118612538682
