"","bcubed.precision","bcubed.recall","bcubed.f1"
"majority-vote",0.979507495492175,0.531587908663983,0.689161438274843
