"","bcubed.precision","bcubed.recall","bcubed.f1"
"majority-vote",0.90602414233681,0.580063797574387,0.707295699781228
