"","bcubed.precision","bcubed.recall","bcubed.f1"
"majority-vote",0.987379764866211,0.202754665346223,0.33642561497754
