"","bcubed.precision","bcubed.recall","bcubed.f1"
"majority-vote",0.952650687655174,0.59943872924606,0.735854147840944
