"","bcubed.precision","bcubed.recall","bcubed.f1"
"majority-vote",0.967458485938791,0.524432182298628,0.680165612489058
