"","bcubed.precision","bcubed.recall","bcubed.f1"
"majority-vote",0.96363839640127,0.788339177304923,0.867218749874032
