"","bcubed.precision","bcubed.recall","bcubed.f1"
"majority-vote",0.993924857636798,0.337173146682204,0.50353132636017
