"","bcubed.precision","bcubed.recall","bcubed.f1"
"majority-vote",0.717147423891056,0.530826640707399,0.610078316072284
