"","bcubed.precision","bcubed.recall","bcubed.f1"
"majority-vote",0.979596048411392,0.553169327324559,0.70706514607866
