"","bcubed.precision","bcubed.recall","bcubed.f1"
"majority-vote",0.942490016903893,0.599191544414196,0.732618282521038
