"","bcubed.precision","bcubed.recall","bcubed.f1"
"majority-vote",0.730333711373313,0.59804092512128,0.657599801136721
