"","bcubed.precision","bcubed.recall","bcubed.f1"
"majority-vote",0.835670007716706,0.697392827751407,0.760295346368685
