"","bcubed.precision","bcubed.recall","bcubed.f1"
"majority-vote",0.95918684219282,0.429757843585359,0.593570173264725
