"","bcubed.precision","bcubed.recall","bcubed.f1"
"majority-vote",0.959072108261818,0.870473128527249,0.912627336864413
