"","bcubed.precision","bcubed.recall","bcubed.f1"
"majority-vote",0.932911874287826,0.714532147368332,0.809248163916579
