"","bcubed.precision","bcubed.recall","bcubed.f1"
"majority-vote",0.864564323529461,0.61294343059969,0.71732824542852
