"","bcubed.precision","bcubed.recall","bcubed.f1"
"majority-vote",0.914099421516317,0.183518799596236,0.305669904747484
