"","bcubed.precision","bcubed.recall","bcubed.f1"
"majority-vote",0.991338508140856,0.382324225779705,0.551827924353488
