"","bcubed.precision","bcubed.recall","bcubed.f1"
"majority-vote",0.997207305649431,0.1372329006459,0.241263753418006
