"","bcubed.precision","bcubed.recall","bcubed.f1"
"majority-vote",0.90763063706146,0.364002215445239,0.51961470175151
