"","bcubed.precision","bcubed.recall","bcubed.f1"
"majority-vote",0.957971720771215,0.191874595210514,0.319713049633352
