"","bcubed.precision","bcubed.recall","bcubed.f1"
"majority-vote",0.981512465631152,0.228734625975038,0.371008347424367
