"","bcubed.precision","bcubed.recall","bcubed.f1"
"majority-vote",0.757017680449585,0.353688756527122,0.482123148211979
