"","bcubed.precision","bcubed.recall","bcubed.f1"
"majority-vote",0.933210387163601,0.631746195408223,0.75344213145796
