"","bcubed.precision","bcubed.recall","bcubed.f1"
"majority-vote",0.977387737493355,0.184714518396317,0.310708811212722
