"","bcubed.precision","bcubed.recall","bcubed.f1"
"majority-vote",0.999881185197924,0.152881230072329,0.265211744405111
