"","bcubed.precision","bcubed.recall","bcubed.f1"
"majority-vote",0.972346650577909,0.479916142968584,0.642645196513233
