"","bcubed.precision","bcubed.recall","bcubed.f1"
"majority-vote",0.944071239320463,0.438612254109986,0.598953001588841
