"","bcubed.precision","bcubed.recall","bcubed.f1"
"majority-vote",0.953601718582004,0.172715176009775,0.292460300398511
