"","bcubed.precision","bcubed.recall","bcubed.f1"
"majority-vote",0.815795276554631,0.569449722489767,0.670718023400868
