"","bcubed.precision","bcubed.recall","bcubed.f1"
"majority-vote",0.850118275187235,0.636150945447435,0.727732953080421
