"","bcubed.precision","bcubed.recall","bcubed.f1"
"majority-vote",0.988902365069739,0.605715445136124,0.751268965416928
