"","bcubed.precision","bcubed.recall","bcubed.f1"
"majority-vote",0.996180800645356,0.494213133761207,0.66066510861871
