"","bcubed.precision","bcubed.recall","bcubed.f1"
"majority-vote",0.863658965514454,0.55795295010124,0.677936168650464
