"","bcubed.precision","bcubed.recall","bcubed.f1"
"majority-vote",0.898215151386599,0.349986820208136,0.503706085794635
