"","bcubed.precision","bcubed.recall","bcubed.f1"
"majority-vote",0.970819346703585,0.487418183316672,0.648995780944366
