"","bcubed.precision","bcubed.recall","bcubed.f1"
"majority-vote",0.844854770826447,0.745984773698924,0.792347408250351
