"","bcubed.precision","bcubed.recall","bcubed.f1"
"majority-vote",0.978446911962025,0.179753308532894,0.303710993206013
