"","bcubed.precision","bcubed.recall","bcubed.f1"
"majority-vote",0.921319732145831,0.548988048733111,0.688010399710585
