"","bcubed.precision","bcubed.recall","bcubed.f1"
"majority-vote",0.959970833822508,0.0893901632864626,0.16355086537817
