"","bcubed.precision","bcubed.recall","bcubed.f1"
"majority-vote",0.995903733484519,0.0325467534328764,0.0630335318402259
