"","bcubed.precision","bcubed.recall","bcubed.f1"
"majority-vote",0.93064594221882,0.293633599482859,0.446415885506019
