"","bcubed.precision","bcubed.recall","bcubed.f1"
"majority-vote",0.812997252303445,0.636682413194151,0.714117835596598
