"","bcubed.precision","bcubed.recall","bcubed.f1"
"majority-vote",0.947831725143868,0.817306142322317,0.877742985549407
