"","bcubed.precision","bcubed.recall","bcubed.f1"
"majority-vote",0.963359900055757,0.100466778882794,0.181957583842551
