"","bcubed.precision","bcubed.recall","bcubed.f1"
"majority-vote",0.955253711156315,0.438131872868952,0.600734071504997
