"","bcubed.precision","bcubed.recall","bcubed.f1"
"majority-vote",0.795878392573816,0.734768804382965,0.764103728290055
