"","bcubed.precision","bcubed.recall","bcubed.f1"
"majority-vote",0.955023203586853,0.471363856933543,0.631193920869546
