"","bcubed.precision","bcubed.recall","bcubed.f1"
"majority-vote",0.919671537442159,0.154861498720129,0.265085777403735
