"","bcubed.precision","bcubed.recall","bcubed.f1"
"majority-vote",0.979826818937322,0.41907749097754,0.587064264456728
