"","bcubed.precision","bcubed.recall","bcubed.f1"
"majority-vote",0.90079234766247,0.370455748360228,0.525001696072564
