"","bcubed.precision","bcubed.recall","bcubed.f1"
"majority-vote",0.895369366811156,0.471895461649801,0.618052526333242
