"","bcubed.precision","bcubed.recall","bcubed.f1"
"majority-vote",0.983149431952512,0.419317039772212,0.58789470945866
