"","bcubed.precision","bcubed.recall","bcubed.f1"
"majority-vote",0.918489082929967,0.14388924755869,0.248801578949516
