"","bcubed.precision","bcubed.recall","bcubed.f1"
"majority-vote",0.883844158698412,0.822137384965702,0.851874779124327
