"","bcubed.precision","bcubed.recall","bcubed.f1"
"majority-vote",0.851894950387908,0.453106512791011,0.591568915630579
