"","bcubed.precision","bcubed.recall","bcubed.f1"
"majority-vote",0.880617416574335,0.313221957962792,0.462086805509314
