"","bcubed.precision","bcubed.recall","bcubed.f1"
"majority-vote",0.96682436602154,0.0356351637007714,0.0687368288326129
