"","bcubed.precision","bcubed.recall","bcubed.f1"
"majority-vote",0.885600574367868,0.607519326657945,0.720664782859331
