"","bcubed.precision","bcubed.recall","bcubed.f1"
"majority-vote",0.961579805125004,0.619739180374416,0.75371090305926
