"","bcubed.precision","bcubed.recall","bcubed.f1"
"majority-vote",0.881762150502961,0.289585497227604,0.435985902707197
