"","bcubed.precision","bcubed.recall","bcubed.f1"
"majority-vote",0.933154863657246,0.313604123064794,0.469443117422856
