"","bcubed.precision","bcubed.recall","bcubed.f1"
"majority-vote",0.953921731582544,0.32276968215025,0.482335842141968
