"","bcubed.precision","bcubed.recall","bcubed.f1"
"majority-vote",0.971053419021967,0.191861261596412,0.320414794234078
