"","bcubed.precision","bcubed.recall","bcubed.f1"
"majority-vote",0.906279513614114,0.421192835446777,0.575105671039398
