"","bcubed.precision","bcubed.recall","bcubed.f1"
"majority-vote",0.959503153367952,0.528909638682362,0.68192166699045
