"","bcubed.precision","bcubed.recall","bcubed.f1"
"majority-vote",0.971315742236582,0.635653912478959,0.76842851387182
