"","bcubed.precision","bcubed.recall","bcubed.f1"
"majority-vote",0.948102435571645,0.322570604541147,0.481366907386549
