"","bcubed.precision","bcubed.recall","bcubed.f1"
"majority-vote",0.949506227809704,0.905063742674823,0.926752480533248
