"","bcubed.precision","bcubed.recall","bcubed.f1"
"majority-vote",0.691509269513531,0.384295182192304,0.494037146423769
