"","bcubed.precision","bcubed.recall","bcubed.f1"
"majority-vote",0.871293380451317,0.363478027529252,0.512962961854916
