"","bcubed.precision","bcubed.recall","bcubed.f1"
"majority-vote",0.999504626515661,0.324670575496319,0.490131127374997
