"","bcubed.precision","bcubed.recall","bcubed.f1"
"majority-vote",0.956706537946677,0.191944066014345,0.319738904489748
