"","bcubed.precision","bcubed.recall","bcubed.f1"
"majority-vote",0.972155161814188,0.130392042002131,0.229942620602722
