"","bcubed.precision","bcubed.recall","bcubed.f1"
"majority-vote",0.953342149523951,0.212262533561803,0.347216895995127
