"","bcubed.precision","bcubed.recall","bcubed.f1"
"majority-vote",0.881193963155343,0.947213909430038,0.913012015887111
