"","bcubed.precision","bcubed.recall","bcubed.f1"
"majority-vote",0.993355841019141,0.182513200554492,0.308368614911866
