"","bcubed.precision","bcubed.recall","bcubed.f1"
"majority-vote",0.872847752408397,0.497400019655276,0.633687568125198
