"","bcubed.precision","bcubed.recall","bcubed.f1"
"majority-vote",0.872777722567091,0.343568268742091,0.493048414318849
