"","bcubed.precision","bcubed.recall","bcubed.f1"
"majority-vote",0.963757349364148,0.507130175289402,0.66456533939889
