"","bcubed.precision","bcubed.recall","bcubed.f1"
"majority-vote",0.974020361732145,0.8217843407886,0.891449587761037
