"","bcubed.precision","bcubed.recall","bcubed.f1"
"majority-vote",0.943261666029901,0.195623065276849,0.32404287000177
