"","bcubed.precision","bcubed.recall","bcubed.f1"
"majority-vote",0.918766951114639,0.347544556517238,0.504318962030089
