"","bcubed.precision","bcubed.recall","bcubed.f1"
"majority-vote",0.969859504661061,0.435537421805436,0.601125703662403
