"","bcubed.precision","bcubed.recall","bcubed.f1"
"majority-vote",0.96344849039762,0.511990238438573,0.668650229496213
