"","bcubed.precision","bcubed.recall","bcubed.f1"
"majority-vote",0.938294446046193,0.422979343913692,0.583099699874741
