"","bcubed.precision","bcubed.recall","bcubed.f1"
"majority-vote",0.942565634390066,0.778667554215563,0.852813299298188
