"","bcubed.precision","bcubed.recall","bcubed.f1"
"majority-vote",0.978306909222887,0.406514583569038,0.574364317531877
