"","bcubed.precision","bcubed.recall","bcubed.f1"
"majority-vote",0.981373934215212,0.838940802799915,0.90458492641493
