"","bcubed.precision","bcubed.recall","bcubed.f1"
"majority-vote",0.983391283723791,0.123571180941077,0.219553645468367
