"","bcubed.precision","bcubed.recall","bcubed.f1"
"majority-vote",0.981286527554414,0.369878903245553,0.537250548760077
