"","bcubed.precision","bcubed.recall","bcubed.f1"
"majority-vote",0.528977043499093,0.569548239345984,0.548513445223711
