"","bcubed.precision","bcubed.recall","bcubed.f1"
"majority-vote",0.989986171590371,0.147919368381523,0.257381872333106
