"","bcubed.precision","bcubed.recall","bcubed.f1"
"majority-vote",0.911867705441129,0.686337269434235,0.783189641975094
