"","bcubed.precision","bcubed.recall","bcubed.f1"
"majority-vote",0.977423055339893,0.108869702882844,0.195917273350499
