"","bcubed.precision","bcubed.recall","bcubed.f1"
"majority-vote",0.868035037524123,0.265581816678794,0.40672352629866
