"","bcubed.precision","bcubed.recall","bcubed.f1"
"majority-vote",0.963289132245578,0.829610167797872,0.891466083589584
