"","bcubed.precision","bcubed.recall","bcubed.f1"
"majority-vote",0.937472180288127,0.362961929322424,0.52331249807863
