"","bcubed.precision","bcubed.recall","bcubed.f1"
"majority-vote",0.926827084120876,0.221445487350812,0.357479017495002
