"","bcubed.precision","bcubed.recall","bcubed.f1"
"majority-vote",0.749271821569054,0.549609239161465,0.634094572979736
