"","bcubed.precision","bcubed.recall","bcubed.f1"
"majority-vote",0.893915837384916,0.60858006737853,0.724154200782462
