"","bcubed.precision","bcubed.recall","bcubed.f1"
"majority-vote",0.947672894798389,0.248514481427908,0.39376847255668
