"","bcubed.precision","bcubed.recall","bcubed.f1"
"majority-vote",0.983163750532226,0.162371062549542,0.278712337697791
