"","bcubed.precision","bcubed.recall","bcubed.f1"
"majority-vote",0.965002619116654,0.237520443452981,0.381211566181672
