"","bcubed.precision","bcubed.recall","bcubed.f1"
"majority-vote",0.864793308653268,0.457290446679043,0.598240038581669
