"","bcubed.precision","bcubed.recall","bcubed.f1"
"majority-vote",0.989739842753056,0.295746283229806,0.455410406914919
