"","bcubed.precision","bcubed.recall","bcubed.f1"
"majority-vote",0.968405927085255,0.447644739800708,0.612268797139662
