"","bcubed.precision","bcubed.recall","bcubed.f1"
"majority-vote",0.945144452570681,0.593898569353304,0.729440217353019
