"","bcubed.precision","bcubed.recall","bcubed.f1"
"majority-vote",0.875794777102637,0.477914291309638,0.618382265434034
