"","bcubed.precision","bcubed.recall","bcubed.f1"
"majority-vote",0.98219302855177,0.348432817378854,0.514386948359344
