"","bcubed.precision","bcubed.recall","bcubed.f1"
"majority-vote",0.956044334804731,0.295461650563252,0.451415239680209
