"","bcubed.precision","bcubed.recall","bcubed.f1"
"majority-vote",0.943163900427023,0.563517738885134,0.70551014188951
