"","bcubed.precision","bcubed.recall","bcubed.f1"
"majority-vote",0.916266705489304,0.208587012634109,0.339815447635195
