"","bcubed.precision","bcubed.recall","bcubed.f1"
"majority-vote",0.821999896446366,0.181081443300411,0.296783364904132
