"","bcubed.precision","bcubed.recall","bcubed.f1"
"majority-vote",0.890632663052409,0.764510827378802,0.822766507021564
