"","bcubed.precision","bcubed.recall","bcubed.f1"
"majority-vote",0.968984278200625,0.482549541753538,0.644260454678018
