"","bcubed.precision","bcubed.recall","bcubed.f1"
"majority-vote",0.965327491746927,0.35317581154697,0.517147464787698
