"","bcubed.precision","bcubed.recall","bcubed.f1"
"majority-vote",0.979569511268676,0.509775575801283,0.670577445052416
