"","bcubed.precision","bcubed.recall","bcubed.f1"
"majority-vote",0.839244580325198,0.617656171671169,0.711599048691728
