"","bcubed.precision","bcubed.recall","bcubed.f1"
"majority-vote",0.962549130886875,0.254342084449253,0.402364236423486
