"","bcubed.precision","bcubed.recall","bcubed.f1"
"majority-vote",0.924731019629047,0.672712184329763,0.77884186754246
