"","bcubed.precision","bcubed.recall","bcubed.f1"
"majority-vote",0.873069736331714,0.294428948281173,0.44035510725993
