"","bcubed.precision","bcubed.recall","bcubed.f1"
"majority-vote",0.956934453780905,0.686810628314835,0.799677225643065
