"","bcubed.precision","bcubed.recall","bcubed.f1"
"majority-vote",0.966037277336295,0.159013759339726,0.27307777891643
