"","bcubed.precision","bcubed.recall","bcubed.f1"
"majority-vote",0.978217325185212,0.0443600509446356,0.0848713679631242
