"","bcubed.precision","bcubed.recall","bcubed.f1"
"majority-vote",0.906781784699647,0.596501214904981,0.719620239661202
