"","bcubed.precision","bcubed.recall","bcubed.f1"
"majority-vote",0.875157582702451,0.312331572292654,0.460365204447567
