"","bcubed.precision","bcubed.recall","bcubed.f1"
"majority-vote",0.894789893719999,0.567925567443643,0.694836516911494
