"","bcubed.precision","bcubed.recall","bcubed.f1"
"majority-vote",0.572815839610137,0.69914177148847,0.629705703000255
