"","bcubed.precision","bcubed.recall","bcubed.f1"
"majority-vote",0.961240178176668,0.308870085353122,0.467515843944386
