"","bcubed.precision","bcubed.recall","bcubed.f1"
"majority-vote",0.950061101206521,0.327718721530033,0.487334052272024
