"","bcubed.precision","bcubed.recall","bcubed.f1"
"majority-vote",0.971828696346836,0.434072303811798,0.6001047315367
