"","bcubed.precision","bcubed.recall","bcubed.f1"
"majority-vote",0.958641570430229,0.569114849863943,0.714220076160678
