"","bcubed.precision","bcubed.recall","bcubed.f1"
"majority-vote",0.790460422329863,0.362108745828229,0.49668625547939
