"","bcubed.precision","bcubed.recall","bcubed.f1"
"majority-vote",0.933266688983626,0.39336150979983,0.553450008316023
