"","bcubed.precision","bcubed.recall","bcubed.f1"
"majority-vote",0.88043088998733,0.352317438130823,0.503251391279674
