"","bcubed.precision","bcubed.recall","bcubed.f1"
"majority-vote",0.965292663350296,0.615871755421244,0.751973014336712
