"","bcubed.precision","bcubed.recall","bcubed.f1"
"majority-vote",0.977024858305846,0.117581194227882,0.209901542868344
