"","bcubed.precision","bcubed.recall","bcubed.f1"
"majority-vote",0.930479919636056,0.291640161569837,0.444089444684333
