"","bcubed.precision","bcubed.recall","bcubed.f1"
"majority-vote",0.977348023300848,0.94678404832634,0.96182328829641
