"","bcubed.precision","bcubed.recall","bcubed.f1"
"majority-vote",0.94798893890651,0.400208919922827,0.562815949979323
