"","bcubed.precision","bcubed.recall","bcubed.f1"
"majority-vote",0.874586729484666,0.396478685510183,0.545613141196412
