"","bcubed.precision","bcubed.recall","bcubed.f1"
"majority-vote",0.467265755955136,0.250912713462894,0.326500789782797
