"","bcubed.precision","bcubed.recall","bcubed.f1"
"majority-vote",0.950933988524344,0.336700239086346,0.49731467900725
