"","bcubed.precision","bcubed.recall","bcubed.f1"
"majority-vote",0.949538444429741,0.469987968479225,0.628761311423483
