"","bcubed.precision","bcubed.recall","bcubed.f1"
"majority-vote",0.990369712319964,0.661568798498507,0.79324708075751
