"","bcubed.precision","bcubed.recall","bcubed.f1"
"majority-vote",0.965001203014492,0.389391438908967,0.554880756671939
