"","bcubed.precision","bcubed.recall","bcubed.f1"
"majority-vote",0.975862568954371,0.586297102411607,0.732505654853581
