"","bcubed.precision","bcubed.recall","bcubed.f1"
"majority-vote",0.909042390632839,0.481040821291168,0.629151542047992
