"","bcubed.precision","bcubed.recall","bcubed.f1"
"majority-vote",0.975498475365787,0.0787610066722357,0.145753950020949
