"","bcubed.precision","bcubed.recall","bcubed.f1"
"majority-vote",0.535146378777699,0.385872045275542,0.448412371148861
