"","bcubed.precision","bcubed.recall","bcubed.f1"
"majority-vote",0.993333362669471,0.805329242434089,0.889505794108676
