"","bcubed.precision","bcubed.recall","bcubed.f1"
"majority-vote",0.831999092429309,0.475149615713567,0.60486468996091
