"","bcubed.precision","bcubed.recall","bcubed.f1"
"majority-vote",0.940377431243869,0.331026850898492,0.489679300428557
