"","bcubed.precision","bcubed.recall","bcubed.f1"
"majority-vote",0.869478853252087,0.316411217670611,0.463977006709035
