"","bcubed.precision","bcubed.recall","bcubed.f1"
"majority-vote",0.999590049832715,0.637043512146511,0.778161185063394
