"","bcubed.precision","bcubed.recall","bcubed.f1"
"majority-vote",0.731220053852792,0.249122593383919,0.371632177103792
