"","bcubed.precision","bcubed.recall","bcubed.f1"
"majority-vote",0.587007165569222,0.269840348536164,0.369723236732045
