"","bcubed.precision","bcubed.recall","bcubed.f1"
"majority-vote",0.990635778502879,0.462727929287392,0.630805406805699
