"","bcubed.precision","bcubed.recall","bcubed.f1"
"majority-vote",0.971839286997772,0.0796381888323973,0.147212893156014
