"","bcubed.precision","bcubed.recall","bcubed.f1"
"majority-vote",0.909354686967299,0.470373834714848,0.620030164634471
