"","bcubed.precision","bcubed.recall","bcubed.f1"
"majority-vote",0.85383208814934,0.572538858415223,0.685448690895895
