"","bcubed.precision","bcubed.recall","bcubed.f1"
"majority-vote",0.924455000665362,0.545361358602124,0.68602044323503
