"","bcubed.precision","bcubed.recall","bcubed.f1"
"majority-vote",0.987621154922053,0.398261110759482,0.567625559412712
