"","bcubed.precision","bcubed.recall","bcubed.f1"
"majority-vote",0.592853810700774,0.249508654693909,0.351207853661427
