"","bcubed.precision","bcubed.recall","bcubed.f1"
"majority-vote",0.977869270825202,0.558946280507545,0.711310334251073
