"","bcubed.precision","bcubed.recall","bcubed.f1"
"majority-vote",0.960050565400917,0.630995531420661,0.761495996773488
