"","bcubed.precision","bcubed.recall","bcubed.f1"
"majority-vote",0.879189011035774,0.396387378914618,0.546418749046553
