"","bcubed.precision","bcubed.recall","bcubed.f1"
"majority-vote",0.758303213250277,0.337549427797861,0.4671518891173
