"","bcubed.precision","bcubed.recall","bcubed.f1"
"majority-vote",0.737401145764021,0.181861171645472,0.291765764356074
