"","bcubed.precision","bcubed.recall","bcubed.f1"
"majority-vote",0.647987186644129,0.736114666912785,0.689245333837973
