"","bcubed.precision","bcubed.recall","bcubed.f1"
"majority-vote",0.990935775113093,0.710400560088623,0.827539287895983
