"","bcubed.precision","bcubed.recall","bcubed.f1"
"majority-vote",0.988035299539786,0.418102554271142,0.587566974785651
