"","bcubed.precision","bcubed.recall","bcubed.f1"
"majority-vote",0.881937128421,0.512208394554035,0.648046553536442
