"","bcubed.precision","bcubed.recall","bcubed.f1"
"majority-vote",0.95831105239545,0.427943774210629,0.591670796391614
