"","bcubed.precision","bcubed.recall","bcubed.f1"
"majority-vote",0.93391725195936,0.584100971188269,0.718702800217822
