"","bcubed.precision","bcubed.recall","bcubed.f1"
"majority-vote",0.881558851060894,0.251703421782712,0.391597575657554
