"","bcubed.precision","bcubed.recall","bcubed.f1"
"majority-vote",0.933120834757508,0.209576546272916,0.342278270783176
