"","bcubed.precision","bcubed.recall","bcubed.f1"
"majority-vote",0.953669092329681,0.168687942458037,0.286668986756687
