"","bcubed.precision","bcubed.recall","bcubed.f1"
"majority-vote",0.944762940228559,0.344004280144632,0.504361827369476
