"","bcubed.precision","bcubed.recall","bcubed.f1"
"majority-vote",0.843623446766792,0.316954973385443,0.460788590368982
