"","bcubed.precision","bcubed.recall","bcubed.f1"
"majority-vote",0.954439233229165,0.380175098199807,0.543758628502271
