"","bcubed.precision","bcubed.recall","bcubed.f1"
"majority-vote",0.948274892268751,0.488128013760033,0.644498194369957
