"","bcubed.precision","bcubed.recall","bcubed.f1"
"majority-vote",0.990174841010344,0.295133424162627,0.454729342781811
