"","bcubed.precision","bcubed.recall","bcubed.f1"
"majority-vote",0.578897545225782,0.505724600749174,0.539842803358628
