"","bcubed.precision","bcubed.recall","bcubed.f1"
"majority-vote",0.754393339631709,0.287571819101847,0.416409825564394
