"","bcubed.precision","bcubed.recall","bcubed.f1"
"majority-vote",0.992597975427982,0.363446333858549,0.532071249728597
