"","bcubed.precision","bcubed.recall","bcubed.f1"
"majority-vote",0.984074619474797,0.177847444018723,0.301251110201103
