"","bcubed.precision","bcubed.recall","bcubed.f1"
"majority-vote",0.966801888572617,0.247890920911913,0.394604147857509
