"","bcubed.precision","bcubed.recall","bcubed.f1"
"majority-vote",0.873344926727179,0.381445202638724,0.530978407866973
