"","bcubed.precision","bcubed.recall","bcubed.f1"
"majority-vote",0.975184707432785,0.137458952558018,0.240953817029642
