"","bcubed.precision","bcubed.recall","bcubed.f1"
"majority-vote",0.815355856421038,0.308586834055973,0.447724042326713
