"","bcubed.precision","bcubed.recall","bcubed.f1"
"majority-vote",0.973259275580971,0.579028837101005,0.726083234076627
