"","bcubed.precision","bcubed.recall","bcubed.f1"
"majority-vote",0.895192141089712,0.756057665041038,0.819763160537544
