"","bcubed.precision","bcubed.recall","bcubed.f1"
"majority-vote",0.942493761685731,0.290525904395795,0.444143528336939
