"","bcubed.precision","bcubed.recall","bcubed.f1"
"majority-vote",0.995742553804113,0.440003534328046,0.610317167605355
