"","bcubed.precision","bcubed.recall","bcubed.f1"
"majority-vote",0.928809215373234,0.191691747065863,0.317795463197465
