"","bcubed.precision","bcubed.recall","bcubed.f1"
"majority-vote",0.995987223689217,0.0960245010680593,0.175161445718317
