"","bcubed.precision","bcubed.recall","bcubed.f1"
"majority-vote",0.96268570390779,0.328229761051765,0.489547312955158
