"","bcubed.precision","bcubed.recall","bcubed.f1"
"majority-vote",0.963563712225149,0.129691380430084,0.228612532995032
