"","bcubed.precision","bcubed.recall","bcubed.f1"
"majority-vote",0.96069896672674,0.754087921478056,0.844946380180815
