"","bcubed.precision","bcubed.recall","bcubed.f1"
"majority-vote",0.914699056971382,0.548517034347039,0.685787994031554
