"","bcubed.precision","bcubed.recall","bcubed.f1"
"majority-vote",0.895523201223765,0.495283616476332,0.637813913616016
