"","bcubed.precision","bcubed.recall","bcubed.f1"
"majority-vote",0.99947861178057,0.0613732116427323,0.11564520325798
