"","bcubed.precision","bcubed.recall","bcubed.f1"
"majority-vote",0.847710720329903,0.662428541552365,0.743703299822188
