"","bcubed.precision","bcubed.recall","bcubed.f1"
"majority-vote",0.928566742317096,0.516788287856286,0.66402012917861
