"","bcubed.precision","bcubed.recall","bcubed.f1"
"majority-vote",0.975117240855435,0.753489299987309,0.850095599961703
