"","bcubed.precision","bcubed.recall","bcubed.f1"
"majority-vote",0.80662811184411,0.674451261108031,0.734641717673871
