"","bcubed.precision","bcubed.recall","bcubed.f1"
"majority-vote",0.976778851641251,0.281035893638152,0.436487039904861
