"","bcubed.precision","bcubed.recall","bcubed.f1"
"majority-vote",0.816884830951356,0.254143126023242,0.387675528331459
