"","bcubed.precision","bcubed.recall","bcubed.f1"
"majority-vote",0.897648522871327,0.41733474497842,0.569771382696507
