"","bcubed.precision","bcubed.recall","bcubed.f1"
"majority-vote",0.762720902912872,0.819277282178255,0.789988148264542
