"","bcubed.precision","bcubed.recall","bcubed.f1"
"majority-vote",0.988366476850083,0.576571960421036,0.728289859332222
