"","bcubed.precision","bcubed.recall","bcubed.f1"
"majority-vote",0.671453938458542,0.480389541887088,0.560075141107871
