"","bcubed.precision","bcubed.recall","bcubed.f1"
"majority-vote",0.970610316818583,0.435025964346857,0.60078228591101
