"","bcubed.precision","bcubed.recall","bcubed.f1"
"majority-vote",0.977702033407188,0.557390405450991,0.710005103297154
