"","bcubed.precision","bcubed.recall","bcubed.f1"
"majority-vote",0.990078420362362,0.266948802896782,0.420516348730154
