"","bcubed.precision","bcubed.recall","bcubed.f1"
"majority-vote",0.965013908369871,0.487992696984336,0.648200411529457
