"","bcubed.precision","bcubed.recall","bcubed.f1"
"majority-vote",0.877678541927638,0.526360778167049,0.65806641409216
