"","bcubed.precision","bcubed.recall","bcubed.f1"
"majority-vote",0.9291591346521,0.328433111505306,0.485318872806044
