"","bcubed.precision","bcubed.recall","bcubed.f1"
"majority-vote",0.968287401936988,0.462979231007724,0.626433882303146
