"","bcubed.precision","bcubed.recall","bcubed.f1"
"majority-vote",0.906270136780637,0.506100710026328,0.649495082311091
