"","bcubed.precision","bcubed.recall","bcubed.f1"
"majority-vote",0.920773427078638,0.672374212703065,0.777208957475822
