"","bcubed.precision","bcubed.recall","bcubed.f1"
"majority-vote",0.987397942709535,0.179616502678553,0.303943050443573
