"","bcubed.precision","bcubed.recall","bcubed.f1"
"majority-vote",0.963900620359462,0.35064928130028,0.514230854754459
