"","bcubed.precision","bcubed.recall","bcubed.f1"
"majority-vote",0.916040829456971,0.540685481343987,0.680004161568771
