"","bcubed.precision","bcubed.recall","bcubed.f1"
"majority-vote",0.954531814704316,0.317473089587007,0.476473264058843
