"","bcubed.precision","bcubed.recall","bcubed.f1"
"majority-vote",0.960236769976136,0.343506333166356,0.506000623943409
