"","bcubed.precision","bcubed.recall","bcubed.f1"
"majority-vote",0.954863275508434,0.334898725695399,0.495878299845448
