"","bcubed.precision","bcubed.recall","bcubed.f1"
"majority-vote",0.993020787120308,0.249598105701304,0.398925380611975
