"","bcubed.precision","bcubed.recall","bcubed.f1"
"majority-vote",0.956971386984883,0.19654894019153,0.32611772410792
