"","bcubed.precision","bcubed.recall","bcubed.f1"
"majority-vote",0.995348358543388,0.0763173026351944,0.141764926615002
