"","bcubed.precision","bcubed.recall","bcubed.f1"
"majority-vote",0.836871715946683,0.559513315378605,0.6706472181122
