"","bcubed.precision","bcubed.recall","bcubed.f1"
"majority-vote",0.906449692701586,0.680360451882924,0.777298436918008
