"","bcubed.precision","bcubed.recall","bcubed.f1"
"majority-vote",0.641683025368653,0.648728927560618,0.645186740461131
