"","bcubed.precision","bcubed.recall","bcubed.f1"
"majority-vote",0.78208460116672,0.473262781650141,0.589687824900497
