"","bcubed.precision","bcubed.recall","bcubed.f1"
"majority-vote",0.998915510847965,0.562692596203421,0.719876337281864
