"","bcubed.precision","bcubed.recall","bcubed.f1"
"majority-vote",0.980294643381572,0.593442638617978,0.739321164269903
