"","bcubed.precision","bcubed.recall","bcubed.f1"
"majority-vote",0.669742551345097,0.285524452998702,0.400365290025115
