"","bcubed.precision","bcubed.recall","bcubed.f1"
"majority-vote",0.938308608445055,0.293543468983903,0.447187400089935
