"","bcubed.precision","bcubed.recall","bcubed.f1"
"majority-vote",0.967441534479637,0.38703288640675,0.552881152638373
