"","bcubed.precision","bcubed.recall","bcubed.f1"
"majority-vote",0.901755662370371,0.366972838922211,0.521655870577657
