"","bcubed.precision","bcubed.recall","bcubed.f1"
"majority-vote",0.991131890503033,0.819009558821663,0.896887359468848
