"","bcubed.precision","bcubed.recall","bcubed.f1"
"majority-vote",0.980588651673547,0.465564096531804,0.631367426784309
