"","bcubed.precision","bcubed.recall","bcubed.f1"
"majority-vote",0.986956386342037,0.0961894984992093,0.175294650834124
