"","bcubed.precision","bcubed.recall","bcubed.f1"
"majority-vote",0.982190684446339,0.783178842111837,0.871467362957641
