"","bcubed.precision","bcubed.recall","bcubed.f1"
"majority-vote",0.924070290442825,0.61948462946875,0.741725913465841
