"","bcubed.precision","bcubed.recall","bcubed.f1"
"majority-vote",0.937992172822444,0.39510452881683,0.556006109716066
