"","bcubed.precision","bcubed.recall","bcubed.f1"
"majority-vote",0.809841583840879,0.674269824820955,0.735863547281087
