"","bcubed.precision","bcubed.recall","bcubed.f1"
"majority-vote",0.978680652104615,0.0807381595262911,0.14917023135218
