"","bcubed.precision","bcubed.recall","bcubed.f1"
"majority-vote",0.975619384625289,0.258424354761501,0.40861405786133
