"","bcubed.precision","bcubed.recall","bcubed.f1"
"majority-vote",0.656923880882297,0.234984247459418,0.346149471861534
