"","bcubed.precision","bcubed.recall","bcubed.f1"
"majority-vote",0.882220373742597,0.763943001552507,0.818832553879257
