"","bcubed.precision","bcubed.recall","bcubed.f1"
"majority-vote",0.961539364247547,0.415801587411258,0.580552830482575
