"","bcubed.precision","bcubed.recall","bcubed.f1"
"majority-vote",0.993884911824223,0.286107333885583,0.444311695268824
