"","bcubed.precision","bcubed.recall","bcubed.f1"
"majority-vote",0.966562450353975,0.725804682965654,0.829058351505077
