"","bcubed.precision","bcubed.recall","bcubed.f1"
"majority-vote",0.89624214849254,0.410334341866324,0.562935174279062
