"","bcubed.precision","bcubed.recall","bcubed.f1"
"majority-vote",0.96917474285414,0.0998466778174565,0.181041981811328
