"","bcubed.precision","bcubed.recall","bcubed.f1"
"majority-vote",0.91524693383814,0.48237051784442,0.631772502410476
