"","bcubed.precision","bcubed.recall","bcubed.f1"
"majority-vote",0.706925637385644,0.75471823307396,0.730040577934502
