"","bcubed.precision","bcubed.recall","bcubed.f1"
"majority-vote",0.965830807607353,0.25131300455154,0.39884496757653
