"","bcubed.precision","bcubed.recall","bcubed.f1"
"majority-vote",0.917591829270512,0.354856615094169,0.511790527962138
