"","bcubed.precision","bcubed.recall","bcubed.f1"
"majority-vote",0.997783057895072,0.698059262870313,0.8214345135394
