"","bcubed.precision","bcubed.recall","bcubed.f1"
"majority-vote",0.972022439708893,0.557478688283242,0.708573252746992
