"","bcubed.precision","bcubed.recall","bcubed.f1"
"majority-vote",0.934881459589683,0.541508282355237,0.685789177485429
