"","bcubed.precision","bcubed.recall","bcubed.f1"
"majority-vote",0.901530050704182,0.384849768580282,0.539426421621981
