"","bcubed.precision","bcubed.recall","bcubed.f1"
"majority-vote",0.973804547032466,0.250291877357102,0.398229033921383
