"","bcubed.precision","bcubed.recall","bcubed.f1"
"majority-vote",0.946398458716769,0.372585785073181,0.534676004498489
