"","bcubed.precision","bcubed.recall","bcubed.f1"
"majority-vote",0.899259877178972,0.625646281510649,0.737905863993907
