"","bcubed.precision","bcubed.recall","bcubed.f1"
"majority-vote",0.985194248725591,0.506006519321549,0.668608444060948
