"","bcubed.precision","bcubed.recall","bcubed.f1"
"majority-vote",0.978638750343373,0.64175727639134,0.775179065647277
