"","bcubed.precision","bcubed.recall","bcubed.f1"
"majority-vote",0.971443684266223,0.336663680709532,0.500035111954524
