"","bcubed.precision","bcubed.recall","bcubed.f1"
"majority-vote",0.993661721801267,0.28568383317505,0.44377859986196
