"","bcubed.precision","bcubed.recall","bcubed.f1"
"majority-vote",0.981732308629221,0.19783474450953,0.329308554248958
