"","bcubed.precision","bcubed.recall","bcubed.f1"
"majority-vote",0.988432169141666,0.138245505639023,0.242565035362868
