"","bcubed.precision","bcubed.recall","bcubed.f1"
"majority-vote",0.852629375336931,0.390554682392159,0.535718573308001
