"","bcubed.precision","bcubed.recall","bcubed.f1"
"majority-vote",0.993583859021436,0.0420310118035358,0.0806503191153783
