"","bcubed.precision","bcubed.recall","bcubed.f1"
"majority-vote",0.930225418758388,0.26797706002319,0.416088394561159
