"","bcubed.precision","bcubed.recall","bcubed.f1"
"majority-vote",0.805580682048158,0.765551876505337,0.785056358816993
