"","bcubed.precision","bcubed.recall","bcubed.f1"
"majority-vote",0.913951020597769,0.26457015501444,0.410351834483664
