"","bcubed.precision","bcubed.recall","bcubed.f1"
"majority-vote",0.957274955885864,0.238483781631617,0.381840490691062
