"","bcubed.precision","bcubed.recall","bcubed.f1"
"majority-vote",0.974497090359801,0.315097420629799,0.476214061035336
