"","bcubed.precision","bcubed.recall","bcubed.f1"
"majority-vote",0.967918088334576,0.258774239428863,0.408370153573702
