"","bcubed.precision","bcubed.recall","bcubed.f1"
"majority-vote",0.830313049287167,0.500266138852353,0.624355929971242
