"","bcubed.precision","bcubed.recall","bcubed.f1"
"majority-vote",0.93624728299479,0.583513396937667,0.718945870475121
