"","bcubed.precision","bcubed.recall","bcubed.f1"
"majority-vote",0.969668926388407,0.10371597937789,0.187388814268602
