"","bcubed.precision","bcubed.recall","bcubed.f1"
"majority-vote",0.990004246561918,0.515498811057803,0.677974062506028
