"","bcubed.precision","bcubed.recall","bcubed.f1"
"majority-vote",0.972110798627906,0.154617562011323,0.266799713115331
