"","bcubed.precision","bcubed.recall","bcubed.f1"
"majority-vote",0.351815046483436,0.621783104111462,0.449369488925025
