"","bcubed.precision","bcubed.recall","bcubed.f1"
"majority-vote",0.773045106693641,0.25267764390598,0.380865523511512
