"","bcubed.precision","bcubed.recall","bcubed.f1"
"majority-vote",0.80952071296924,0.573802328766821,0.671578302785699
