"","bcubed.precision","bcubed.recall","bcubed.f1"
"majority-vote",0.966544405777185,0.187573258476329,0.314175736615136
