"","bcubed.precision","bcubed.recall","bcubed.f1"
"majority-vote",0.794932826143886,0.452554545341491,0.576760089016724
