"","bcubed.precision","bcubed.recall","bcubed.f1"
"majority-vote",0.875020554809708,0.366825862125575,0.516940202940405
