"","bcubed.precision","bcubed.recall","bcubed.f1"
"majority-vote",0.879289411576054,0.500487193808383,0.637890348956176
