"","bcubed.precision","bcubed.recall","bcubed.f1"
"majority-vote",0.747617133363036,0.592279242437416,0.660943812340659
