"","bcubed.precision","bcubed.recall","bcubed.f1"
"majority-vote",0.992660366734237,0.576755304815713,0.729599102102582
