"","bcubed.precision","bcubed.recall","bcubed.f1"
"majority-vote",0.976055118858061,0.386640143440012,0.55387598621898
