"","bcubed.precision","bcubed.recall","bcubed.f1"
"majority-vote",0.910466888334719,0.507726933738578,0.651911684129166
