"","bcubed.precision","bcubed.recall","bcubed.f1"
"majority-vote",0.997244350489123,0.184081971712663,0.31079423672741
