"","bcubed.precision","bcubed.recall","bcubed.f1"
"majority-vote",0.945919210394923,0.411001220153645,0.573023945821075
