"","bcubed.precision","bcubed.recall","bcubed.f1"
"majority-vote",0.656591459795643,0.258901161347585,0.371367911758194
