{
      "avg_bcuded_f1": 0.5281249014749083,
      "avg_bcuded_recall": 0.40461153414143086,
      "avg_bcuded_precision": 0.9225517289911113,
      "avg_bcuded_f1star": 0.5625156764976618
}