"","bcubed.precision","bcubed.recall","bcubed.f1"
"majority-vote",0.941659227370345,0.331673929570493,0.490561035901382
