"","bcubed.precision","bcubed.recall","bcubed.f1"
"majority-vote",0.884786034399902,0.415536269963187,0.565491628062381
