"","bcubed.precision","bcubed.recall","bcubed.f1"
"majority-vote",0.983486659152746,0.165640291862522,0.283528320558541
