"","bcubed.precision","bcubed.recall","bcubed.f1"
"majority-vote",0.834291661270406,0.434923778207466,0.57177571302785
