"","bcubed.precision","bcubed.recall","bcubed.f1"
"majority-vote",0.991010299757062,0.180023797546533,0.304697255153864
