"","bcubed.precision","bcubed.recall","bcubed.f1"
"majority-vote",0.979268666292869,0.374841411096978,0.542157472786601
