"","bcubed.precision","bcubed.recall","bcubed.f1"
"majority-vote",0.969458963600988,0.282622428273209,0.437656606323352
