"","bcubed.precision","bcubed.recall","bcubed.f1"
"majority-vote",0.885986351072941,0.155532560696478,0.264613007728102
