"","bcubed.precision","bcubed.recall","bcubed.f1"
"majority-vote",0.995438769811438,0.188216920287139,0.316575877859757
