"","bcubed.precision","bcubed.recall","bcubed.f1"
"majority-vote",0.471613699475471,0.575854631212563,0.518547291654824
