"","bcubed.precision","bcubed.recall","bcubed.f1"
"majority-vote",0.981341605125596,0.457611777554049,0.624166816958302
