"","bcubed.precision","bcubed.recall","bcubed.f1"
"majority-vote",0.985701545144915,0.181085738007217,0.305962353780895
