"","bcubed.precision","bcubed.recall","bcubed.f1"
"majority-vote",0.919888763957418,0.483016393609732,0.633430351142691
