"","bcubed.precision","bcubed.recall","bcubed.f1"
"majority-vote",0.377007241813602,0.333737594664736,0.354055305353999
