"","bcubed.precision","bcubed.recall","bcubed.f1"
"majority-vote",0.800900047446136,0.362059406007443,0.498681866489089
