"","bcubed.precision","bcubed.recall","bcubed.f1"
"majority-vote",0.895091762796698,0.784876497873142,0.83636876303705
