"","bcubed.precision","bcubed.recall","bcubed.f1"
"majority-vote",0.977416346106394,0.0438996941857761,0.084025467129596
