"","bcubed.precision","bcubed.recall","bcubed.f1"
"majority-vote",0.985195096991597,0.347494032716612,0.513772356410232
