"","bcubed.precision","bcubed.recall","bcubed.f1"
"majority-vote",0.929953820690252,0.20662444877527,0.338122240674087
