"","bcubed.precision","bcubed.recall","bcubed.f1"
"majority-vote",0.926745728904177,0.276584234407685,0.426023228432023
