"","bcubed.precision","bcubed.recall","bcubed.f1"
"majority-vote",0.968218712691892,0.667939123800818,0.790524170931183
