"","bcubed.precision","bcubed.recall","bcubed.f1"
"majority-vote",0.885647883555174,0.572173102183162,0.695207301764925
