"","bcubed.precision","bcubed.recall","bcubed.f1"
"majority-vote",0.970972882469305,0.471508981254773,0.634770455216879
