"","bcubed.precision","bcubed.recall","bcubed.f1"
"majority-vote",0.93918876793975,0.584423370672203,0.72050340312577
