"","bcubed.precision","bcubed.recall","bcubed.f1"
"majority-vote",0.963226781784109,0.478783025510062,0.639630369366601
