"","bcubed.precision","bcubed.recall","bcubed.f1"
"majority-vote",0.942211740166159,0.691232299050156,0.797440465312266
