"","bcubed.precision","bcubed.recall","bcubed.f1"
"majority-vote",0.780114098952355,0.621355424171374,0.69174265848636
