"","bcubed.precision","bcubed.recall","bcubed.f1"
"majority-vote",0.849547781281514,0.749388208536765,0.796330927485462
