"","bcubed.precision","bcubed.recall","bcubed.f1"
"majority-vote",0.860917608408613,0.572725789862615,0.687855456771229
