"","bcubed.precision","bcubed.recall","bcubed.f1"
"majority-vote",0.928771428213272,0.187543912737759,0.31207208446631
