"","bcubed.precision","bcubed.recall","bcubed.f1"
"majority-vote",0.975928449744463,0.243210382981023,0.389382940897384
