"","bcubed.precision","bcubed.recall","bcubed.f1"
"majority-vote",0.985727130307324,0.448984351415946,0.616954784166842
