"","bcubed.precision","bcubed.recall","bcubed.f1"
"majority-vote",0.904492383007975,0.767438277682379,0.830347924005239
