"","bcubed.precision","bcubed.recall","bcubed.f1"
"majority-vote",0.930111878442038,0.769448496055963,0.842186246243122
