"","bcubed.precision","bcubed.recall","bcubed.f1"
"majority-vote",0.927746212732177,0.248431770518741,0.391916253327694
