"","bcubed.precision","bcubed.recall","bcubed.f1"
"majority-vote",0.88951004725592,0.129274859696868,0.225742030085439
