"","bcubed.precision","bcubed.recall","bcubed.f1"
"majority-vote",0.888278526467831,0.449199047330331,0.596666255450134
