"","bcubed.precision","bcubed.recall","bcubed.f1"
"majority-vote",0.933711500923585,0.637650405687101,0.757790442613988
