"","bcubed.precision","bcubed.recall","bcubed.f1"
"majority-vote",0.985299798710937,0.47312757609328,0.639281068831943
