"","bcubed.precision","bcubed.recall","bcubed.f1"
"majority-vote",0.970491332601361,0.288130565584205,0.444340301023067
