"","bcubed.precision","bcubed.recall","bcubed.f1"
"majority-vote",0.957861910412224,0.137890968559114,0.241077179184084
