"","bcubed.precision","bcubed.recall","bcubed.f1"
"majority-vote",0.956158786921825,0.317094059573532,0.476248330685434
