"","bcubed.precision","bcubed.recall","bcubed.f1"
"majority-vote",0.977236915745317,0.929402873285538,0.952719860982296
