"","bcubed.precision","bcubed.recall","bcubed.f1"
"majority-vote",0.89849076151153,0.580348012931393,0.705198344933653
