"","bcubed.precision","bcubed.recall","bcubed.f1"
"majority-vote",0.829461214055586,0.484948500820048,0.612055689625959
