"","bcubed.precision","bcubed.recall","bcubed.f1"
"majority-vote",0.877229205933197,0.607442404094667,0.717823677902908
