"","bcubed.precision","bcubed.recall","bcubed.f1"
"majority-vote",0.997386953486254,0.273043557976206,0.428720941447544
