"","bcubed.precision","bcubed.recall","bcubed.f1"
"majority-vote",0.999762867407311,0.512923098681887,0.678001223510271
