"","bcubed.precision","bcubed.recall","bcubed.f1"
"majority-vote",0.982845358490376,0.342303767461292,0.50776423944209
