"","bcubed.precision","bcubed.recall","bcubed.f1"
"majority-vote",0.348188315465802,0.502245179422469,0.411262971237755
