"","bcubed.precision","bcubed.recall","bcubed.f1"
"majority-vote",0.950485305483327,0.195328794873353,0.324061554500151
