"","bcubed.precision","bcubed.recall","bcubed.f1"
"majority-vote",0.853569112981599,0.755739206116895,0.801680617884304
