"","bcubed.precision","bcubed.recall","bcubed.f1"
"majority-vote",0.996318305687661,0.143344851680149,0.250630370617348
