"","bcubed.precision","bcubed.recall","bcubed.f1"
"majority-vote",0.918187441060085,0.398563073987218,0.555846540135537
