"","bcubed.precision","bcubed.recall","bcubed.f1"
"majority-vote",0.97127500072742,0.41966066752914,0.586088809801736
