"","bcubed.precision","bcubed.recall","bcubed.f1"
"majority-vote",0.71712598798896,0.563595970186848,0.6311585654743
