"","bcubed.precision","bcubed.recall","bcubed.f1"
"majority-vote",0.983267077356961,0.0748557462974174,0.139120316167147
