"","bcubed.precision","bcubed.recall","bcubed.f1"
"majority-vote",0.913829143912833,0.32611038516468,0.480683399645846
