"","bcubed.precision","bcubed.recall","bcubed.f1"
"majority-vote",0.97034530143111,0.216888718165197,0.354533217767087
