"","bcubed.precision","bcubed.recall","bcubed.f1"
"majority-vote",0.978916164803934,0.553975997408677,0.707546260780633
