"","bcubed.precision","bcubed.recall","bcubed.f1"
"majority-vote",0.600722556096783,0.392347177758615,0.474673210682772
