"","bcubed.precision","bcubed.recall","bcubed.f1"
"majority-vote",0.91618000762396,0.628052988430333,0.745236752742101
