"","bcubed.precision","bcubed.recall","bcubed.f1"
"majority-vote",0.979811791619008,0.181692433304031,0.306541095209594
