"","bcubed.precision","bcubed.recall","bcubed.f1"
"majority-vote",0.995494959707395,0.254763002155363,0.405700731051897
