"","bcubed.precision","bcubed.recall","bcubed.f1"
"majority-vote",0.976062086052371,0.453567079412853,0.619334916201609
