"","bcubed.precision","bcubed.recall","bcubed.f1"
"majority-vote",0.818694385007961,0.576067849004507,0.676278009057977
