"","bcubed.precision","bcubed.recall","bcubed.f1"
"majority-vote",0.932483962638111,0.671591737844431,0.780821659216957
