"","bcubed.precision","bcubed.recall","bcubed.f1"
"majority-vote",0.872353208860932,0.350542432717587,0.500119234423602
