"","bcubed.precision","bcubed.recall","bcubed.f1"
"majority-vote",0.979806372691933,0.726554209687253,0.834386884119347
