"","bcubed.precision","bcubed.recall","bcubed.f1"
"majority-vote",0.743607179285293,0.516935394372656,0.609891135000234
