"","bcubed.precision","bcubed.recall","bcubed.f1"
"majority-vote",0.970655747159582,0.452048465725702,0.616830170709144
