"","bcubed.precision","bcubed.recall","bcubed.f1"
"majority-vote",0.903067992726609,0.445643309261908,0.596786292476136
