"","bcubed.precision","bcubed.recall","bcubed.f1"
"majority-vote",0.991666218214065,0.310185810827962,0.472558759529342
