"","bcubed.precision","bcubed.recall","bcubed.f1"
"majority-vote",0.997208804783904,0.137518142346069,0.241704495891061
