"","bcubed.precision","bcubed.recall","bcubed.f1"
"majority-vote",0.985920288154347,0.299678421346832,0.459644262777066
