"","bcubed.precision","bcubed.recall","bcubed.f1"
"majority-vote",0.836802234453651,0.690080287191693,0.75639182201413
