"","bcubed.precision","bcubed.recall","bcubed.f1"
"majority-vote",0.985339787963744,0.345086573970288,0.511155733761503
