"","bcubed.precision","bcubed.recall","bcubed.f1"
"majority-vote",0.978819576250931,0.361737500546818,0.528251654670467
