"","bcubed.precision","bcubed.recall","bcubed.f1"
"majority-vote",0.949076045227536,0.326668622901485,0.486042971557867
