"","bcubed.precision","bcubed.recall","bcubed.f1"
"majority-vote",0.976686757730147,0.84386764493464,0.905432271486308
