"","bcubed.precision","bcubed.recall","bcubed.f1"
"majority-vote",0.878822843246375,0.365379803167158,0.51616047982177
