"","bcubed.precision","bcubed.recall","bcubed.f1"
"majority-vote",0.982418881666834,0.36027039195062,0.527205277516263
