"","bcubed.precision","bcubed.recall","bcubed.f1"
"majority-vote",0.970789991116105,0.854461605188636,0.908918831562152
