"","bcubed.precision","bcubed.recall","bcubed.f1"
"majority-vote",0.979663202399461,0.348023955341595,0.513594276503758
