"","bcubed.precision","bcubed.recall","bcubed.f1"
"majority-vote",0.935407261009934,0.352075587876275,0.511593706446207
