"","bcubed.precision","bcubed.recall","bcubed.f1"
"majority-vote",0.950888774148893,0.25554359980563,0.402829939923232
