"","bcubed.precision","bcubed.recall","bcubed.f1"
"majority-vote",0.955332801738513,0.222178072978945,0.360513020306109
