"","bcubed.precision","bcubed.recall","bcubed.f1"
"majority-vote",0.899313546463667,0.46173250086778,0.610181108401279
