"","bcubed.precision","bcubed.recall","bcubed.f1"
"majority-vote",0.981286282880074,0.794655555575117,0.878164565320005
