"","bcubed.precision","bcubed.recall","bcubed.f1"
"majority-vote",0.845808634254505,0.418606085858006,0.560038784962388
