"","bcubed.precision","bcubed.recall","bcubed.f1"
"majority-vote",0.95647236767283,0.326304071945234,0.486602058839916
