"","bcubed.precision","bcubed.recall","bcubed.f1"
"majority-vote",0.965624170883917,0.459994337574876,0.623142373919138
