"","bcubed.precision","bcubed.recall","bcubed.f1"
"majority-vote",0.963062499967901,0.823286036861197,0.887705722037451
