"","bcubed.precision","bcubed.recall","bcubed.f1"
"majority-vote",0.955868469075082,0.28690296713062,0.441338595295575
