"","bcubed.precision","bcubed.recall","bcubed.f1"
"majority-vote",0.955119557211249,0.335094274006136,0.49612721065124
