"","bcubed.precision","bcubed.recall","bcubed.f1"
"majority-vote",0.95646978968327,0.249217662202966,0.395407888801879
