"","bcubed.precision","bcubed.recall","bcubed.f1"
"majority-vote",0.971581623325251,0.173618929626224,0.294594621093214
