"","bcubed.precision","bcubed.recall","bcubed.f1"
"majority-vote",0.861313878097774,0.630669302045864,0.72816400288111
