"","bcubed.precision","bcubed.recall","bcubed.f1"
"majority-vote",0.878187774215845,0.213030746607556,0.342884571023709
