"","bcubed.precision","bcubed.recall","bcubed.f1"
"majority-vote",0.866271524356127,0.261197223492181,0.401372929199102
