"","bcubed.precision","bcubed.recall","bcubed.f1"
"majority-vote",0.985924558343803,0.727321270285268,0.837105674150525
