"","bcubed.precision","bcubed.recall","bcubed.f1"
"majority-vote",0.985960138827153,0.41885661875519,0.587942772959601
