"","bcubed.precision","bcubed.recall","bcubed.f1"
"majority-vote",0.999670132313594,0.625806729072377,0.769743710926896
