"","bcubed.precision","bcubed.recall","bcubed.f1"
"majority-vote",0.924098040451403,0.379736189064931,0.538279269341716
