"","bcubed.precision","bcubed.recall","bcubed.f1"
"majority-vote",0.959199006591609,0.67343751558139,0.791309746136798
