"","bcubed.precision","bcubed.recall","bcubed.f1"
"majority-vote",0.953366182653794,0.834647897140596,0.890065787008176
