"","bcubed.precision","bcubed.recall","bcubed.f1"
"majority-vote",0.9381431681834,0.638077062726572,0.759548222301246
