"","bcubed.precision","bcubed.recall","bcubed.f1"
"majority-vote",0.95751872479544,0.937147633962556,0.947223666339986
