"","bcubed.precision","bcubed.recall","bcubed.f1"
"majority-vote",0.971231170588446,0.294349735097977,0.451779315723085
