"","bcubed.precision","bcubed.recall","bcubed.f1"
"majority-vote",0.89411768071587,0.301799128491827,0.451275431086142
