"","bcubed.precision","bcubed.recall","bcubed.f1"
"majority-vote",0.998336551407008,0.436449688440971,0.607370860856581
