"","bcubed.precision","bcubed.recall","bcubed.f1"
"majority-vote",0.973525853967189,0.459088127497562,0.623942202366756
