"","bcubed.precision","bcubed.recall","bcubed.f1"
"majority-vote",0.956339740469449,0.437645967219257,0.600491423117847
