"","bcubed.precision","bcubed.recall","bcubed.f1"
"majority-vote",0.935758229897464,0.333551608211879,0.491800588175876
