"","bcubed.precision","bcubed.recall","bcubed.f1"
"majority-vote",0.780476292987191,0.702031115747785,0.739178286128137
