"","bcubed.precision","bcubed.recall","bcubed.f1"
"majority-vote",0.975383733594849,0.169226527256043,0.288413982687147
