"","bcubed.precision","bcubed.recall","bcubed.f1"
"majority-vote",0.895221189918675,0.617677813069,0.730991646778816
