"","bcubed.precision","bcubed.recall","bcubed.f1"
"majority-vote",0.972612764717809,0.301311464246903,0.460089178962416
