"","bcubed.precision","bcubed.recall","bcubed.f1"
"majority-vote",0.940653350627314,0.150988307449465,0.260209302671916
