"","bcubed.precision","bcubed.recall","bcubed.f1"
"majority-vote",0.969948528396907,0.146940426010369,0.255217225326414
