"","bcubed.precision","bcubed.recall","bcubed.f1"
"majority-vote",0.933147574324835,0.779985513907088,0.849719844080641
