"","bcubed.precision","bcubed.recall","bcubed.f1"
"majority-vote",0.903492833243407,0.38824390673072,0.54310692949502
