"","bcubed.precision","bcubed.recall","bcubed.f1"
"majority-vote",0.971253973001517,0.330376482648283,0.493042353097404
