"","bcubed.precision","bcubed.recall","bcubed.f1"
"majority-vote",0.97679543141658,0.328738801736248,0.491922082946619
