"","bcubed.precision","bcubed.recall","bcubed.f1"
"majority-vote",0.972540626741109,0.181227135124266,0.305522059814347
