"","bcubed.precision","bcubed.recall","bcubed.f1"
"majority-vote",0.988082348486416,0.280820635988484,0.437344567560892
