"","bcubed.precision","bcubed.recall","bcubed.f1"
"majority-vote",0.9465326221644,0.815281971976479,0.876018379351163
