"","bcubed.precision","bcubed.recall","bcubed.f1"
"majority-vote",0.997990712529458,0.0854703698994981,0.157455836189205
