"","bcubed.precision","bcubed.recall","bcubed.f1"
"majority-vote",0.940375262963857,0.349352846228359,0.509445009839982
