"","bcubed.precision","bcubed.recall","bcubed.f1"
"majority-vote",0.903222987633159,0.658676587358137,0.761805489473861
