"","bcubed.precision","bcubed.recall","bcubed.f1"
"majority-vote",0.931177825188882,0.820778806442882,0.872499935381108
