"","bcubed.precision","bcubed.recall","bcubed.f1"
"majority-vote",0.973903773356059,0.953962465059952,0.963829985554685
