"","bcubed.precision","bcubed.recall","bcubed.f1"
"majority-vote",0.688606526570183,0.431563328817532,0.530593326400927
