"","bcubed.precision","bcubed.recall","bcubed.f1"
"majority-vote",0.971063505979962,0.188111670962249,0.315169583258695
