"","bcubed.precision","bcubed.recall","bcubed.f1"
"majority-vote",0.892024401735269,0.679068184129175,0.77111355006744
