"","bcubed.precision","bcubed.recall","bcubed.f1"
"majority-vote",0.929597824053747,0.158647810715521,0.271039285470339
