"","bcubed.precision","bcubed.recall","bcubed.f1"
"majority-vote",0.962866212875202,0.426265870764171,0.590925815470834
