"","bcubed.precision","bcubed.recall","bcubed.f1"
"majority-vote",0.878550822074193,0.709143032660719,0.784808976181724
