"","bcubed.precision","bcubed.recall","bcubed.f1"
"majority-vote",0.965746591437802,0.459513959572338,0.62272689700217
