"","bcubed.precision","bcubed.recall","bcubed.f1"
"majority-vote",0.815284992376411,0.134705316485025,0.23120914371259
