"","bcubed.precision","bcubed.recall","bcubed.f1"
"majority-vote",0.915483699516855,0.337044999885439,0.492698017292576
