"","bcubed.precision","bcubed.recall","bcubed.f1"
"majority-vote",0.48275706247611,0.580810513982786,0.527263868872568
