"","bcubed.precision","bcubed.recall","bcubed.f1"
"majority-vote",0.52690931584545,0.651941869019955,0.58279492540957
