"","bcubed.precision","bcubed.recall","bcubed.f1"
"majority-vote",0.945908001917525,0.341285012783347,0.50159412122247
