"","bcubed.precision","bcubed.recall","bcubed.f1"
"majority-vote",0.974456229709914,0.176654457555999,0.299088590829325
