"","bcubed.precision","bcubed.recall","bcubed.f1"
"majority-vote",0.946970294340135,0.314302147962717,0.471959566522463
