"","bcubed.precision","bcubed.recall","bcubed.f1"
"majority-vote",0.98677867530823,0.207196270318173,0.342480990748273
