"","bcubed.precision","bcubed.recall","bcubed.f1"
"majority-vote",0.964131351367319,0.633617383910327,0.764688929005013
