"","bcubed.precision","bcubed.recall","bcubed.f1"
"majority-vote",0.981365481247986,0.186278547149724,0.313121690556017
