"","bcubed.precision","bcubed.recall","bcubed.f1"
"majority-vote",0.906383722976337,0.454346350680642,0.605281157259768
