"","bcubed.precision","bcubed.recall","bcubed.f1"
"majority-vote",0.910965922763929,0.467284234087847,0.617710814517471
