"","bcubed.precision","bcubed.recall","bcubed.f1"
"majority-vote",0.661347674745743,0.236419421315823,0.348320706423464
