"","bcubed.precision","bcubed.recall","bcubed.f1"
"majority-vote",0.943143210728086,0.466053580384296,0.623838023116689
