"","bcubed.precision","bcubed.recall","bcubed.f1"
"majority-vote",0.975593041094784,0.375448478488839,0.542226005039758
