"","bcubed.precision","bcubed.recall","bcubed.f1"
"majority-vote",0.879360391412761,0.504167893233887,0.64089080194718
