"","bcubed.precision","bcubed.recall","bcubed.f1"
"majority-vote",0.804168654159729,0.535540272001414,0.642922789232668
