"","bcubed.precision","bcubed.recall","bcubed.f1"
"majority-vote",0.917326709131863,0.314670353895983,0.468597740795486
