"","bcubed.precision","bcubed.recall","bcubed.f1"
"majority-vote",0.580655345158515,0.176236319680397,0.270402134908611
