"","bcubed.precision","bcubed.recall","bcubed.f1"
"majority-vote",0.894457728263333,0.341478291008756,0.494261663491006
