"","bcubed.precision","bcubed.recall","bcubed.f1"
"majority-vote",0.950524609840324,0.124665097251999,0.220421088752084
