"","bcubed.precision","bcubed.recall","bcubed.f1"
"majority-vote",0.7374794853389,0.474505667385042,0.577462841994432
