"","bcubed.precision","bcubed.recall","bcubed.f1"
"majority-vote",0.954447938184766,0.348392393088881,0.510457641325654
