"","bcubed.precision","bcubed.recall","bcubed.f1"
"majority-vote",0.958267401292586,0.403773454427862,0.568151736800665
