"","bcubed.precision","bcubed.recall","bcubed.f1"
"majority-vote",0.907187835825759,0.421958261804939,0.576001995593988
