"","bcubed.precision","bcubed.recall","bcubed.f1"
"majority-vote",0.732202461364383,0.15176682655878,0.251420599059228
