"","bcubed.precision","bcubed.recall","bcubed.f1"
"majority-vote",0.947708482166498,0.515761516446923,0.667989865695798
