"","bcubed.precision","bcubed.recall","bcubed.f1"
"majority-vote",0.875867501828042,0.766032012163073,0.817276013661345
