"","bcubed.precision","bcubed.recall","bcubed.f1"
"majority-vote",0.483339217590484,0.285779298546146,0.359186106340765
