"","bcubed.precision","bcubed.recall","bcubed.f1"
"majority-vote",0.76629160829392,0.726432544111416,0.745829913245786
