"","bcubed.precision","bcubed.recall","bcubed.f1"
"majority-vote",0.950206949102802,0.643785498767898,0.767543730182706
