"","bcubed.precision","bcubed.recall","bcubed.f1"
"majority-vote",0.970709234951893,0.317494612574224,0.478487862095948
