"","bcubed.precision","bcubed.recall","bcubed.f1"
"majority-vote",0.929541392846295,0.0872847699100434,0.159584419772434
