"","bcubed.precision","bcubed.recall","bcubed.f1"
"majority-vote",0.845359704167283,0.568294532916635,0.679675815519481
