"","bcubed.precision","bcubed.recall","bcubed.f1"
"majority-vote",0.922771325315684,0.509225941076014,0.65628490718544
