"","bcubed.precision","bcubed.recall","bcubed.f1"
"majority-vote",0.986678001202273,0.3515583095426,0.518405975656825
