"","bcubed.precision","bcubed.recall","bcubed.f1"
"majority-vote",0.740271425370191,0.354121629021129,0.479071247789828
