"","bcubed.precision","bcubed.recall","bcubed.f1"
"majority-vote",0.868135518661222,0.551389483176862,0.674423901435008
