"","bcubed.precision","bcubed.recall","bcubed.f1"
"majority-vote",0.999591329337912,0.268013288128677,0.422692936376638
