"","bcubed.precision","bcubed.recall","bcubed.f1"
"majority-vote",0.895623651699506,0.52112309369751,0.658875934853855
