"","bcubed.precision","bcubed.recall","bcubed.f1"
"majority-vote",0.943028405248322,0.181556278823869,0.304490591961685
