"","bcubed.precision","bcubed.recall","bcubed.f1"
"majority-vote",0.958416963970218,0.423446641002185,0.587378439684438
