"","bcubed.precision","bcubed.recall","bcubed.f1"
"majority-vote",0.848557422226365,0.461118196301076,0.597530048600677
