"","bcubed.precision","bcubed.recall","bcubed.f1"
"majority-vote",0.989114361221371,0.559369717840418,0.714609376524595
