"","bcubed.precision","bcubed.recall","bcubed.f1"
"majority-vote",0.497369831546068,0.331373514504898,0.397747239536796
