"","bcubed.precision","bcubed.recall","bcubed.f1"
"majority-vote",0.886865225851343,0.650956443035761,0.750816098579346
