"","bcubed.precision","bcubed.recall","bcubed.f1"
"majority-vote",0.990379940429268,0.610062376038054,0.755033197288048
