"","bcubed.precision","bcubed.recall","bcubed.f1"
"majority-vote",0.774837153431796,0.361436675022561,0.492934990505387
