"","bcubed.precision","bcubed.recall","bcubed.f1"
"majority-vote",0.904283322053815,0.237297477526883,0.375942117057009
