"","bcubed.precision","bcubed.recall","bcubed.f1"
"majority-vote",0.971742154151146,0.266999235666447,0.4189000457334
