"","bcubed.precision","bcubed.recall","bcubed.f1"
"majority-vote",0.921919769031919,0.3329898078241,0.489262162598668
