"","bcubed.precision","bcubed.recall","bcubed.f1"
"majority-vote",0.859205353995465,0.567422383613062,0.683475215187485
