"","bcubed.precision","bcubed.recall","bcubed.f1"
"majority-vote",0.943470929086945,0.207497095114513,0.340178828593184
