"","bcubed.precision","bcubed.recall","bcubed.f1"
"majority-vote",0.974395421474928,0.268371223665303,0.420834744185764
