"","bcubed.precision","bcubed.recall","bcubed.f1"
"majority-vote",0.999581975547575,0.69951277865213,0.823050466700088
