"","bcubed.precision","bcubed.recall","bcubed.f1"
"majority-vote",0.978931126420944,0.0822284904251885,0.151713328471857
