"","bcubed.precision","bcubed.recall","bcubed.f1"
"majority-vote",0.735501995022234,0.160040569128678,0.262880096581988
