"","bcubed.precision","bcubed.recall","bcubed.f1"
"majority-vote",0.931987757331296,0.169906542786034,0.287415621898051
