"","bcubed.precision","bcubed.recall","bcubed.f1"
"majority-vote",0.983166295988319,0.15570645280703,0.26883659588781
