"","bcubed.precision","bcubed.recall","bcubed.f1"
"majority-vote",0.929764874809312,0.341016025491201,0.499007692315515
