"","bcubed.precision","bcubed.recall","bcubed.f1"
"majority-vote",0.857354948692221,0.524010064170378,0.650461851136646
