"","bcubed.precision","bcubed.recall","bcubed.f1"
"majority-vote",0.924847865233822,0.190535332504388,0.315974269427105
