"","bcubed.precision","bcubed.recall","bcubed.f1"
"majority-vote",0.929756311953959,0.23578428261174,0.376172097376819
