"","bcubed.precision","bcubed.recall","bcubed.f1"
"majority-vote",0.782402592207377,0.412905968303569,0.540544442851668
