"","bcubed.precision","bcubed.recall","bcubed.f1"
"majority-vote",0.914253720790609,0.589112381643248,0.716522989322693
