"","bcubed.precision","bcubed.recall","bcubed.f1"
"majority-vote",0.893607745454861,0.267388418456598,0.411612663684846
