"","bcubed.precision","bcubed.recall","bcubed.f1"
"majority-vote",0.914075176563169,0.513845849640378,0.657870746514697
