"","bcubed.precision","bcubed.recall","bcubed.f1"
"majority-vote",0.951766302283271,0.366312880923909,0.52901868202994
