"","bcubed.precision","bcubed.recall","bcubed.f1"
"majority-vote",0.96746573781105,0.492061134471668,0.652337819262242
