"","bcubed.precision","bcubed.recall","bcubed.f1"
"majority-vote",0.861941454348331,0.525812687927958,0.653170095682838
