"","bcubed.precision","bcubed.recall","bcubed.f1"
"majority-vote",0.832744570186742,0.17024844833778,0.282700813101498
