"","bcubed.precision","bcubed.recall","bcubed.f1"
"majority-vote",0.943770572321027,0.338142522051212,0.497894846325175
