"","bcubed.precision","bcubed.recall","bcubed.f1"
"majority-vote",0.914931734399515,0.587747739118664,0.715720242164774
