"","bcubed.precision","bcubed.recall","bcubed.f1"
"majority-vote",0.983388629256119,0.580297909414753,0.729888441943899
