"","bcubed.precision","bcubed.recall","bcubed.f1"
"majority-vote",0.869194991107965,0.533911829707365,0.661494165932801
