"","bcubed.precision","bcubed.recall","bcubed.f1"
"majority-vote",0.971609553225375,0.426692167786315,0.592973862905175
