"","bcubed.precision","bcubed.recall","bcubed.f1"
"majority-vote",0.919906349993584,0.67738648767202,0.780235304028573
