"","bcubed.precision","bcubed.recall","bcubed.f1"
"majority-vote",0.754321621555539,0.557742404881859,0.641305830788043
