"","bcubed.precision","bcubed.recall","bcubed.f1"
"majority-vote",0.714197197635669,0.353706362605379,0.473106565730798
