"","bcubed.precision","bcubed.recall","bcubed.f1"
"majority-vote",0.942138008810222,0.900408537104461,0.920800734336078
