"","bcubed.precision","bcubed.recall","bcubed.f1"
"majority-vote",0.914326053331616,0.215899525378255,0.349315330804316
