"","bcubed.precision","bcubed.recall","bcubed.f1"
"majority-vote",0.985046223783601,0.455076067654155,0.622545688851856
