"","bcubed.precision","bcubed.recall","bcubed.f1"
"majority-vote",0.879769826893112,0.467955357438687,0.610945033295723
