"","bcubed.precision","bcubed.recall","bcubed.f1"
"majority-vote",0.98849121148547,0.130948145904201,0.231260569019929
