"","bcubed.precision","bcubed.recall","bcubed.f1"
"majority-vote",0.956093277304699,0.923720932930937,0.939628362496726
