"","bcubed.precision","bcubed.recall","bcubed.f1"
"majority-vote",0.949094438695662,0.541018737682575,0.68917969897119
