"","bcubed.precision","bcubed.recall","bcubed.f1"
"majority-vote",0.997049333112933,0.0602710092305658,0.113670695914514
