"","bcubed.precision","bcubed.recall","bcubed.f1"
"majority-vote",0.844777516252612,0.267671974763337,0.406532193752897
