"","bcubed.precision","bcubed.recall","bcubed.f1"
"majority-vote",0.994395711500975,0.882138142433069,0.934909203953761
