"","bcubed.precision","bcubed.recall","bcubed.f1"
"majority-vote",0.975792306516201,0.218593841876001,0.357174586194847
