"","bcubed.precision","bcubed.recall","bcubed.f1"
"majority-vote",0.962257005444337,0.196546491583779,0.326419861360514
