"","bcubed.precision","bcubed.recall","bcubed.f1"
"majority-vote",0.988802355402051,0.179905358624162,0.304423150839291
