"","bcubed.precision","bcubed.recall","bcubed.f1"
"majority-vote",0.97499466626126,0.841433516309966,0.903303745545695
