"","bcubed.precision","bcubed.recall","bcubed.f1"
"majority-vote",0.962514905780809,0.398579137836549,0.563720579191357
