"","bcubed.precision","bcubed.recall","bcubed.f1"
"majority-vote",0.943577796768291,0.230779832873992,0.370855897292764
