"","bcubed.precision","bcubed.recall","bcubed.f1"
"majority-vote",0.980306226909486,0.156646164744759,0.270127776409965
