"","bcubed.precision","bcubed.recall","bcubed.f1"
"majority-vote",0.995734501711048,0.366639208090183,0.535940038403524
