"","bcubed.precision","bcubed.recall","bcubed.f1"
"majority-vote",0.972056540327972,0.226982174276911,0.368027327818922
