"","bcubed.precision","bcubed.recall","bcubed.f1"
"majority-vote",0.940003263513914,0.551044328580753,0.694791326518375
