"","bcubed.precision","bcubed.recall","bcubed.f1"
"majority-vote",0.735811998872513,0.247396634108473,0.370292541687248
