"","bcubed.precision","bcubed.recall","bcubed.f1"
"majority-vote",0.971412686741154,0.151754996184941,0.262501727589517
