"","bcubed.precision","bcubed.recall","bcubed.f1"
"majority-vote",0.97982342454683,0.330200099314712,0.493941957839895
