"","bcubed.precision","bcubed.recall","bcubed.f1"
"majority-vote",0.964944951188616,0.774764794995773,0.859459894306549
