"","bcubed.precision","bcubed.recall","bcubed.f1"
"majority-vote",0.76621960175973,0.654306438185826,0.705854598082251
