"","bcubed.precision","bcubed.recall","bcubed.f1"
"majority-vote",0.758671276502418,0.284545979791159,0.413867505372321
