"","bcubed.precision","bcubed.recall","bcubed.f1"
"majority-vote",0.96024781611666,0.334304643748981,0.495947926453184
