"","bcubed.precision","bcubed.recall","bcubed.f1"
"majority-vote",0.885493531645322,0.521989396410826,0.656801194381227
