"","bcubed.precision","bcubed.recall","bcubed.f1"
"majority-vote",0.878326877869745,0.449994073424323,0.595099985715989
