"","bcubed.precision","bcubed.recall","bcubed.f1"
"majority-vote",0.980748177044133,0.310874456105574,0.472103148845627
