"","bcubed.precision","bcubed.recall","bcubed.f1"
"majority-vote",0.939234483153509,0.420705842625021,0.58111584334609
