"","bcubed.precision","bcubed.recall","bcubed.f1"
"majority-vote",0.634895631956258,0.508973341234486,0.565003437816075
