"","bcubed.precision","bcubed.recall","bcubed.f1"
"majority-vote",0.86850485281016,0.629637092602713,0.730028115305232
