"","bcubed.precision","bcubed.recall","bcubed.f1"
"majority-vote",0.940451032892374,0.299803408990219,0.454665455939075
