"","bcubed.precision","bcubed.recall","bcubed.f1"
"majority-vote",0.981448716099567,0.540803765300686,0.69734970722851
