"","bcubed.precision","bcubed.recall","bcubed.f1"
"majority-vote",0.950476388036734,0.525151648098858,0.676517698814819
