"","bcubed.precision","bcubed.recall","bcubed.f1"
"majority-vote",0.875015902788309,0.380917616689441,0.530774865207962
