"","bcubed.precision","bcubed.recall","bcubed.f1"
"majority-vote",0.939495006930719,0.274522278948215,0.424890672254908
