"","bcubed.precision","bcubed.recall","bcubed.f1"
"majority-vote",0.986102509679868,0.221672155682764,0.361973926616995
