"","bcubed.precision","bcubed.recall","bcubed.f1"
"majority-vote",0.933877279133005,0.116398326515482,0.206996624271391
