"","bcubed.precision","bcubed.recall","bcubed.f1"
"majority-vote",0.99904119991485,0.408022763271243,0.579407278810627
