"","bcubed.precision","bcubed.recall","bcubed.f1"
"majority-vote",0.978401536192661,0.351405336458387,0.517090907090544
