"","bcubed.precision","bcubed.recall","bcubed.f1"
"majority-vote",0.91869041569485,0.445481385926573,0.600011639494036
