"","bcubed.precision","bcubed.recall","bcubed.f1"
"majority-vote",0.997999543961843,0.609420408633374,0.756742242641933
