"","bcubed.precision","bcubed.recall","bcubed.f1"
"majority-vote",0.987228573415619,0.537403714217465,0.695958371652749
