"","bcubed.precision","bcubed.recall","bcubed.f1"
"majority-vote",0.942903991313556,0.384289454804106,0.54603654322503
