"","bcubed.precision","bcubed.recall","bcubed.f1"
"majority-vote",0.965338990494206,0.364772918575969,0.529473525613209
