"","bcubed.precision","bcubed.recall","bcubed.f1"
"majority-vote",0.835211933704594,0.254825171564241,0.390506017217247
