"","bcubed.precision","bcubed.recall","bcubed.f1"
"majority-vote",0.985876697972869,0.229529641779395,0.372365879497535
