"","bcubed.precision","bcubed.recall","bcubed.f1"
"majority-vote",0.613023013874365,0.659048238568334,0.635202999391656
