"","bcubed.precision","bcubed.recall","bcubed.f1"
"majority-vote",0.914644647037042,0.727082441580849,0.810149345475445
