"","bcubed.precision","bcubed.recall","bcubed.f1"
"majority-vote",0.985594499033124,0.0944027612951498,0.172301996762021
