"","bcubed.precision","bcubed.recall","bcubed.f1"
"majority-vote",0.956956598300444,0.299517693179136,0.456237640100033
