"","bcubed.precision","bcubed.recall","bcubed.f1"
"majority-vote",0.950737070929885,0.440764482115266,0.602300632405545
