"","bcubed.precision","bcubed.recall","bcubed.f1"
"majority-vote",0.983157700791893,0.264247807419578,0.416540194943388
