"","bcubed.precision","bcubed.recall","bcubed.f1"
"majority-vote",0.967123056092631,0.116315903325458,0.207656907513665
