"","bcubed.precision","bcubed.recall","bcubed.f1"
"majority-vote",0.765026621335557,0.205825131006802,0.32437847319156
