"","bcubed.precision","bcubed.recall","bcubed.f1"
"majority-vote",0.764894401179374,0.237367861089789,0.362303071366652
