"","bcubed.precision","bcubed.recall","bcubed.f1"
"majority-vote",0.983817403729221,0.193206758410997,0.322984315117572
