"","bcubed.precision","bcubed.recall","bcubed.f1"
"majority-vote",0.790557355386918,0.411561502068242,0.541315811887217
