"","bcubed.precision","bcubed.recall","bcubed.f1"
"majority-vote",0.905789870225802,0.45671005956298,0.607241639486176
