"","bcubed.precision","bcubed.recall","bcubed.f1"
"majority-vote",0.996373948024423,0.751670147496322,0.856894347679369
