"","bcubed.precision","bcubed.recall","bcubed.f1"
"majority-vote",0.998837389654113,0.565828277361195,0.722416873414287
