"","bcubed.precision","bcubed.recall","bcubed.f1"
"majority-vote",0.907102446141868,0.414165605977905,0.568681932008646
