"","bcubed.precision","bcubed.recall","bcubed.f1"
"majority-vote",0.95882316978722,0.369133541490109,0.533050195568331
