"","bcubed.precision","bcubed.recall","bcubed.f1"
"majority-vote",0.891181481633496,0.513608189053269,0.651653576974014
