"","bcubed.precision","bcubed.recall","bcubed.f1"
"majority-vote",0.925500933355837,0.460446238673248,0.614949014295233
