"","bcubed.precision","bcubed.recall","bcubed.f1"
"majority-vote",0.98997093173613,0.191576703176013,0.321028728319017
