"","bcubed.precision","bcubed.recall","bcubed.f1"
"majority-vote",0.961930048063435,0.611774477924445,0.747896753470196
