"","bcubed.precision","bcubed.recall","bcubed.f1"
"majority-vote",0.972423875082515,0.215049003701762,0.352208103862372
