"","bcubed.precision","bcubed.recall","bcubed.f1"
"majority-vote",0.939500611384712,0.104386920744338,0.187896823827088
