"","bcubed.precision","bcubed.recall","bcubed.f1"
"majority-vote",0.964400295059784,0.347331789708531,0.510724536463121
