"","bcubed.precision","bcubed.recall","bcubed.f1"
"majority-vote",0.97801964150889,0.0941032022711591,0.17168700524202
