"","bcubed.precision","bcubed.recall","bcubed.f1"
"majority-vote",0.998874319652831,0.319713533673457,0.484387350643752
