"","bcubed.precision","bcubed.recall","bcubed.f1"
"majority-vote",0.998343588755867,0.372222698729422,0.542266577339717
