"","bcubed.precision","bcubed.recall","bcubed.f1"
"majority-vote",0.996832508733849,0.551679480020615,0.71027159502752
