"","bcubed.precision","bcubed.recall","bcubed.f1"
"majority-vote",0.942320405981609,0.289386858118605,0.442792130201936
