"","bcubed.precision","bcubed.recall","bcubed.f1"
"majority-vote",0.985989347716562,0.557371032836689,0.712162769016723
