"","bcubed.precision","bcubed.recall","bcubed.f1"
"majority-vote",0.956020965606009,0.773248609662592,0.854975873091749
