"","bcubed.precision","bcubed.recall","bcubed.f1"
"majority-vote",0.906286023977279,0.51505287576004,0.65682466440185
