"","bcubed.precision","bcubed.recall","bcubed.f1"
"majority-vote",0.95583248753314,0.397903891038689,0.561895908229736
