"","bcubed.precision","bcubed.recall","bcubed.f1"
"majority-vote",0.814629097966723,0.764063685987374,0.788536588792214
