"","bcubed.precision","bcubed.recall","bcubed.f1"
"majority-vote",0.984772281948264,0.60592478574245,0.75023453058961
