"","bcubed.precision","bcubed.recall","bcubed.f1"
"majority-vote",0.963747595642738,0.266532562801348,0.41757987365277
