"","bcubed.precision","bcubed.recall","bcubed.f1"
"majority-vote",0.882581997196354,0.402161593738759,0.552546959723342
