"","bcubed.precision","bcubed.recall","bcubed.f1"
"majority-vote",0.914675486873062,0.492933553232721,0.640624242886823
