"","bcubed.precision","bcubed.recall","bcubed.f1"
"majority-vote",0.956367620385887,0.420879427794488,0.584521792747341
