"","bcubed.precision","bcubed.recall","bcubed.f1"
"majority-vote",0.937600490385598,0.312686097946117,0.468971900533985
