"","bcubed.precision","bcubed.recall","bcubed.f1"
"majority-vote",0.761988304093567,0.240237852054743,0.365303643979505
