"","bcubed.precision","bcubed.recall","bcubed.f1"
"majority-vote",0.978107256377212,0.44211440537971,0.608968754237751
