"","bcubed.precision","bcubed.recall","bcubed.f1"
"majority-vote",0.966852776556609,0.0715419432898461,0.133225882582052
