"","bcubed.precision","bcubed.recall","bcubed.f1"
"majority-vote",0.346608941451671,0.561700739943687,0.428687490340112
