"","bcubed.precision","bcubed.recall","bcubed.f1"
"majority-vote",0.986936158210156,0.244711525593198,0.392181394265111
