"","bcubed.precision","bcubed.recall","bcubed.f1"
"majority-vote",0.992485797855739,0.870834175011589,0.927688817349419
