"","bcubed.precision","bcubed.recall","bcubed.f1"
"majority-vote",0.999080334706355,0.250947361050327,0.401137629706789
