"","bcubed.precision","bcubed.recall","bcubed.f1"
"majority-vote",0.806588031300667,0.53660096371203,0.644460186201028
