"","bcubed.precision","bcubed.recall","bcubed.f1"
"majority-vote",0.995699698310029,0.0886549300614065,0.162813317352489
