"","bcubed.precision","bcubed.recall","bcubed.f1"
"majority-vote",0.802969855622492,0.310699427516326,0.448036554894686
