"","bcubed.precision","bcubed.recall","bcubed.f1"
"majority-vote",0.916961624466388,0.688404427011737,0.786413093887624
