"","bcubed.precision","bcubed.recall","bcubed.f1"
"majority-vote",0.966989873294808,0.454558935366938,0.618415469996133
