"","bcubed.precision","bcubed.recall","bcubed.f1"
"majority-vote",0.85868499543866,0.548982040236872,0.669764409863418
