"","bcubed.precision","bcubed.recall","bcubed.f1"
"majority-vote",0.985931128443529,0.293766460396324,0.45265928501121
