"","bcubed.precision","bcubed.recall","bcubed.f1"
"majority-vote",0.967429296588822,0.773043140108971,0.859381126066395
