"","bcubed.precision","bcubed.recall","bcubed.f1"
"majority-vote",0.965872825837296,0.283503591909932,0.438344139625773
