"","bcubed.precision","bcubed.recall","bcubed.f1"
"majority-vote",0.927854514456918,0.482817939023873,0.635136531203536
