"","bcubed.precision","bcubed.recall","bcubed.f1"
"majority-vote",0.928362836227367,0.691446790924998,0.792578946517228
