"","bcubed.precision","bcubed.recall","bcubed.f1"
"majority-vote",0.962680250713327,0.263217595872807,0.413402114854256
