"","bcubed.precision","bcubed.recall","bcubed.f1"
"majority-vote",0.977313824936268,0.0642086544168066,0.1205005304947
