"","bcubed.precision","bcubed.recall","bcubed.f1"
"majority-vote",0.77684811866512,0.638321167377839,0.700804635702848
