"","bcubed.precision","bcubed.recall","bcubed.f1"
"majority-vote",0.977296534673849,0.378676467872981,0.54585039542779
