"","bcubed.precision","bcubed.recall","bcubed.f1"
"majority-vote",0.913175402786598,0.212536272472107,0.344818127922276
