"","bcubed.precision","bcubed.recall","bcubed.f1"
"majority-vote",0.993650331402923,0.0948107651096614,0.173104483887616
