"","bcubed.precision","bcubed.recall","bcubed.f1"
"majority-vote",0.978111993387844,0.576787319734502,0.725658041398794
