"","bcubed.precision","bcubed.recall","bcubed.f1"
"majority-vote",0.999784331697849,0.814884361197057,0.897914445386435
