"","bcubed.precision","bcubed.recall","bcubed.f1"
"majority-vote",0.993676699914668,0.28266743869688,0.440132154268673
