"","bcubed.precision","bcubed.recall","bcubed.f1"
"majority-vote",0.972510430509377,0.248640413428613,0.396028708010734
