"","bcubed.precision","bcubed.recall","bcubed.f1"
"majority-vote",0.99387314148576,0.306943105427706,0.469032438936201
