"","bcubed.precision","bcubed.recall","bcubed.f1"
"majority-vote",0.923685207839539,0.575521137042345,0.709175708733928
