"","bcubed.precision","bcubed.recall","bcubed.f1"
"majority-vote",0.756767835837954,0.345267412791473,0.474190409224258
