"","bcubed.precision","bcubed.recall","bcubed.f1"
"majority-vote",0.840794605134872,0.180334939019322,0.296974354944089
