"","bcubed.precision","bcubed.recall","bcubed.f1"
"majority-vote",0.998471675126992,0.471600188222003,0.640620967809709
