"","bcubed.precision","bcubed.recall","bcubed.f1"
"majority-vote",0.82451847142412,0.577071294615318,0.678951792125988
