"","bcubed.precision","bcubed.recall","bcubed.f1"
"majority-vote",0.930320740542806,0.614881863821865,0.74040433180903
