"","bcubed.precision","bcubed.recall","bcubed.f1"
"majority-vote",0.922995376978251,0.650463041592349,0.763127100403908
