"","bcubed.precision","bcubed.recall","bcubed.f1"
"majority-vote",0.812085004353077,0.508972566743551,0.625754695514781
