"","bcubed.precision","bcubed.recall","bcubed.f1"
"majority-vote",0.968770133974677,0.342154772810972,0.505702993940231
