"","bcubed.precision","bcubed.recall","bcubed.f1"
"majority-vote",0.967968600016239,0.243875343834414,0.389594182234027
