{
      "avg_bcuded_f1": 0.5277386777528993,
      "avg_bcuded_recall": 0.4040664092569678,
      "avg_bcuded_precision": 0.9198751593422317,
      "avg_bcuded_f1star": 0.5614910225885046
}