"","bcubed.precision","bcubed.recall","bcubed.f1"
"majority-vote",0.822577905270598,0.478509650889491,0.605049928295543
