"","bcubed.precision","bcubed.recall","bcubed.f1"
"majority-vote",0.752758273098013,0.41653909040735,0.536310533417902
