"","bcubed.precision","bcubed.recall","bcubed.f1"
"majority-vote",0.971085009483939,0.812752055806272,0.8848917349885
