"","bcubed.precision","bcubed.recall","bcubed.f1"
"majority-vote",0.821512338512313,0.457779817069952,0.587937268909004
