"","bcubed.precision","bcubed.recall","bcubed.f1"
"majority-vote",0.818751581850986,0.249897663608818,0.382920978515362
