"","bcubed.precision","bcubed.recall","bcubed.f1"
"majority-vote",0.960738103021392,0.551843433376975,0.701022722530145
