"","bcubed.precision","bcubed.recall","bcubed.f1"
"majority-vote",0.66181159199584,0.751122354443191,0.70364433161301
