"","bcubed.precision","bcubed.recall","bcubed.f1"
"majority-vote",0.939290757674024,0.287143987706474,0.439830483913235
