"","bcubed.precision","bcubed.recall","bcubed.f1"
"majority-vote",0.929504574710347,0.331810162481796,0.489043780854881
