"","bcubed.precision","bcubed.recall","bcubed.f1"
"majority-vote",0.956694650464905,0.794252260677043,0.867938238531532
