"","bcubed.precision","bcubed.recall","bcubed.f1"
"majority-vote",0.792368552998056,0.23862737989448,0.36679258507301
