"","bcubed.precision","bcubed.recall","bcubed.f1"
"majority-vote",0.858252917654753,0.548403308149197,0.669202226722545
