"","bcubed.precision","bcubed.recall","bcubed.f1"
"majority-vote",0.292650488004391,0.850801259666575,0.435501374401364
