"","bcubed.precision","bcubed.recall","bcubed.f1"
"majority-vote",0.746234297083609,0.749738465976613,0.747982277444818
