"","bcubed.precision","bcubed.recall","bcubed.f1"
"majority-vote",0.981647369290885,0.694877318847289,0.813736292525298
