"","bcubed.precision","bcubed.recall","bcubed.f1"
"majority-vote",0.299047960378542,0.821188772766672,0.438433806561845
