"","bcubed.precision","bcubed.recall","bcubed.f1"
"majority-vote",0.57608245037118,0.219009618942553,0.317366007798778
