"","bcubed.precision","bcubed.recall","bcubed.f1"
"majority-vote",0.775037515269492,0.65224958758336,0.708361896756066
