"","bcubed.precision","bcubed.recall","bcubed.f1"
"majority-vote",0.786713752665245,0.416921966838239,0.545012481409558
