"","bcubed.precision","bcubed.recall","bcubed.f1"
"majority-vote",0.898711815687728,0.375462726757343,0.52964923979668
