"","bcubed.precision","bcubed.recall","bcubed.f1"
"majority-vote",0.780393256810794,0.23964602664808,0.366688119272226
