"","bcubed.precision","bcubed.recall","bcubed.f1"
"majority-vote",0.98722970151173,0.492539088927871,0.657196206443399
