"","bcubed.precision","bcubed.recall","bcubed.f1"
"majority-vote",0.92098743374765,0.900152668208398,0.910450870840645
