"","bcubed.precision","bcubed.recall","bcubed.f1"
"majority-vote",0.94701096840668,0.301774499886691,0.457698729900658
