"","bcubed.precision","bcubed.recall","bcubed.f1"
"majority-vote",0.917448670736324,0.719103792435945,0.806256851934921
