"","bcubed.precision","bcubed.recall","bcubed.f1"
"majority-vote",0.61389921520033,0.370026020930295,0.461739724750086
