"","bcubed.precision","bcubed.recall","bcubed.f1"
"majority-vote",0.719073357848073,0.564352046515739,0.632386611199523
