"","bcubed.precision","bcubed.recall","bcubed.f1"
"majority-vote",0.47827031790825,0.362727727619003,0.412561970922811
