"","bcubed.precision","bcubed.recall","bcubed.f1"
"majority-vote",0.744599092791469,0.586914824448325,0.656420094708457
