"","bcubed.precision","bcubed.recall","bcubed.f1"
"majority-vote",0.797225041426027,0.800247498795055,0.79873341082867
