"","bcubed.precision","bcubed.recall","bcubed.f1"
"majority-vote",0.815111429627052,0.356587059254865,0.496131368972059
