"","bcubed.precision","bcubed.recall","bcubed.f1"
"majority-vote",0.941184025151433,0.679960438838271,0.789526062587354
