"","bcubed.precision","bcubed.recall","bcubed.f1"
"majority-vote",0.658914563910639,0.877329061645186,0.752595338972895
