"","bcubed.precision","bcubed.recall","bcubed.f1"
"majority-vote",0.595001493468471,0.625381592648443,0.609813403424811
