"","bcubed.precision","bcubed.recall","bcubed.f1"
"majority-vote",0.646671821407166,0.881002940701815,0.745865272451323
