"","bcubed.precision","bcubed.recall","bcubed.f1"
"majority-vote",0.925892633599161,0.890453423805473,0.907827296790251
