"","bcubed.precision","bcubed.recall","bcubed.f1"
"majority-vote",0.880215751429686,0.261428894628363,0.403126895440346
