"","bcubed.precision","bcubed.recall","bcubed.f1"
"majority-vote",0.659587006776443,0.616518193766648,0.637325809622435
