"","bcubed.precision","bcubed.recall","bcubed.f1"
"majority-vote",0.693448378294232,0.769568834148593,0.729528341139705
