"","bcubed.precision","bcubed.recall","bcubed.f1"
"majority-vote",0.985563812298478,0.800745205479826,0.883593476311241
