"","bcubed.precision","bcubed.recall","bcubed.f1"
"majority-vote",0.905105009019721,0.0801608353139318,0.147277963581319
