"","bcubed.precision","bcubed.recall","bcubed.f1"
"majority-vote",0.86133489542718,0.344981475767093,0.492647850016303
