"","bcubed.precision","bcubed.recall","bcubed.f1"
"majority-vote",0.203193486620404,0.981214435051359,0.336668437507478
