"","bcubed.precision","bcubed.recall","bcubed.f1"
"majority-vote",0.740810934678428,0.515113507945085,0.607682606270725
