"","bcubed.precision","bcubed.recall","bcubed.f1"
"majority-vote",0.748719987498576,0.645733662412165,0.693423836180705
