"","bcubed.precision","bcubed.recall","bcubed.f1"
"majority-vote",0.950383375782236,0.765895239590224,0.84822370537937
