"","bcubed.precision","bcubed.recall","bcubed.f1"
"majority-vote",0.497246350708462,0.90784314742585,0.642552225566541
