"","bcubed.precision","bcubed.recall","bcubed.f1"
"majority-vote",0.869153826385255,0.376524515502263,0.525428936784383
