"","bcubed.precision","bcubed.recall","bcubed.f1"
"majority-vote",0.712527425670592,0.31680149298812,0.438595959281056
