"","bcubed.precision","bcubed.recall","bcubed.f1"
"majority-vote",0.591707236431974,0.59135434349133,0.591530737329807
