"","bcubed.precision","bcubed.recall","bcubed.f1"
"majority-vote",0.765021150339726,0.8805640172003,0.818736229123137
