"","bcubed.precision","bcubed.recall","bcubed.f1"
"majority-vote",0.692653286261807,0.602819884073504,0.644621877610015
