"","bcubed.precision","bcubed.recall","bcubed.f1"
"majority-vote",0.777731500547426,0.500477537213515,0.609035196135337
