"","bcubed.precision","bcubed.recall","bcubed.f1"
"majority-vote",0.775168998641944,0.537876610762046,0.635081174288524
