"","bcubed.precision","bcubed.recall","bcubed.f1"
"majority-vote",0.91569488166315,0.283573026270901,0.433041469743512
