"","bcubed.precision","bcubed.recall","bcubed.f1"
"majority-vote",0.69199069088177,0.871360970713776,0.771385856354603
