"","bcubed.precision","bcubed.recall","bcubed.f1"
"majority-vote",0.545856397072326,0.396249276641375,0.459173972782393
