"","bcubed.precision","bcubed.recall","bcubed.f1"
"majority-vote",0.774372242533609,0.665096680919359,0.715586699947277
