"","bcubed.precision","bcubed.recall","bcubed.f1"
"majority-vote",0.867158498473696,0.67998329038912,0.76224854544772
