"","bcubed.precision","bcubed.recall","bcubed.f1"
"majority-vote",0.874553190908834,0.750259013622038,0.807652001310162
