"","bcubed.precision","bcubed.recall","bcubed.f1"
"majority-vote",0.623049597862511,0.653502187801523,0.637912664232752
