"","bcubed.precision","bcubed.recall","bcubed.f1"
"majority-vote",0.843683608328854,0.72651228192068,0.7807261594713
