"","bcubed.precision","bcubed.recall","bcubed.f1"
"majority-vote",0.71684424248146,0.293569190010216,0.416549061723807
