"","bcubed.precision","bcubed.recall","bcubed.f1"
"majority-vote",0.479827188014989,0.7602750817048,0.588339628883527
