"","bcubed.precision","bcubed.recall","bcubed.f1"
"majority-vote",0.984288314828636,0.626977700067874,0.766014820804843
