"","bcubed.precision","bcubed.recall","bcubed.f1"
"majority-vote",0.970187581957625,0.617608003798474,0.754751582858928
