"","bcubed.precision","bcubed.recall","bcubed.f1"
"majority-vote",0.704453708128084,0.437822243207037,0.540019252559169
