"","bcubed.precision","bcubed.recall","bcubed.f1"
"majority-vote",0.995949257035861,0.35908922243421,0.527859023505813
