"","bcubed.precision","bcubed.recall","bcubed.f1"
"majority-vote",0.72079852438929,0.510207148145528,0.597489626118295
