"","bcubed.precision","bcubed.recall","bcubed.f1"
"majority-vote",0.968047601435397,0.908722285968009,0.937447297302182
