"","bcubed.precision","bcubed.recall","bcubed.f1"
"majority-vote",0.999795782903555,0.425571028969932,0.597017015614125
