"","bcubed.precision","bcubed.recall","bcubed.f1"
"majority-vote",0.530477686655958,0.772489932080507,0.629008221297889
