"","bcubed.precision","bcubed.recall","bcubed.f1"
"majority-vote",0.740325468365222,0.603155755634252,0.664738083883012
