"","bcubed.precision","bcubed.recall","bcubed.f1"
"majority-vote",0.29287120279244,0.625127846234457,0.398871751381017
