"","bcubed.precision","bcubed.recall","bcubed.f1"
"majority-vote",0.914639521694099,0.669905459645138,0.773372818576889
