"","bcubed.precision","bcubed.recall","bcubed.f1"
"majority-vote",0.984515995631605,0.567572480183161,0.72004166531459
