"","bcubed.precision","bcubed.recall","bcubed.f1"
"majority-vote",0.881611671570688,0.48478599190445,0.625576287345156
