"","bcubed.precision","bcubed.recall","bcubed.f1"
"majority-vote",0.909183012077495,0.356004254922692,0.511660256541248
