"","bcubed.precision","bcubed.recall","bcubed.f1"
"majority-vote",0.781362396415057,0.581736514007925,0.666931846532434
