"","bcubed.precision","bcubed.recall","bcubed.f1"
"majority-vote",0.90994431188109,0.329778077100565,0.484107874646415
