"","bcubed.precision","bcubed.recall","bcubed.f1"
"majority-vote",0.981372402589215,0.184841638831438,0.311089520029379
