"","bcubed.precision","bcubed.recall","bcubed.f1"
"majority-vote",0.6843561666798,0.562571510110033,0.617516619942761
