"","bcubed.precision","bcubed.recall","bcubed.f1"
"majority-vote",0.82381948679301,0.85779314640611,0.840463131277114
