"","bcubed.precision","bcubed.recall","bcubed.f1"
"majority-vote",0.713440540971906,0.516303365177462,0.599070668804897
