"","bcubed.precision","bcubed.recall","bcubed.f1"
"majority-vote",0.753369723666162,0.659918441792843,0.703554429006643
