"","bcubed.precision","bcubed.recall","bcubed.f1"
"majority-vote",0.873227634945165,0.409769481300119,0.557790864059902
