"","bcubed.precision","bcubed.recall","bcubed.f1"
"majority-vote",0.708836207707165,0.432818358645629,0.537460862524332
