"","bcubed.precision","bcubed.recall","bcubed.f1"
"majority-vote",0.999513241640463,0.263511715288736,0.417067687084901
