"","bcubed.precision","bcubed.recall","bcubed.f1"
"majority-vote",0.923957475849744,0.431141398473522,0.58793690381724
