"","bcubed.precision","bcubed.recall","bcubed.f1"
"majority-vote",0.547239923039562,0.866248830286718,0.670745971064389
