"","bcubed.precision","bcubed.recall","bcubed.f1"
"majority-vote",0.760497129792082,0.660428745603712,0.706939291008276
