"","bcubed.precision","bcubed.recall","bcubed.f1"
"majority-vote",0.76136194302224,0.719286641328135,0.739726469359105
