"","bcubed.precision","bcubed.recall","bcubed.f1"
"majority-vote",0.960899199519385,0.256581639495793,0.405015149482455
