"","bcubed.precision","bcubed.recall","bcubed.f1"
"majority-vote",0.663569807517327,0.752545933316498,0.705262635983049
