"","bcubed.precision","bcubed.recall","bcubed.f1"
"majority-vote",0.928629998255234,0.419921633622027,0.578326875560445
