"","bcubed.precision","bcubed.recall","bcubed.f1"
"majority-vote",0.987249113143615,0.47160987260299,0.638302170430537
