"","bcubed.precision","bcubed.recall","bcubed.f1"
"majority-vote",0.783996939904265,0.416185561583551,0.543730984761661
