"","bcubed.precision","bcubed.recall","bcubed.f1"
"majority-vote",0.801086190382439,0.738448459937072,0.768493081259324
