"","bcubed.precision","bcubed.recall","bcubed.f1"
"majority-vote",0.876291267171459,0.438631900677743,0.584626255685237
