"","bcubed.precision","bcubed.recall","bcubed.f1"
"majority-vote",0.71195448352996,0.402971669295211,0.514648411400688
