"","bcubed.precision","bcubed.recall","bcubed.f1"
"majority-vote",0.761207535559056,0.787007633828487,0.773892612936656
