"","bcubed.precision","bcubed.recall","bcubed.f1"
"majority-vote",0.985563812298478,0.794385029938556,0.879707461204464
