"","bcubed.precision","bcubed.recall","bcubed.f1"
"majority-vote",0.988315511080021,0.5180757870054,0.679799912364326
