"","bcubed.precision","bcubed.recall","bcubed.f1"
"majority-vote",0.762929695475666,0.232907047695202,0.356869143844692
