"","bcubed.precision","bcubed.recall","bcubed.f1"
"majority-vote",0.697009238543155,0.772900744826006,0.732995851059969
