"","bcubed.precision","bcubed.recall","bcubed.f1"
"majority-vote",0.999792121900263,0.790178689553676,0.882712079609314
