"","bcubed.precision","bcubed.recall","bcubed.f1"
"majority-vote",0.946715676392795,0.31833827815216,0.476463216829271
