"","bcubed.precision","bcubed.recall","bcubed.f1"
"majority-vote",0.732041141552363,0.412327677344461,0.527523677039452
