"","bcubed.precision","bcubed.recall","bcubed.f1"
"majority-vote",0.783461451378788,0.555371662475285,0.649987342313319
