"","bcubed.precision","bcubed.recall","bcubed.f1"
"majority-vote",0.758355482214218,0.620153496485386,0.682326790961718
