"","bcubed.precision","bcubed.recall","bcubed.f1"
"majority-vote",0.879314002651923,0.549821302279704,0.67658474097243
