"","bcubed.precision","bcubed.recall","bcubed.f1"
"majority-vote",0.740471977908558,0.548104611029288,0.629929348265125
