"","bcubed.precision","bcubed.recall","bcubed.f1"
"majority-vote",0.740471977908558,0.939461373060186,0.828181452171799
