"","bcubed.precision","bcubed.recall","bcubed.f1"
"majority-vote",0.917428774465381,0.527821166517231,0.670110148014346
