"","bcubed.precision","bcubed.recall","bcubed.f1"
"majority-vote",0.998308762241915,0.363765670555399,0.533231441063691
