"","bcubed.precision","bcubed.recall","bcubed.f1"
"majority-vote",0.745533983735981,0.595087630646184,0.66186916157117
