"","bcubed.precision","bcubed.recall","bcubed.f1"
"majority-vote",0.743964750171854,0.346766535806999,0.47304424562846
