"","bcubed.precision","bcubed.recall","bcubed.f1"
"majority-vote",0.605281553524738,0.682715246030214,0.641670763273603
