"","bcubed.precision","bcubed.recall","bcubed.f1"
"majority-vote",0.962931199857941,0.34964020041024,0.513007456403231
