"","bcubed.precision","bcubed.recall","bcubed.f1"
"majority-vote",0.737545367788154,0.758961772885067,0.748100326026975
