"","bcubed.precision","bcubed.recall","bcubed.f1"
"majority-vote",0.924925288730227,0.4130676026765,0.571089239897203
