"","bcubed.precision","bcubed.recall","bcubed.f1"
"majority-vote",0.794970253800233,0.584721216423023,0.673825973203957
