"","bcubed.precision","bcubed.recall","bcubed.f1"
"majority-vote",0.965281990040215,0.616303246370687,0.752291321933385
