"","bcubed.precision","bcubed.recall","bcubed.f1"
"majority-vote",0.448294222437341,0.353983977142682,0.395595871535651
