"","bcubed.precision","bcubed.recall","bcubed.f1"
"majority-vote",0.870895302151514,0.0892466245759732,0.16190203533973
