"","bcubed.precision","bcubed.recall","bcubed.f1"
"majority-vote",0.961206383421056,0.295010399359365,0.451460102948461
