"","bcubed.precision","bcubed.recall","bcubed.f1"
"majority-vote",0.857473010391428,0.67444500736202,0.755025248223507
