"","bcubed.precision","bcubed.recall","bcubed.f1"
"majority-vote",0.879557187291037,0.663316536944646,0.756283315159423
