"","bcubed.precision","bcubed.recall","bcubed.f1"
"majority-vote",0.991778731854874,0.256587204704359,0.407697334634541
