"","bcubed.precision","bcubed.recall","bcubed.f1"
"majority-vote",0.948971462360422,0.608063012518748,0.741196749984588
