"","bcubed.precision","bcubed.recall","bcubed.f1"
"majority-vote",0.962946863007992,0.567610074614006,0.714221506336771
