"","bcubed.precision","bcubed.recall","bcubed.f1"
"majority-vote",0.705388891005581,0.69717218450371,0.701256469545811
