"","bcubed.precision","bcubed.recall","bcubed.f1"
"majority-vote",0.591725686844863,0.554497530037377,0.572507042227982
