"","bcubed.precision","bcubed.recall","bcubed.f1"
"majority-vote",0.939642370446583,0.299300965814959,0.453993109715472
