"","bcubed.precision","bcubed.recall","bcubed.f1"
"majority-vote",0.8627593319332,0.366104766992562,0.514068731382386
