"","bcubed.precision","bcubed.recall","bcubed.f1"
"majority-vote",0.957339309827909,0.397518610667982,0.561771366020942
