"","bcubed.precision","bcubed.recall","bcubed.f1"
"majority-vote",0.921692596270132,0.379183335191176,0.537315610539632
