"","bcubed.precision","bcubed.recall","bcubed.f1"
"majority-vote",0.894236891262596,0.66404421482198,0.762138271464211
