"","bcubed.precision","bcubed.recall","bcubed.f1"
"majority-vote",0.999876452759923,0.427317676041567,0.598748093899263
