"","bcubed.precision","bcubed.recall","bcubed.f1"
"majority-vote",0.816762224473154,0.779704590038178,0.797803311165527
