"","bcubed.precision","bcubed.recall","bcubed.f1"
"majority-vote",0.920844893502522,0.463221345059996,0.616379474154191
