"","bcubed.precision","bcubed.recall","bcubed.f1"
"majority-vote",0.981079420185308,0.21275646616929,0.349681213064229
