"","bcubed.precision","bcubed.recall","bcubed.f1"
"majority-vote",0.836780483637797,0.361608503931865,0.504989518338772
