"","bcubed.precision","bcubed.recall","bcubed.f1"
"majority-vote",0.938211270615664,0.643583044082059,0.763458130964788
