"","bcubed.precision","bcubed.recall","bcubed.f1"
"majority-vote",0.962127178138753,0.716289361578208,0.821204326671217
