"","bcubed.precision","bcubed.recall","bcubed.f1"
"majority-vote",0.998883875128801,0.710413950766818,0.83030707620037
