"","bcubed.precision","bcubed.recall","bcubed.f1"
"majority-vote",0.694207198511436,0.63348318167975,0.662456535679176
