"","bcubed.precision","bcubed.recall","bcubed.f1"
"majority-vote",0.976776359997188,0.994785828159775,0.985698839269212
