"","bcubed.precision","bcubed.recall","bcubed.f1"
"majority-vote",0.86974988635983,0.28170969076147,0.425576331804552
