"","bcubed.precision","bcubed.recall","bcubed.f1"
"majority-vote",0.975333112730641,0.990789863775552,0.983000731333077
