"","bcubed.precision","bcubed.recall","bcubed.f1"
"majority-vote",0.660977410406509,0.998894333239529,0.795539284504135
