"","bcubed.precision","bcubed.recall","bcubed.f1"
"majority-vote",0.667611591951452,0.690862483625881,0.679038063081172
