"","bcubed.precision","bcubed.recall","bcubed.f1"
"majority-vote",0.738635836866003,0.598000669542109,0.660919738277448
