"","bcubed.precision","bcubed.recall","bcubed.f1"
"majority-vote",0.73844707345065,0.470198542068405,0.574555076976907
