"","bcubed.precision","bcubed.recall","bcubed.f1"
"majority-vote",0.938507055694167,0.709016608924432,0.807778491283735
