"","bcubed.precision","bcubed.recall","bcubed.f1"
"majority-vote",0.657285917065603,0.298664226513054,0.410707171994204
