"","bcubed.precision","bcubed.recall","bcubed.f1"
"majority-vote",0.913049221659921,0.749808050042862,0.823416017882195
