"","bcubed.precision","bcubed.recall","bcubed.f1"
"majority-vote",0.930855979325268,0.671714555955915,0.780333217223007
