"","bcubed.precision","bcubed.recall","bcubed.f1"
"majority-vote",0.698879845959493,0.59086679259638,0.640350407820735
