"","bcubed.precision","bcubed.recall","bcubed.f1"
"majority-vote",0.84573733591059,0.464499333420934,0.599654151001731
