"","bcubed.precision","bcubed.recall","bcubed.f1"
"majority-vote",0.949189808517591,0.363201169229341,0.525372170518899
