"","bcubed.precision","bcubed.recall","bcubed.f1"
"majority-vote",0.887488078457211,0.514984487982036,0.651766893144781
