"","bcubed.precision","bcubed.recall","bcubed.f1"
"majority-vote",0.4492827744929,0.862332000708264,0.590769364812624
