"","bcubed.precision","bcubed.recall","bcubed.f1"
"majority-vote",0.798223040966697,0.478552091334295,0.598368962461561
