"","bcubed.precision","bcubed.recall","bcubed.f1"
"majority-vote",0.817355658649186,0.385216802012004,0.523642679723667
