"","bcubed.precision","bcubed.recall","bcubed.f1"
"majority-vote",0.977063143560969,0.657826196578301,0.786276741508142
