"","bcubed.precision","bcubed.recall","bcubed.f1"
"majority-vote",0.984191280338168,0.806753671460855,0.886682673339563
