"","bcubed.precision","bcubed.recall","bcubed.f1"
"majority-vote",0.987588620043686,0.220590924042935,0.360630317465638
