"","bcubed.precision","bcubed.recall","bcubed.f1"
"majority-vote",0.95122925276854,0.364430843750873,0.526970879642904
