"","bcubed.precision","bcubed.recall","bcubed.f1"
"majority-vote",0.241151307407084,0.653418098563008,0.352287095222186
