"","bcubed.precision","bcubed.recall","bcubed.f1"
"majority-vote",0.999289933227557,0.432437330523753,0.603648868167736
