"","bcubed.precision","bcubed.recall","bcubed.f1"
"majority-vote",0.841575161623149,0.306095650756465,0.448913562981348
