"","bcubed.precision","bcubed.recall","bcubed.f1"
"majority-vote",0.461018631034436,0.551212071593709,0.502097069365699
