"","bcubed.precision","bcubed.recall","bcubed.f1"
"majority-vote",0.961036764493341,0.38246818323778,0.547174740161871
