"","bcubed.precision","bcubed.recall","bcubed.f1"
"majority-vote",0.790264080611022,0.368626103128976,0.502743008036042
