"","bcubed.precision","bcubed.recall","bcubed.f1"
"majority-vote",0.827371625245836,0.45721941637786,0.588966230286569
