"","bcubed.precision","bcubed.recall","bcubed.f1"
"majority-vote",0.938768910840297,0.658222866591953,0.773853907443704
