"","bcubed.precision","bcubed.recall","bcubed.f1"
"majority-vote",0.95954635243324,0.63234024975585,0.762315329892922
