"","bcubed.precision","bcubed.recall","bcubed.f1"
"majority-vote",0.929069264078569,0.424293042512601,0.582545594540369
