"","bcubed.precision","bcubed.recall","bcubed.f1"
"majority-vote",0.707249563529306,0.744121381059997,0.725217111351818
