"","bcubed.precision","bcubed.recall","bcubed.f1"
"majority-vote",0.916295338451066,0.73588809219676,0.816242090307307
