"","bcubed.precision","bcubed.recall","bcubed.f1"
"majority-vote",0.972059275296652,0.345413135232626,0.509706372943753
