"","bcubed.precision","bcubed.recall","bcubed.f1"
"majority-vote",0.900513611142802,0.688407913064474,0.780303729653675
