"","bcubed.precision","bcubed.recall","bcubed.f1"
"majority-vote",0.961115787128621,0.630718333530538,0.761628789985527
