"","bcubed.precision","bcubed.recall","bcubed.f1"
"majority-vote",0.778886387701483,0.414405275646995,0.540981954549807
