"","bcubed.precision","bcubed.recall","bcubed.f1"
"majority-vote",0.978673759135048,0.960985586182814,0.969749021522136
