"","bcubed.precision","bcubed.recall","bcubed.f1"
"majority-vote",0.987605897470456,0.884634258747888,0.933288401215052
