"","bcubed.precision","bcubed.recall","bcubed.f1"
"majority-vote",0.238453483868863,0.563888771390785,0.335171782792749
