"","bcubed.precision","bcubed.recall","bcubed.f1"
"majority-vote",0.66153425182917,0.998333149500052,0.79576425514701
