"","bcubed.precision","bcubed.recall","bcubed.f1"
"majority-vote",0.65491679353805,0.766875321812534,0.706487989886037
