"","bcubed.precision","bcubed.recall","bcubed.f1"
"majority-vote",0.979942014914672,0.993817507191892,0.986830988828556
