"","bcubed.precision","bcubed.recall","bcubed.f1"
"majority-vote",0.737866514582741,0.594332087300825,0.658366920879974
