"","bcubed.precision","bcubed.recall","bcubed.f1"
"majority-vote",0.708910732859873,0.472083980706012,0.566751733753692
