"","bcubed.precision","bcubed.recall","bcubed.f1"
"majority-vote",0.974161129031562,0.685167875643245,0.804498576752823
