"","bcubed.precision","bcubed.recall","bcubed.f1"
"majority-vote",0.697774648733766,0.677436204035705,0.687455030417491
