"","bcubed.precision","bcubed.recall","bcubed.f1"
"majority-vote",0.461018631034436,0.466904380469692,0.463942839307766
