"","bcubed.precision","bcubed.recall","bcubed.f1"
"majority-vote",0.914334564587654,0.401512034069484,0.557992597651244
