"","bcubed.precision","bcubed.recall","bcubed.f1"
"majority-vote",0.772770349477048,0.376122276242348,0.505976165833432
