"","bcubed.precision","bcubed.recall","bcubed.f1"
"majority-vote",0.660579807744024,0.619272329278522,0.639259465031145
