"","bcubed.precision","bcubed.recall","bcubed.f1"
"majority-vote",0.761479035620142,0.270618338976566,0.399323158564417
