"","bcubed.precision","bcubed.recall","bcubed.f1"
"majority-vote",0.98466783346724,0.785589880518414,0.873934997749286
