"","bcubed.precision","bcubed.recall","bcubed.f1"
"majority-vote",0.730171029665302,0.46282866150353,0.566545126256568
