"","bcubed.precision","bcubed.recall","bcubed.f1"
"majority-vote",0.744219030746668,0.835407624177553,0.787181262617553
