"","bcubed.precision","bcubed.recall","bcubed.f1"
"majority-vote",0.664883738659756,0.811559538629168,0.730935957363102
