"","bcubed.precision","bcubed.recall","bcubed.f1"
"majority-vote",0.960681540839325,0.622736329749095,0.755645503202093
