"","bcubed.precision","bcubed.recall","bcubed.f1"
"majority-vote",0.65334547337024,0.751613193677865,0.699042739593946
