"","bcubed.precision","bcubed.recall","bcubed.f1"
"majority-vote",0.833257918716468,0.28421719686345,0.423859514399951
