"","bcubed.precision","bcubed.recall","bcubed.f1"
"majority-vote",0.823158489436461,0.284805710930259,0.423190999699508
