"","bcubed.precision","bcubed.recall","bcubed.f1"
"majority-vote",0.552969841686387,0.63346772211569,0.590487956044158
