"","bcubed.precision","bcubed.recall","bcubed.f1"
"majority-vote",0.697854980110678,0.6348327012278,0.664853691217418
