"","bcubed.precision","bcubed.recall","bcubed.f1"
"majority-vote",0.66533565753955,0.690841662882045,0.677848810930495
