"","bcubed.precision","bcubed.recall","bcubed.f1"
"majority-vote",0.972977929692135,0.387148736287009,0.553900140828848
