"","bcubed.precision","bcubed.recall","bcubed.f1"
"majority-vote",0.877488183787758,0.293398945583557,0.43975905350261
