"","bcubed.precision","bcubed.recall","bcubed.f1"
"majority-vote",0.99993610110242,0.448457283327516,0.619208334175033
