"","bcubed.precision","bcubed.recall","bcubed.f1"
"majority-vote",0.96965058030868,0.613868104844035,0.751791020435737
