"","bcubed.precision","bcubed.recall","bcubed.f1"
"majority-vote",0.998757958840733,0.817417939216893,0.899034805345884
