"","bcubed.precision","bcubed.recall","bcubed.f1"
"majority-vote",0.998574853137817,0.358217398632639,0.527283209001574
