"","bcubed.precision","bcubed.recall","bcubed.f1"
"majority-vote",0.692520079436722,0.734895184378299,0.713078645527608
