"","bcubed.precision","bcubed.recall","bcubed.f1"
"majority-vote",0.812872892354551,0.629585304048607,0.709584275457052
