"","bcubed.precision","bcubed.recall","bcubed.f1"
"majority-vote",0.733163073412517,0.944066182014743,0.825354627306962
