"","bcubed.precision","bcubed.recall","bcubed.f1"
"majority-vote",0.998883875128801,0.859197910810059,0.923790271394181
