"","bcubed.precision","bcubed.recall","bcubed.f1"
"majority-vote",0.738148264272661,0.56425731321884,0.639594245531185
