"","bcubed.precision","bcubed.recall","bcubed.f1"
"majority-vote",0.405766576695133,0.346359802310238,0.373717064608433
