"","bcubed.precision","bcubed.recall","bcubed.f1"
"majority-vote",0.988417150052591,0.218601268242737,0.358021450674337
