"","bcubed.precision","bcubed.recall","bcubed.f1"
"majority-vote",0.67991771118218,0.584610476194637,0.628672450128523
