"","bcubed.precision","bcubed.recall","bcubed.f1"
"majority-vote",0.891779893804349,0.407760500212985,0.559632647436881
