"","bcubed.precision","bcubed.recall","bcubed.f1"
"majority-vote",0.826927545840327,0.301912390858232,0.442329624094176
