"","bcubed.precision","bcubed.recall","bcubed.f1"
"majority-vote",0.998160592706181,0.232841515597622,0.377600044139274
