"","bcubed.precision","bcubed.recall","bcubed.f1"
"majority-vote",0.835823531675511,0.268397319123201,0.406318708797297
