"","bcubed.precision","bcubed.recall","bcubed.f1"
"majority-vote",0.807768351346555,0.511527020831368,0.626387914336509
