"","bcubed.precision","bcubed.recall","bcubed.f1"
"majority-vote",0.970247863970024,0.963361806762531,0.966792573898883
