"","bcubed.precision","bcubed.recall","bcubed.f1"
"majority-vote",0.940335844639448,0.281802267744824,0.433647835340269
