"","bcubed.precision","bcubed.recall","bcubed.f1"
"majority-vote",0.984047468891648,0.8888243633641,0.934015184588709
