"","bcubed.precision","bcubed.recall","bcubed.f1"
"majority-vote",0.795490069510569,0.772276729381899,0.783711543797705
