"","bcubed.precision","bcubed.recall","bcubed.f1"
"majority-vote",0.955018395594071,0.397722918933728,0.561574781300544
