"","bcubed.precision","bcubed.recall","bcubed.f1"
"majority-vote",0.935941834468431,0.737683680188164,0.825069898667744
