"","bcubed.precision","bcubed.recall","bcubed.f1"
"majority-vote",0.835530095203997,0.46281890779038,0.595678242439381
