"","bcubed.precision","bcubed.recall","bcubed.f1"
"majority-vote",0.638875809618524,0.317514802283307,0.424204344647907
