"","bcubed.precision","bcubed.recall","bcubed.f1"
"majority-vote",0.958455713918363,0.268298611413304,0.41924015564554
