"","bcubed.precision","bcubed.recall","bcubed.f1"
"majority-vote",0.891779893804349,0.39962672168294,0.551923880751252
