"","bcubed.precision","bcubed.recall","bcubed.f1"
"majority-vote",0.995588032079897,0.287957604191706,0.446711260399623
