"","bcubed.precision","bcubed.recall","bcubed.f1"
"majority-vote",0.998841616166326,0.827329916695485,0.905031686481122
