"","bcubed.precision","bcubed.recall","bcubed.f1"
"majority-vote",0.5621665597705,0.685978152696854,0.617931517599406
