"","bcubed.precision","bcubed.recall","bcubed.f1"
"majority-vote",0.982919228310469,0.691016607363484,0.811516780971443
