"","bcubed.precision","bcubed.recall","bcubed.f1"
"majority-vote",0.84236440195919,0.315838169484662,0.45942020388051
