"","bcubed.precision","bcubed.recall","bcubed.f1"
"majority-vote",0.95823830199292,0.599470360411411,0.737539020125972
