"","bcubed.precision","bcubed.recall","bcubed.f1"
"majority-vote",0.902292893258964,0.334271971743314,0.487821113240344
