"","bcubed.precision","bcubed.recall","bcubed.f1"
"majority-vote",0.858633563245191,0.742715830590182,0.796479197548341
