"","bcubed.precision","bcubed.recall","bcubed.f1"
"majority-vote",0.983227765980563,0.609013013002744,0.752145670594029
