"","bcubed.precision","bcubed.recall","bcubed.f1"
"majority-vote",0.839093206771769,0.780936519761989,0.808970993457406
