"","bcubed.precision","bcubed.recall","bcubed.f1"
"majority-vote",0.648980926946244,0.678685963790382,0.663501137159052
