"","bcubed.precision","bcubed.recall","bcubed.f1"
"majority-vote",0.36716747647268,0.294547365620266,0.326872562188285
