"","bcubed.precision","bcubed.recall","bcubed.f1"
"majority-vote",0.677390058376267,0.497586417529451,0.57373079262322
