"","bcubed.precision","bcubed.recall","bcubed.f1"
"majority-vote",0.964391102119149,0.283613737275377,0.438322923170439
