"","bcubed.precision","bcubed.recall","bcubed.f1"
"majority-vote",0.77701966556534,0.394274579742057,0.523112110077321
