"","bcubed.precision","bcubed.recall","bcubed.f1"
"majority-vote",0.734446203329671,0.648668494298175,0.688897477084083
