"","bcubed.precision","bcubed.recall","bcubed.f1"
"majority-vote",0.462365012988809,0.249922589419498,0.324462930177192
