"","bcubed.precision","bcubed.recall","bcubed.f1"
"majority-vote",0.99993610110242,0.434449397070376,0.605725081278694
