"","bcubed.precision","bcubed.recall","bcubed.f1"
"majority-vote",0.998841616166326,0.86431353351237,0.926720812098556
