"","bcubed.precision","bcubed.recall","bcubed.f1"
"majority-vote",0.984047468891648,0.874128649127434,0.925836982101062
