"","bcubed.precision","bcubed.recall","bcubed.f1"
"majority-vote",0.960532010995963,0.783853244041925,0.863245238574258
