"","bcubed.precision","bcubed.recall","bcubed.f1"
"majority-vote",0.708165083804323,0.495925742841136,0.583340205685701
