"","bcubed.precision","bcubed.recall","bcubed.f1"
"majority-vote",0.710511311572936,0.810715143941491,0.757312993270445
