"","bcubed.precision","bcubed.recall","bcubed.f1"
"majority-vote",0.699085050021989,0.341211444187737,0.458591989602475
