"","bcubed.precision","bcubed.recall","bcubed.f1"
"majority-vote",0.597742391727595,0.893902469174706,0.716421735361965
