"","bcubed.precision","bcubed.recall","bcubed.f1"
"majority-vote",0.570783195952686,0.39015807525516,0.463494866530134
