"","bcubed.precision","bcubed.recall","bcubed.f1"
"majority-vote",0.994658719043376,0.240595682312197,0.387467703678524
