"","bcubed.precision","bcubed.recall","bcubed.f1"
"majority-vote",0.670407033989666,0.736632173384186,0.701961093780152
