"","bcubed.precision","bcubed.recall","bcubed.f1"
"majority-vote",0.851524129109255,0.658663389989594,0.742778976046255
