"","bcubed.precision","bcubed.recall","bcubed.f1"
"majority-vote",0.964218887166546,0.665048647457567,0.787166567964659
