"","bcubed.precision","bcubed.recall","bcubed.f1"
"majority-vote",0.957466906699468,0.612250564439218,0.746898298371337
