"","bcubed.precision","bcubed.recall","bcubed.f1"
"majority-vote",0.752153946113138,0.708087409574272,0.729455767335943
