"","bcubed.precision","bcubed.recall","bcubed.f1"
"majority-vote",0.92301164581996,0.742174997088521,0.822774033729443
