"","bcubed.precision","bcubed.recall","bcubed.f1"
"majority-vote",0.834124260442225,0.638797744645146,0.723509723507303
