"","bcubed.precision","bcubed.recall","bcubed.f1"
"majority-vote",0.820328060347045,0.455616478317052,0.585848319569277
