"","bcubed.precision","bcubed.recall","bcubed.f1"
"majority-vote",0.841422004070863,0.394417154868437,0.537078422363906
