"","bcubed.precision","bcubed.recall","bcubed.f1"
"majority-vote",0.830080864116209,0.631004284056579,0.716980228052763
