"","bcubed.precision","bcubed.recall","bcubed.f1"
"majority-vote",0.971326807176285,0.329415516776619,0.491980796277288
