"","bcubed.precision","bcubed.recall","bcubed.f1"
"majority-vote",0.999901187188541,0.474952278850523,0.644003432769452
