"","bcubed.precision","bcubed.recall","bcubed.f1"
"majority-vote",0.892296189129028,0.423844972946953,0.574703177804311
