"","bcubed.precision","bcubed.recall","bcubed.f1"
"majority-vote",0.893044822306345,0.973767249189809,0.931660785033918
