"","bcubed.precision","bcubed.recall","bcubed.f1"
"majority-vote",0.32053236687194,0.496159253625757,0.389461813782691
