"","bcubed.precision","bcubed.recall","bcubed.f1"
"majority-vote",0.873621089111029,0.655906359115963,0.749268839169859
