"","bcubed.precision","bcubed.recall","bcubed.f1"
"majority-vote",0.552691392048352,0.404946392508022,0.46742179347883
