"","bcubed.precision","bcubed.recall","bcubed.f1"
"majority-vote",0.496950185682302,0.364310205864644,0.420416464584449
