"","bcubed.precision","bcubed.recall","bcubed.f1"
"majority-vote",0.744445170280265,0.511461222700499,0.606342700623322
