"","bcubed.precision","bcubed.recall","bcubed.f1"
"majority-vote",0.967416041634303,0.427016975790662,0.592503285949026
