"","bcubed.precision","bcubed.recall","bcubed.f1"
"majority-vote",0.96114540646049,0.576933620017978,0.721051505373562
