"","bcubed.precision","bcubed.recall","bcubed.f1"
"majority-vote",0.774767196736674,0.816324254204111,0.795003019699354
