"","bcubed.precision","bcubed.recall","bcubed.f1"
"majority-vote",0.523501596824241,0.698252491985791,0.598379490421175
