"","bcubed.precision","bcubed.recall","bcubed.f1"
"majority-vote",0.999381727929429,0.499710848579666,0.66627224915165
