"","bcubed.precision","bcubed.recall","bcubed.f1"
"majority-vote",0.752581187792254,0.570024282936279,0.648703731259045
