"","bcubed.precision","bcubed.recall","bcubed.f1"
"majority-vote",0.986246810948262,0.560518275906526,0.714794207328689
