"","bcubed.precision","bcubed.recall","bcubed.f1"
"majority-vote",0.968887044303158,0.64393589193616,0.773675930618297
