"","bcubed.precision","bcubed.recall","bcubed.f1"
"majority-vote",0.595719726606917,0.366598061874615,0.453882698228356
