"","bcubed.precision","bcubed.recall","bcubed.f1"
"majority-vote",0.432277851151596,0.739817632801882,0.54570089370697
