"","bcubed.precision","bcubed.recall","bcubed.f1"
"majority-vote",0.358385905364471,0.376985175287034,0.367450330612756
