"","bcubed.precision","bcubed.recall","bcubed.f1"
"majority-vote",0.821611424284622,0.45505411197902,0.585709641953471
