"","bcubed.precision","bcubed.recall","bcubed.f1"
"majority-vote",0.764327821714231,0.754187417243726,0.759223761470779
