"","bcubed.precision","bcubed.recall","bcubed.f1"
"majority-vote",0.398431355933771,0.841964232328507,0.540899941774786
