"","bcubed.precision","bcubed.recall","bcubed.f1"
"majority-vote",0.838210586570207,0.659532320957633,0.738213442151295
