"","bcubed.precision","bcubed.recall","bcubed.f1"
"majority-vote",0.999310928347786,0.581106149584587,0.734876551156618
