"","bcubed.precision","bcubed.recall","bcubed.f1"
"majority-vote",0.208249279936225,0.907027034616361,0.338728123922047
