"","bcubed.precision","bcubed.recall","bcubed.f1"
"majority-vote",0.96277610009903,0.321952685453776,0.482542859478656
