"","bcubed.precision","bcubed.recall","bcubed.f1"
"majority-vote",0.757518625781138,0.733953993613211,0.745550154121139
