"","bcubed.precision","bcubed.recall","bcubed.f1"
"majority-vote",0.82345987172901,0.746871407920629,0.783297947044148
