"","bcubed.precision","bcubed.recall","bcubed.f1"
"majority-vote",0.821414165123345,0.27966034996667,0.417259630910983
