"","bcubed.precision","bcubed.recall","bcubed.f1"
"majority-vote",0.846061775976937,0.607746395118592,0.707371171273778
