"","bcubed.precision","bcubed.recall","bcubed.f1"
"majority-vote",0.408834058349618,0.767218975873953,0.533420242831935
