"","bcubed.precision","bcubed.recall","bcubed.f1"
"majority-vote",0.349630311964695,0.643870283418831,0.453178526721707
