"","bcubed.precision","bcubed.recall","bcubed.f1"
"majority-vote",0.981832079599677,0.747838159821248,0.849007491632754
