"","bcubed.precision","bcubed.recall","bcubed.f1"
"majority-vote",0.890274673871116,0.638308397984352,0.743524917039569
