"","bcubed.precision","bcubed.recall","bcubed.f1"
"majority-vote",0.839378369550735,0.606757647949639,0.70435870358685
