"","bcubed.precision","bcubed.recall","bcubed.f1"
"majority-vote",0.831434943089553,0.533634160143418,0.650050735920529
