"","bcubed.precision","bcubed.recall","bcubed.f1"
"majority-vote",0.884464598385831,0.488316472117941,0.629231625751492
