"","bcubed.precision","bcubed.recall","bcubed.f1"
"majority-vote",0.728829183987369,0.853728744961533,0.786350266432447
