"","bcubed.precision","bcubed.recall","bcubed.f1"
"majority-vote",0.345222141568474,0.415530389536471,0.377127344562917
