"","bcubed.precision","bcubed.recall","bcubed.f1"
"majority-vote",0.91381687697202,0.592973034157911,0.719235989304523
