"","bcubed.precision","bcubed.recall","bcubed.f1"
"majority-vote",0.942971567556423,0.391166951411245,0.552955046427931
