"","bcubed.precision","bcubed.recall","bcubed.f1"
"majority-vote",0.697424072677631,0.479899606335462,0.568566731295901
