"","bcubed.precision","bcubed.recall","bcubed.f1"
"majority-vote",0.688819147887857,0.712026868081742,0.700230767627738
