"","bcubed.precision","bcubed.recall","bcubed.f1"
"majority-vote",0.968887044303158,0.634022146608035,0.766476163631701
