"","bcubed.precision","bcubed.recall","bcubed.f1"
"majority-vote",0.94419836289865,0.56908309593814,0.710148564102692
