"","bcubed.precision","bcubed.recall","bcubed.f1"
"majority-vote",0.831420983369393,0.81510384809155,0.823181563957517
