"","bcubed.precision","bcubed.recall","bcubed.f1"
"majority-vote",0.950289473810355,0.683336020641539,0.795001093820444
