"","bcubed.precision","bcubed.recall","bcubed.f1"
"majority-vote",0.899264413223251,0.490493681277587,0.634763005488701
