"","bcubed.precision","bcubed.recall","bcubed.f1"
"majority-vote",0.911704197359996,0.497117006809437,0.64340834783843
