"","bcubed.precision","bcubed.recall","bcubed.f1"
"majority-vote",0.942886529734257,0.540719414029968,0.687294431513387
