"","bcubed.precision","bcubed.recall","bcubed.f1"
"majority-vote",0.890861629795401,0.752926597420199,0.81610684951826
