"","bcubed.precision","bcubed.recall","bcubed.f1"
"majority-vote",0.411133951349995,0.84316042917892,0.552744051558471
