"","bcubed.precision","bcubed.recall","bcubed.f1"
"majority-vote",0.574919948498876,0.67510232321681,0.620996604104601
