"","bcubed.precision","bcubed.recall","bcubed.f1"
"majority-vote",0.989008450193483,0.451871859198569,0.620322290809271
