"","bcubed.precision","bcubed.recall","bcubed.f1"
"majority-vote",0.722046063837791,0.42299169233729,0.533466228237676
