"","bcubed.precision","bcubed.recall","bcubed.f1"
"majority-vote",0.39685692444394,0.702959140005534,0.507310651898864
