"","bcubed.precision","bcubed.recall","bcubed.f1"
"majority-vote",0.968692286134865,0.510109294906745,0.668296471138213
