"","bcubed.precision","bcubed.recall","bcubed.f1"
"majority-vote",0.976690509983688,0.639975908299265,0.773268237881693
