"","bcubed.precision","bcubed.recall","bcubed.f1"
"majority-vote",0.991269446623251,0.778164501631716,0.871884136364697
