"","bcubed.precision","bcubed.recall","bcubed.f1"
"majority-vote",0.411190261252738,0.775381273674329,0.537395713798621
