"","bcubed.precision","bcubed.recall","bcubed.f1"
"majority-vote",0.94582396511187,0.942042230402124,0.943929310010427
