"","bcubed.precision","bcubed.recall","bcubed.f1"
"majority-vote",0.98423442776135,0.52901030886863,0.688150628944148
