"","bcubed.precision","bcubed.recall","bcubed.f1"
"majority-vote",0.742751231369844,0.667878490082928,0.703327830642388
