"","bcubed.precision","bcubed.recall","bcubed.f1"
"majority-vote",0.816509489104081,0.453884152715345,0.583442336999232
