"","bcubed.precision","bcubed.recall","bcubed.f1"
"majority-vote",0.889217308608345,0.983466974811368,0.933970412620754
