"","bcubed.precision","bcubed.recall","bcubed.f1"
"majority-vote",0.932236263393138,0.536856401171904,0.68134164369456
