"","bcubed.precision","bcubed.recall","bcubed.f1"
"majority-vote",0.575808149404914,0.870839175531303,0.69323916817679
