"","bcubed.precision","bcubed.recall","bcubed.f1"
"majority-vote",0.990278591180945,0.473092227942024,0.640293080691414
