"","bcubed.precision","bcubed.recall","bcubed.f1"
"majority-vote",0.822442547632485,0.578236548489415,0.679051099413939
