"","bcubed.precision","bcubed.recall","bcubed.f1"
"majority-vote",0.903475374955946,0.771235960507547,0.832134689535879
