"","bcubed.precision","bcubed.recall","bcubed.f1"
"majority-vote",0.988848020960253,0.581536279832599,0.732369776160807
