"","bcubed.precision","bcubed.recall","bcubed.f1"
"majority-vote",0.537079100490542,0.331972194673701,0.410321758209971
