"","bcubed.precision","bcubed.recall","bcubed.f1"
"majority-vote",0.652404008969584,0.578957172204826,0.613490153730326
