"","bcubed.precision","bcubed.recall","bcubed.f1"
"majority-vote",0.900858911200303,0.654187976366404,0.75795922659533
