"","bcubed.precision","bcubed.recall","bcubed.f1"
"majority-vote",0.684462659075698,0.601843967054664,0.640500038903094
