"","bcubed.precision","bcubed.recall","bcubed.f1"
"majority-vote",0.684462659075698,0.555984583963305,0.613570127839212
