"","bcubed.precision","bcubed.recall","bcubed.f1"
"majority-vote",0.658188871449424,0.361252173274486,0.466475548471918
