"","bcubed.precision","bcubed.recall","bcubed.f1"
"majority-vote",0.557591522834793,0.550338277651944,0.553941157960392
