"","bcubed.precision","bcubed.recall","bcubed.f1"
"majority-vote",0.418479868677627,0.364310205864644,0.389520746535534
