"","bcubed.precision","bcubed.recall","bcubed.f1"
"majority-vote",0.977990303908663,0.733347017745002,0.83818223757536
