"","bcubed.precision","bcubed.recall","bcubed.f1"
"majority-vote",0.806770829635867,0.618537839662448,0.700224866114536
