"","bcubed.precision","bcubed.recall","bcubed.f1"
"majority-vote",0.949717465999373,0.645440806834235,0.768558729197829
