"","bcubed.precision","bcubed.recall","bcubed.f1"
"majority-vote",0.132426870569647,0.940443581704665,0.232162233955562
