"","bcubed.precision","bcubed.recall","bcubed.f1"
"majority-vote",0.844797695615688,0.788329919043129,0.815587579335213
