"","bcubed.precision","bcubed.recall","bcubed.f1"
"majority-vote",0.925309582020124,0.462349723792385,0.616601824204903
