"","bcubed.precision","bcubed.recall","bcubed.f1"
"majority-vote",0.941164956023593,0.753612127487102,0.837010757020622
