"","bcubed.precision","bcubed.recall","bcubed.f1"
"majority-vote",0.806092397999579,0.96275480075124,0.877485999436518
