"","bcubed.precision","bcubed.recall","bcubed.f1"
"majority-vote",0.576948774758543,0.887929330005126,0.699429853381937
