"","bcubed.precision","bcubed.recall","bcubed.f1"
"majority-vote",0.967545295114416,0.320768824905245,0.481805427005199
