"","bcubed.precision","bcubed.recall","bcubed.f1"
"majority-vote",0.970251759318364,0.871885448966403,0.918442325554463
