"","bcubed.precision","bcubed.recall","bcubed.f1"
"majority-vote",0.868152873291974,0.612750899328737,0.718428116261853
