"","bcubed.precision","bcubed.recall","bcubed.f1"
"majority-vote",0.960439385921656,0.217319464572834,0.354439574817073
