"","bcubed.precision","bcubed.recall","bcubed.f1"
"majority-vote",0.984103463522597,0.586690933011181,0.735124317310603
