"","bcubed.precision","bcubed.recall","bcubed.f1"
"majority-vote",0.65568702745345,0.591840878768637,0.622130189777353
