"","bcubed.precision","bcubed.recall","bcubed.f1"
"majority-vote",0.822312855704099,0.723142233635854,0.769545694757533
