"","bcubed.precision","bcubed.recall","bcubed.f1"
"majority-vote",0.830391240850599,0.504178058605967,0.627415966883
