"","bcubed.precision","bcubed.recall","bcubed.f1"
"majority-vote",0.750833485006927,0.511846707398737,0.608723648976108
