"","bcubed.precision","bcubed.recall","bcubed.f1"
"majority-vote",0.944890237421034,0.335029173128988,0.494665198967151
