"","bcubed.precision","bcubed.recall","bcubed.f1"
"majority-vote",0.683832115769752,0.590639810331717,0.633828745671132
