"","bcubed.precision","bcubed.recall","bcubed.f1"
"majority-vote",0.692844507174422,0.989617382714966,0.815056759310571
