"","bcubed.precision","bcubed.recall","bcubed.f1"
"majority-vote",0.862852522308269,0.641428880500921,0.735844405691682
