"","bcubed.precision","bcubed.recall","bcubed.f1"
"majority-vote",0.903024188066127,0.829318740536692,0.864603503101056
