"","bcubed.precision","bcubed.recall","bcubed.f1"
"majority-vote",0.928021031489228,0.539744273629444,0.682526062998202
