"","bcubed.precision","bcubed.recall","bcubed.f1"
"majority-vote",0.807962254314261,0.618607816960851,0.700718144018493
