"","bcubed.precision","bcubed.recall","bcubed.f1"
"majority-vote",0.984714975912744,0.75506028048587,0.854730130431237
