"","bcubed.precision","bcubed.recall","bcubed.f1"
"majority-vote",0.970906327904618,0.795159192808224,0.874288165342153
