"","bcubed.precision","bcubed.recall","bcubed.f1"
"majority-vote",0.831864004232196,0.778189617361563,0.804132138791146
