"","bcubed.precision","bcubed.recall","bcubed.f1"
"majority-vote",0.892378715612174,0.868120531670644,0.880082495058694
