"","bcubed.precision","bcubed.recall","bcubed.f1"
"majority-vote",0.623684331114582,0.524403223276908,0.569751100066822
