"","bcubed.precision","bcubed.recall","bcubed.f1"
"majority-vote",0.651862650823271,0.626181487994648,0.638764049320216
