"","bcubed.precision","bcubed.recall","bcubed.f1"
"majority-vote",0.848062363456641,0.507131692567567,0.634712497255721
