"","bcubed.precision","bcubed.recall","bcubed.f1"
"majority-vote",0.962118356536762,0.592442139169537,0.733325539733268
