"","bcubed.precision","bcubed.recall","bcubed.f1"
"majority-vote",0.448086374302499,0.629562698051194,0.523544211196187
