"","bcubed.precision","bcubed.recall","bcubed.f1"
"majority-vote",0.861128938833232,0.399563075990979,0.545851522146796
