"","bcubed.precision","bcubed.recall","bcubed.f1"
"majority-vote",0.977417587845285,0.584160926603896,0.731271797750171
