"","bcubed.precision","bcubed.recall","bcubed.f1"
"majority-vote",0.658928342489743,0.59368577266941,0.624607973693627
