"","bcubed.precision","bcubed.recall","bcubed.f1"
"majority-vote",0.437782828778978,0.700102616683639,0.538706080105842
