"","bcubed.precision","bcubed.recall","bcubed.f1"
"majority-vote",0.970252256498149,0.900949765298803,0.934317655271855
