"","bcubed.precision","bcubed.recall","bcubed.f1"
"majority-vote",0.956093427525053,0.625342617030278,0.756130439991431
