"","bcubed.precision","bcubed.recall","bcubed.f1"
"majority-vote",0.797870477563544,0.733770935792943,0.764479416471746
