"","bcubed.precision","bcubed.recall","bcubed.f1"
"majority-vote",0.996819091386239,0.59969259451129,0.748863954397849
