"","bcubed.precision","bcubed.recall","bcubed.f1"
"majority-vote",0.819349771576745,0.67075240268749,0.73764180392249
