"","bcubed.precision","bcubed.recall","bcubed.f1"
"majority-vote",0.758540149666856,0.751966871578702,0.75523920814546
