"","bcubed.precision","bcubed.recall","bcubed.f1"
"majority-vote",0.873581586073714,0.544133500137748,0.670579033416978
