"","bcubed.precision","bcubed.recall","bcubed.f1"
"majority-vote",0.847490907727265,0.693214110026937,0.762628340384626
