"","bcubed.precision","bcubed.recall","bcubed.f1"
"majority-vote",0.906960189325234,0.923443312124641,0.915127533936944
