"","bcubed.precision","bcubed.recall","bcubed.f1"
"majority-vote",0.877020714221435,0.381464525931622,0.531674556535926
