"","bcubed.precision","bcubed.recall","bcubed.f1"
"majority-vote",0.984065868607526,0.780235179487812,0.870376187158886
