"","bcubed.precision","bcubed.recall","bcubed.f1"
"majority-vote",0.560344413943153,0.566004188533758,0.563160081374221
