"","bcubed.precision","bcubed.recall","bcubed.f1"
"majority-vote",0.98276013166504,0.7752307627029,0.866746112127742
