"","bcubed.precision","bcubed.recall","bcubed.f1"
"majority-vote",0.96347095196135,0.774141279836004,0.858491465687562
