"","bcubed.precision","bcubed.recall","bcubed.f1"
"majority-vote",0.948804506324791,0.583151144889777,0.722340015131921
