"","bcubed.precision","bcubed.recall","bcubed.f1"
"majority-vote",0.998064531587839,0.095112073604772,0.173673652984861
