"","bcubed.precision","bcubed.recall","bcubed.f1"
"majority-vote",0.971964893776791,0.806867836007389,0.881754869230432
