"","bcubed.precision","bcubed.recall","bcubed.f1"
"majority-vote",0.859096913754255,0.616168265702182,0.71763132864438
