"","bcubed.precision","bcubed.recall","bcubed.f1"
"majority-vote",0.861109245413792,0.741939357272358,0.797094784291675
