"","bcubed.precision","bcubed.recall","bcubed.f1"
"majority-vote",0.800543206002771,0.641155192476902,0.712038570441708
