"","bcubed.precision","bcubed.recall","bcubed.f1"
"majority-vote",0.646387204570351,0.500086549425044,0.563902218606542
