"","bcubed.precision","bcubed.recall","bcubed.f1"
"majority-vote",0.821253507878003,0.648126243894409,0.724490657645213
