"","bcubed.precision","bcubed.recall","bcubed.f1"
"majority-vote",0.968287724306867,0.420079579907115,0.585951425420997
