"","bcubed.precision","bcubed.recall","bcubed.f1"
"majority-vote",0.942682158984367,0.664507578954737,0.779521452138915
