"","bcubed.precision","bcubed.recall","bcubed.f1"
"majority-vote",0.997733664736262,0.0855604053714849,0.157605398502959
