"","bcubed.precision","bcubed.recall","bcubed.f1"
"majority-vote",0.826016941512478,0.670846949048423,0.740389221184717
