"","bcubed.precision","bcubed.recall","bcubed.f1"
"majority-vote",0.937570849283254,0.527010150183202,0.674745001154819
