"","bcubed.precision","bcubed.recall","bcubed.f1"
"majority-vote",0.86990368622297,0.77598178711412,0.820262925929853
