"","bcubed.precision","bcubed.recall","bcubed.f1"
"majority-vote",0.944856581180859,0.531034530912556,0.67993020251383
