"","bcubed.precision","bcubed.recall","bcubed.f1"
"majority-vote",0.937303805650988,0.570278792841797,0.709114689101694
