"","bcubed.precision","bcubed.recall","bcubed.f1"
"majority-vote",0.851186995274187,0.562641868417591,0.677470171521734
