"","bcubed.precision","bcubed.recall","bcubed.f1"
"majority-vote",0.918374864322218,0.865991963000001,0.891414522335369
