"","bcubed.precision","bcubed.recall","bcubed.f1"
"majority-vote",0.767779818361741,0.645080253947941,0.701102125980862
