"","bcubed.precision","bcubed.recall","bcubed.f1"
"majority-vote",0.941893557719851,0.357067854874232,0.517828949981262
