"","bcubed.precision","bcubed.recall","bcubed.f1"
"majority-vote",0.8792262267909,0.589216949336002,0.705583986562335
