"","bcubed.precision","bcubed.recall","bcubed.f1"
"majority-vote",0.510320144555842,0.740711820521597,0.604301366990897
