"","bcubed.precision","bcubed.recall","bcubed.f1"
"majority-vote",0.600048952823658,0.612373392246643,0.606148532726626
