"","bcubed.precision","bcubed.recall","bcubed.f1"
"majority-vote",0.978401131229991,0.502299170175133,0.663807626497908
