"","bcubed.precision","bcubed.recall","bcubed.f1"
"majority-vote",0.653183951403021,0.760979193028356,0.702973201069537
