"","bcubed.precision","bcubed.recall","bcubed.f1"
"majority-vote",0.906960189325234,0.830418791244584,0.867003448930184
