"","bcubed.precision","bcubed.recall","bcubed.f1"
"majority-vote",0.991964296761311,0.43960645501373,0.609224388607729
