"","bcubed.precision","bcubed.recall","bcubed.f1"
"majority-vote",0.745420222748288,0.48022747043617,0.584134037820121
