"","bcubed.precision","bcubed.recall","bcubed.f1"
"majority-vote",0.629864802019668,0.296303002218947,0.403017317113276
