"","bcubed.precision","bcubed.recall","bcubed.f1"
"majority-vote",0.78749990073294,0.448476132533949,0.571491518194051
