"","bcubed.precision","bcubed.recall","bcubed.f1"
"majority-vote",0.961918238087192,0.628841205956389,0.760509487635169
