"","bcubed.precision","bcubed.recall","bcubed.f1"
"majority-vote",0.964813606324737,0.769915626202423,0.856416157580947
