"","bcubed.precision","bcubed.recall","bcubed.f1"
"majority-vote",0.984694618939482,0.435681661876567,0.604084134345
