"","bcubed.precision","bcubed.recall","bcubed.f1"
"majority-vote",0.754862080485538,0.557114126095306,0.641085297405157
