"","bcubed.precision","bcubed.recall","bcubed.f1"
"majority-vote",0.633343213283431,0.603643218493508,0.618136668044507
