"","bcubed.precision","bcubed.recall","bcubed.f1"
"majority-vote",0.954513345612721,0.419443915521456,0.582790784584945
