"","bcubed.precision","bcubed.recall","bcubed.f1"
"majority-vote",0.913009474389749,0.232535203274234,0.370665322545886
