"","bcubed.precision","bcubed.recall","bcubed.f1"
"majority-vote",0.790118003676784,0.858678933484982,0.822973004659214
