"","bcubed.precision","bcubed.recall","bcubed.f1"
"majority-vote",0.923232125705547,0.497745696824248,0.646786755505755
