"","bcubed.precision","bcubed.recall","bcubed.f1"
"majority-vote",0.40881643047374,0.503359048314988,0.451188294717258
