"","bcubed.precision","bcubed.recall","bcubed.f1"
"majority-vote",0.983251049905814,0.16675455008023,0.285149196569039
