"","bcubed.precision","bcubed.recall","bcubed.f1"
"majority-vote",0.834769709048926,0.835890798443803,0.835329877595307
