"","bcubed.precision","bcubed.recall","bcubed.f1"
"majority-vote",0.806637914739036,0.395580258660673,0.530835487298667
