"","bcubed.precision","bcubed.recall","bcubed.f1"
"majority-vote",0.840339981037003,0.593974833390819,0.695998946963698
