"","bcubed.precision","bcubed.recall","bcubed.f1"
"majority-vote",0.850262193445033,0.623466146093538,0.719413040645187
