"","bcubed.precision","bcubed.recall","bcubed.f1"
"majority-vote",0.880310707279078,0.570848527220804,0.692582948583382
