"","bcubed.precision","bcubed.recall","bcubed.f1"
"majority-vote",0.982434501736922,0.645585504878729,0.779161768573829
