"","bcubed.precision","bcubed.recall","bcubed.f1"
"majority-vote",0.101758287079638,0.480995107295586,0.16797924708636
