"","bcubed.precision","bcubed.recall","bcubed.f1"
"majority-vote",0.94180730293953,0.636494229148663,0.759620264066981
