"","bcubed.precision","bcubed.recall","bcubed.f1"
"majority-vote",0.659001527130881,0.532024859660639,0.588744630473623
