"","bcubed.precision","bcubed.recall","bcubed.f1"
"majority-vote",0.992154728213981,0.421268359024141,0.591420075172908
