"","bcubed.precision","bcubed.recall","bcubed.f1"
"majority-vote",0.999216164889796,0.0624814771727564,0.117608817282336
