"","bcubed.precision","bcubed.recall","bcubed.f1"
"majority-vote",0.515952495453861,0.626539173520097,0.565893754599732
