"","bcubed.precision","bcubed.recall","bcubed.f1"
"majority-vote",0.902867197238214,0.287172998498192,0.435748441448421
