"","bcubed.precision","bcubed.recall","bcubed.f1"
"majority-vote",0.754930960964947,0.577348715293744,0.654304690247264
