"","bcubed.precision","bcubed.recall","bcubed.f1"
"majority-vote",0.684275761590356,0.589828729416664,0.6335516527541
