"","bcubed.precision","bcubed.recall","bcubed.f1"
"majority-vote",0.782437540037454,0.542948040867472,0.641055607643544
