"","bcubed.precision","bcubed.recall","bcubed.f1"
"majority-vote",0.837126774307999,0.661603666800966,0.739087067651239
