"","bcubed.precision","bcubed.recall","bcubed.f1"
"majority-vote",0.88075664558414,0.386065268996971,0.536822969960613
