"","bcubed.precision","bcubed.recall","bcubed.f1"
"majority-vote",0.883046092518944,0.31006917976835,0.458975564163368
