"","bcubed.precision","bcubed.recall","bcubed.f1"
"majority-vote",0.999335432148339,0.186478820522158,0.314307054875324
