"","bcubed.precision","bcubed.recall","bcubed.f1"
"majority-vote",0.572650081559809,0.793613757491767,0.665263867731613
