"","bcubed.precision","bcubed.recall","bcubed.f1"
"majority-vote",0.778521724117292,0.726211427789701,0.751457322675461
