"","bcubed.precision","bcubed.recall","bcubed.f1"
"majority-vote",0.951301503195541,0.484927904341729,0.642394093758005
