"","bcubed.precision","bcubed.recall","bcubed.f1"
"majority-vote",0.963027018637245,0.817641847681281,0.884399346537123
