"","bcubed.precision","bcubed.recall","bcubed.f1"
"majority-vote",0.765445285165802,0.588697131540763,0.665536265859627
