"","bcubed.precision","bcubed.recall","bcubed.f1"
"majority-vote",0.857735918059028,0.562851891130634,0.67968805651737
