"","bcubed.precision","bcubed.recall","bcubed.f1"
"majority-vote",0.878701711437168,0.610913533073882,0.720737477721435
