"","bcubed.precision","bcubed.recall","bcubed.f1"
"majority-vote",0.878648976381865,0.410598174648408,0.559662537273452
