"","bcubed.precision","bcubed.recall","bcubed.f1"
"majority-vote",0.934427263023895,0.757626955167191,0.836790304351886
