"","bcubed.precision","bcubed.recall","bcubed.f1"
"majority-vote",0.887425418599681,0.305698338666705,0.45474658350292
