"","bcubed.precision","bcubed.recall","bcubed.f1"
"majority-vote",0.886813354508335,0.696693508578159,0.780340296349738
