"","bcubed.precision","bcubed.recall","bcubed.f1"
"majority-vote",0.988534647664521,0.752967534388887,0.854818907470211
