"","bcubed.precision","bcubed.recall","bcubed.f1"
"majority-vote",0.884178763479873,0.617366800266788,0.727067665814118
