"","bcubed.precision","bcubed.recall","bcubed.f1"
"majority-vote",0.910683353530186,0.60023288420278,0.723563732037264
