"","bcubed.precision","bcubed.recall","bcubed.f1"
"majority-vote",0.708481908555106,0.840936079571525,0.769047478722042
