"","bcubed.precision","bcubed.recall","bcubed.f1"
"majority-vote",0.988614746728105,0.451429469352661,0.619827954622545
