"","bcubed.precision","bcubed.recall","bcubed.f1"
"majority-vote",0.693535114818507,0.56707597161924,0.623962621491966
