"","bcubed.precision","bcubed.recall","bcubed.f1"
"majority-vote",0.850355137052088,0.482748702292778,0.615867761811609
