"","bcubed.precision","bcubed.recall","bcubed.f1"
"majority-vote",0.740178361378834,0.600401672508089,0.663003050758003
