"","bcubed.precision","bcubed.recall","bcubed.f1"
"majority-vote",0.973593776130653,0.596955547291537,0.740113279859692
