"","bcubed.precision","bcubed.recall","bcubed.f1"
"majority-vote",0.426028022515175,0.423279454403695,0.424649290937855
