"","bcubed.precision","bcubed.recall","bcubed.f1"
"majority-vote",0.694061621353348,0.507027269868676,0.585981889545865
