"","bcubed.precision","bcubed.recall","bcubed.f1"
"majority-vote",0.874948968482792,0.462089586322765,0.604776586952709
