"","bcubed.precision","bcubed.recall","bcubed.f1"
"majority-vote",0.887321973242882,0.370843414956632,0.523075127975571
