"","bcubed.precision","bcubed.recall","bcubed.f1"
"majority-vote",0.979545750757599,0.125619276862942,0.222681365749091
