"","bcubed.precision","bcubed.recall","bcubed.f1"
"majority-vote",0.861468692386916,0.748805279242921,0.801195717159744
