"","bcubed.precision","bcubed.recall","bcubed.f1"
"majority-vote",0.977058772560701,0.101133443711679,0.183294438387611
