"","bcubed.precision","bcubed.recall","bcubed.f1"
"majority-vote",0.979821157747533,0.576800623341966,0.726138438274788
