"","bcubed.precision","bcubed.recall","bcubed.f1"
"majority-vote",0.967758559846311,0.84874757883958,0.904354482572842
