"","bcubed.precision","bcubed.recall","bcubed.f1"
"majority-vote",0.604205484686474,0.581181025413877,0.592469646243985
