"","bcubed.precision","bcubed.recall","bcubed.f1"
"majority-vote",0.925599247671012,0.555426636315091,0.694251845654459
