"","bcubed.precision","bcubed.recall","bcubed.f1"
"majority-vote",0.93770585309984,0.520391485157226,0.669329994276717
