"","bcubed.precision","bcubed.recall","bcubed.f1"
"majority-vote",0.909627114563316,0.480941718137073,0.629206720378736
