"","bcubed.precision","bcubed.recall","bcubed.f1"
"majority-vote",0.974685258047022,0.205409106729804,0.339310540197368
