"","bcubed.precision","bcubed.recall","bcubed.f1"
"majority-vote",0.987023556056575,0.590178240275498,0.738675072243308
