"","bcubed.precision","bcubed.recall","bcubed.f1"
"majority-vote",0.963302906565729,0.571503479773081,0.71739467346249
