"","bcubed.precision","bcubed.recall","bcubed.f1"
"majority-vote",0.955492944392518,0.532022568432892,0.68348034828848
