"","bcubed.precision","bcubed.recall","bcubed.f1"
"majority-vote",0.94180730293953,0.505670672799195,0.658033269599939
