"","bcubed.precision","bcubed.recall","bcubed.f1"
"majority-vote",0.979545627328248,0.82543737500409,0.895912670949009
