"","bcubed.precision","bcubed.recall","bcubed.f1"
"majority-vote",0.751975475034275,0.67001288130182,0.708632039708397
