"","bcubed.precision","bcubed.recall","bcubed.f1"
"majority-vote",0.894393268410575,0.491071855985888,0.634027309046837
