"","bcubed.precision","bcubed.recall","bcubed.f1"
"majority-vote",0.954842414142013,0.675111613239545,0.790973477499259
