"","bcubed.precision","bcubed.recall","bcubed.f1"
"majority-vote",0.977199330611243,0.319329129333924,0.481359601536211
