"","bcubed.precision","bcubed.recall","bcubed.f1"
"majority-vote",0.862986586846518,0.448257241901633,0.590035169259469
