"","bcubed.precision","bcubed.recall","bcubed.f1"
"majority-vote",0.798018943880266,0.74777487569709,0.772080349922924
