"","bcubed.precision","bcubed.recall","bcubed.f1"
"majority-vote",0.896330910942473,0.749783005301177,0.81653362810319
