"","bcubed.precision","bcubed.recall","bcubed.f1"
"majority-vote",0.912805388260495,0.822198704540969,0.86513618133773
