"","bcubed.precision","bcubed.recall","bcubed.f1"
"majority-vote",0.844656469575808,0.952646083712104,0.895407038009795
