"","bcubed.precision","bcubed.recall","bcubed.f1"
"majority-vote",0.959596382829232,0.226174106473014,0.366067221977923
