"","bcubed.precision","bcubed.recall","bcubed.f1"
"majority-vote",0.268290055837339,0.650214720893928,0.379848092670139
