"","bcubed.precision","bcubed.recall","bcubed.f1"
"majority-vote",0.77215401022786,0.637530019392525,0.698413759070744
