"","bcubed.precision","bcubed.recall","bcubed.f1"
"majority-vote",0.504130460666201,0.484495799360367,0.494118152426615
