"","bcubed.precision","bcubed.recall","bcubed.f1"
"majority-vote",0.441515560673353,0.706167270468342,0.543327528982627
