"","bcubed.precision","bcubed.recall","bcubed.f1"
"majority-vote",0.848317288401663,0.774787471156327,0.809886857577703
