"","bcubed.precision","bcubed.recall","bcubed.f1"
"majority-vote",0.913209648537612,0.707213864350209,0.797118184681502
