"","bcubed.precision","bcubed.recall","bcubed.f1"
"majority-vote",0.335272658734822,0.913975468902603,0.490584662403141
