"","bcubed.precision","bcubed.recall","bcubed.f1"
"majority-vote",0.962905458519774,0.531499021075876,0.684932781692883
