"","bcubed.precision","bcubed.recall","bcubed.f1"
"majority-vote",0.995042163818592,0.193592506200918,0.324124327058479
