"","bcubed.precision","bcubed.recall","bcubed.f1"
"majority-vote",0.908664250496597,0.847604375066227,0.877072883927845
