"","bcubed.precision","bcubed.recall","bcubed.f1"
"majority-vote",0.945962656689085,0.491274143910245,0.646695094562287
