"","bcubed.precision","bcubed.recall","bcubed.f1"
"majority-vote",0.975382307095039,0.292837282279146,0.450439823491168
