"","bcubed.precision","bcubed.recall","bcubed.f1"
"majority-vote",0.458333231213919,0.662568198433743,0.541844296484087
