"","bcubed.precision","bcubed.recall","bcubed.f1"
"majority-vote",0.89846246739019,0.841947235913772,0.869287259839326
