"","bcubed.precision","bcubed.recall","bcubed.f1"
"majority-vote",0.996191875688651,0.0407530052798722,0.0783027401259484
