"","bcubed.precision","bcubed.recall","bcubed.f1"
"majority-vote",0.786459707807509,0.805148931534404,0.795694591979462
