"","bcubed.precision","bcubed.recall","bcubed.f1"
"majority-vote",0.540531428434848,0.593796287799477,0.565913273650906
