"","bcubed.precision","bcubed.recall","bcubed.f1"
"majority-vote",0.977990647849502,0.818369559190549,0.891088293134554
