"","bcubed.precision","bcubed.recall","bcubed.f1"
"majority-vote",0.999979609816854,0.895261614741595,0.944727614187349
