"","bcubed.precision","bcubed.recall","bcubed.f1"
"majority-vote",0.983817728912005,0.51466311064598,0.675797353297987
