"","bcubed.precision","bcubed.recall","bcubed.f1"
"majority-vote",0.813883370472851,0.7131955070669,0.760220014349053
