"","bcubed.precision","bcubed.recall","bcubed.f1"
"majority-vote",0.985726120539303,0.496603208807889,0.660466935078656
