"","bcubed.precision","bcubed.recall","bcubed.f1"
"majority-vote",0.965092736158982,0.89158851737952,0.926885646231239
