"","bcubed.precision","bcubed.recall","bcubed.f1"
"majority-vote",0.946744996678202,0.901338276768214,0.923483823597953
