"","bcubed.precision","bcubed.recall","bcubed.f1"
"majority-vote",0.937187067119698,0.556973258884081,0.698704316897184
