"","bcubed.precision","bcubed.recall","bcubed.f1"
"majority-vote",0.923826709576606,0.63258422823054,0.750956179888642
