"","bcubed.precision","bcubed.recall","bcubed.f1"
"majority-vote",0.996294979686853,0.858316541392851,0.922173135939588
