"","bcubed.precision","bcubed.recall","bcubed.f1"
"majority-vote",0.94976648404885,0.825378877952654,0.883214650137044
