"","bcubed.precision","bcubed.recall","bcubed.f1"
"majority-vote",0.918429234500397,0.722614431973191,0.808839195634846
