"","bcubed.precision","bcubed.recall","bcubed.f1"
"majority-vote",0.713584079834006,0.943432939791054,0.812567062682581
