"","bcubed.precision","bcubed.recall","bcubed.f1"
"majority-vote",0.625082775500576,0.988691254639823,0.765923682028319
