"","bcubed.precision","bcubed.recall","bcubed.f1"
"majority-vote",0.869399244260634,0.379451336201258,0.528317334496572
