"","bcubed.precision","bcubed.recall","bcubed.f1"
"majority-vote",0.989290964005082,0.383902677005468,0.553150609027548
