"","bcubed.precision","bcubed.recall","bcubed.f1"
"majority-vote",0.781011856827987,0.469855843504596,0.586733488568673
