"","bcubed.precision","bcubed.recall","bcubed.f1"
"majority-vote",0.965103533783098,0.400541086655528,0.566126226942429
