"","bcubed.precision","bcubed.recall","bcubed.f1"
"majority-vote",0.911833294972856,0.587041882172358,0.714248046628941
