"","bcubed.precision","bcubed.recall","bcubed.f1"
"majority-vote",0.261654321658033,0.667959993916194,0.37601533490776
