"","bcubed.precision","bcubed.recall","bcubed.f1"
"majority-vote",0.539031037928363,0.757182265906249,0.629749349871619
