"","bcubed.precision","bcubed.recall","bcubed.f1"
"majority-vote",0.362819272830019,0.810260814565489,0.501207449861339
