"","bcubed.precision","bcubed.recall","bcubed.f1"
"majority-vote",0.97667615541031,0.228058801833907,0.369773604465052
