"","bcubed.precision","bcubed.recall","bcubed.f1"
"majority-vote",0.894943301977542,0.545510056963686,0.677842942446785
