"","bcubed.precision","bcubed.recall","bcubed.f1"
"majority-vote",0.97787973516511,0.394533073736902,0.562230103300157
