"","bcubed.precision","bcubed.recall","bcubed.f1"
"majority-vote",0.262275684346954,0.754563041654785,0.389252559078064
