"","bcubed.precision","bcubed.recall","bcubed.f1"
"majority-vote",0.925224561712089,0.931758557773716,0.928480064456789
