"","bcubed.precision","bcubed.recall","bcubed.f1"
"majority-vote",0.270209754275656,0.921520986460109,0.417886273802945
