"","bcubed.precision","bcubed.recall","bcubed.f1"
"majority-vote",0.992327226572272,0.956287445123332,0.973974056553092
