"","bcubed.precision","bcubed.recall","bcubed.f1"
"majority-vote",0.671612417131046,0.576549008154208,0.620460567225846
