"","bcubed.precision","bcubed.recall","bcubed.f1"
"majority-vote",0.850085056948473,0.81974354955885,0.83463864410305
