"","bcubed.precision","bcubed.recall","bcubed.f1"
"majority-vote",0.74036247829937,0.852372660079398,0.792428973085086
