"","bcubed.precision","bcubed.recall","bcubed.f1"
"majority-vote",0.949756714357044,0.402216390273791,0.565111415276706
