"","bcubed.precision","bcubed.recall","bcubed.f1"
"majority-vote",0.865524206553158,0.861862673709531,0.863689559465433
