"","bcubed.precision","bcubed.recall","bcubed.f1"
"majority-vote",0.563388964753293,0.923942514337935,0.699963691970613
