"","bcubed.precision","bcubed.recall","bcubed.f1"
"majority-vote",0.984091928254961,0.63397340077652,0.771153173161381
