"","bcubed.precision","bcubed.recall","bcubed.f1"
"majority-vote",0.95053583245693,0.27355954340518,0.42484949039865
