"","bcubed.precision","bcubed.recall","bcubed.f1"
"majority-vote",0.947249075565015,0.550355827857282,0.696210392979229
