"","bcubed.precision","bcubed.recall","bcubed.f1"
"majority-vote",0.679217347677717,0.311519034844919,0.427135081200379
