"","bcubed.precision","bcubed.recall","bcubed.f1"
"majority-vote",0.906925793852057,0.661566167625937,0.765055144043508
