"","bcubed.precision","bcubed.recall","bcubed.f1"
"majority-vote",0.439222056835592,0.749342348662345,0.553823900717612
