"","bcubed.precision","bcubed.recall","bcubed.f1"
"majority-vote",0.852037108931111,0.541341146449438,0.662049581418595
