"","bcubed.precision","bcubed.recall","bcubed.f1"
"majority-vote",0.986358913133311,0.267534415205327,0.420904951073182
