"","bcubed.precision","bcubed.recall","bcubed.f1"
"majority-vote",0.9549371398407,0.679377528764556,0.793926465512459
