"","bcubed.precision","bcubed.recall","bcubed.f1"
"majority-vote",0.814111478680134,0.816788410930149,0.815447747868862
