"","bcubed.precision","bcubed.recall","bcubed.f1"
"majority-vote",0.509953429802178,0.571743031601736,0.539083431136285
