"","bcubed.precision","bcubed.recall","bcubed.f1"
"majority-vote",0.473664664023805,0.493010432365736,0.483143967769384
