"","bcubed.precision","bcubed.recall","bcubed.f1"
"majority-vote",0.997302202689432,0.765519298428686,0.866172873475795
