"","bcubed.precision","bcubed.recall","bcubed.f1"
"majority-vote",0.968888468432561,0.543844646528596,0.696652702884565
