"","bcubed.precision","bcubed.recall","bcubed.f1"
"majority-vote",0.929242188120105,0.311591164061404,0.466692250949353
