"","bcubed.precision","bcubed.recall","bcubed.f1"
"majority-vote",0.956060500455729,0.978695617249566,0.967245652368031
