"","bcubed.precision","bcubed.recall","bcubed.f1"
"majority-vote",0.830954479231204,0.768748796579176,0.7986421801849
