"","bcubed.precision","bcubed.recall","bcubed.f1"
"majority-vote",0.848045619644546,0.794604180635073,0.820455576866244
