"","bcubed.precision","bcubed.recall","bcubed.f1"
"majority-vote",0.978165712408037,0.340855666964986,0.505546508220519
