"","bcubed.precision","bcubed.recall","bcubed.f1"
"majority-vote",0.899475634346343,0.21030084432668,0.340898350234443
