"","bcubed.precision","bcubed.recall","bcubed.f1"
"majority-vote",0.68671956551868,0.475887656750612,0.562187054440622
