"","bcubed.precision","bcubed.recall","bcubed.f1"
"majority-vote",0.994094301753387,0.189590237253958,0.318447302995588
