"","bcubed.precision","bcubed.recall","bcubed.f1"
"majority-vote",0.961054144861884,0.379131960402494,0.543754842052403
