"","bcubed.precision","bcubed.recall","bcubed.f1"
"majority-vote",0.977472063958501,0.490509344393191,0.653222416206619
