"","bcubed.precision","bcubed.recall","bcubed.f1"
"majority-vote",0.96963332873932,0.273356231026678,0.426480351567765
