"","bcubed.precision","bcubed.recall","bcubed.f1"
"majority-vote",0.883499824606358,0.237081046467909,0.373843724051947
