"","bcubed.precision","bcubed.recall","bcubed.f1"
"majority-vote",0.797770528712102,0.91344962741638,0.851700103702056
