"","bcubed.precision","bcubed.recall","bcubed.f1"
"majority-vote",0.9792666462835,0.996639209966525,0.987876556579282
