"","bcubed.precision","bcubed.recall","bcubed.f1"
"majority-vote",0.890689804281256,0.624132954395417,0.733958947753822
