"","bcubed.precision","bcubed.recall","bcubed.f1"
"majority-vote",0.94990870572878,0.399706010251653,0.562655718516434
