"","bcubed.precision","bcubed.recall","bcubed.f1"
"majority-vote",0.947302685347501,0.924240322011423,0.935629409001286
