"","bcubed.precision","bcubed.recall","bcubed.f1"
"majority-vote",0.965263883345445,0.615595875874369,0.75175860762145
