"","bcubed.precision","bcubed.recall","bcubed.f1"
"majority-vote",0.870934725689455,0.382720783719088,0.531764616806566
