"","bcubed.precision","bcubed.recall","bcubed.f1"
"majority-vote",0.948928726062207,0.66513852510015,0.782085198523977
