"","bcubed.precision","bcubed.recall","bcubed.f1"
"majority-vote",0.701243807159109,0.846817587651592,0.767186096268112
