"","bcubed.precision","bcubed.recall","bcubed.f1"
"majority-vote",0.465323005870266,0.535760660063808,0.498063786777132
