"","bcubed.precision","bcubed.recall","bcubed.f1"
"majority-vote",0.743537621364905,0.875643468738754,0.804201415010407
