"","bcubed.precision","bcubed.recall","bcubed.f1"
"majority-vote",0.573992258472545,0.824112543014626,0.676679200725652
