"","bcubed.precision","bcubed.recall","bcubed.f1"
"majority-vote",0.8990142918764,0.377628677017376,0.531853597181007
