"","bcubed.precision","bcubed.recall","bcubed.f1"
"majority-vote",0.91217586658959,0.49191398811669,0.639150075607872
