"","bcubed.precision","bcubed.recall","bcubed.f1"
"majority-vote",0.92301347635177,0.432731240323794,0.589221202995639
