"","bcubed.precision","bcubed.recall","bcubed.f1"
"majority-vote",0.856335879499539,0.681582607196403,0.759030659211414
