"","bcubed.precision","bcubed.recall","bcubed.f1"
"majority-vote",0.859530315428259,0.414890423797699,0.559643900728726
