"","bcubed.precision","bcubed.recall","bcubed.f1"
"majority-vote",0.908093336229572,0.500626549488522,0.645430845605464
