"","bcubed.precision","bcubed.recall","bcubed.f1"
"majority-vote",0.530816488502204,0.760840282370903,0.625346572102356
