"","bcubed.precision","bcubed.recall","bcubed.f1"
"majority-vote",0.959793079792695,0.63622980029789,0.76521328998635
