"","bcubed.precision","bcubed.recall","bcubed.f1"
"majority-vote",0.875068748472739,0.466835323106535,0.608855745482503
