"","bcubed.precision","bcubed.recall","bcubed.f1"
"majority-vote",0.261690026046703,0.684511106063226,0.378629285246156
