"","bcubed.precision","bcubed.recall","bcubed.f1"
"majority-vote",0.993283205687113,0.701302449289531,0.822138371041658
