"","bcubed.precision","bcubed.recall","bcubed.f1"
"majority-vote",0.957447620267607,0.327124905111322,0.487640761017695
