"","bcubed.precision","bcubed.recall","bcubed.f1"
"majority-vote",0.996049139736806,0.0368779454278548,0.0711226307185469
