"","bcubed.precision","bcubed.recall","bcubed.f1"
"majority-vote",0.553674442229044,0.815099679411087,0.659421964842873
