"","bcubed.precision","bcubed.recall","bcubed.f1"
"majority-vote",0.888547604410168,0.698530958039285,0.782164190302223
