"","bcubed.precision","bcubed.recall","bcubed.f1"
"majority-vote",0.233782497299973,0.984792311735301,0.377863064708451
