"","bcubed.precision","bcubed.recall","bcubed.f1"
"majority-vote",0.747789497933214,0.799114078555656,0.772600341322951
