"","bcubed.precision","bcubed.recall","bcubed.f1"
"majority-vote",0.964719164549817,0.447091807391377,0.611013858761317
