"","bcubed.precision","bcubed.recall","bcubed.f1"
"majority-vote",0.952575957634368,0.757640785926238,0.843998750350166
