"","bcubed.precision","bcubed.recall","bcubed.f1"
"majority-vote",0.951232651209805,0.850195884319485,0.897880841941108
