"","bcubed.precision","bcubed.recall","bcubed.f1"
"majority-vote",0.561793503290898,0.93107147559357,0.7007598322506
