"","bcubed.precision","bcubed.recall","bcubed.f1"
"majority-vote",0.960362015594808,0.7139723323449,0.819038215411878
