"","bcubed.precision","bcubed.recall","bcubed.f1"
"majority-vote",0.672727563517271,0.453764586805698,0.541965507357862
