"","bcubed.precision","bcubed.recall","bcubed.f1"
"majority-vote",0.507298787448336,0.290041942624247,0.369071640900738
