"","bcubed.precision","bcubed.recall","bcubed.f1"
"majority-vote",0.997357809583616,0.7905050500693,0.881965169694237
