"","bcubed.precision","bcubed.recall","bcubed.f1"
"majority-vote",0.990055513713213,0.329718443627448,0.494690111546174
