"","bcubed.precision","bcubed.recall","bcubed.f1"
"majority-vote",0.705101027152096,0.57011328444754,0.630462595660113
