"","bcubed.precision","bcubed.recall","bcubed.f1"
"majority-vote",0.953349578640822,0.889182737113344,0.920148841367514
