"","bcubed.precision","bcubed.recall","bcubed.f1"
"majority-vote",0.262311388735624,0.771952309354029,0.391567223481482
