"","bcubed.precision","bcubed.recall","bcubed.f1"
"majority-vote",0.786177589930541,0.521457982327262,0.627022678938357
