"","bcubed.precision","bcubed.recall","bcubed.f1"
"majority-vote",0.975095655163585,0.137940100550315,0.241689976317372
