"","bcubed.precision","bcubed.recall","bcubed.f1"
"majority-vote",0.942964754018521,0.239555387040854,0.382052328364441
