"","bcubed.precision","bcubed.recall","bcubed.f1"
"majority-vote",0.90460892915099,0.407217973487326,0.561618326604742
