"","bcubed.precision","bcubed.recall","bcubed.f1"
"majority-vote",0.965723916539192,0.31527277612445,0.475358698239876
