"","bcubed.precision","bcubed.recall","bcubed.f1"
"majority-vote",0.896638742372531,0.440337234025456,0.590621567935868
