"","bcubed.precision","bcubed.recall","bcubed.f1"
"majority-vote",0.973780594560414,0.384200795726602,0.551005016665451
