"","bcubed.precision","bcubed.recall","bcubed.f1"
"majority-vote",0.985600748753384,0.144988905361747,0.252790520708089
