"","bcubed.precision","bcubed.recall","bcubed.f1"
"majority-vote",0.90295547753958,0.151451697985166,0.25939531416849
