"","bcubed.precision","bcubed.recall","bcubed.f1"
"majority-vote",0.947749125667043,0.264435241819092,0.413498599638498
