"","bcubed.precision","bcubed.recall","bcubed.f1"
"majority-vote",0.942612359485349,0.463020122548702,0.620999437311316
