"","bcubed.precision","bcubed.recall","bcubed.f1"
"majority-vote",0.999881796529396,0.124224751308878,0.220993406276303
