"","bcubed.precision","bcubed.recall","bcubed.f1"
"majority-vote",0.840305885477171,0.575285539992008,0.682987783604263
