"","bcubed.precision","bcubed.recall","bcubed.f1"
"majority-vote",0.9874601354915,0.188842263767954,0.317051478402528
