"","bcubed.precision","bcubed.recall","bcubed.f1"
"majority-vote",0.991773802031826,0.19696021779478,0.328652130406495
