"","bcubed.precision","bcubed.recall","bcubed.f1"
"majority-vote",0.887102322295088,0.640687845855248,0.744023214408461
