"","bcubed.precision","bcubed.recall","bcubed.f1"
"majority-vote",0.914473344063649,0.168786834802926,0.28497504896312
