"","bcubed.precision","bcubed.recall","bcubed.f1"
"majority-vote",0.93578962157078,0.385460273028184,0.546012869332489
