"","bcubed.precision","bcubed.recall","bcubed.f1"
"majority-vote",0.909730703237929,0.334088970131714,0.488705879556604
