"","bcubed.precision","bcubed.recall","bcubed.f1"
"majority-vote",0.884139653821681,0.610520420186464,0.722285049746751
