"","bcubed.precision","bcubed.recall","bcubed.f1"
"majority-vote",0.983360870368506,0.0413002870432969,0.0792712516124851
