"","bcubed.precision","bcubed.recall","bcubed.f1"
"majority-vote",0.959497580883298,0.803032158705962,0.874319900927654
