"","bcubed.precision","bcubed.recall","bcubed.f1"
"majority-vote",0.958412164239089,0.281340140018892,0.434989814589165
