"","bcubed.precision","bcubed.recall","bcubed.f1"
"majority-vote",0.479199022402749,0.246919246318078,0.325906857174912
