"","bcubed.precision","bcubed.recall","bcubed.f1"
"majority-vote",0.906276150627615,0.520436764831308,0.661183371603096
