"","bcubed.precision","bcubed.recall","bcubed.f1"
"majority-vote",0.957982924175701,0.178141666537166,0.300418943524015
