"","bcubed.precision","bcubed.recall","bcubed.f1"
"majority-vote",0.94281782086571,0.476584507784442,0.633128969874241
