"","bcubed.precision","bcubed.recall","bcubed.f1"
"majority-vote",0.997207354648414,0.136023270747868,0.239392411311992
