"","bcubed.precision","bcubed.recall","bcubed.f1"
"majority-vote",0.91504068263875,0.409308344250278,0.565611903098252
