"","bcubed.precision","bcubed.recall","bcubed.f1"
"majority-vote",0.982494158565698,0.233466240581595,0.377280736699264
