"","bcubed.precision","bcubed.recall","bcubed.f1"
"majority-vote",0.943047826179663,0.269697679169426,0.419441356730844
