"","bcubed.precision","bcubed.recall","bcubed.f1"
"majority-vote",0.863046445132697,0.602848490572185,0.709854757076099
