"","bcubed.precision","bcubed.recall","bcubed.f1"
"majority-vote",0.974509700646587,0.476429752305069,0.639979034760467
