"","bcubed.precision","bcubed.recall","bcubed.f1"
"majority-vote",0.978059936957696,0.0967278239655236,0.176045193012825
