"","bcubed.precision","bcubed.recall","bcubed.f1"
"majority-vote",0.961536909230335,0.210385890123051,0.34523400115811
