"","bcubed.precision","bcubed.recall","bcubed.f1"
"majority-vote",0.956296755389341,0.59635440847517,0.73460388161819
