"","bcubed.precision","bcubed.recall","bcubed.f1"
"majority-vote",0.869105238245254,0.446644252958065,0.590052836764514
