"","bcubed.precision","bcubed.recall","bcubed.f1"
"majority-vote",0.897781679879003,0.318492245014927,0.470184383477385
