"","bcubed.precision","bcubed.recall","bcubed.f1"
"majority-vote",0.968906712066518,0.55230079663413,0.703556807178236
