"","bcubed.precision","bcubed.recall","bcubed.f1"
"majority-vote",0.989936348492131,0.305947740049083,0.4674319119923
