"","bcubed.precision","bcubed.recall","bcubed.f1"
"majority-vote",0.818007271437484,0.522540541716494,0.637712371838956
