"","bcubed.precision","bcubed.recall","bcubed.f1"
"majority-vote",0.954988201655231,0.406423765244495,0.57018729101472
