"","bcubed.precision","bcubed.recall","bcubed.f1"
"majority-vote",0.959756853081355,0.550582500834933,0.699743838353677
