"","bcubed.precision","bcubed.recall","bcubed.f1"
"majority-vote",0.996209941710655,0.442875907643532,0.613163394437672
