"","bcubed.precision","bcubed.recall","bcubed.f1"
"majority-vote",0.698248506584287,0.325176570552994,0.443714073139467
