"","bcubed.precision","bcubed.recall","bcubed.f1"
"majority-vote",0.979705177564356,0.425538749176834,0.59335252462484
