"","bcubed.precision","bcubed.recall","bcubed.f1"
"majority-vote",0.933400729008206,0.612638700910426,0.739744923683515
