"","bcubed.precision","bcubed.recall","bcubed.f1"
"majority-vote",0.942034586885236,0.293070907929556,0.447059676826877
