"","bcubed.precision","bcubed.recall","bcubed.f1"
"majority-vote",0.989399293286219,0.352599788968334,0.519913890599766
