"","bcubed.precision","bcubed.recall","bcubed.f1"
"majority-vote",0.814303560747509,0.504630065702373,0.623112567791229
