"","bcubed.precision","bcubed.recall","bcubed.f1"
"majority-vote",0.841166015071889,0.519323066110248,0.64217628806738
