"","bcubed.precision","bcubed.recall","bcubed.f1"
"majority-vote",0.978981855445192,0.206288659577383,0.340770907823556
