"","bcubed.precision","bcubed.recall","bcubed.f1"
"majority-vote",0.973300086845395,0.249646016413074,0.397369088969734
