"","bcubed.precision","bcubed.recall","bcubed.f1"
"majority-vote",0.998440130263064,0.138880456608375,0.243842981104384
