"","bcubed.precision","bcubed.recall","bcubed.f1"
"majority-vote",0.969766921737463,0.247460282872657,0.394304031104142
