"","bcubed.precision","bcubed.recall","bcubed.f1"
"majority-vote",0.973705981983358,0.786135678919817,0.869924869061149
