"","bcubed.precision","bcubed.recall","bcubed.f1"
"majority-vote",0.976921230521713,0.623644528722522,0.761295281857611
