"","bcubed.precision","bcubed.recall","bcubed.f1"
"majority-vote",0.852981526871998,0.295030150046377,0.438419352206164
