"","bcubed.precision","bcubed.recall","bcubed.f1"
"majority-vote",0.990832193688902,0.291048171173335,0.449932623695052
