"","bcubed.precision","bcubed.recall","bcubed.f1"
"majority-vote",0.994650594967309,0.0989934538723493,0.180065713147655
