"","bcubed.precision","bcubed.recall","bcubed.f1"
"majority-vote",0.845519210695056,0.751053867280499,0.79549189675388
