"","bcubed.precision","bcubed.recall","bcubed.f1"
"majority-vote",0.98917897774076,0.299523443788507,0.459814909922365
