"","bcubed.precision","bcubed.recall","bcubed.f1"
"majority-vote",0.926174024466482,0.691772408279519,0.791993631462452
