"","bcubed.precision","bcubed.recall","bcubed.f1"
"majority-vote",0.996707510371311,0.208175359601954,0.344415128740473
