"","bcubed.precision","bcubed.recall","bcubed.f1"
"majority-vote",0.907637789556377,0.361803578623546,0.517371827619404
