"","bcubed.precision","bcubed.recall","bcubed.f1"
"majority-vote",0.96531947872575,0.901399769607984,0.932265263239977
