"","bcubed.precision","bcubed.recall","bcubed.f1"
"majority-vote",0.996539682381918,0.101672058308523,0.184518589521165
