"","bcubed.precision","bcubed.recall","bcubed.f1"
"majority-vote",0.879466597466381,0.751061323196638,0.810207955386318
