"","bcubed.precision","bcubed.recall","bcubed.f1"
"majority-vote",0.957308742626136,0.520500186633585,0.674348854357606
