"","bcubed.precision","bcubed.recall","bcubed.f1"
"majority-vote",0.976333595799174,0.488684724339226,0.651349280166232
