"","bcubed.precision","bcubed.recall","bcubed.f1"
"majority-vote",0.833753562473872,0.486137562989424,0.614170240522721
