"","bcubed.precision","bcubed.recall","bcubed.f1"
"majority-vote",0.717147423891056,0.484085607136584,0.578007326028568
