"","bcubed.precision","bcubed.recall","bcubed.f1"
"majority-vote",0.913386906785769,0.289584467577078,0.439748886349893
