"","bcubed.precision","bcubed.recall","bcubed.f1"
"majority-vote",0.929725568933075,0.497951569485291,0.648547621563391
