"","bcubed.precision","bcubed.recall","bcubed.f1"
"majority-vote",0.944337400217888,0.392415554989177,0.554437053697984
