"","bcubed.precision","bcubed.recall","bcubed.f1"
"majority-vote",0.978451896487473,0.173766008702147,0.2951207058906
