"","bcubed.precision","bcubed.recall","bcubed.f1"
"majority-vote",0.956214494993884,0.45941439545568,0.620641055162507
