"","bcubed.precision","bcubed.recall","bcubed.f1"
"majority-vote",0.971412896993405,0.578576189989372,0.725213329008719
