"","bcubed.precision","bcubed.recall","bcubed.f1"
"majority-vote",0.852728397652637,0.354964753654538,0.501267271871792
