"","bcubed.precision","bcubed.recall","bcubed.f1"
"majority-vote",0.983848103457957,0.16473488972178,0.282215755915806
