"","bcubed.precision","bcubed.recall","bcubed.f1"
"majority-vote",0.997454885902638,0.178077594442342,0.302202396983834
