"","bcubed.precision","bcubed.recall","bcubed.f1"
"majority-vote",0.89252485247608,0.748713743092852,0.81431867969095
