"","bcubed.precision","bcubed.recall","bcubed.f1"
"majority-vote",0.915154057431361,0.640402253392593,0.753513989178556
