"","bcubed.precision","bcubed.recall","bcubed.f1"
"majority-vote",0.975110856083808,0.103055546383789,0.186410153068188
