"","bcubed.precision","bcubed.recall","bcubed.f1"
"majority-vote",0.977694337198094,0.0968480514920798,0.176238355059956
