"","bcubed.precision","bcubed.recall","bcubed.f1"
"majority-vote",0.886095362368363,0.893802171981987,0.889932082249983
