"","bcubed.precision","bcubed.recall","bcubed.f1"
"majority-vote",0.959488777028012,0.763293641803687,0.850219592308277
