"","bcubed.precision","bcubed.recall","bcubed.f1"
"majority-vote",0.918155192745352,0.143999269178716,0.24895376611886
