"","bcubed.precision","bcubed.recall","bcubed.f1"
"majority-vote",0.968134070380367,0.381415805770292,0.547236738817021
