"","bcubed.precision","bcubed.recall","bcubed.f1"
"majority-vote",0.90110469511756,0.350545812494944,0.504739103402795
