"","bcubed.precision","bcubed.recall","bcubed.f1"
"majority-vote",0.685167442146816,0.383233613124733,0.491536756078208
