"","bcubed.precision","bcubed.recall","bcubed.f1"
"majority-vote",0.94878579865763,0.27896817953151,0.431163004508862
