"","bcubed.precision","bcubed.recall","bcubed.f1"
"majority-vote",0.906310329589052,0.359794775695967,0.515100555845281
