"","bcubed.precision","bcubed.recall","bcubed.f1"
"majority-vote",0.937923758123249,0.470485638027069,0.626635492446354
