"","bcubed.precision","bcubed.recall","bcubed.f1"
"majority-vote",0.933831090276332,0.274020674750198,0.423709320745354
