"","bcubed.precision","bcubed.recall","bcubed.f1"
"majority-vote",0.981520374242526,0.320498539220094,0.483212406374188
