"","bcubed.precision","bcubed.recall","bcubed.f1"
"majority-vote",0.974858027496993,0.173821304553683,0.295036376760859
