"","bcubed.precision","bcubed.recall","bcubed.f1"
"majority-vote",0.974488347128425,0.800659163598355,0.879062748569831
