"","bcubed.precision","bcubed.recall","bcubed.f1"
"majority-vote",0.87183661417291,0.313790113476734,0.461483709357353
