"","bcubed.precision","bcubed.recall","bcubed.f1"
"majority-vote",0.882100803659525,0.28550841993846,0.431389546415556
