"","bcubed.precision","bcubed.recall","bcubed.f1"
"majority-vote",0.954021082117057,0.318342666107854,0.477388035029994
