"","bcubed.precision","bcubed.recall","bcubed.f1"
"majority-vote",0.954650824623597,0.428489401322529,0.591491379748154
