"","bcubed.precision","bcubed.recall","bcubed.f1"
"majority-vote",0.99251455251273,0.128903846188912,0.228173433511494
