"","bcubed.precision","bcubed.recall","bcubed.f1"
"majority-vote",0.979811746810048,0.113592545074558,0.203583086037214
