"","bcubed.precision","bcubed.recall","bcubed.f1"
"majority-vote",0.862490739022041,0.418201604339092,0.563281279311774
