"","bcubed.precision","bcubed.recall","bcubed.f1"
"majority-vote",0.965360946309467,0.202157565859184,0.334307365660425
