"","bcubed.precision","bcubed.recall","bcubed.f1"
"majority-vote",0.979933467110219,0.428571104071322,0.596336251239238
