"","bcubed.precision","bcubed.recall","bcubed.f1"
"majority-vote",0.888512517140125,0.325082763735247,0.476007297056942
