"","bcubed.precision","bcubed.recall","bcubed.f1"
"majority-vote",0.954069130415949,0.213531976922911,0.348962100598138
