"","bcubed.precision","bcubed.recall","bcubed.f1"
"majority-vote",0.94070444287533,0.593903147233232,0.728117510744776
