"","bcubed.precision","bcubed.recall","bcubed.f1"
"majority-vote",0.988990333725272,0.671400111234485,0.7998217793756
