"","bcubed.precision","bcubed.recall","bcubed.f1"
"majority-vote",0.999507609466547,0.279681322353316,0.437063834691107
