"","bcubed.precision","bcubed.recall","bcubed.f1"
"majority-vote",0.881845747260724,0.229561570303483,0.364291095276013
