"","bcubed.precision","bcubed.recall","bcubed.f1"
"majority-vote",0.971672143616884,0.293354657364112,0.450653770402237
