"","bcubed.precision","bcubed.recall","bcubed.f1"
"majority-vote",0.983027052300322,0.0962091177677169,0.175265003280331
