"","bcubed.precision","bcubed.recall","bcubed.f1"
"majority-vote",0.998842918109458,0.180951380931769,0.306395793762873
