"","bcubed.precision","bcubed.recall","bcubed.f1"
"majority-vote",0.534458243294438,0.381720671095604,0.445357901384917
