"","bcubed.precision","bcubed.recall","bcubed.f1"
"majority-vote",0.967540013489823,0.090789027666015,0.166001335381988
