"","bcubed.precision","bcubed.recall","bcubed.f1"
"majority-vote",0.95912135699855,0.299541051581589,0.456510368326321
