"","bcubed.precision","bcubed.recall","bcubed.f1"
"majority-vote",0.815801355303185,0.563159704541999,0.666337090431087
