"","bcubed.precision","bcubed.recall","bcubed.f1"
"majority-vote",0.948712306652646,0.184894762827385,0.309475728676288
