"","bcubed.precision","bcubed.recall","bcubed.f1"
"majority-vote",0.868574898822012,0.473814599874887,0.613150607251056
