"","bcubed.precision","bcubed.recall","bcubed.f1"
"majority-vote",0.951648167169853,0.85214492535707,0.899152080955253
