"","bcubed.precision","bcubed.recall","bcubed.f1"
"majority-vote",0.822099864287846,0.559051489104034,0.665526123829444
