"","bcubed.precision","bcubed.recall","bcubed.f1"
"majority-vote",0.979282257112501,0.489428429117941,0.652665744526955
