"","bcubed.precision","bcubed.recall","bcubed.f1"
"majority-vote",0.981525944942606,0.662985302758616,0.791405077566776
