"","bcubed.precision","bcubed.recall","bcubed.f1"
"majority-vote",0.974020361732145,0.821997459377733,0.891574964697437
