"","bcubed.precision","bcubed.recall","bcubed.f1"
"majority-vote",0.980172434998997,0.774549453251671,0.865313219951558
