"","bcubed.precision","bcubed.recall","bcubed.f1"
"majority-vote",0.963708219172795,0.0902448310439221,0.165035217454905
