"","bcubed.precision","bcubed.recall","bcubed.f1"
"majority-vote",0.964075615768727,0.364768628347866,0.529278794779094
