"","bcubed.precision","bcubed.recall","bcubed.f1"
"majority-vote",0.967889601757069,0.0316253376529427,0.0612493805933662
