"","bcubed.precision","bcubed.recall","bcubed.f1"
"majority-vote",0.920564452096661,0.150146858936362,0.258183246046841
