"","bcubed.precision","bcubed.recall","bcubed.f1"
"majority-vote",0.983374680483448,0.359242353109252,0.526240655921995
