"","bcubed.precision","bcubed.recall","bcubed.f1"
"majority-vote",0.873951091205866,0.201938436411977,0.328071446609231
