"","bcubed.precision","bcubed.recall","bcubed.f1"
"majority-vote",0.985397300160262,0.105858417704406,0.191179019358128
