"","bcubed.precision","bcubed.recall","bcubed.f1"
"majority-vote",0.949702013285938,0.433822005658421,0.595582912244497
