"","bcubed.precision","bcubed.recall","bcubed.f1"
"majority-vote",0.796377167073802,0.687118700262221,0.737724527592923
