"","bcubed.precision","bcubed.recall","bcubed.f1"
"majority-vote",0.97275802598154,0.177436587589089,0.300128104659158
