"","bcubed.precision","bcubed.recall","bcubed.f1"
"majority-vote",0.96416039728896,0.475732813946786,0.637106606683251
