"","bcubed.precision","bcubed.recall","bcubed.f1"
"majority-vote",0.93689479308645,0.341125968077139,0.500147028890302
