"","bcubed.precision","bcubed.recall","bcubed.f1"
"majority-vote",0.93554791763589,0.365929191696461,0.526085769529099
