"","bcubed.precision","bcubed.recall","bcubed.f1"
"majority-vote",0.996744652791166,0.02113435388227,0.0413910771009883
