"","bcubed.precision","bcubed.recall","bcubed.f1"
"majority-vote",0.968669343002181,0.341467021748343,0.504937721771984
