"","bcubed.precision","bcubed.recall","bcubed.f1"
"majority-vote",0.922000453315365,0.339408354745563,0.496166912637122
