"","bcubed.precision","bcubed.recall","bcubed.f1"
"majority-vote",0.980629542626677,0.233819908858412,0.377604370442011
