"","bcubed.precision","bcubed.recall","bcubed.f1"
"majority-vote",0.985868708322916,0.502354273462438,0.665566067397743
