"","bcubed.precision","bcubed.recall","bcubed.f1"
"majority-vote",0.971360376571502,0.703476821520863,0.815995143934155
