"","bcubed.precision","bcubed.recall","bcubed.f1"
"majority-vote",0.584283862675293,0.213894836963202,0.31315118181872
