"","bcubed.precision","bcubed.recall","bcubed.f1"
"majority-vote",0.87464466853261,0.47004231341275,0.611473166515568
