"","bcubed.precision","bcubed.recall","bcubed.f1"
"majority-vote",0.908307867149496,0.547904843476117,0.683507671849485
