"","bcubed.precision","bcubed.recall","bcubed.f1"
"majority-vote",0.999593232774433,0.563747692814366,0.720915533529198
