"","bcubed.precision","bcubed.recall","bcubed.f1"
"majority-vote",0.731208329780094,0.48251076991708,0.581379817224601
