"","bcubed.precision","bcubed.recall","bcubed.f1"
"majority-vote",0.909242017542874,0.71236905929778,0.798854780855299
