"","bcubed.precision","bcubed.recall","bcubed.f1"
"majority-vote",0.975102648752554,0.240916858171685,0.386373187592277
