"","bcubed.precision","bcubed.recall","bcubed.f1"
"majority-vote",0.933372491350624,0.287736734750429,0.439871466411926
