"","bcubed.precision","bcubed.recall","bcubed.f1"
"majority-vote",0.872215196662496,0.455947585700308,0.598848903779555
