"","bcubed.precision","bcubed.recall","bcubed.f1"
"majority-vote",0.96134155471213,0.30194168613203,0.459547123865273
