"","bcubed.precision","bcubed.recall","bcubed.f1"
"majority-vote",0.879848748209533,0.555176295304895,0.68078417260696
