"","bcubed.precision","bcubed.recall","bcubed.f1"
"majority-vote",0.882683563664273,0.28696284328043,0.43311787843243
