"","bcubed.precision","bcubed.recall","bcubed.f1"
"majority-vote",0.731624515825168,0.157055088916477,0.258597930622705
