"","bcubed.precision","bcubed.recall","bcubed.f1"
"majority-vote",0.462824118398414,0.253546454533971,0.327616512253929
