"","bcubed.precision","bcubed.recall","bcubed.f1"
"majority-vote",0.989929937142068,0.175065669851691,0.2975165683229
