"","bcubed.precision","bcubed.recall","bcubed.f1"
"majority-vote",0.947132327697586,0.623807528221805,0.752197194582239
