"","bcubed.precision","bcubed.recall","bcubed.f1"
"majority-vote",0.781725521089981,0.517504395282331,0.622747964729758
