"","bcubed.precision","bcubed.recall","bcubed.f1"
"majority-vote",0.876042029963466,0.287163301661628,0.432541211562715
