"","bcubed.precision","bcubed.recall","bcubed.f1"
"majority-vote",0.943227408632661,0.317470329725139,0.475049184770431
