"","bcubed.precision","bcubed.recall","bcubed.f1"
"majority-vote",0.935487889776967,0.219617084027882,0.35572372581771
