"","bcubed.precision","bcubed.recall","bcubed.f1"
"majority-vote",0.9275512293213,0.177327018133004,0.297733970308708
