"","bcubed.precision","bcubed.recall","bcubed.f1"
"majority-vote",0.960706287388684,0.506938368215027,0.663674106403369
