"","bcubed.precision","bcubed.recall","bcubed.f1"
"majority-vote",0.948647613685333,0.430478884102199,0.592219447310468
