"","bcubed.precision","bcubed.recall","bcubed.f1"
"majority-vote",0.912418649442425,0.563050729734047,0.696372278058731
