"","bcubed.precision","bcubed.recall","bcubed.f1"
"majority-vote",0.977217864811661,0.119628396793758,0.213162063960597
