"","bcubed.precision","bcubed.recall","bcubed.f1"
"majority-vote",0.855818230442857,0.560339193227441,0.677253091754201
