"","bcubed.precision","bcubed.recall","bcubed.f1"
"majority-vote",0.515143347536796,0.679735697096591,0.586103378438664
