"","bcubed.precision","bcubed.recall","bcubed.f1"
"majority-vote",0.933526189928963,0.388752244481427,0.548916766957487
