"","bcubed.precision","bcubed.recall","bcubed.f1"
"majority-vote",0.991384328809121,0.382256467935982,0.551764439139588
