"","bcubed.precision","bcubed.recall","bcubed.f1"
"majority-vote",0.978674102250576,0.239893909394796,0.385334185976742
