"","bcubed.precision","bcubed.recall","bcubed.f1"
"majority-vote",0.946684107365793,0.532306001098955,0.681445573721807
