"","bcubed.precision","bcubed.recall","bcubed.f1"
"majority-vote",0.948181888341929,0.237564073727504,0.379936275112452
