"","bcubed.precision","bcubed.recall","bcubed.f1"
"majority-vote",0.878969099341982,0.314771002490528,0.463541409278871
