"","bcubed.precision","bcubed.recall","bcubed.f1"
"majority-vote",0.982489662867179,0.338929837704216,0.50399598588889
