"","bcubed.precision","bcubed.recall","bcubed.f1"
"majority-vote",0.975641031778794,0.480246673802919,0.643660027543403
