"","bcubed.precision","bcubed.recall","bcubed.f1"
"majority-vote",0.905461947796533,0.433945668383815,0.586709057625325
