"","bcubed.precision","bcubed.recall","bcubed.f1"
"majority-vote",0.993377483443709,0.661853944950676,0.79441556626333
