"","bcubed.precision","bcubed.recall","bcubed.f1"
"majority-vote",0.968364260804766,0.271567178503346,0.424178211364606
