"","bcubed.precision","bcubed.recall","bcubed.f1"
"majority-vote",0.924852895551705,0.38402365886127,0.542702658490962
