"","bcubed.precision","bcubed.recall","bcubed.f1"
"majority-vote",0.891525198029449,0.524728126524973,0.660628065334256
