"","bcubed.precision","bcubed.recall","bcubed.f1"
"majority-vote",0.94268843407895,0.519371644429327,0.669747638129386
