"","bcubed.precision","bcubed.recall","bcubed.f1"
"majority-vote",0.8806298938467,0.347807556311147,0.498665571216522
