"","bcubed.precision","bcubed.recall","bcubed.f1"
"majority-vote",0.879456683321094,0.390609310449672,0.540954517839663
