"","bcubed.precision","bcubed.recall","bcubed.f1"
"majority-vote",0.975535896749609,0.0784743455535165,0.145263372192871
