"","bcubed.precision","bcubed.recall","bcubed.f1"
"majority-vote",0.977225797558951,0.427281401452667,0.594586355428477
