"","bcubed.precision","bcubed.recall","bcubed.f1"
"majority-vote",0.936931737807364,0.649248242393318,0.767001590748846
