"","bcubed.precision","bcubed.recall","bcubed.f1"
"majority-vote",0.965570410128843,0.234537931652771,0.37740407090337
