"","bcubed.precision","bcubed.recall","bcubed.f1"
"majority-vote",0.574226988023502,0.659730379391617,0.61401633260512
