"","bcubed.precision","bcubed.recall","bcubed.f1"
"majority-vote",0.977936095255471,0.508106793922469,0.668750515398909
