"","bcubed.precision","bcubed.recall","bcubed.f1"
"majority-vote",0.95135383141221,0.343094674603276,0.504314280103232
