"","bcubed.precision","bcubed.recall","bcubed.f1"
"majority-vote",0.742651718800975,0.182784725750352,0.293365128525657
