"","bcubed.precision","bcubed.recall","bcubed.f1"
"majority-vote",0.869374520402375,0.439617478677085,0.583948923987566
