"","bcubed.precision","bcubed.recall","bcubed.f1"
"majority-vote",0.909354686967299,0.470283104738434,0.61995133514963
