"","bcubed.precision","bcubed.recall","bcubed.f1"
"majority-vote",0.983254904599261,0.132622825447685,0.233721025291475
