"","bcubed.precision","bcubed.recall","bcubed.f1"
"majority-vote",0.979161004894376,0.255716637534403,0.405526428163247
