"","bcubed.precision","bcubed.recall","bcubed.f1"
"majority-vote",0.860169948028814,0.400234343734415,0.546284326226414
