"","bcubed.precision","bcubed.recall","bcubed.f1"
"majority-vote",0.886281221186468,0.196479693163103,0.321652287383394
