"","bcubed.precision","bcubed.recall","bcubed.f1"
"majority-vote",0.950315702829979,0.264257382672395,0.413524625796323
