"","bcubed.precision","bcubed.recall","bcubed.f1"
"majority-vote",0.957933606724685,0.211960930849428,0.347115902249354
