"","bcubed.precision","bcubed.recall","bcubed.f1"
"majority-vote",0.97399663110515,0.387474264752297,0.554398378484615
