"","bcubed.precision","bcubed.recall","bcubed.f1"
"majority-vote",0.523068420870052,0.365703599701175,0.43045460472359
