"","bcubed.precision","bcubed.recall","bcubed.f1"
"majority-vote",0.823187322953397,0.149396077625833,0.252895447582809
