"","bcubed.precision","bcubed.recall","bcubed.f1"
"majority-vote",0.982841062182774,0.618009966013281,0.758853335804142
