"","bcubed.precision","bcubed.recall","bcubed.f1"
"majority-vote",0.980090655314308,0.0429850940246693,0.0823581030018658
