"","bcubed.precision","bcubed.recall","bcubed.f1"
"majority-vote",0.759107701052914,0.343651439260919,0.473119549835046
