"","bcubed.precision","bcubed.recall","bcubed.f1"
"majority-vote",0.98769526748765,0.273102703822773,0.427891310490411
