"","bcubed.precision","bcubed.recall","bcubed.f1"
"majority-vote",0.969079275100789,0.422242930155645,0.58819857992024
