"","bcubed.precision","bcubed.recall","bcubed.f1"
"majority-vote",0.99230295943029,0.202555569923934,0.33643563074072
