"","bcubed.precision","bcubed.recall","bcubed.f1"
"majority-vote",0.977588765105184,0.913183205709872,0.944289058822765
