"","bcubed.precision","bcubed.recall","bcubed.f1"
"majority-vote",0.791163361504568,0.437049437503652,0.563057969104841
