"","bcubed.precision","bcubed.recall","bcubed.f1"
"majority-vote",0.830569584530937,0.29021059737695,0.430129117521563
