"","bcubed.precision","bcubed.recall","bcubed.f1"
"majority-vote",0.967204877285314,0.157288908309437,0.270576149390292
