"","bcubed.precision","bcubed.recall","bcubed.f1"
"majority-vote",0.932232036311432,0.0798558721081164,0.147110150506639
