"","bcubed.precision","bcubed.recall","bcubed.f1"
"majority-vote",0.992312190669082,0.143751949853846,0.251124575073309
