"","bcubed.precision","bcubed.recall","bcubed.f1"
"majority-vote",0.966799639758972,0.250964553978982,0.398488379978369
