"","bcubed.precision","bcubed.recall","bcubed.f1"
"majority-vote",0.963721874988863,0.42465730478509,0.589538564042477
