"","bcubed.precision","bcubed.recall","bcubed.f1"
"majority-vote",0.977732643760009,0.241252558585793,0.387011263903824
