"","bcubed.precision","bcubed.recall","bcubed.f1"
"majority-vote",0.94252665309588,0.234285553782497,0.375285670193857
