"","bcubed.precision","bcubed.recall","bcubed.f1"
"majority-vote",0.915406211369426,0.535593672226364,0.67579023247221
