"","bcubed.precision","bcubed.recall","bcubed.f1"
"majority-vote",0.909412326617678,0.15311507281008,0.262100976745528
