"","bcubed.precision","bcubed.recall","bcubed.f1"
"majority-vote",0.962911727434686,0.289324186873562,0.444953941007125
