"","bcubed.precision","bcubed.recall","bcubed.f1"
"majority-vote",0.827901605577342,0.294195015760936,0.434123980537151
