"","bcubed.precision","bcubed.recall","bcubed.f1"
"majority-vote",0.865373525622081,0.115503648556308,0.203804925233601
