"","bcubed.precision","bcubed.recall","bcubed.f1"
"majority-vote",0.807665364363435,0.612538713868249,0.696697483278741
