"","bcubed.precision","bcubed.recall","bcubed.f1"
"majority-vote",0.908505263481192,0.308179459659211,0.460238640088314
