"","bcubed.precision","bcubed.recall","bcubed.f1"
"majority-vote",0.970665112088394,0.43209918551592,0.597995835876946
