"","bcubed.precision","bcubed.recall","bcubed.f1"
"majority-vote",0.887257062139378,0.353461324021908,0.5055314073355
