"","bcubed.precision","bcubed.recall","bcubed.f1"
"majority-vote",0.995764056965164,0.414558607235318,0.585401583721252
