"","bcubed.precision","bcubed.recall","bcubed.f1"
"majority-vote",0.974151392125303,0.35611134895572,0.521560674630224
