"","bcubed.precision","bcubed.recall","bcubed.f1"
"majority-vote",0.99900357014478,0.101155433303112,0.183709152390966
