"","bcubed.precision","bcubed.recall","bcubed.f1"
"majority-vote",0.965856478499351,0.111498974449464,0.199919175279219
