"","bcubed.precision","bcubed.recall","bcubed.f1"
"majority-vote",0.891406782813566,0.53238111801423,0.666627577553986
