"","bcubed.precision","bcubed.recall","bcubed.f1"
"majority-vote",0.964066500977043,0.424279783687969,0.589239055145454
