"","bcubed.precision","bcubed.recall","bcubed.f1"
"majority-vote",0.623974567804956,0.508970128975007,0.560635337550802
