"","bcubed.precision","bcubed.recall","bcubed.f1"
"majority-vote",0.951578086081772,0.369342933011504,0.532141795342416
