"","bcubed.precision","bcubed.recall","bcubed.f1"
"majority-vote",0.9810950890392,0.535890219423148,0.693163288539837
