"","bcubed.precision","bcubed.recall","bcubed.f1"
"majority-vote",0.66387287283123,0.762299561620896,0.709689779028244
