"","bcubed.precision","bcubed.recall","bcubed.f1"
"majority-vote",0.963488933618715,0.343404973280112,0.506340858670224
