"","bcubed.precision","bcubed.recall","bcubed.f1"
"majority-vote",0.897430091385598,0.424481808614993,0.576351189964636
