"","bcubed.precision","bcubed.recall","bcubed.f1"
"majority-vote",0.881658980481381,0.448684738302253,0.594713867316658
