"","bcubed.precision","bcubed.recall","bcubed.f1"
"majority-vote",0.974653466445899,0.477285461341794,0.640781675424616
