"","bcubed.precision","bcubed.recall","bcubed.f1"
"majority-vote",0.956818578629526,0.258967612441625,0.407612826444706
