"","bcubed.precision","bcubed.recall","bcubed.f1"
"majority-vote",0.999479660432647,0.0552493207585783,0.104710448533521
