"","bcubed.precision","bcubed.recall","bcubed.f1"
"majority-vote",0.946217792623033,0.432221305152047,0.593389276241131
