"","bcubed.precision","bcubed.recall","bcubed.f1"
"majority-vote",0.996021174668145,0.0872509259639969,0.160446797658374
