"","bcubed.precision","bcubed.recall","bcubed.f1"
"majority-vote",0.668693998972292,0.407709548562592,0.506562671726371
