"","bcubed.precision","bcubed.recall","bcubed.f1"
"majority-vote",0.960718312410672,0.643220957875069,0.770545574393006
