"","bcubed.precision","bcubed.recall","bcubed.f1"
"majority-vote",0.989483023641565,0.643209635704415,0.779626234648645
