"","bcubed.precision","bcubed.recall","bcubed.f1"
"majority-vote",0.986964109414448,0.221312846147132,0.36155259784469
