"","bcubed.precision","bcubed.recall","bcubed.f1"
"majority-vote",0.956442371478274,0.340222563313708,0.501908035846413
