"","bcubed.precision","bcubed.recall","bcubed.f1"
"majority-vote",0.988081976634959,0.385650130667232,0.554771838517399
