"","bcubed.precision","bcubed.recall","bcubed.f1"
"majority-vote",0.876543147587195,0.213781876508535,0.343730602876516
