"","bcubed.precision","bcubed.recall","bcubed.f1"
"majority-vote",0.921707172432684,0.65914428469622,0.768621254239674
