"","bcubed.precision","bcubed.recall","bcubed.f1"
"majority-vote",0.879645053209662,0.451745546521999,0.596933364840734
