"","bcubed.precision","bcubed.recall","bcubed.f1"
"majority-vote",0.895919250466204,0.512158851662018,0.651743640934604
