"","bcubed.precision","bcubed.recall","bcubed.f1"
"majority-vote",0.954362334599768,0.139387580331827,0.243248030950503
