"","bcubed.precision","bcubed.recall","bcubed.f1"
"majority-vote",0.582086785297192,0.495629993200819,0.535390512971709
