"","bcubed.precision","bcubed.recall","bcubed.f1"
"majority-vote",0.817211360518555,0.246977438413697,0.379317596024226
