"","bcubed.precision","bcubed.recall","bcubed.f1"
"majority-vote",0.750109269156563,0.276721331343204,0.404294993765974
