"","bcubed.precision","bcubed.recall","bcubed.f1"
"majority-vote",0.987545700713888,0.165858324915878,0.28401613321724
