"","bcubed.precision","bcubed.recall","bcubed.f1"
"majority-vote",0.978542326442594,0.262154879198438,0.413524982909226
