"","bcubed.precision","bcubed.recall","bcubed.f1"
"majority-vote",0.960956844592414,0.533428512684383,0.686036942036046
