"","bcubed.precision","bcubed.recall","bcubed.f1"
"majority-vote",0.999356335329122,0.0878090813255245,0.161433688706029
