"","bcubed.precision","bcubed.recall","bcubed.f1"
"majority-vote",0.929280838356223,0.320841285936471,0.476996052434515
