"","bcubed.precision","bcubed.recall","bcubed.f1"
"majority-vote",0.848497557505561,0.589946416229666,0.695985526541153
