"","bcubed.precision","bcubed.recall","bcubed.f1"
"majority-vote",0.891229776809102,0.217143535513205,0.349205060315811
