"","bcubed.precision","bcubed.recall","bcubed.f1"
"majority-vote",0.844893029339145,0.285683885773888,0.426989655384475
