"","bcubed.precision","bcubed.recall","bcubed.f1"
"majority-vote",0.910160269348562,0.767574817518292,0.832808597884518
