"","bcubed.precision","bcubed.recall","bcubed.f1"
"majority-vote",0.929915474541866,0.50381922422574,0.65355088829462
