"","bcubed.precision","bcubed.recall","bcubed.f1"
"majority-vote",0.970957241713087,0.30592077442161,0.465253512961733
