"","bcubed.precision","bcubed.recall","bcubed.f1"
"majority-vote",0.975075122458103,0.667066283378967,0.792184808983439
