"","bcubed.precision","bcubed.recall","bcubed.f1"
"majority-vote",0.913311898966919,0.521640953902781,0.664023057252495
