"","bcubed.precision","bcubed.recall","bcubed.f1"
"majority-vote",0.898461707506319,0.551174021139371,0.683218193895715
