"","bcubed.precision","bcubed.recall","bcubed.f1"
"majority-vote",0.710972509976948,0.717971696109599,0.714454961503978
