"","bcubed.precision","bcubed.recall","bcubed.f1"
"majority-vote",0.979194883294182,0.256021503928779,0.40591259839737
