"","bcubed.precision","bcubed.recall","bcubed.f1"
"majority-vote",0.966700307619903,0.181973776471249,0.306290719238605
