"","bcubed.precision","bcubed.recall","bcubed.f1"
"majority-vote",0.957279155783661,0.308742931471933,0.466900500028885
