"","bcubed.precision","bcubed.recall","bcubed.f1"
"majority-vote",0.836830881418884,0.657524445682304,0.736420249529485
