"","bcubed.precision","bcubed.recall","bcubed.f1"
"majority-vote",0.989373603352008,0.056744009916451,0.107332148599001
