"","bcubed.precision","bcubed.recall","bcubed.f1"
"majority-vote",0.978679095501826,0.435453125876182,0.602728464740959
