"","bcubed.precision","bcubed.recall","bcubed.f1"
"majority-vote",0.352075910601773,0.620834628545895,0.449334051556067
