"","bcubed.precision","bcubed.recall","bcubed.f1"
"majority-vote",0.938577477402557,0.333938801116936,0.492610495991178
