"","bcubed.precision","bcubed.recall","bcubed.f1"
"majority-vote",0.962371038659934,0.30530748918237,0.463554566906169
