"","bcubed.precision","bcubed.recall","bcubed.f1"
"majority-vote",0.910750044883923,0.476091889142935,0.625306603106224
