"","bcubed.precision","bcubed.recall","bcubed.f1"
"majority-vote",0.957540743885782,0.234664045120493,0.376949306696235
