"","bcubed.precision","bcubed.recall","bcubed.f1"
"majority-vote",0.992533410921751,0.547610599090009,0.705806485937065
