"","bcubed.precision","bcubed.recall","bcubed.f1"
"majority-vote",0.996722773070539,0.164790725521689,0.282821799518228
