"","bcubed.precision","bcubed.recall","bcubed.f1"
"majority-vote",0.888621677060281,0.438200913621229,0.586958397431921
