"","bcubed.precision","bcubed.recall","bcubed.f1"
"majority-vote",0.986778477442423,0.0859049643606664,0.158050672981535
