"","bcubed.precision","bcubed.recall","bcubed.f1"
"majority-vote",0.766215186593064,0.495635001511214,0.601914662683531
