"","bcubed.precision","bcubed.recall","bcubed.f1"
"majority-vote",0.982973755383505,0.267699066934946,0.42079935286337
