"","bcubed.precision","bcubed.recall","bcubed.f1"
"majority-vote",0.907216292373486,0.350941942902267,0.506105256638665
