"","bcubed.precision","bcubed.recall","bcubed.f1"
"majority-vote",0.921567618544916,0.345868449252173,0.502970005676337
