"","bcubed.precision","bcubed.recall","bcubed.f1"
"majority-vote",0.789875472708399,0.353601163671862,0.488511749902813
