"","bcubed.precision","bcubed.recall","bcubed.f1"
"majority-vote",0.831718098506499,0.720542612372983,0.772149069103498
