"","bcubed.precision","bcubed.recall","bcubed.f1"
"majority-vote",0.923112785754096,0.407912915684237,0.565803691897826
