"","bcubed.precision","bcubed.recall","bcubed.f1"
"majority-vote",0.985246813592884,0.486805663769223,0.651639444168558
