"","bcubed.precision","bcubed.recall","bcubed.f1"
"majority-vote",0.986902349942438,0.371719982409327,0.540034291244587
