"","bcubed.precision","bcubed.recall","bcubed.f1"
"majority-vote",0.982631735338687,0.650235748177056,0.782601513056966
