"","bcubed.precision","bcubed.recall","bcubed.f1"
"majority-vote",0.914567490182103,0.442437667159233,0.596370772250592
