"","bcubed.precision","bcubed.recall","bcubed.f1"
"majority-vote",0.841757773839822,0.309545886599487,0.452639325937405
