"","bcubed.precision","bcubed.recall","bcubed.f1"
"majority-vote",0.972924011601211,0.322538498646553,0.484468593288769
