"","bcubed.precision","bcubed.recall","bcubed.f1"
"majority-vote",0.912784582371346,0.58172509009944,0.710587162067003
