"","bcubed.precision","bcubed.recall","bcubed.f1"
"majority-vote",0.960381348627395,0.522604494030418,0.676877141154853
