"","bcubed.precision","bcubed.recall","bcubed.f1"
"majority-vote",0.999611938713465,0.196233894153329,0.328065270597054
