"","bcubed.precision","bcubed.recall","bcubed.f1"
"majority-vote",0.670076578529114,0.222924812294274,0.33454974880534
