"","bcubed.precision","bcubed.recall","bcubed.f1"
"majority-vote",0.900463189770535,0.370988352270414,0.525480278260377
