"","bcubed.precision","bcubed.recall","bcubed.f1"
"majority-vote",0.981323921728203,0.677573509609287,0.801639789354349
