"","bcubed.precision","bcubed.recall","bcubed.f1"
"majority-vote",0.937375388165234,0.529947047105655,0.677096331449433
