"","bcubed.precision","bcubed.recall","bcubed.f1"
"majority-vote",0.96597359819646,0.24139764309668,0.386266861298596
