"","bcubed.precision","bcubed.recall","bcubed.f1"
"majority-vote",0.974840420615937,0.208655763317918,0.343737605305446
