"","bcubed.precision","bcubed.recall","bcubed.f1"
"majority-vote",0.998915598787598,0.562093556581984,0.719385943018133
