"","bcubed.precision","bcubed.recall","bcubed.f1"
"majority-vote",0.997805566930209,0.39566387943761,0.566636925646435
