"","bcubed.precision","bcubed.recall","bcubed.f1"
"majority-vote",0.673538831064852,0.206914212382005,0.316575103637295
