"","bcubed.precision","bcubed.recall","bcubed.f1"
"majority-vote",0.936518465350914,0.264707700430883,0.412750997998376
