"","bcubed.precision","bcubed.recall","bcubed.f1"
"majority-vote",0.911891164746272,0.239921193262639,0.379891767700396
