"","bcubed.precision","bcubed.recall","bcubed.f1"
"majority-vote",0.978423278157226,0.243068943793362,0.389399635185129
