"","bcubed.precision","bcubed.recall","bcubed.f1"
"majority-vote",0.984083870353003,0.4487512674992,0.616412694636164
