"","bcubed.precision","bcubed.recall","bcubed.f1"
"majority-vote",0.993679928693082,0.272406519163751,0.427593062063603
