"","bcubed.precision","bcubed.recall","bcubed.f1"
"majority-vote",0.904296789841769,0.333334734292624,0.487113529811554
