"","bcubed.precision","bcubed.recall","bcubed.f1"
"majority-vote",0.998256521477816,0.270252804101732,0.425352212556994
