"","bcubed.precision","bcubed.recall","bcubed.f1"
"majority-vote",0.968240520745643,0.0706674989384223,0.131721258620639
