"","bcubed.precision","bcubed.recall","bcubed.f1"
"majority-vote",0.782112764859856,0.215016081081051,0.337302089590933
