"","bcubed.precision","bcubed.recall","bcubed.f1"
"majority-vote",0.942255495012176,0.523567199099637,0.673115612606466
