"","bcubed.precision","bcubed.recall","bcubed.f1"
"majority-vote",0.948338986014623,0.259326702375253,0.407280962507016
