"","bcubed.precision","bcubed.recall","bcubed.f1"
"majority-vote",0.968547160867759,0.10265650337388,0.185637275536717
