"","bcubed.precision","bcubed.recall","bcubed.f1"
"majority-vote",0.972600065860428,0.132633696944562,0.233433951666846
