"","bcubed.precision","bcubed.recall","bcubed.f1"
"majority-vote",0.979840928293666,0.168484190973049,0.287527814755563
