"","bcubed.precision","bcubed.recall","bcubed.f1"
"majority-vote",0.995317290447202,0.0737205010021744,0.13727351810157
