"","bcubed.precision","bcubed.recall","bcubed.f1"
"majority-vote",0.921506938624953,0.593046525805951,0.721660213775224
