"","bcubed.precision","bcubed.recall","bcubed.f1"
"majority-vote",0.965930326554298,0.544963183282455,0.696801544464861
