"","bcubed.precision","bcubed.recall","bcubed.f1"
"majority-vote",0.975169978838285,0.228898306687385,0.370767604415402
