"","bcubed.precision","bcubed.recall","bcubed.f1"
"majority-vote",0.831438159579007,0.448880870244686,0.583005760178162
