"","bcubed.precision","bcubed.recall","bcubed.f1"
"majority-vote",0.802467451952883,0.336199375172672,0.47386829846272
