"","bcubed.precision","bcubed.recall","bcubed.f1"
"majority-vote",0.974615858963529,0.291966134625207,0.449327128486565
