"","bcubed.precision","bcubed.recall","bcubed.f1"
"majority-vote",0.802806728263808,0.538381730194649,0.644527579474338
