"","bcubed.precision","bcubed.recall","bcubed.f1"
"majority-vote",0.830335430235128,0.538076514806058,0.652996337893644
