"","bcubed.precision","bcubed.recall","bcubed.f1"
"majority-vote",0.948168547475409,0.173787280280485,0.293736400376541
