"","bcubed.precision","bcubed.recall","bcubed.f1"
"majority-vote",0.499265470561865,0.635814992142445,0.559326817212569
