"","bcubed.precision","bcubed.recall","bcubed.f1"
"majority-vote",0.985322566840912,0.422757935886478,0.591660680952808
