"","bcubed.precision","bcubed.recall","bcubed.f1"
"majority-vote",0.991148274748199,0.688686575267667,0.812687641183711
