"","bcubed.precision","bcubed.recall","bcubed.f1"
"majority-vote",0.990016774646088,0.490538807280415,0.656026229276144
