"","bcubed.precision","bcubed.recall","bcubed.f1"
"majority-vote",0.981764043363644,0.363898861735472,0.530984121683179
