"","bcubed.precision","bcubed.recall","bcubed.f1"
"majority-vote",0.937379457457837,0.293800385442508,0.447379718722853
