{
      "avg_bcuded_f1": 0.4878331930189859,
      "avg_bcuded_recall": 0.36286589154157367,
      "avg_bcuded_precision": 0.9223951965364463,
      "avg_bcuded_f1star": 0.5208369854958914
}