"","bcubed.precision","bcubed.recall","bcubed.f1"
"majority-vote",0.970650508186462,0.780660934924084,0.865350290705033
