"","bcubed.precision","bcubed.recall","bcubed.f1"
"majority-vote",0.976231443109689,0.819063372345498,0.890767812728742
