"","bcubed.precision","bcubed.recall","bcubed.f1"
"majority-vote",0.99237520476494,0.461109811013492,0.629650719692583
