"","bcubed.precision","bcubed.recall","bcubed.f1"
"majority-vote",0.976231443109689,0.907912647442622,0.940833430388684
