"","bcubed.precision","bcubed.recall","bcubed.f1"
"majority-vote",0.989985040667341,0.387739302759448,0.557232092532937
