"","bcubed.precision","bcubed.recall","bcubed.f1"
"majority-vote",0.996189294576391,0.906635022242636,0.949304773186837
