"","bcubed.precision","bcubed.recall","bcubed.f1"
"majority-vote",0.97162620506718,0.704097195263975,0.816506215402358
