"","bcubed.precision","bcubed.recall","bcubed.f1"
"majority-vote",0.973621237523394,0.764065287068004,0.856207583837645
