"","bcubed.precision","bcubed.recall","bcubed.f1"
"majority-vote",0.86397650841619,0.203522231952516,0.3294400652626
