"","bcubed.precision","bcubed.recall","bcubed.f1"
"majority-vote",0.991772927257595,0.377101459262303,0.546432925926105
