"","bcubed.precision","bcubed.recall","bcubed.f1"
"majority-vote",0.988540535625926,0.427577542969302,0.596952669042658
