"","bcubed.precision","bcubed.recall","bcubed.f1"
"majority-vote",0.968552928082855,0.487530758384821,0.648588193044845
