"","bcubed.precision","bcubed.recall","bcubed.f1"
"majority-vote",0.996189294576391,0.912487090731559,0.952502873952908
