"","bcubed.precision","bcubed.recall","bcubed.f1"
"majority-vote",0.998232565331684,0.182829837814542,0.309055131269284
