"","bcubed.precision","bcubed.recall","bcubed.f1"
"majority-vote",0.95049745031645,0.599243821287736,0.735064277745265
