"","bcubed.precision","bcubed.recall","bcubed.f1"
"majority-vote",0.994689764896243,0.142798778621556,0.249744024841378
