"","bcubed.precision","bcubed.recall","bcubed.f1"
"majority-vote",0.990137671317447,0.286324514947435,0.444197550889801
