"","bcubed.precision","bcubed.recall","bcubed.f1"
"majority-vote",0.946291315595792,0.265645260486753,0.414836564864389
