"","bcubed.precision","bcubed.recall","bcubed.f1"
"majority-vote",0.836611733431347,0.675939039330347,0.747741552312408
