"","bcubed.precision","bcubed.recall","bcubed.f1"
"majority-vote",0.980285619505039,0.476960286565808,0.64169994651916
