"","bcubed.precision","bcubed.recall","bcubed.f1"
"majority-vote",0.991558808065813,0.438306345498752,0.607898606979795
