"","bcubed.precision","bcubed.recall","bcubed.f1"
"majority-vote",0.965289970008584,0.357926590143787,0.522216782754571
