"","bcubed.precision","bcubed.recall","bcubed.f1"
"majority-vote",0.943266544438624,0.725152735438169,0.819952542142152
