"","bcubed.precision","bcubed.recall","bcubed.f1"
"majority-vote",0.980058744498929,0.40816663588751,0.576314604769593
