"","bcubed.precision","bcubed.recall","bcubed.f1"
"majority-vote",0.975466867050736,0.63997658193252,0.772884933553653
