"","bcubed.precision","bcubed.recall","bcubed.f1"
"majority-vote",0.930351005627547,0.559343083831661,0.698647331980099
