"","bcubed.precision","bcubed.recall","bcubed.f1"
"majority-vote",0.792353107116047,0.734890927111641,0.762541016940703
