"","bcubed.precision","bcubed.recall","bcubed.f1"
"majority-vote",0.951901534061841,0.878293162291719,0.91361712522415
