"","bcubed.precision","bcubed.recall","bcubed.f1"
"majority-vote",0.993507971225205,0.91076543933034,0.950339083532275
