"","bcubed.precision","bcubed.recall","bcubed.f1"
"majority-vote",0.981445095111881,0.887792924852347,0.932272939310363
