"","bcubed.precision","bcubed.recall","bcubed.f1"
"majority-vote",0.827805881080931,0.64568448402541,0.725490204559792
