"","bcubed.precision","bcubed.recall","bcubed.f1"
"majority-vote",0.993136582017845,0.887578867880841,0.937395439768342
