"","bcubed.precision","bcubed.recall","bcubed.f1"
"majority-vote",0.901851851851852,0.780125373959958,0.836583875673861
