"","bcubed.precision","bcubed.recall","bcubed.f1"
"majority-vote",0.942197819970214,0.900985658043334,0.921131002918656
