"","bcubed.precision","bcubed.recall","bcubed.f1"
"majority-vote",0.979896436186415,0.286083787622037,0.442870241840303
