"","bcubed.precision","bcubed.recall","bcubed.f1"
"majority-vote",0.976154538417332,0.17534339395922,0.297286247733911
