"","bcubed.precision","bcubed.recall","bcubed.f1"
"majority-vote",0.807503699006552,0.344268308711013,0.482730837131167
