"","bcubed.precision","bcubed.recall","bcubed.f1"
"majority-vote",0.975578406169666,0.602563626186319,0.744987523300516
