"","bcubed.precision","bcubed.recall","bcubed.f1"
"majority-vote",0.993452760423307,0.908936393437187,0.949317196512566
