"","bcubed.precision","bcubed.recall","bcubed.f1"
"majority-vote",0.969297550466107,0.291863054470762,0.44863777486013
