"","bcubed.precision","bcubed.recall","bcubed.f1"
"majority-vote",0.981649174576115,0.919645816285884,0.94963649596544
