"","bcubed.precision","bcubed.recall","bcubed.f1"
"majority-vote",0.925243808776434,0.723841869017182,0.812244284041532
