"","bcubed.precision","bcubed.recall","bcubed.f1"
"majority-vote",0.971291866028708,0.524394981676719,0.681079172515642
