"","bcubed.precision","bcubed.recall","bcubed.f1"
"majority-vote",0.918594428826987,0.664997198815501,0.771490214212448
