"","bcubed.precision","bcubed.recall","bcubed.f1"
"majority-vote",0.951217842854498,0.355216171422715,0.517267549122541
