"","bcubed.precision","bcubed.recall","bcubed.f1"
"majority-vote",0.817836010143702,0.64654058171371,0.722169655927162
