"","bcubed.precision","bcubed.recall","bcubed.f1"
"majority-vote",0.990678683463626,0.520479352449051,0.68242736682773
