"","bcubed.precision","bcubed.recall","bcubed.f1"
"majority-vote",0.849495781782592,0.506844619702159,0.634888359861374
