"","bcubed.precision","bcubed.recall","bcubed.f1"
"majority-vote",0.936200968901391,0.738182038236445,0.825482265976763
