"","bcubed.precision","bcubed.recall","bcubed.f1"
"majority-vote",0.962067309515083,0.570230530152741,0.716048979180619
