"","bcubed.precision","bcubed.recall","bcubed.f1"
"majority-vote",0.942404872555395,0.952523738145504,0.947437288121343
