"","bcubed.precision","bcubed.recall","bcubed.f1"
"majority-vote",0.997731615904532,0.710988531185131,0.830300663706878
