"","bcubed.precision","bcubed.recall","bcubed.f1"
"majority-vote",0.887428971891697,0.840351421035335,0.863248825660922
