"","bcubed.precision","bcubed.recall","bcubed.f1"
"majority-vote",0.810505105747107,0.22116095727159,0.347500206677426
