"","bcubed.precision","bcubed.recall","bcubed.f1"
"majority-vote",0.984719980880687,0.0839412263688788,0.154695617777319
