"","bcubed.precision","bcubed.recall","bcubed.f1"
"majority-vote",0.898549605942804,0.508622020866917,0.649561301146956
