"","bcubed.precision","bcubed.recall","bcubed.f1"
"majority-vote",0.986713170569673,0.478908786181105,0.644839693687512
