"","bcubed.precision","bcubed.recall","bcubed.f1"
"majority-vote",0.965757981900037,0.570407156761164,0.717208392133021
