"","bcubed.precision","bcubed.recall","bcubed.f1"
"majority-vote",0.886885634283316,0.667320607873003,0.761593982228068
