"","bcubed.precision","bcubed.recall","bcubed.f1"
"majority-vote",0.951957801917674,0.843008128016694,0.89417648676468
