"","bcubed.precision","bcubed.recall","bcubed.f1"
"majority-vote",0.94660935615393,0.730242114126125,0.824466602726559
