"","bcubed.precision","bcubed.recall","bcubed.f1"
"majority-vote",0.890463341299823,0.909110345302416,0.899690234098378
