"","bcubed.precision","bcubed.recall","bcubed.f1"
"majority-vote",0.979933110367893,0.286105941371318,0.442900532392869
