"","bcubed.precision","bcubed.recall","bcubed.f1"
"majority-vote",0.9962269018672,0.419035362010894,0.589932072837168
