"","bcubed.precision","bcubed.recall","bcubed.f1"
"majority-vote",0.97322712703254,0.0683771066106671,0.127776852036667
