"","bcubed.precision","bcubed.recall","bcubed.f1"
"majority-vote",0.795390912777679,0.682164504630917,0.734439387667141
