"","bcubed.precision","bcubed.recall","bcubed.f1"
"majority-vote",0.92483056069008,0.577540741038433,0.711045700542086
