"","bcubed.precision","bcubed.recall","bcubed.f1"
"majority-vote",0.732327589028006,0.652738143470321,0.690246158948726
