"","bcubed.precision","bcubed.recall","bcubed.f1"
"majority-vote",0.732327589028006,0.658985684675322,0.693723558573843
