"","bcubed.precision","bcubed.recall","bcubed.f1"
"majority-vote",0.988462454271922,0.6370799805661,0.774793235367768
