"","bcubed.precision","bcubed.recall","bcubed.f1"
"majority-vote",0.970698497318868,0.794613381983017,0.873873931155338
