"","bcubed.precision","bcubed.recall","bcubed.f1"
"majority-vote",0.929712156866821,0.607894602973197,0.735125543460429
