"","bcubed.precision","bcubed.recall","bcubed.f1"
"majority-vote",0.997400981851301,0.542308163932639,0.702598535123974
