"","bcubed.precision","bcubed.recall","bcubed.f1"
"majority-vote",0.982941662914945,0.65531060589209,0.786364968260259
