"","bcubed.precision","bcubed.recall","bcubed.f1"
"majority-vote",0.964621725110173,0.7110170320319,0.818628088062509
