"","bcubed.precision","bcubed.recall","bcubed.f1"
"majority-vote",0.993363839430938,0.286081292959026,0.444228211697207
