"","bcubed.precision","bcubed.recall","bcubed.f1"
"majority-vote",0.972367720170455,0.865772734007669,0.915979470055448
