"","bcubed.precision","bcubed.recall","bcubed.f1"
"majority-vote",0.989037605640324,0.602301806408311,0.748676406771118
