"","bcubed.precision","bcubed.recall","bcubed.f1"
"majority-vote",0.982531621088626,0.381549555983575,0.549651311179034
