"","bcubed.precision","bcubed.recall","bcubed.f1"
"majority-vote",0.918125743254643,0.825958620915364,0.869606870291945
