"","bcubed.precision","bcubed.recall","bcubed.f1"
"majority-vote",0.990504790935843,0.182821387479441,0.308670280294099
