"","bcubed.precision","bcubed.recall","bcubed.f1"
"majority-vote",0.952545186118831,0.657180898465187,0.777765244953498
