"","bcubed.precision","bcubed.recall","bcubed.f1"
"majority-vote",0.997874149659864,0.861662492601767,0.924779547288761
