"","bcubed.precision","bcubed.recall","bcubed.f1"
"majority-vote",0.971433479062806,0.543209044896698,0.696786791596103
