"","bcubed.precision","bcubed.recall","bcubed.f1"
"majority-vote",0.935622965433542,0.609379100420218,0.738056075922885
