"","bcubed.precision","bcubed.recall","bcubed.f1"
"majority-vote",0.969349268434374,0.565509263014648,0.714301649518919
