"","bcubed.precision","bcubed.recall","bcubed.f1"
"majority-vote",0.784118042727579,0.813134288497135,0.798362605966176
