"","bcubed.precision","bcubed.recall","bcubed.f1"
"majority-vote",0.952576821569205,0.361676673664847,0.52428974697005
