"","bcubed.precision","bcubed.recall","bcubed.f1"
"majority-vote",0.969416386083053,0.879038081035154,0.922017755811982
