"","bcubed.precision","bcubed.recall","bcubed.f1"
"majority-vote",0.980724347753605,0.427136353566845,0.595091575978793
