"","bcubed.precision","bcubed.recall","bcubed.f1"
"majority-vote",0.976560048236833,0.313267119985847,0.474364568124179
