"","bcubed.precision","bcubed.recall","bcubed.f1"
"majority-vote",0.991823760570091,0.712240539235486,0.829096754313328
