"","bcubed.precision","bcubed.recall","bcubed.f1"
"majority-vote",0.956509577586888,0.424980549961462,0.588492032219832
