"","bcubed.precision","bcubed.recall","bcubed.f1"
"majority-vote",0.949674101939398,0.849585438657498,0.896845919416592
