"","bcubed.precision","bcubed.recall","bcubed.f1"
"majority-vote",0.992698636590214,0.406769717004451,0.577075919493726
