"","bcubed.precision","bcubed.recall","bcubed.f1"
"majority-vote",0.947190584662111,0.283738577310759,0.436669334413082
