"","bcubed.precision","bcubed.recall","bcubed.f1"
"majority-vote",0.680816439278037,0.901281205239165,0.77568797737057
