"","bcubed.precision","bcubed.recall","bcubed.f1"
"majority-vote",0.996570356807931,0.787089211263994,0.879528571651069
