"","bcubed.precision","bcubed.recall","bcubed.f1"
"majority-vote",0.995737934457155,0.620915926603459,0.764875595351079
