"","bcubed.precision","bcubed.recall","bcubed.f1"
"majority-vote",0.965700759916555,0.357308832935498,0.521618910936036
