"","bcubed.precision","bcubed.recall","bcubed.f1"
"majority-vote",0.984138728426718,0.285747509395653,0.442898241073899
