"","bcubed.precision","bcubed.recall","bcubed.f1"
"majority-vote",0.987156156056429,0.703397005768628,0.82146211083543
