"","bcubed.precision","bcubed.recall","bcubed.f1"
"majority-vote",0.995085682918505,0.931535073893797,0.962262253108754
