"","bcubed.precision","bcubed.recall","bcubed.f1"
"majority-vote",0.914042597125314,0.448720341248778,0.601938157471964
