"","bcubed.precision","bcubed.recall","bcubed.f1"
"majority-vote",0.906579398975258,0.384305004567365,0.539789618819052
