"","bcubed.precision","bcubed.recall","bcubed.f1"
"majority-vote",0.867459295058509,0.341449620267246,0.490018136420489
