"","bcubed.precision","bcubed.recall","bcubed.f1"
"majority-vote",0.99582280713521,0.949086470832041,0.971893099904197
