"","bcubed.precision","bcubed.recall","bcubed.f1"
"majority-vote",0.977262056588483,0.39583340244165,0.563446572330489
