"","bcubed.precision","bcubed.recall","bcubed.f1"
"majority-vote",0.958457462573776,0.664937693454232,0.785162493643423
