"","bcubed.precision","bcubed.recall","bcubed.f1"
"majority-vote",0.944500261484145,0.660708775992763,0.777518188747441
