"","bcubed.precision","bcubed.recall","bcubed.f1"
"majority-vote",0.996799658630254,0.732191122674231,0.844247255711938
