"","bcubed.precision","bcubed.recall","bcubed.f1"
"majority-vote",0.830401067482492,0.785066075157113,0.807097451440018
