"","bcubed.precision","bcubed.recall","bcubed.f1"
"majority-vote",0.971715478659251,0.609310167438838,0.748977250895329
