"","bcubed.precision","bcubed.recall","bcubed.f1"
"majority-vote",0.971053741205528,0.53682640633371,0.691417406216236
