"","bcubed.precision","bcubed.recall","bcubed.f1"
"majority-vote",0.983036300297874,0.453814487121255,0.620963733113261
