"","bcubed.precision","bcubed.recall","bcubed.f1"
"majority-vote",0.983966244725738,0.538148298555931,0.695768610546199
