"","bcubed.precision","bcubed.recall","bcubed.f1"
"majority-vote",0.982556606111049,0.667399765215777,0.794879258173828
