"","bcubed.precision","bcubed.recall","bcubed.f1"
"majority-vote",0.95071742222272,0.317559773051681,0.476094043103891
