"","bcubed.precision","bcubed.recall","bcubed.f1"
"majority-vote",0.763626768800561,0.515590996230774,0.615562255680093
