"","bcubed.precision","bcubed.recall","bcubed.f1"
"majority-vote",0.905325396942142,0.610981041937265,0.729584258343929
