"","bcubed.precision","bcubed.recall","bcubed.f1"
"majority-vote",0.997659792306567,0.786268773043241,0.879439632334876
