"","bcubed.precision","bcubed.recall","bcubed.f1"
"majority-vote",0.968799581029568,0.0980262999569527,0.178038122285439
