"","bcubed.precision","bcubed.recall","bcubed.f1"
"majority-vote",0.937451737451737,0.876611984720093,0.90601164457775
