"","bcubed.precision","bcubed.recall","bcubed.f1"
"majority-vote",0.877982575263655,0.694845893769719,0.775752218674228
