"","bcubed.precision","bcubed.recall","bcubed.f1"
"majority-vote",0.986307218242419,0.400225328062335,0.569399010565393
