"","bcubed.precision","bcubed.recall","bcubed.f1"
"majority-vote",0.917098428771961,0.6558321265378,0.764766900554669
