"","bcubed.precision","bcubed.recall","bcubed.f1"
"majority-vote",0.983036300297874,0.438476710952653,0.606450338885728
