"","bcubed.precision","bcubed.recall","bcubed.f1"
"majority-vote",0.996947496947497,0.271037427756379,0.426203939678406
