"","bcubed.precision","bcubed.recall","bcubed.f1"
"majority-vote",0.972086340386052,0.316239085559036,0.477226776988593
