"","bcubed.precision","bcubed.recall","bcubed.f1"
"majority-vote",0.989124467334187,0.491181493323022,0.656404345939197
