"","bcubed.precision","bcubed.recall","bcubed.f1"
"majority-vote",0.997708174178762,0.603198007864144,0.751843661852101
