"","bcubed.precision","bcubed.recall","bcubed.f1"
"majority-vote",0.956730769230769,0.374146125955684,0.53792670409256
