"","bcubed.precision","bcubed.recall","bcubed.f1"
"majority-vote",0.881497439850398,0.412519177440661,0.562024619999673
