"","bcubed.precision","bcubed.recall","bcubed.f1"
"majority-vote",0.956834532374101,0.375675232947234,0.539521803436711
