"","bcubed.precision","bcubed.recall","bcubed.f1"
"majority-vote",0.803094059405941,0.537526694434231,0.644006880895577
