"","bcubed.precision","bcubed.recall","bcubed.f1"
"majority-vote",0.960751750895362,0.833121686620322,0.892396422612588
