"","bcubed.precision","bcubed.recall","bcubed.f1"
"majority-vote",0.992598272860474,0.730833317775953,0.841836592661525
