"","bcubed.precision","bcubed.recall","bcubed.f1"
"majority-vote",0.803094059405941,0.584510226887849,0.676585818467648
