"","bcubed.precision","bcubed.recall","bcubed.f1"
"majority-vote",0.987891290873371,0.67357342120557,0.801000841889861
