"","bcubed.precision","bcubed.recall","bcubed.f1"
"majority-vote",0.915974334773768,0.549505386286353,0.686918861346148
