"","bcubed.precision","bcubed.recall","bcubed.f1"
"majority-vote",0.767385536195519,0.678384235085814,0.720145434395881
