"","bcubed.precision","bcubed.recall","bcubed.f1"
"majority-vote",0.985583404407516,0.482381904879334,0.647736832781864
