"","bcubed.precision","bcubed.recall","bcubed.f1"
"majority-vote",0.998670786848742,0.751642599929239,0.857724693612919
