"","bcubed.precision","bcubed.recall","bcubed.f1"
"majority-vote",0.987717552690977,0.947725894630678,0.96730855408033
