"","bcubed.precision","bcubed.recall","bcubed.f1"
"majority-vote",0.917025655096721,0.851470920727949,0.883033294551051
