"","bcubed.precision","bcubed.recall","bcubed.f1"
"majority-vote",0.281934976058746,0.898868941569859,0.429237386052029
