"","bcubed.precision","bcubed.recall","bcubed.f1"
"majority-vote",0.92727458847892,0.873836806133064,0.89976296549868
