"","bcubed.precision","bcubed.recall","bcubed.f1"
"majority-vote",0.477448927309019,0.67904135728955,0.560674952403759
