"","bcubed.precision","bcubed.recall","bcubed.f1"
"majority-vote",0.394167064439141,0.833971291866029,0.535320819928319
