"","bcubed.precision","bcubed.recall","bcubed.f1"
"majority-vote",0.77786585315808,0.549347738955001,0.64393380264039
