"","bcubed.precision","bcubed.recall","bcubed.f1"
"majority-vote",0.981765204551962,0.808838501352376,0.886951695801015
