"","bcubed.precision","bcubed.recall","bcubed.f1"
"majority-vote",0.945755846428935,0.812068412961325,0.873828478763678
