"","bcubed.precision","bcubed.recall","bcubed.f1"
"majority-vote",0.905878083521588,0.865121640987374,0.885030893348089
