"","bcubed.precision","bcubed.recall","bcubed.f1"
"majority-vote",0.988939129286292,0.718033297948769,0.831989097354337
