"","bcubed.precision","bcubed.recall","bcubed.f1"
"majority-vote",0.516984323310941,0.584863418657833,0.548833032382277
