"","bcubed.precision","bcubed.recall","bcubed.f1"
"majority-vote",0.985915736058132,0.729374069534805,0.838460498374553
