"","bcubed.precision","bcubed.recall","bcubed.f1"
"majority-vote",0.995439674905382,0.255726278758361,0.406916577367801
