"","bcubed.precision","bcubed.recall","bcubed.f1"
"majority-vote",0.938451521112485,0.849663361868147,0.891853070480088
