"","bcubed.precision","bcubed.recall","bcubed.f1"
"majority-vote",0.863052655103726,0.343707305727686,0.491626358870003
