"","bcubed.precision","bcubed.recall","bcubed.f1"
"majority-vote",0.355925336633372,0.876076555023923,0.506197019460799
