"","bcubed.precision","bcubed.recall","bcubed.f1"
"majority-vote",0.986371379897785,0.666618760569356,0.79556877035301
