"","bcubed.precision","bcubed.recall","bcubed.f1"
"majority-vote",0.987990934643336,0.549925912393993,0.706568521201125
