"","bcubed.precision","bcubed.recall","bcubed.f1"
"majority-vote",0.996724585270022,0.329427212842821,0.495189468603323
