"","bcubed.precision","bcubed.recall","bcubed.f1"
"majority-vote",0.995184533735757,0.445320945459665,0.615306951442593
