"","bcubed.precision","bcubed.recall","bcubed.f1"
"majority-vote",0.987688665285588,0.312255267020215,0.474498907602178
