"","bcubed.precision","bcubed.recall","bcubed.f1"
"majority-vote",0.915511078370399,0.854414517258936,0.883908293097389
