"","bcubed.precision","bcubed.recall","bcubed.f1"
"majority-vote",0.989194955807015,0.586892241222031,0.736698890408419
