"","bcubed.precision","bcubed.recall","bcubed.f1"
"majority-vote",0.987015185319044,0.799458148072985,0.883391111891754
