"","bcubed.precision","bcubed.recall","bcubed.f1"
"majority-vote",0.989312991972566,0.682942415998815,0.808062933085546
