"","bcubed.precision","bcubed.recall","bcubed.f1"
"majority-vote",0.695586410567288,0.825272792354806,0.754900306708179
