"","bcubed.precision","bcubed.recall","bcubed.f1"
"majority-vote",0.983551347981138,0.482381904879334,0.647297374365429
