"","bcubed.precision","bcubed.recall","bcubed.f1"
"majority-vote",0.620450374674206,0.648224883776186,0.634033602110804
