"","bcubed.precision","bcubed.recall","bcubed.f1"
"majority-vote",0.981488103250993,0.716598440274369,0.828382801358682
