"","bcubed.precision","bcubed.recall","bcubed.f1"
"majority-vote",0.988959751062609,0.761960343181371,0.860745289050554
