"","bcubed.precision","bcubed.recall","bcubed.f1"
"majority-vote",0.925739928702996,0.408260428590192,0.566631002741589
