"","bcubed.precision","bcubed.recall","bcubed.f1"
"majority-vote",0.978387838980551,0.984287387551327,0.981328746624921
