"","bcubed.precision","bcubed.recall","bcubed.f1"
"majority-vote",0.99747049552147,0.561238755202363,0.718311126975843
