"","bcubed.precision","bcubed.recall","bcubed.f1"
"majority-vote",0.748088164583987,0.677649568593951,0.711128856596392
