"","bcubed.precision","bcubed.recall","bcubed.f1"
"majority-vote",0.991853044439703,0.802531938417943,0.887205091420542
