"","bcubed.precision","bcubed.recall","bcubed.f1"
"majority-vote",0.986371379897785,0.640644026058721,0.776775597444719
