"","bcubed.precision","bcubed.recall","bcubed.f1"
"majority-vote",0.594305713790576,0.623137466236557,0.608380190117972
