"","bcubed.precision","bcubed.recall","bcubed.f1"
"majority-vote",0.981578947368421,0.603722658571077,0.74761982134178
