"","bcubed.precision","bcubed.recall","bcubed.f1"
"majority-vote",0.999611411474817,0.521449697009437,0.685372947521017
