"","bcubed.precision","bcubed.recall","bcubed.f1"
"majority-vote",0.95804672844068,0.831831494979888,0.890489008639272
