"","bcubed.precision","bcubed.recall","bcubed.f1"
"majority-vote",0.982078163572826,0.710612905730073,0.824577420093492
