"","bcubed.precision","bcubed.recall","bcubed.f1"
"majority-vote",0.384252268958703,0.895264699811508,0.5377146229672
