"","bcubed.precision","bcubed.recall","bcubed.f1"
"majority-vote",0.710226882481626,0.830965249020065,0.765866690075871
