"","bcubed.precision","bcubed.recall","bcubed.f1"
"majority-vote",0.961882535978219,0.683664648530984,0.799254001438769
