"","bcubed.precision","bcubed.recall","bcubed.f1"
"majority-vote",0.99884045806758,0.384250427420341,0.554995881997732
