"","bcubed.precision","bcubed.recall","bcubed.f1"
"majority-vote",0.908038042644577,0.765477137583793,0.830685457667506
