"","bcubed.precision","bcubed.recall","bcubed.f1"
"majority-vote",0.955676865068508,0.349936135809711,0.512289428827472
