"","bcubed.precision","bcubed.recall","bcubed.f1"
"majority-vote",0.997377177147875,0.155350376850499,0.268828345075246
