"","bcubed.precision","bcubed.recall","bcubed.f1"
"majority-vote",0.576517299524759,0.672737804990517,0.620921989783399
