"","bcubed.precision","bcubed.recall","bcubed.f1"
"majority-vote",0.839966178114209,0.617972811262867,0.712068562864549
