"","bcubed.precision","bcubed.recall","bcubed.f1"
"majority-vote",0.922824854098078,0.625910026615766,0.745906011652541
