"","bcubed.precision","bcubed.recall","bcubed.f1"
"majority-vote",0.929121473633339,0.394389617286435,0.553732968182694
