"","bcubed.precision","bcubed.recall","bcubed.f1"
"majority-vote",0.990690560893706,0.698585243917341,0.81938284459825
