"","bcubed.precision","bcubed.recall","bcubed.f1"
"majority-vote",0.961711441495485,0.85867944723164,0.907279699204728
