"","bcubed.precision","bcubed.recall","bcubed.f1"
"majority-vote",0.864811144896901,0.897633765006512,0.880916821457914
