"","bcubed.precision","bcubed.recall","bcubed.f1"
"majority-vote",0.999071079192783,0.522988622662632,0.686573341390175
