"","bcubed.precision","bcubed.recall","bcubed.f1"
"majority-vote",0.978955348899772,0.669685018719941,0.795311996515609
