"","bcubed.precision","bcubed.recall","bcubed.f1"
"majority-vote",0.94142088387277,0.734491575659493,0.825181177479219
