"","bcubed.precision","bcubed.recall","bcubed.f1"
"majority-vote",0.986059930870969,0.727705017260089,0.837408607051363
