"","bcubed.precision","bcubed.recall","bcubed.f1"
"majority-vote",0.991665085042704,0.0779697966244141,0.144572557095001
