"","bcubed.precision","bcubed.recall","bcubed.f1"
"majority-vote",0.991282279469973,0.766747255303775,0.864675993185392
