"","bcubed.precision","bcubed.recall","bcubed.f1"
"majority-vote",0.983209884760994,0.355544127793532,0.522238585486352
