"","bcubed.precision","bcubed.recall","bcubed.f1"
"majority-vote",0.973451814547629,0.485859936799491,0.648197668053945
