"","bcubed.precision","bcubed.recall","bcubed.f1"
"majority-vote",0.96981525821646,0.47156758641548,0.634575945300393
