"","bcubed.precision","bcubed.recall","bcubed.f1"
"majority-vote",0.965050240279598,0.650132431456124,0.776891023126267
