"","bcubed.precision","bcubed.recall","bcubed.f1"
"majority-vote",0.996451204055767,0.529027203939109,0.691127178963193
