"","bcubed.precision","bcubed.recall","bcubed.f1"
"majority-vote",0.991235252502133,0.750345339627246,0.854130731073235
