"","bcubed.precision","bcubed.recall","bcubed.f1"
"majority-vote",0.992395437262357,0.473199794516075,0.640833576432148
