"","bcubed.precision","bcubed.recall","bcubed.f1"
"majority-vote",0.985517924437144,0.27963495940047,0.435655276621554
