"","bcubed.precision","bcubed.recall","bcubed.f1"
"majority-vote",0.822395742646484,0.883228455537023,0.851727270745168
