"","bcubed.precision","bcubed.recall","bcubed.f1"
"majority-vote",0.7184604856192,0.704692606305566,0.711509949296898
