"","bcubed.precision","bcubed.recall","bcubed.f1"
"majority-vote",0.992127166706606,0.65042710374879,0.785735255386795
