"","bcubed.precision","bcubed.recall","bcubed.f1"
"majority-vote",0.992481203007519,0.49285967709553,0.658642028628112
