"","bcubed.precision","bcubed.recall","bcubed.f1"
"majority-vote",0.947877573279533,0.352031222220928,0.51339371160872
