"","bcubed.precision","bcubed.recall","bcubed.f1"
"majority-vote",0.98455314936108,0.341532932056805,0.507142528043905
