"","bcubed.precision","bcubed.recall","bcubed.f1"
"majority-vote",0.97089835512442,0.624500730838927,0.760094120248784
