"","bcubed.precision","bcubed.recall","bcubed.f1"
"majority-vote",0.986059930870969,0.760865963190781,0.858948214822735
