"","bcubed.precision","bcubed.recall","bcubed.f1"
"majority-vote",0.993508528192687,0.528612559311488,0.690064791950115
