"","bcubed.precision","bcubed.recall","bcubed.f1"
"majority-vote",0.907691067989927,0.622291470138117,0.738372360539212
