"","bcubed.precision","bcubed.recall","bcubed.f1"
"majority-vote",0.875907026819257,0.679975471591868,0.765604464656271
