"","bcubed.precision","bcubed.recall","bcubed.f1"
"majority-vote",0.948302069899761,0.458325884664369,0.617976322318347
