"","bcubed.precision","bcubed.recall","bcubed.f1"
"majority-vote",0.806096844439203,0.635882220898096,0.710943264049464
