"","bcubed.precision","bcubed.recall","bcubed.f1"
"majority-vote",0.753986792462637,0.769438767064255,0.761634415737847
