"","bcubed.precision","bcubed.recall","bcubed.f1"
"majority-vote",0.967449376760875,0.793351135038429,0.871793319007104
