"","bcubed.precision","bcubed.recall","bcubed.f1"
"majority-vote",0.996057726152763,0.738566725802569,0.848200995536228
