"","bcubed.precision","bcubed.recall","bcubed.f1"
"majority-vote",0.990690560893706,0.601546297943912,0.74856480806335
