"","bcubed.precision","bcubed.recall","bcubed.f1"
"majority-vote",0.87026296305972,0.471008341953855,0.611212830338541
