"","bcubed.precision","bcubed.recall","bcubed.f1"
"majority-vote",0.970737913486005,0.601296409271118,0.742606205567756
