"","bcubed.precision","bcubed.recall","bcubed.f1"
"majority-vote",0.996731515889621,0.469872758285936,0.638668514592801
