"","bcubed.precision","bcubed.recall","bcubed.f1"
"majority-vote",0.973962293159258,0.381944191751529,0.548709287840974
