"","bcubed.precision","bcubed.recall","bcubed.f1"
"majority-vote",0.991730803600956,0.136030875894809,0.239245600056244
