"","bcubed.precision","bcubed.recall","bcubed.f1"
"majority-vote",0.963224019460512,0.512473920884912,0.669008441968697
