"","bcubed.precision","bcubed.recall","bcubed.f1"
"majority-vote",0.901262295129201,0.509245394050061,0.650777980363356
