"","bcubed.precision","bcubed.recall","bcubed.f1"
"majority-vote",0.968522652124825,0.422539349566415,0.588383452314295
