"","bcubed.precision","bcubed.recall","bcubed.f1"
"majority-vote",0.988782995551162,0.563947157676819,0.718246320831737
