"","bcubed.precision","bcubed.recall","bcubed.f1"
"majority-vote",0.996451204055767,0.620989434573349,0.765141736899827
