"","bcubed.precision","bcubed.recall","bcubed.f1"
"majority-vote",0.975629139941905,0.79819800266351,0.878039592626955
