"","bcubed.precision","bcubed.recall","bcubed.f1"
"majority-vote",0.963659133218491,0.758858345504949,0.849083721352854
