"","bcubed.precision","bcubed.recall","bcubed.f1"
"majority-vote",0.980841037809765,0.570620819296853,0.721498004003487
