"","bcubed.precision","bcubed.recall","bcubed.f1"
"majority-vote",0.990510083036773,0.472745238908015,0.640023540421725
