"","bcubed.precision","bcubed.recall","bcubed.f1"
"majority-vote",0.990299630924631,0.505812712612562,0.669610333449874
