"","bcubed.precision","bcubed.recall","bcubed.f1"
"majority-vote",0.993142773008423,0.335291550204032,0.501330587620883
