"","bcubed.precision","bcubed.recall","bcubed.f1"
"majority-vote",0.977254523999695,0.520630207955363,0.679342295439788
