"","bcubed.precision","bcubed.recall","bcubed.f1"
"majority-vote",0.568218746393706,0.608236847840258,0.587547172854054
