"","bcubed.precision","bcubed.recall","bcubed.f1"
"majority-vote",0.989607304580209,0.407941199360593,0.577728199898749
