"","bcubed.precision","bcubed.recall","bcubed.f1"
"majority-vote",0.950004794621354,0.772885326919033,0.852340793049654
