"","bcubed.precision","bcubed.recall","bcubed.f1"
"majority-vote",0.996066034422199,0.619197409172979,0.763666769436284
