"","bcubed.precision","bcubed.recall","bcubed.f1"
"majority-vote",0.996507936507936,0.763420889403506,0.864529251394649
