"","bcubed.precision","bcubed.recall","bcubed.f1"
"majority-vote",0.977440143140912,0.713909016218263,0.825144030303422
