"","bcubed.precision","bcubed.recall","bcubed.f1"
"majority-vote",0.961074416556583,0.630402041194186,0.761385154001017
