"","bcubed.precision","bcubed.recall","bcubed.f1"
"majority-vote",0.973934839490464,0.808748005335326,0.883688156926722
