"","bcubed.precision","bcubed.recall","bcubed.f1"
"majority-vote",0.992841111924621,0.716926746996746,0.832621042608436
