"","bcubed.precision","bcubed.recall","bcubed.f1"
"majority-vote",0.964161247358798,0.57607625514434,0.721226953416063
