"","bcubed.precision","bcubed.recall","bcubed.f1"
"majority-vote",0.939883529169243,0.291890347492556,0.445443656712758
