"","bcubed.precision","bcubed.recall","bcubed.f1"
"majority-vote",0.994421283104886,0.649998270612961,0.786140146311838
