"","bcubed.precision","bcubed.recall","bcubed.f1"
"majority-vote",0.972128350118781,0.713899776326912,0.823239186612942
