"","bcubed.precision","bcubed.recall","bcubed.f1"
"majority-vote",0.992552249115983,0.64115758683306,0.77906417754931
