"","bcubed.precision","bcubed.recall","bcubed.f1"
"majority-vote",0.980091744048282,0.45044449961177,0.617218804735669
