"","bcubed.precision","bcubed.recall","bcubed.f1"
"majority-vote",0.981567187998723,0.663328276048044,0.791662795444377
