"","bcubed.precision","bcubed.recall","bcubed.f1"
"majority-vote",0.996892940026872,0.559012797323957,0.716336340510929
