"","bcubed.precision","bcubed.recall","bcubed.f1"
"majority-vote",0.92420396619041,0.541378932934325,0.682792569875982
