"","bcubed.precision","bcubed.recall","bcubed.f1"
"majority-vote",0.987687188019967,0.8947705432199,0.938935719076022
