"","bcubed.precision","bcubed.recall","bcubed.f1"
"majority-vote",0.993814339210722,0.393011174635063,0.563272216905302
