"","bcubed.precision","bcubed.recall","bcubed.f1"
"majority-vote",0.994696449026346,0.304301054477131,0.466031963120805
