"","bcubed.precision","bcubed.recall","bcubed.f1"
"majority-vote",0.920464098443086,0.447804525140509,0.602495710868005
