"","bcubed.precision","bcubed.recall","bcubed.f1"
"majority-vote",0.996103701483591,0.27681531926105,0.433235358494355
