"","bcubed.precision","bcubed.recall","bcubed.f1"
"majority-vote",0.935104606188467,0.315398407468252,0.471698988946271
