"","bcubed.precision","bcubed.recall","bcubed.f1"
"majority-vote",0.937860412072715,0.747004802156571,0.831622880755278
