"","bcubed.precision","bcubed.recall","bcubed.f1"
"majority-vote",0.984966411159659,0.632216805866944,0.770119689338011
