"","bcubed.precision","bcubed.recall","bcubed.f1"
"majority-vote",0.969547274908012,0.518266949832709,0.675466466887366
