"","bcubed.precision","bcubed.recall","bcubed.f1"
"majority-vote",0.921991597626183,0.909669658957715,0.915789182262558
