"","bcubed.precision","bcubed.recall","bcubed.f1"
"majority-vote",0.989413447782546,0.854655234952069,0.917110507430078
