"","bcubed.precision","bcubed.recall","bcubed.f1"
"majority-vote",0.932390449752208,0.396956154186363,0.556842175001085
