"","bcubed.precision","bcubed.recall","bcubed.f1"
"majority-vote",0.52314112701643,0.869773610188633,0.653326918769248
