"","bcubed.precision","bcubed.recall","bcubed.f1"
"majority-vote",0.842846259701513,0.624258712817659,0.717268540479395
