"","bcubed.precision","bcubed.recall","bcubed.f1"
"majority-vote",0.986734469119447,0.514526637712834,0.676366244886816
