"","bcubed.precision","bcubed.recall","bcubed.f1"
"majority-vote",0.989337175792507,0.674560679155583,0.802174190238716
