"","bcubed.precision","bcubed.recall","bcubed.f1"
"majority-vote",0.944839857651246,0.92539045960969,0.935014026946127
