"","bcubed.precision","bcubed.recall","bcubed.f1"
"majority-vote",0.961074416556583,0.652646024962155,0.777385452300715
