"","bcubed.precision","bcubed.recall","bcubed.f1"
"majority-vote",0.991490687244798,0.206261978621289,0.341484242554896
