"","bcubed.precision","bcubed.recall","bcubed.f1"
"majority-vote",0.983521113573234,0.661136739046282,0.790732176635168
