"","bcubed.precision","bcubed.recall","bcubed.f1"
"majority-vote",0.98972743604934,0.353173832948533,0.520583069259759
