"","bcubed.precision","bcubed.recall","bcubed.f1"
"majority-vote",0.984875725163686,0.654685449540854,0.786532173143044
