"","bcubed.precision","bcubed.recall","bcubed.f1"
"majority-vote",0.967992153875939,0.554348587250691,0.704973687525117
