"","bcubed.precision","bcubed.recall","bcubed.f1"
"majority-vote",0.974802317813922,0.884512459995309,0.927465113954134
