"","bcubed.precision","bcubed.recall","bcubed.f1"
"majority-vote",0.935289534981838,0.0927738363537744,0.168803598457311
