"","bcubed.precision","bcubed.recall","bcubed.f1"
"majority-vote",0.92298533523604,0.926917841134593,0.92494740834422
