"","bcubed.precision","bcubed.recall","bcubed.f1"
"majority-vote",0.932455761760898,0.610193796252215,0.737664258419081
