"","bcubed.precision","bcubed.recall","bcubed.f1"
"majority-vote",0.952913783749836,0.550529717854314,0.697874387627518
