"","bcubed.precision","bcubed.recall","bcubed.f1"
"majority-vote",0.998710509348807,0.800131045657087,0.888459889010475
