"","bcubed.precision","bcubed.recall","bcubed.f1"
"majority-vote",0.900436680099651,0.558723084362201,0.689567751840638
