"","bcubed.precision","bcubed.recall","bcubed.f1"
"majority-vote",0.994528578407425,0.590268543040014,0.740837962214429
