"","bcubed.precision","bcubed.recall","bcubed.f1"
"majority-vote",0.963653362099964,0.726694008846688,0.828564751694595
