"","bcubed.precision","bcubed.recall","bcubed.f1"
"majority-vote",0.963357347859193,0.617375437290511,0.752503104242593
