"","bcubed.precision","bcubed.recall","bcubed.f1"
"majority-vote",0.991172852063898,0.296215347548777,0.456118225945139
