"","bcubed.precision","bcubed.recall","bcubed.f1"
"majority-vote",0.985673354018599,0.208396774701399,0.344052066869438
