"","bcubed.precision","bcubed.recall","bcubed.f1"
"majority-vote",0.976510464813103,0.458778315273895,0.624267160880515
