"","bcubed.precision","bcubed.recall","bcubed.f1"
"majority-vote",0.899342405760499,0.279252260962926,0.426174336740642
