"","bcubed.precision","bcubed.recall","bcubed.f1"
"majority-vote",0.991938836372838,0.947243215084145,0.96907593779209
