"","bcubed.precision","bcubed.recall","bcubed.f1"
"majority-vote",0.960476747130163,0.919368789967631,0.939473299667351
