"","bcubed.precision","bcubed.recall","bcubed.f1"
"majority-vote",0.915028391304728,0.520161435515307,0.663274603350449
