"","bcubed.precision","bcubed.recall","bcubed.f1"
"majority-vote",0.963357347859193,0.595571952877501,0.736080355552053
