"","bcubed.precision","bcubed.recall","bcubed.f1"
"majority-vote",0.928627164036619,0.597418118655366,0.727080250583889
