"","bcubed.precision","bcubed.recall","bcubed.f1"
"majority-vote",0.989011342537272,0.803435698924033,0.886617011108368
