"","bcubed.precision","bcubed.recall","bcubed.f1"
"majority-vote",0.994401275830477,0.94974475852047,0.971560143012982
