"","bcubed.precision","bcubed.recall","bcubed.f1"
"majority-vote",0.940713165468866,0.856173758812434,0.896454769590984
