"","bcubed.precision","bcubed.recall","bcubed.f1"
"majority-vote",0.985141770746471,0.278361051599586,0.434071209703336
