"","bcubed.precision","bcubed.recall","bcubed.f1"
"majority-vote",0.966391658242287,0.472904469457682,0.635047820436664
