"","bcubed.precision","bcubed.recall","bcubed.f1"
"majority-vote",0.909530719998515,0.171609809275307,0.288740250065023
