"","bcubed.precision","bcubed.recall","bcubed.f1"
"majority-vote",0.984648493740675,0.824216218887089,0.897317806885444
