"","bcubed.precision","bcubed.recall","bcubed.f1"
"majority-vote",0.991810287296873,0.831493501504718,0.904603844601146
