"","bcubed.precision","bcubed.recall","bcubed.f1"
"majority-vote",0.993883625786634,0.867330849826256,0.926304776882912
