"","bcubed.precision","bcubed.recall","bcubed.f1"
"majority-vote",0.984012596136377,0.951602145479696,0.967536026183204
