"","bcubed.precision","bcubed.recall","bcubed.f1"
"majority-vote",0.989597842492779,0.18187282504494,0.307273515692606
