"","bcubed.precision","bcubed.recall","bcubed.f1"
"majority-vote",0.928833521568903,0.865788505425259,0.896203628766267
