"","bcubed.precision","bcubed.recall","bcubed.f1"
"majority-vote",0.963055018694034,0.248997337767982,0.395689401535227
