"","bcubed.precision","bcubed.recall","bcubed.f1"
"majority-vote",0.985721007816328,0.496274099376386,0.660174656469792
