"","bcubed.precision","bcubed.recall","bcubed.f1"
"majority-vote",0.989567006269592,0.67383796255554,0.801738395416548
