"","bcubed.precision","bcubed.recall","bcubed.f1"
"majority-vote",0.322145244197926,0.971144760832452,0.483804351557729
