"","bcubed.precision","bcubed.recall","bcubed.f1"
"majority-vote",0.776325344952796,0.894475357710652,0.831222885553661
