"","bcubed.precision","bcubed.recall","bcubed.f1"
"majority-vote",0.998710509348807,0.713468526866155,0.832329447796581
