"","bcubed.precision","bcubed.recall","bcubed.f1"
"majority-vote",0.990765922325111,0.535539410036022,0.695266125690562
