"","bcubed.precision","bcubed.recall","bcubed.f1"
"majority-vote",0.971465194321705,0.856519489796354,0.910378385360261
