"","bcubed.precision","bcubed.recall","bcubed.f1"
"majority-vote",0.97519365542776,0.703355815471359,0.817262929270091
