"","bcubed.precision","bcubed.recall","bcubed.f1"
"majority-vote",0.994775300041646,0.648925424719454,0.785465351880004
