"","bcubed.precision","bcubed.recall","bcubed.f1"
"majority-vote",0.242991417156614,0.97423444202876,0.388967431023496
