"","bcubed.precision","bcubed.recall","bcubed.f1"
"majority-vote",0.99197618842964,0.954098132186612,0.972668534318473
