"","bcubed.precision","bcubed.recall","bcubed.f1"
"majority-vote",0.512431354204497,0.875546945979436,0.646490953264037
