"","bcubed.precision","bcubed.recall","bcubed.f1"
"majority-vote",0.987003017704159,0.899734869224074,0.941350716716271
