{
      "avg_bcuded_f1": 0.7041800824936986,
      "avg_bcuded_recall": 0.5921104368804627,
      "avg_bcuded_precision": 0.9683747061594487,
      "avg_bcuded_f1star": 0.7348801401736843
}