"","bcubed.precision","bcubed.recall","bcubed.f1"
"majority-vote",0.854972375690608,0.275423258559119,0.416631612076302
