"","bcubed.precision","bcubed.recall","bcubed.f1"
"majority-vote",0.97979797979798,0.183157357079974,0.308622700737352
