"","bcubed.precision","bcubed.recall","bcubed.f1"
"majority-vote",0.91044776119403,0.255498860449459,0.399020608946819
