"","bcubed.precision","bcubed.recall","bcubed.f1"
"majority-vote",0.979572192513369,0.348972223240305,0.514613560212581
