"","bcubed.precision","bcubed.recall","bcubed.f1"
"majority-vote",0.975935828877005,0.139557859443025,0.244195940609848
