"","bcubed.precision","bcubed.recall","bcubed.f1"
"majority-vote",0.966112569262176,0.35381651016005,0.517946885188302
