"","bcubed.precision","bcubed.recall","bcubed.f1"
"majority-vote",0.916075803742052,0.221445782263144,0.356672129070384
