"","bcubed.precision","bcubed.recall","bcubed.f1"
"majority-vote",0.985938415195381,0.439532288362661,0.608012169922278
