"","bcubed.precision","bcubed.recall","bcubed.f1"
"majority-vote",0.997014925373134,0.307989855971242,0.470604380392408
