"","bcubed.precision","bcubed.recall","bcubed.f1"
"majority-vote",0.955465587044534,0.199763538428182,0.330440398888444
