"","bcubed.precision","bcubed.recall","bcubed.f1"
"majority-vote",0.938461538461538,0.319660566654245,0.476883993927159
