"","bcubed.precision","bcubed.recall","bcubed.f1"
"majority-vote",0.842438563327032,0.466908638045234,0.600821297555858
