"","bcubed.precision","bcubed.recall","bcubed.f1"
"majority-vote",0.993548387096774,0.197973230834667,0.330159321029522
