"","bcubed.precision","bcubed.recall","bcubed.f1"
"majority-vote",0.994741817322462,0.625407197337694,0.767977126075334
