"","bcubed.precision","bcubed.recall","bcubed.f1"
"majority-vote",0.976878612716763,0.305089757957497,0.464965698570018
