"","bcubed.precision","bcubed.recall","bcubed.f1"
"majority-vote",0.987789473684211,0.645257056970654,0.780600083012296
