"","bcubed.precision","bcubed.recall","bcubed.f1"
"majority-vote",0.955570854847963,0.293553162597226,0.449132099949656
