"","bcubed.precision","bcubed.recall","bcubed.f1"
"majority-vote",0.975563909774436,0.553900960876819,0.706607647406397
