"","bcubed.precision","bcubed.recall","bcubed.f1"
"majority-vote",0.993197278911565,0.417662773017175,0.588040648108547
