"","bcubed.precision","bcubed.recall","bcubed.f1"
"majority-vote",0.780561714708056,0.357258346370722,0.490169222666901
