"","bcubed.precision","bcubed.recall","bcubed.f1"
"majority-vote",0.979474548440066,0.144914084491157,0.252474372850163
