"","bcubed.precision","bcubed.recall","bcubed.f1"
"majority-vote",0.995356037151703,0.191568311799526,0.321298785124936
