"","bcubed.precision","bcubed.recall","bcubed.f1"
"majority-vote",0.998305084745763,0.410344358571964,0.581619311465176
