"","bcubed.precision","bcubed.recall","bcubed.f1"
"majority-vote",0.877136752136752,0.269998853109939,0.412899601432161
