"","bcubed.precision","bcubed.recall","bcubed.f1"
"majority-vote",0.981659840304497,0.372703709208325,0.540280730080109
