"","bcubed.precision","bcubed.recall","bcubed.f1"
"majority-vote",0.936409418655045,0.29144081975737,0.444529666670445
