"","bcubed.precision","bcubed.recall","bcubed.f1"
"majority-vote",0.963160854893138,0.305122426484661,0.463432706959247
