"","bcubed.precision","bcubed.recall","bcubed.f1"
"majority-vote",0.899159663865546,0.380458402434747,0.534679617703631
