"","bcubed.precision","bcubed.recall","bcubed.f1"
"majority-vote",0.982866043613707,0.34475559393683,0.510459542150219
