"","bcubed.precision","bcubed.recall","bcubed.f1"
"majority-vote",0.992076830732293,0.129650582230394,0.229330828925733
