"","bcubed.precision","bcubed.recall","bcubed.f1"
"majority-vote",0.970254957507082,0.395374353356072,0.561812672536181
