"","bcubed.precision","bcubed.recall","bcubed.f1"
"majority-vote",0.923236514522822,0.288611760572062,0.439752931710833
