"","bcubed.precision","bcubed.recall","bcubed.f1"
"majority-vote",0.956859236537151,0.413419158922906,0.577377476120813
