"","bcubed.precision","bcubed.recall","bcubed.f1"
"majority-vote",0.947959705087963,0.208978715838353,0.342461445229164
