"","bcubed.precision","bcubed.recall","bcubed.f1"
"majority-vote",0.995918367346939,0.215226972058092,0.353959987537776
