"","bcubed.precision","bcubed.recall","bcubed.f1"
"majority-vote",0.976833976833977,0.164990594275021,0.282299790044516
