"","bcubed.precision","bcubed.recall","bcubed.f1"
"majority-vote",0.953016241299304,0.357554217069942,0.520010158685731
