"","bcubed.precision","bcubed.recall","bcubed.f1"
"majority-vote",0.994269340974212,0.394987101933583,0.565372314863373
