"","bcubed.precision","bcubed.recall","bcubed.f1"
"majority-vote",0.971924379232506,0.221770299622412,0.361137507958879
