"","bcubed.precision","bcubed.recall","bcubed.f1"
"majority-vote",0.949416342412451,0.287269737995975,0.441079734387966
