"","bcubed.precision","bcubed.recall","bcubed.f1"
"majority-vote",0.945402298850575,0.365165284863946,0.526837538270746
