"","bcubed.precision","bcubed.recall","bcubed.f1"
"majority-vote",0.966143977293494,0.67444951847999,0.794365382950303
