"","bcubed.precision","bcubed.recall","bcubed.f1"
"majority-vote",0.898701298701299,0.448267824129893,0.598170914066348
