"","bcubed.precision","bcubed.recall","bcubed.f1"
"majority-vote",0.976284584980237,0.117203244231001,0.209282111049991
