"","bcubed.precision","bcubed.recall","bcubed.f1"
"majority-vote",0.954963190483155,0.650868449482311,0.774122760609971
