"","bcubed.precision","bcubed.recall","bcubed.f1"
"majority-vote",0.943174132755804,0.387160684903895,0.54897449630576
