"","bcubed.precision","bcubed.recall","bcubed.f1"
"majority-vote",0.957431457431457,0.229339345791347,0.370040623667354
