"","bcubed.precision","bcubed.recall","bcubed.f1"
"majority-vote",0.830780699660347,0.248153321990692,0.382156807236439
