"","bcubed.precision","bcubed.recall","bcubed.f1"
"majority-vote",0.952781894112892,0.139634000976913,0.243571607720717
