"","bcubed.precision","bcubed.recall","bcubed.f1"
"majority-vote",0.989775051124744,0.099100519422451,0.180162406671596
