"","bcubed.precision","bcubed.recall","bcubed.f1"
"majority-vote",0.816135443503865,0.397321400953811,0.534453415895378
