"","bcubed.precision","bcubed.recall","bcubed.f1"
"majority-vote",0.959641255605381,0.231821437837649,0.373432448883308
