"","bcubed.precision","bcubed.recall","bcubed.f1"
"majority-vote",0.97869101978691,0.137818281870038,0.24161288155593
