"","bcubed.precision","bcubed.recall","bcubed.f1"
"majority-vote",0.988970588235294,0.17567516041631,0.298352639738559
