"","bcubed.precision","bcubed.recall","bcubed.f1"
"majority-vote",0.997547015535568,0.269737223102786,0.42464910977532
