"","bcubed.precision","bcubed.recall","bcubed.f1"
"majority-vote",0.922452547452547,0.263559916265909,0.409981384855971
