"","bcubed.precision","bcubed.recall","bcubed.f1"
"majority-vote",0.971269973987365,0.0910336158545469,0.166465064315898
