"","bcubed.precision","bcubed.recall","bcubed.f1"
"majority-vote",0.998211091234347,0.132924872714176,0.234608546581837
