"","bcubed.precision","bcubed.recall","bcubed.f1"
"majority-vote",0.921810699588477,0.161016507693854,0.274146675673369
