"","bcubed.precision","bcubed.recall","bcubed.f1"
"majority-vote",0.894238358326756,0.141245335705637,0.243957481611041
