"","bcubed.precision","bcubed.recall","bcubed.f1"
"majority-vote",0.951219512195122,0.181776158889243,0.305224518681243
