"","bcubed.precision","bcubed.recall","bcubed.f1"
"majority-vote",0.933774834437086,0.442304038654318,0.600274284478251
