"","bcubed.precision","bcubed.recall","bcubed.f1"
"majority-vote",0.991408934707904,0.170487578008532,0.290943136922247
