"","bcubed.precision","bcubed.recall","bcubed.f1"
"majority-vote",0.982795152131536,0.147082378112928,0.255871710524392
