"","bcubed.precision","bcubed.recall","bcubed.f1"
"majority-vote",0.96893983931021,0.116408416526358,0.20784619461422
