"","bcubed.precision","bcubed.recall","bcubed.f1"
"majority-vote",0.99371501679194,0.475717404261358,0.64341513306878
