"","bcubed.precision","bcubed.recall","bcubed.f1"
"majority-vote",0.997347480106101,0.568525731626645,0.724219178877028
