"","bcubed.precision","bcubed.recall","bcubed.f1"
"majority-vote",0.928571428571429,0.302464971325774,0.456298986025504
