"","bcubed.precision","bcubed.recall","bcubed.f1"
"majority-vote",0.994099670897978,0.0943988488236663,0.172424422906431
