"","bcubed.precision","bcubed.recall","bcubed.f1"
"majority-vote",0.995652173913044,0.317239481204374,0.481167166964638
