"","bcubed.precision","bcubed.recall","bcubed.f1"
"majority-vote",0.919360167206041,0.308522825524629,0.462004275880412
