"","bcubed.precision","bcubed.recall","bcubed.f1"
"majority-vote",0.997981836528759,0.68363893187311,0.811430555061081
