"","bcubed.precision","bcubed.recall","bcubed.f1"
"majority-vote",0.99556161522395,0.696105608075758,0.819329019321635
