"","bcubed.precision","bcubed.recall","bcubed.f1"
"majority-vote",0.979697655850394,0.203476781259882,0.336967600664465
