"","bcubed.precision","bcubed.recall","bcubed.f1"
"majority-vote",0.988212180746562,0.123740934479624,0.219941465220595
