"","bcubed.precision","bcubed.recall","bcubed.f1"
"majority-vote",0.98158379373849,0.424237348631694,0.592428856793794
