"","bcubed.precision","bcubed.recall","bcubed.f1"
"majority-vote",0.950684931506849,0.185103299913947,0.309872761721169
