"","bcubed.precision","bcubed.recall","bcubed.f1"
"majority-vote",0.906133297688134,0.782616670691734,0.839857927955966
