"","bcubed.precision","bcubed.recall","bcubed.f1"
"majority-vote",0.990058479532164,0.118414165887938,0.211528808615119
