"","bcubed.precision","bcubed.recall","bcubed.f1"
"majority-vote",0.965738758029979,0.182761196437074,0.307356687611042
