"","bcubed.precision","bcubed.recall","bcubed.f1"
"majority-vote",0.889962129620951,0.302154672389161,0.451140719199589
