"","bcubed.precision","bcubed.recall","bcubed.f1"
"majority-vote",0.997327666698864,0.0311505503479722,0.0604141248302468
