"","bcubed.precision","bcubed.recall","bcubed.f1"
"majority-vote",0.99009900990099,0.335868521677199,0.50158557106403
