"","bcubed.precision","bcubed.recall","bcubed.f1"
"majority-vote",0.934073724007561,0.294368348957745,0.447659268584304
