"","bcubed.precision","bcubed.recall","bcubed.f1"
"majority-vote",0.973517559009787,0.362588864094082,0.528381002879979
