"","bcubed.precision","bcubed.recall","bcubed.f1"
"majority-vote",0.982620320855615,0.155260236317708,0.26815092720384
