"","bcubed.precision","bcubed.recall","bcubed.f1"
"majority-vote",0.993524255106579,0.178368846868601,0.30244017209532
