"","bcubed.precision","bcubed.recall","bcubed.f1"
"majority-vote",0.990990990990991,0.319594787111287,0.483319077754027
