"","bcubed.precision","bcubed.recall","bcubed.f1"
"majority-vote",0.988636363636364,0.290479885428561,0.449027174581727
