"","bcubed.precision","bcubed.recall","bcubed.f1"
"majority-vote",0.997422680412371,0.172429149648515,0.29402825247484
