"","bcubed.precision","bcubed.recall","bcubed.f1"
"majority-vote",0.981012658227848,0.152240878129203,0.26357778511695
