"","bcubed.precision","bcubed.recall","bcubed.f1"
"majority-vote",0.982696510968995,0.557575576633625,0.711468549186292
