"","bcubed.precision","bcubed.recall","bcubed.f1"
"majority-vote",0.997159090909091,0.107614224604722,0.194263385744113
