"","bcubed.precision","bcubed.recall","bcubed.f1"
"majority-vote",0.985000401058795,0.0831190910956326,0.153301833111765
