"","bcubed.precision","bcubed.recall","bcubed.f1"
"majority-vote",0.978468899521531,0.29431603795391,0.452518066939893
