"","bcubed.precision","bcubed.recall","bcubed.f1"
"majority-vote",0.982681336593317,0.48744734812333,0.651650997021428
