"","bcubed.precision","bcubed.recall","bcubed.f1"
"majority-vote",0.899059429800792,0.457364654006423,0.606297115999148
