"","bcubed.precision","bcubed.recall","bcubed.f1"
"majority-vote",0.980598290598291,0.474662246763329,0.639683377426737
