"","bcubed.precision","bcubed.recall","bcubed.f1"
"majority-vote",0.997695852534562,0.23056925540285,0.374573841348796
