"","bcubed.precision","bcubed.recall","bcubed.f1"
"majority-vote",0.572215382621655,0.144297520661157,0.230475293935885
