"","bcubed.precision","bcubed.recall","bcubed.f1"
"majority-vote",0.997864768683274,0.0784235555202546,0.145418474452837
