"","bcubed.precision","bcubed.recall","bcubed.f1"
"majority-vote",0.994106090373281,0.0567388186179513,0.107350579835489
