"","bcubed.precision","bcubed.recall","bcubed.f1"
"majority-vote",0.962242562929062,0.333030357067946,0.494808436694533
