"","bcubed.precision","bcubed.recall","bcubed.f1"
"majority-vote",0.941038062283737,0.793994488562383,0.861285322418114
