"","bcubed.precision","bcubed.recall","bcubed.f1"
"majority-vote",0.997289972899729,0.692325112165776,0.817285426074236
