"","bcubed.precision","bcubed.recall","bcubed.f1"
"majority-vote",0.94825763745901,0.663793128892452,0.780926900447064
