"","bcubed.precision","bcubed.recall","bcubed.f1"
"majority-vote",0.950003467165939,0.390002362114368,0.552988036493164
