"","bcubed.precision","bcubed.recall","bcubed.f1"
"majority-vote",0.997519841269841,0.188251709473986,0.316730174940477
