"","bcubed.precision","bcubed.recall","bcubed.f1"
"majority-vote",0.965234500005926,0.341660926175813,0.504681410068708
