"","bcubed.precision","bcubed.recall","bcubed.f1"
"majority-vote",0.973684210526316,0.336477681589877,0.500125988597307
