"","bcubed.precision","bcubed.recall","bcubed.f1"
"majority-vote",0.959090909090909,0.475516065428787,0.635802200295473
