"","bcubed.precision","bcubed.recall","bcubed.f1"
"majority-vote",0.939024390243902,0.209639752552839,0.342757875826975
