"","bcubed.precision","bcubed.recall","bcubed.f1"
"majority-vote",0.984696123243609,0.0251355088734142,0.0490197323122436
