"","bcubed.precision","bcubed.recall","bcubed.f1"
"majority-vote",0.991718426501035,0.419515538946542,0.589613487717962
