"","bcubed.precision","bcubed.recall","bcubed.f1"
"majority-vote",0.992599864079136,0.0302375466475481,0.0586873033342009
