"","bcubed.precision","bcubed.recall","bcubed.f1"
"majority-vote",0.914077314774707,0.375200254609226,0.532022039908549
