"","bcubed.precision","bcubed.recall","bcubed.f1"
"majority-vote",0.931159420289855,0.124301137459032,0.219324491565244
