"","bcubed.precision","bcubed.recall","bcubed.f1"
"majority-vote",0.979381443298969,0.371711779963869,0.538893413547116
