"","bcubed.precision","bcubed.recall","bcubed.f1"
"majority-vote",0.929032258064516,0.30145719645883,0.455206599140557
