"","bcubed.precision","bcubed.recall","bcubed.f1"
"majority-vote",0.925986842105263,0.226355837344266,0.363785062815926
