"","bcubed.precision","bcubed.recall","bcubed.f1"
"majority-vote",0.978986758779505,0.364858909064017,0.531596818509073
