"","bcubed.precision","bcubed.recall","bcubed.f1"
"majority-vote",0.995412844036697,0.276651290814449,0.432969125771726
