"","bcubed.precision","bcubed.recall","bcubed.f1"
"majority-vote",0.996411483253589,0.213469033184801,0.351609920309364
