"","bcubed.precision","bcubed.recall","bcubed.f1"
"majority-vote",0.896258503401361,0.298262123731314,0.447576975340163
