"","bcubed.precision","bcubed.recall","bcubed.f1"
"majority-vote",0.957015325100432,0.374890740986802,0.538740972051595
