"","bcubed.precision","bcubed.recall","bcubed.f1"
"majority-vote",0.983870967741935,0.167148703813529,0.285751427263774
