"","bcubed.precision","bcubed.recall","bcubed.f1"
"majority-vote",0.983870967741935,0.0224318623841579,0.0438636511623244
