"","bcubed.precision","bcubed.recall","bcubed.f1"
"majority-vote",0.908950617283951,0.453340795863161,0.604957782546515
