"","bcubed.precision","bcubed.recall","bcubed.f1"
"majority-vote",0.997154471544715,0.268849994939781,0.423513473650545
