"","bcubed.precision","bcubed.recall","bcubed.f1"
"majority-vote",0.8930155913297,0.365733469909834,0.518936936610659
