"","bcubed.precision","bcubed.recall","bcubed.f1"
"majority-vote",0.971670802315964,0.575019085202374,0.722483880413885
