"","bcubed.precision","bcubed.recall","bcubed.f1"
"majority-vote",0.531760409477801,0.0798507203864347,0.138851141506249
