"","bcubed.precision","bcubed.recall","bcubed.f1"
"majority-vote",0.965718984962406,0.280257842313522,0.434438768172743
