"","bcubed.precision","bcubed.recall","bcubed.f1"
"majority-vote",0.88339222614841,0.163917469208595,0.276524544116693
