"","bcubed.precision","bcubed.recall","bcubed.f1"
"majority-vote",0.987682057638674,0.265270639832407,0.418216987615922
