"","bcubed.precision","bcubed.recall","bcubed.f1"
"majority-vote",0.977370750014003,0.488008680691702,0.650978716183144
