"","bcubed.precision","bcubed.recall","bcubed.f1"
"majority-vote",0.961886304909561,0.0862170214201985,0.158249611600013
