"","bcubed.precision","bcubed.recall","bcubed.f1"
"majority-vote",0.955017301038062,0.124506669357097,0.22029343783284
