"","bcubed.precision","bcubed.recall","bcubed.f1"
"majority-vote",0.995889531149647,0.495831773746392,0.662045478689205
