"","bcubed.precision","bcubed.recall","bcubed.f1"
"majority-vote",0.966442953020134,0.275925175127657,0.42928651342744
