"","bcubed.precision","bcubed.recall","bcubed.f1"
"majority-vote",0.961133069828722,0.246284276926285,0.392096343106023
