"","bcubed.precision","bcubed.recall","bcubed.f1"
"majority-vote",0.84666799020581,0.383320602415014,0.527720803263172
