"","bcubed.precision","bcubed.recall","bcubed.f1"
"majority-vote",0.912278400769449,0.566684959507322,0.699103794569588
