"","bcubed.precision","bcubed.recall","bcubed.f1"
"majority-vote",0.995670995670996,0.501057170301696,0.666638208572983
