"","bcubed.precision","bcubed.recall","bcubed.f1"
"majority-vote",0.956521739130435,0.396589906982188,0.560702982105005
