"","bcubed.precision","bcubed.recall","bcubed.f1"
"majority-vote",0.968886668886669,0.183271024216331,0.308237063761956
