"","bcubed.precision","bcubed.recall","bcubed.f1"
"majority-vote",0.958443769938023,0.498325040075695,0.655720422872272
