"","bcubed.precision","bcubed.recall","bcubed.f1"
"majority-vote",0.900090415913201,0.160226236303393,0.272028359401957
