"","bcubed.precision","bcubed.recall","bcubed.f1"
"majority-vote",0.965503450797568,0.163415665259287,0.279521156968832
