"","bcubed.precision","bcubed.recall","bcubed.f1"
"majority-vote",0.990129723632262,0.283270848206421,0.440513209826376
