"","bcubed.precision","bcubed.recall","bcubed.f1"
"majority-vote",0.949021464646465,0.139723840771609,0.243584837252977
