"","bcubed.precision","bcubed.recall","bcubed.f1"
"majority-vote",0.926233766233766,0.19413261247772,0.320988177119056
