"","bcubed.precision","bcubed.recall","bcubed.f1"
"majority-vote",0.805718159510633,0.234941676458136,0.363801443287128
