"","bcubed.precision","bcubed.recall","bcubed.f1"
"majority-vote",0.991899940440738,0.241826572939426,0.388850787746167
