"","bcubed.precision","bcubed.recall","bcubed.f1"
"majority-vote",0.958486707566462,0.280086848726878,0.433497905885066
