"","bcubed.precision","bcubed.recall","bcubed.f1"
"majority-vote",0.983248870017806,0.383709162980453,0.552001732033407
