"","bcubed.precision","bcubed.recall","bcubed.f1"
"majority-vote",0.994241842610365,0.558541450393693,0.715264368589829
