"","bcubed.precision","bcubed.recall","bcubed.f1"
"majority-vote",0.98019801980198,0.216557074037863,0.354740608565033
