"","bcubed.precision","bcubed.recall","bcubed.f1"
"majority-vote",0.905660377358491,0.115904912004203,0.205509109278596
