"","bcubed.precision","bcubed.recall","bcubed.f1"
"majority-vote",0.955503512880562,0.580151492458853,0.721954849389904
