"","bcubed.precision","bcubed.recall","bcubed.f1"
"majority-vote",0.988326848249027,0.174922713220586,0.297237703018873
