"","bcubed.precision","bcubed.recall","bcubed.f1"
"majority-vote",0.869247316567758,0.150895638868513,0.257151467780589
