"","bcubed.precision","bcubed.recall","bcubed.f1"
"majority-vote",0.970466035481202,0.435097728403318,0.600823069546828
