"","bcubed.precision","bcubed.recall","bcubed.f1"
"majority-vote",0.991648719789423,0.420161583794042,0.590238923198829
