"","bcubed.precision","bcubed.recall","bcubed.f1"
"majority-vote",0.903976583332941,0.381240831814075,0.536302699463302
