"","bcubed.precision","bcubed.recall","bcubed.f1"
"majority-vote",0.935433620088352,0.413845498490604,0.573824922478678
