"","bcubed.precision","bcubed.recall","bcubed.f1"
"majority-vote",0.950723023316453,0.0792310659203203,0.146272148088021
