"","bcubed.precision","bcubed.recall","bcubed.f1"
"majority-vote",0.895705521472393,0.289871705940726,0.43799708956329
