"","bcubed.precision","bcubed.recall","bcubed.f1"
"majority-vote",0.986819484240688,0.18341130150416,0.309330173430784
