"","bcubed.precision","bcubed.recall","bcubed.f1"
"majority-vote",0.98019801980198,0.108646386280114,0.195611002078069
