"","bcubed.precision","bcubed.recall","bcubed.f1"
"majority-vote",0.915481029810298,0.263837572816644,0.409623476347786
