"","bcubed.precision","bcubed.recall","bcubed.f1"
"majority-vote",0.948453608247423,0.129058570295684,0.227201268087195
