"","bcubed.precision","bcubed.recall","bcubed.f1"
"majority-vote",0.974537037037037,0.156843156843157,0.270200002043966
