"","bcubed.precision","bcubed.recall","bcubed.f1"
"majority-vote",0.727037037037037,0.269443045221086,0.393174086939815
