"","bcubed.precision","bcubed.recall","bcubed.f1"
"majority-vote",0.907142857142857,0.319388426782044,0.472439527318514
