"","bcubed.precision","bcubed.recall","bcubed.f1"
"majority-vote",0.425559947299078,0.618405852907201,0.504171232660361
