"","bcubed.precision","bcubed.recall","bcubed.f1"
"majority-vote",0.91751012145749,0.363553631662824,0.520761181371028
