"","bcubed.precision","bcubed.recall","bcubed.f1"
"majority-vote",0.942688465031789,0.180630903775683,0.303170539289059
