"","bcubed.precision","bcubed.recall","bcubed.f1"
"majority-vote",0.811260579831653,0.515407079390042,0.630345427008607
