"","bcubed.precision","bcubed.recall","bcubed.f1"
"majority-vote",0.995305164319249,0.205746449267312,0.341002003876573
