"","bcubed.precision","bcubed.recall","bcubed.f1"
"majority-vote",0.967452300785634,0.312915844025169,0.472881420053077
