"","bcubed.precision","bcubed.recall","bcubed.f1"
"majority-vote",0.903508771929825,0.17805452295314,0.297483881213537
