"","bcubed.precision","bcubed.recall","bcubed.f1"
"majority-vote",0.993870815652994,0.16034891832969,0.276145183724255
