"","bcubed.precision","bcubed.recall","bcubed.f1"
"majority-vote",0.997596833474696,0.255232114093921,0.406470092050938
