"","bcubed.precision","bcubed.recall","bcubed.f1"
"majority-vote",0.937573616018846,0.29300389842398,0.446477725017384
