"","bcubed.precision","bcubed.recall","bcubed.f1"
"majority-vote",0.994047619047619,0.221762870188182,0.362626996650256
