"","bcubed.precision","bcubed.recall","bcubed.f1"
"majority-vote",0.966437833714722,0.498285868932228,0.657546969262904
