"","bcubed.precision","bcubed.recall","bcubed.f1"
"majority-vote",0.953887264754248,0.618364770030869,0.750325349950336
