"","bcubed.precision","bcubed.recall","bcubed.f1"
"majority-vote",0.941455696202532,0.328027283719451,0.486533745866369
