"","bcubed.precision","bcubed.recall","bcubed.f1"
"majority-vote",0.996648512777545,0.0875427306430326,0.160948232757527
