"","bcubed.precision","bcubed.recall","bcubed.f1"
"majority-vote",0.934203142536476,0.350789934806513,0.510055758656727
