"","bcubed.precision","bcubed.recall","bcubed.f1"
"majority-vote",0.978388207206707,0.230221741427418,0.372736029700455
