"","bcubed.precision","bcubed.recall","bcubed.f1"
"majority-vote",0.993788819875776,0.275615131032229,0.431546216021312
