"","bcubed.precision","bcubed.recall","bcubed.f1"
"majority-vote",0.946534653465346,0.473459712525118,0.631194088734539
