"","bcubed.precision","bcubed.recall","bcubed.f1"
"majority-vote",0.878838451268358,0.107088319497258,0.190913434235725
