"","bcubed.precision","bcubed.recall","bcubed.f1"
"majority-vote",0.9940755644981,0.279552200062611,0.436384976547328
