"","bcubed.precision","bcubed.recall","bcubed.f1"
"majority-vote",0.902165653495441,0.393296115158043,0.547786519578383
