"","bcubed.precision","bcubed.recall","bcubed.f1"
"majority-vote",0.997542997542998,0.404048504183422,0.575140125378084
