"","bcubed.precision","bcubed.recall","bcubed.f1"
"majority-vote",0.972171808832426,0.412328652210461,0.579059816781763
