"","bcubed.precision","bcubed.recall","bcubed.f1"
"majority-vote",0.979668674698795,0.486333643560353,0.649993291434871
