"","bcubed.precision","bcubed.recall","bcubed.f1"
"majority-vote",0.989333333333333,0.097209011024834,0.177024145274422
