"","bcubed.precision","bcubed.recall","bcubed.f1"
"majority-vote",0.933441558441558,0.286460537499241,0.438386279431844
