"","bcubed.precision","bcubed.recall","bcubed.f1"
"majority-vote",0.978193146417445,0.13913509542573,0.24361864611436
