"","bcubed.precision","bcubed.recall","bcubed.f1"
"majority-vote",0.987538940809969,0.2590298976671,0.410409923438798
