"","bcubed.precision","bcubed.recall","bcubed.f1"
"majority-vote",0.978436407921211,0.371275426364091,0.53829178242844
