"","bcubed.precision","bcubed.recall","bcubed.f1"
"majority-vote",0.969529085872576,0.172896528005019,0.293460179307935
