"","bcubed.precision","bcubed.recall","bcubed.f1"
"majority-vote",0.926310926310926,0.220517357203412,0.356230554050817
