"","bcubed.precision","bcubed.recall","bcubed.f1"
"majority-vote",0.985578821039999,0.293965192935344,0.452857994903792
