"","bcubed.precision","bcubed.recall","bcubed.f1"
"majority-vote",0.934216514063271,0.261497787058127,0.408618598659548
