"","bcubed.precision","bcubed.recall","bcubed.f1"
"majority-vote",0.98015873015873,0.277511193373819,0.432553905937588
