"","bcubed.precision","bcubed.recall","bcubed.f1"
"majority-vote",0.623320354032255,0.401995684047456,0.488770452804364
