"","bcubed.precision","bcubed.recall","bcubed.f1"
"majority-vote",0.961616161616162,0.146379722239013,0.254082363822786
