"","bcubed.precision","bcubed.recall","bcubed.f1"
"majority-vote",0.991891197038256,0.199335823804693,0.331959308220412
