"","bcubed.precision","bcubed.recall","bcubed.f1"
"majority-vote",0.958952666523881,0.226301967614123,0.366187769332774
