"","bcubed.precision","bcubed.recall","bcubed.f1"
"majority-vote",0.988111888111888,0.11571981528281,0.207176736851106
