"","bcubed.precision","bcubed.recall","bcubed.f1"
"majority-vote",0.997395833333333,0.199936167646539,0.333099759097887
