"","bcubed.precision","bcubed.recall","bcubed.f1"
"majority-vote",0.992028985507246,0.237811882758691,0.383653343911578
