"","bcubed.precision","bcubed.recall","bcubed.f1"
"majority-vote",0.948492791612058,0.222402230662577,0.360317378772524
