"","bcubed.precision","bcubed.recall","bcubed.f1"
"majority-vote",0.852365057245928,0.607630207761736,0.70948552948967
