"","bcubed.precision","bcubed.recall","bcubed.f1"
"majority-vote",0.892613409565569,0.347511696833253,0.500261786449937
