"","bcubed.precision","bcubed.recall","bcubed.f1"
"majority-vote",0.984675642594859,0.30924279645321,0.4706693097896
