"","bcubed.precision","bcubed.recall","bcubed.f1"
"majority-vote",0.966101694915254,0.30326181590032,0.461619940778248
