"","bcubed.precision","bcubed.recall","bcubed.f1"
"majority-vote",0.985288290073311,0.220833280958263,0.360800189653436
