"","bcubed.precision","bcubed.recall","bcubed.f1"
"majority-vote",0.99197643713183,0.130532620234228,0.230706884189008
