"","bcubed.precision","bcubed.recall","bcubed.f1"
"majority-vote",0.989536621823617,0.20060790257687,0.333587832666007
