"","bcubed.precision","bcubed.recall","bcubed.f1"
"majority-vote",0.992223950233281,0.288874646561645,0.447472729500649
