"","bcubed.precision","bcubed.recall","bcubed.f1"
"majority-vote",0.98825831702544,0.283584063908242,0.440706040205162
