"","bcubed.precision","bcubed.recall","bcubed.f1"
"majority-vote",0.998029533165641,0.079605104777874,0.14744931679382
