"","bcubed.precision","bcubed.recall","bcubed.f1"
"majority-vote",0.997737556561086,0.411572677708903,0.582755319331507
