"","bcubed.precision","bcubed.recall","bcubed.f1"
"majority-vote",0.997361477572559,0.525178498862419,0.688051298122522
