"","bcubed.precision","bcubed.recall","bcubed.f1"
"majority-vote",0.96973587674248,0.419565239551504,0.585715307726062
