"","bcubed.precision","bcubed.recall","bcubed.f1"
"majority-vote",0.985952166645236,0.226926589443552,0.36893838136432
