"","bcubed.precision","bcubed.recall","bcubed.f1"
"majority-vote",0.960674157303371,0.263150627150627,0.413134314965795
