"","bcubed.precision","bcubed.recall","bcubed.f1"
"majority-vote",0.984011627906977,0.441351528304331,0.609381593670986
