"","bcubed.precision","bcubed.recall","bcubed.f1"
"majority-vote",0.994256756756757,0.177274070216048,0.300898513384436
