"","bcubed.precision","bcubed.recall","bcubed.f1"
"majority-vote",0.947761194029851,0.319817502627089,0.478251360583617
