"","bcubed.precision","bcubed.recall","bcubed.f1"
"majority-vote",0.988188013279748,0.202930322870315,0.336714340641584
