"","bcubed.precision","bcubed.recall","bcubed.f1"
"majority-vote",0.996794871794872,0.431952816658699,0.602721328590599
