"","bcubed.precision","bcubed.recall","bcubed.f1"
"majority-vote",0.994505494505495,0.362593390231581,0.531429393852233
