"","bcubed.precision","bcubed.recall","bcubed.f1"
"majority-vote",0.981588032220944,0.486094820002866,0.650201584240689
