"","bcubed.precision","bcubed.recall","bcubed.f1"
"majority-vote",0.961082474226804,0.163042840148936,0.278790298930904
