"","bcubed.precision","bcubed.recall","bcubed.f1"
"majority-vote",0.970097287090291,0.0990969583356533,0.179824556392032
