"","bcubed.precision","bcubed.recall","bcubed.f1"
"majority-vote",0.963699494949495,0.359499359262557,0.523654248721821
