"","bcubed.precision","bcubed.recall","bcubed.f1"
"majority-vote",0.966067864271457,0.223978675075657,0.363647291292323
