"","bcubed.precision","bcubed.recall","bcubed.f1"
"majority-vote",0.959256678281069,0.344879476166376,0.507351842959745
