"","bcubed.precision","bcubed.recall","bcubed.f1"
"majority-vote",0.982698961937716,0.528845842050267,0.687635931977318
