"","bcubed.precision","bcubed.recall","bcubed.f1"
"majority-vote",0.976486860304288,0.0876572113842475,0.160873170099633
