"","bcubed.precision","bcubed.recall","bcubed.f1"
"majority-vote",0.984779299847793,0.296599574765006,0.455891894831646
