"","bcubed.precision","bcubed.recall","bcubed.f1"
"majority-vote",0.986389291491267,0.25539968114279,0.405742869491194
