"","bcubed.precision","bcubed.recall","bcubed.f1"
"majority-vote",0.98539778449144,0.264931693798331,0.417590896869084
