"","bcubed.precision","bcubed.recall","bcubed.f1"
"majority-vote",0.992769342010123,0.255488351254356,0.406392051472496
