"","bcubed.precision","bcubed.recall","bcubed.f1"
"majority-vote",0.870985059155166,0.354840658135712,0.504249351694183
