"","bcubed.precision","bcubed.recall","bcubed.f1"
"majority-vote",0.987979966611018,0.123237857649664,0.219140715398326
