"","bcubed.precision","bcubed.recall","bcubed.f1"
"majority-vote",0.990584415584416,0.324457151537036,0.488809184246593
