"","bcubed.precision","bcubed.recall","bcubed.f1"
"majority-vote",0.996515679442509,0.127692766438154,0.226377669325068
