"","bcubed.precision","bcubed.recall","bcubed.f1"
"majority-vote",0.980449441331079,0.189725280108602,0.317928667370293
