"","bcubed.precision","bcubed.recall","bcubed.f1"
"majority-vote",0.988149847094801,0.437069304219783,0.606068148517716
