"","bcubed.precision","bcubed.recall","bcubed.f1"
"majority-vote",0.999275362318841,0.301098654987745,0.462759888389337
