"","bcubed.precision","bcubed.recall","bcubed.f1"
"majority-vote",0.954132823698041,0.22910076541065,0.369483358526541
