"","bcubed.precision","bcubed.recall","bcubed.f1"
"majority-vote",0.985815602836879,0.187220709398129,0.314679255149756
