"","bcubed.precision","bcubed.recall","bcubed.f1"
"majority-vote",0.974329224075417,0.423049622764093,0.589946830274978
