"","bcubed.precision","bcubed.recall","bcubed.f1"
"majority-vote",0.99124162802679,0.289090724624236,0.447631835484951
