"","bcubed.precision","bcubed.recall","bcubed.f1"
"majority-vote",0.991318327974277,0.157862688836892,0.272354267009313
