"","bcubed.precision","bcubed.recall","bcubed.f1"
"majority-vote",0.905349977072624,0.151454724327837,0.25949833685645
