"","bcubed.precision","bcubed.recall","bcubed.f1"
"majority-vote",0.991797432239658,0.409179286421901,0.579342911546174
