"","bcubed.precision","bcubed.recall","bcubed.f1"
"majority-vote",0.95665914221219,0.201875750490845,0.33339743759883
