"","bcubed.precision","bcubed.recall","bcubed.f1"
"majority-vote",0.978574542736729,0.0344083976019679,0.0664792675351297
