"","bcubed.precision","bcubed.recall","bcubed.f1"
"majority-vote",0.977272727272727,0.186212944652655,0.31282006588536
