"","bcubed.precision","bcubed.recall","bcubed.f1"
"majority-vote",0.980230642504119,0.301245747404892,0.460859544281261
