"","bcubed.precision","bcubed.recall","bcubed.f1"
"majority-vote",0.996022727272727,0.636368543324252,0.776575498153203
