"","bcubed.precision","bcubed.recall","bcubed.f1"
"majority-vote",0.979674796747968,0.526049928327276,0.684531306461151
