"","bcubed.precision","bcubed.recall","bcubed.f1"
"majority-vote",0.947798708568102,0.070820765600826,0.13179373039384
