"","bcubed.precision","bcubed.recall","bcubed.f1"
"majority-vote",0.957950838327896,0.117057919577105,0.208622918403641
