"","bcubed.precision","bcubed.recall","bcubed.f1"
"majority-vote",0.99706457925636,0.16060372216286,0.276646224948902
