"","bcubed.precision","bcubed.recall","bcubed.f1"
"majority-vote",0.953659541894836,0.210576664523144,0.344978869950703
