"","bcubed.precision","bcubed.recall","bcubed.f1"
"majority-vote",0.941122860627505,0.460991740487883,0.618850791780472
