"","bcubed.precision","bcubed.recall","bcubed.f1"
"majority-vote",0.963963963963964,0.357111228057789,0.521154824575583
