"","bcubed.precision","bcubed.recall","bcubed.f1"
"majority-vote",0.997590361445783,0.414989656482375,0.58614687472886
