{
      "avg_bcuded_f1": 0.4125909688478187,
      "avg_bcuded_recall": 0.2825920947890355,
      "avg_bcuded_precision": 0.9625039480507792,
      "avg_bcuded_f1star": 0.43690767228208083
}