{
      "avg_bcuded_f1": 0.653917056030632,
      "avg_bcuded_recall": 0.623483187334271,
      "avg_bcuded_precision": 0.7783806544795575,
      "avg_bcuded_f1star": 0.6923743047489209
}