"","bcubed.precision","bcubed.recall","bcubed.f1"
"majority-vote",0.772963908901748,0.493197909148741,0.602172926529645
