"","bcubed.precision","bcubed.recall","bcubed.f1"
"majority-vote",0.753380594093335,0.720980007563112,0.736824282766454
