"","bcubed.precision","bcubed.recall","bcubed.f1"
"majority-vote",0.773912635363253,0.423384388527462,0.547337079035211
