"","bcubed.precision","bcubed.recall","bcubed.f1"
"majority-vote",0.901662319206828,0.461087254834594,0.61015613062042
