"","bcubed.precision","bcubed.recall","bcubed.f1"
"majority-vote",0.992591761123997,0.371771212964336,0.540936759527724
