"","bcubed.precision","bcubed.recall","bcubed.f1"
"majority-vote",0.31514583794749,0.725544830206951,0.439424394742639
