"","bcubed.precision","bcubed.recall","bcubed.f1"
"majority-vote",0.937535769948302,0.828728341742487,0.879780615832997
