"","bcubed.precision","bcubed.recall","bcubed.f1"
"majority-vote",0.973730019956335,0.712547422686237,0.822911815774281
