"","bcubed.precision","bcubed.recall","bcubed.f1"
"majority-vote",0.959776276421427,0.710393114187104,0.816466236016334
