"","bcubed.precision","bcubed.recall","bcubed.f1"
"majority-vote",0.790978899907587,0.427468264997086,0.554998834141903
