"","bcubed.precision","bcubed.recall","bcubed.f1"
"majority-vote",0.814097063125874,0.657250118988661,0.72731357780403
