"","bcubed.precision","bcubed.recall","bcubed.f1"
"majority-vote",0.91378570306322,0.838607856805792,0.874584211645814
