"","bcubed.precision","bcubed.recall","bcubed.f1"
"majority-vote",0.97300776115657,0.342636304184644,0.506805437744588
