"","bcubed.precision","bcubed.recall","bcubed.f1"
"majority-vote",0.857704872512827,0.930916876803161,0.892812514936533
