"","bcubed.precision","bcubed.recall","bcubed.f1"
"majority-vote",0.87067036359668,0.362873816908093,0.512253201953089
