"","bcubed.precision","bcubed.recall","bcubed.f1"
"majority-vote",0.924576013755534,0.819899021477894,0.869096953122815
