"","bcubed.precision","bcubed.recall","bcubed.f1"
"majority-vote",0.797364931163142,0.571928115378535,0.666088860234624
