"","bcubed.precision","bcubed.recall","bcubed.f1"
"majority-vote",0.861639546029642,0.784126662502521,0.821057739557066
