"","bcubed.precision","bcubed.recall","bcubed.f1"
"majority-vote",0.928430387322553,0.689116330073604,0.791070247752033
