"","bcubed.precision","bcubed.recall","bcubed.f1"
"majority-vote",0.997183868067272,0.604116691415966,0.752407679548408
