"","bcubed.precision","bcubed.recall","bcubed.f1"
"majority-vote",0.871834717391873,0.844903123286393,0.858157673536075
