"","bcubed.precision","bcubed.recall","bcubed.f1"
"majority-vote",0.95401872588236,0.332719489464153,0.49337249741874
