"","bcubed.precision","bcubed.recall","bcubed.f1"
"majority-vote",0.723452523658614,0.607197392612347,0.660246516642597
