"","bcubed.precision","bcubed.recall","bcubed.f1"
"majority-vote",0.998128163529014,0.183999731912886,0.310719872548793
