"","bcubed.precision","bcubed.recall","bcubed.f1"
"majority-vote",0.980609971097386,0.676444503762446,0.800611247665335
