"","bcubed.precision","bcubed.recall","bcubed.f1"
"majority-vote",0.98557607423267,0.646527443284409,0.780835250456796
