"","bcubed.precision","bcubed.recall","bcubed.f1"
"majority-vote",0.916696313832641,0.304893251222194,0.457591530745089
