"","bcubed.precision","bcubed.recall","bcubed.f1"
"majority-vote",0.67062712094451,0.811323844991372,0.734296595267694
