"","bcubed.precision","bcubed.recall","bcubed.f1"
"majority-vote",0.336042887657166,0.79945206887827,0.473186041422925
