"","bcubed.precision","bcubed.recall","bcubed.f1"
"majority-vote",0.852386888873317,0.561575637760341,0.677075526007354
