"","bcubed.precision","bcubed.recall","bcubed.f1"
"majority-vote",0.999565264000846,0.256074489126055,0.40770159385245
