"","bcubed.precision","bcubed.recall","bcubed.f1"
"majority-vote",0.823986329503524,0.333863378468973,0.475189237231867
