"","bcubed.precision","bcubed.recall","bcubed.f1"
"majority-vote",0.923957475849744,0.511986979127575,0.658875341957599
