"","bcubed.precision","bcubed.recall","bcubed.f1"
"majority-vote",0.926860592672495,0.66486574399424,0.774301264395256
