"","bcubed.precision","bcubed.recall","bcubed.f1"
"majority-vote",0.768586522212768,0.907153650436822,0.832141021241303
