"","bcubed.precision","bcubed.recall","bcubed.f1"
"majority-vote",0.853949010026168,0.8437729575102,0.848830486417384
