"","bcubed.precision","bcubed.recall","bcubed.f1"
"majority-vote",0.900985447973777,0.116225808252185,0.205891866165011
