"","bcubed.precision","bcubed.recall","bcubed.f1"
"majority-vote",0.764491084898255,0.951752715701231,0.847905718205235
