"","bcubed.precision","bcubed.recall","bcubed.f1"
"majority-vote",0.852582613210388,0.705237384351367,0.771941730142171
