"","bcubed.precision","bcubed.recall","bcubed.f1"
"majority-vote",0.867303648110791,0.876750982035453,0.872001727537978
