"","bcubed.precision","bcubed.recall","bcubed.f1"
"majority-vote",0.203857789370421,0.855210471524294,0.329235277099311
