"","bcubed.precision","bcubed.recall","bcubed.f1"
"majority-vote",0.904475774619011,0.253657237374638,0.396201168408457
