"","bcubed.precision","bcubed.recall","bcubed.f1"
"majority-vote",0.967619159634215,0.594711759393531,0.736661466326308
