"","bcubed.precision","bcubed.recall","bcubed.f1"
"majority-vote",0.836549954797277,0.505651139724687,0.630311567776711
