"","bcubed.precision","bcubed.recall","bcubed.f1"
"majority-vote",0.702916840788621,0.714945065709738,0.708879933402292
