"","bcubed.precision","bcubed.recall","bcubed.f1"
"majority-vote",0.709733269637001,0.291977036969481,0.413744005109216
