"","bcubed.precision","bcubed.recall","bcubed.f1"
"majority-vote",0.682631485931956,0.417425387239135,0.518059964545952
