"","bcubed.precision","bcubed.recall","bcubed.f1"
"majority-vote",0.569420080635583,0.76095227841464,0.651398843018712
