"","bcubed.precision","bcubed.recall","bcubed.f1"
"majority-vote",0.203139954238051,0.974149278471139,0.336176759884696
