"","bcubed.precision","bcubed.recall","bcubed.f1"
"majority-vote",0.904659836696048,0.510943204236088,0.653050018034447
