"","bcubed.precision","bcubed.recall","bcubed.f1"
"majority-vote",0.40542706373483,0.326546342915608,0.36173643408017
