"","bcubed.precision","bcubed.recall","bcubed.f1"
"majority-vote",0.939381109887439,0.186427024137843,0.311111670905171
