"","bcubed.precision","bcubed.recall","bcubed.f1"
"majority-vote",0.962334130090077,0.166361912089589,0.283682656743776
