"","bcubed.precision","bcubed.recall","bcubed.f1"
"majority-vote",0.856041053356355,0.634482005405197,0.728794688616229
