"","bcubed.precision","bcubed.recall","bcubed.f1"
"majority-vote",0.772415387787585,0.705835731041712,0.737626202967041
