"","bcubed.precision","bcubed.recall","bcubed.f1"
"majority-vote",0.606231076396507,0.423905812695215,0.498933452130894
