"","bcubed.precision","bcubed.recall","bcubed.f1"
"majority-vote",0.882270512997761,0.40822101800334,0.558177033042409
