"","bcubed.precision","bcubed.recall","bcubed.f1"
"majority-vote",0.709026977512852,0.332225958692667,0.452449465739951
