"","bcubed.precision","bcubed.recall","bcubed.f1"
"majority-vote",0.982730913550967,0.53350726555833,0.691572194516575
