"","bcubed.precision","bcubed.recall","bcubed.f1"
"majority-vote",0.876661746801766,0.782451878686628,0.826882041374135
