"","bcubed.precision","bcubed.recall","bcubed.f1"
"majority-vote",0.948975907662784,0.855496702565778,0.899814998817905
