"","bcubed.precision","bcubed.recall","bcubed.f1"
"majority-vote",0.948141715541925,0.211810832019921,0.346267071120895
