"","bcubed.precision","bcubed.recall","bcubed.f1"
"majority-vote",0.208276737991497,0.688097482944646,0.319765329748546
