"","bcubed.precision","bcubed.recall","bcubed.f1"
"majority-vote",0.937983643439924,0.346492753278488,0.506049836300629
