"","bcubed.precision","bcubed.recall","bcubed.f1"
"majority-vote",0.960306371487468,0.914354395335337,0.936767192419822
