"","bcubed.precision","bcubed.recall","bcubed.f1"
"majority-vote",0.890749258029356,0.409622808239875,0.561179714600277
