"","bcubed.precision","bcubed.recall","bcubed.f1"
"majority-vote",0.683550345830363,0.81181985762186,0.742183765796973
