"","bcubed.precision","bcubed.recall","bcubed.f1"
"majority-vote",0.984559132489198,0.365852717481813,0.533472264998922
