"","bcubed.precision","bcubed.recall","bcubed.f1"
"majority-vote",0.987143464030328,0.329711149440032,0.49431760022456
