"","bcubed.precision","bcubed.recall","bcubed.f1"
"majority-vote",0.746093284944064,0.632146571234649,0.684409625486015
