"","bcubed.precision","bcubed.recall","bcubed.f1"
"majority-vote",0.950184825521171,0.705683337495473,0.80988283232618
