"","bcubed.precision","bcubed.recall","bcubed.f1"
"majority-vote",0.999352990495957,0.276523091081202,0.433183413347769
