"","bcubed.precision","bcubed.recall","bcubed.f1"
"majority-vote",0.773647429141195,0.864048324074943,0.816352809441664
