"","bcubed.precision","bcubed.recall","bcubed.f1"
"majority-vote",0.941641627076586,0.840621057140969,0.888268364714792
