"","bcubed.precision","bcubed.recall","bcubed.f1"
"majority-vote",0.92226786129466,0.841406660309502,0.879983592864865
