"","bcubed.precision","bcubed.recall","bcubed.f1"
"majority-vote",0.485338212650126,0.435123996392317,0.458861429867762
