"","bcubed.precision","bcubed.recall","bcubed.f1"
"majority-vote",0.910339663593378,0.194947306253052,0.321126132912787
