"","bcubed.precision","bcubed.recall","bcubed.f1"
"majority-vote",0.570098608019355,0.913005299150527,0.701910429395678
