"","bcubed.precision","bcubed.recall","bcubed.f1"
"majority-vote",0.996698090699383,0.885438413167615,0.93777977742088
