"","bcubed.precision","bcubed.recall","bcubed.f1"
"majority-vote",0.777085240694021,0.646142823118913,0.705590430645233
