"","bcubed.precision","bcubed.recall","bcubed.f1"
"majority-vote",0.998913739526476,0.845900623680702,0.916061552989735
