"","bcubed.precision","bcubed.recall","bcubed.f1"
"majority-vote",0.807225807528486,0.575104012098554,0.671675882249841
