"","bcubed.precision","bcubed.recall","bcubed.f1"
"majority-vote",0.915368607278851,0.995796675752641,0.953890303794917
