"","bcubed.precision","bcubed.recall","bcubed.f1"
"majority-vote",0.89349645648296,0.580826795426342,0.704006645586996
