"","bcubed.precision","bcubed.recall","bcubed.f1"
"majority-vote",0.779704260963455,0.473558457193477,0.589238858763848
