"","bcubed.precision","bcubed.recall","bcubed.f1"
"majority-vote",0.968059010417079,0.714897493915323,0.822437132187021
