"","bcubed.precision","bcubed.recall","bcubed.f1"
"majority-vote",0.959610535609423,0.984330899159074,0.971813537655709
