"","bcubed.precision","bcubed.recall","bcubed.f1"
"majority-vote",0.497336494833601,0.288313534745254,0.365019633131442
