"","bcubed.precision","bcubed.recall","bcubed.f1"
"majority-vote",0.8544486634304,0.807239835052777,0.830173644167646
