"","bcubed.precision","bcubed.recall","bcubed.f1"
"majority-vote",0.811830607042849,0.401455921563682,0.537241940497444
