"","bcubed.precision","bcubed.recall","bcubed.f1"
"majority-vote",0.901035094026388,0.687080434263664,0.7796455266161
