"","bcubed.precision","bcubed.recall","bcubed.f1"
"majority-vote",0.669464279109014,0.376823444884741,0.482218858342725
