"","bcubed.precision","bcubed.recall","bcubed.f1"
"majority-vote",0.999461946480202,0.789891454620258,0.882404169301956
