"","bcubed.precision","bcubed.recall","bcubed.f1"
"majority-vote",0.649313294392024,0.426506518857429,0.514837799840329
