"","bcubed.precision","bcubed.recall","bcubed.f1"
"majority-vote",0.864083224714481,0.57565473775745,0.690977962780951
