"","bcubed.precision","bcubed.recall","bcubed.f1"
"majority-vote",0.752609887676193,0.854879628651813,0.800491517687787
