"","bcubed.precision","bcubed.recall","bcubed.f1"
"majority-vote",0.472415237828373,0.411491424390703,0.4398537253466
