"","bcubed.precision","bcubed.recall","bcubed.f1"
"majority-vote",0.992922498503442,0.497121229268405,0.662534721396937
