"","bcubed.precision","bcubed.recall","bcubed.f1"
"majority-vote",0.975004007762379,0.329198461787521,0.492208575103856
