"","bcubed.precision","bcubed.recall","bcubed.f1"
"majority-vote",0.384020143783239,0.289793601321844,0.33031852275356
