"","bcubed.precision","bcubed.recall","bcubed.f1"
"majority-vote",0.658653246339783,0.921297210514966,0.768144843930705
