"","bcubed.precision","bcubed.recall","bcubed.f1"
"majority-vote",0.782758795908879,0.580109940127728,0.666368148629914
