"","bcubed.precision","bcubed.recall","bcubed.f1"
"majority-vote",0.965010750731693,0.959631942044035,0.962313830295914
