"","bcubed.precision","bcubed.recall","bcubed.f1"
"majority-vote",0.979410623991726,0.424080503206418,0.591879695167441
