"","bcubed.precision","bcubed.recall","bcubed.f1"
"majority-vote",0.941338435640078,0.526242517297174,0.675086859104254
