"","bcubed.precision","bcubed.recall","bcubed.f1"
"majority-vote",0.732745763893869,0.614914266490874,0.66867876730077
