"","bcubed.precision","bcubed.recall","bcubed.f1"
"majority-vote",0.70798358564911,0.668020184204725,0.687421554592803
