"","bcubed.precision","bcubed.recall","bcubed.f1"
"majority-vote",0.999937178609242,0.347501224990996,0.515762937366662
