"","bcubed.precision","bcubed.recall","bcubed.f1"
"majority-vote",0.91597723552605,0.49136620772529,0.639616808166348
