"","bcubed.precision","bcubed.recall","bcubed.f1"
"majority-vote",0.757805387964016,0.748583859356623,0.753166398356001
