"","bcubed.precision","bcubed.recall","bcubed.f1"
"majority-vote",0.771874950542746,0.285287562522089,0.4165988114236
