"","bcubed.precision","bcubed.recall","bcubed.f1"
"majority-vote",0.9852616783416,0.874191200154846,0.926409159400128
