"","bcubed.precision","bcubed.recall","bcubed.f1"
"majority-vote",0.662944660633757,0.346094768135018,0.454772473833558
