"","bcubed.precision","bcubed.recall","bcubed.f1"
"majority-vote",0.817651197481675,0.80638898946012,0.811981043535268
