"","bcubed.precision","bcubed.recall","bcubed.f1"
"majority-vote",0.770716123027674,0.513348674659934,0.616240085403468
