"","bcubed.precision","bcubed.recall","bcubed.f1"
"majority-vote",0.732051938868853,0.767975547045322,0.749583582297855
