"","bcubed.precision","bcubed.recall","bcubed.f1"
"majority-vote",0.774811294627407,0.505667947387795,0.611954062372016
