"","bcubed.precision","bcubed.recall","bcubed.f1"
"majority-vote",0.656276826108805,0.599132153390588,0.626403912139771
