"","bcubed.precision","bcubed.recall","bcubed.f1"
"majority-vote",0.762378970494629,0.843313273226604,0.800806390590716
