"","bcubed.precision","bcubed.recall","bcubed.f1"
"majority-vote",0.816905724539019,0.555861331361692,0.661563521192323
