"","bcubed.precision","bcubed.recall","bcubed.f1"
"majority-vote",0.668545704367117,0.263112647343753,0.377612307823578
