"","bcubed.precision","bcubed.recall","bcubed.f1"
"majority-vote",0.996888530431362,0.727631518816346,0.841239875181267
