"","bcubed.precision","bcubed.recall","bcubed.f1"
"majority-vote",0.923186911814775,0.488236107925285,0.638693259792546
