"","bcubed.precision","bcubed.recall","bcubed.f1"
"majority-vote",0.379735788005987,0.271724001959205,0.316775738406302
