"","bcubed.precision","bcubed.recall","bcubed.f1"
"majority-vote",0.877324733001723,0.284385518638778,0.429536450861125
