"","bcubed.precision","bcubed.recall","bcubed.f1"
"majority-vote",0.899180161019866,0.536801004081925,0.672266217714347
