"","bcubed.precision","bcubed.recall","bcubed.f1"
"majority-vote",0.975700628095599,0.150550729123345,0.260851967057549
