"","bcubed.precision","bcubed.recall","bcubed.f1"
"majority-vote",0.974662302201011,0.843379761196072,0.904281013323909
