"","bcubed.precision","bcubed.recall","bcubed.f1"
"majority-vote",0.831887286277909,0.744520454136435,0.785782871133535
