"","bcubed.precision","bcubed.recall","bcubed.f1"
"majority-vote",0.987151759797295,0.764722032923464,0.861816306280562
