"","bcubed.precision","bcubed.recall","bcubed.f1"
"majority-vote",0.97183328709269,0.185921564670868,0.31212957572197
