"","bcubed.precision","bcubed.recall","bcubed.f1"
"majority-vote",0.973851803984487,0.440962549481589,0.607050915549736
