"","bcubed.precision","bcubed.recall","bcubed.f1"
"majority-vote",0.527534194997918,0.609345093672029,0.56549604987927
