"","bcubed.precision","bcubed.recall","bcubed.f1"
"majority-vote",0.947428249018843,0.336626785564394,0.496753982392398
