"","bcubed.precision","bcubed.recall","bcubed.f1"
"majority-vote",0.402951932269921,0.828320716788057,0.542160070922256
