"","bcubed.precision","bcubed.recall","bcubed.f1"
"majority-vote",0.889271189846993,0.619956444564612,0.730584827021432
