"","bcubed.precision","bcubed.recall","bcubed.f1"
"majority-vote",0.88830340044013,0.406777093095559,0.558021647027423
