"","bcubed.precision","bcubed.recall","bcubed.f1"
"majority-vote",0.533617533922945,0.488580261526591,0.510106743410832
