"","bcubed.precision","bcubed.recall","bcubed.f1"
"majority-vote",0.928268060852997,0.488428692498407,0.640070296170149
