"","bcubed.precision","bcubed.recall","bcubed.f1"
"majority-vote",0.910423950641094,0.922932395145525,0.916635502196945
