"","bcubed.precision","bcubed.recall","bcubed.f1"
"majority-vote",0.929012424925966,0.548498377187512,0.689757133051122
