"","bcubed.precision","bcubed.recall","bcubed.f1"
"majority-vote",0.625933784610797,0.633618288196202,0.629752594897337
