"","bcubed.precision","bcubed.recall","bcubed.f1"
"majority-vote",0.624377671288481,0.545202747462121,0.582110330137238
