"","bcubed.precision","bcubed.recall","bcubed.f1"
"majority-vote",0.863354488617552,0.538750985700642,0.663478019694576
