"","bcubed.precision","bcubed.recall","bcubed.f1"
"majority-vote",0.959567189984664,0.48986360311215,0.648609155197783
