"","bcubed.precision","bcubed.recall","bcubed.f1"
"majority-vote",0.941260645271606,0.472501200960546,0.629167899095646
