"","bcubed.precision","bcubed.recall","bcubed.f1"
"majority-vote",0.790431950554053,0.631179212423064,0.701885619665416
