"","bcubed.precision","bcubed.recall","bcubed.f1"
"majority-vote",0.974427507898474,0.518610058868493,0.676939306126891
