"","bcubed.precision","bcubed.recall","bcubed.f1"
"majority-vote",0.876792710929648,0.302515753172576,0.449829057277274
