"","bcubed.precision","bcubed.recall","bcubed.f1"
"majority-vote",0.965347926101282,0.45553460484041,0.618980635589365
