"","bcubed.precision","bcubed.recall","bcubed.f1"
"majority-vote",0.936143297784329,0.71493284271114,0.810719230512396
