"","bcubed.precision","bcubed.recall","bcubed.f1"
"majority-vote",0.690051030356321,0.83439110860612,0.755387731023607
