"","bcubed.precision","bcubed.recall","bcubed.f1"
"majority-vote",0.802494220648205,0.554486081532933,0.655826580746712
