"","bcubed.precision","bcubed.recall","bcubed.f1"
"majority-vote",0.864304803407518,0.505428641925197,0.637853159655563
