"","bcubed.precision","bcubed.recall","bcubed.f1"
"majority-vote",0.99966635352485,0.47155717506223,0.640826947793117
