"","bcubed.precision","bcubed.recall","bcubed.f1"
"majority-vote",0.959735975521039,0.640903672249587,0.768565631818734
