"","bcubed.precision","bcubed.recall","bcubed.f1"
"majority-vote",0.971191603194963,0.418775832298601,0.585210216532827
