"","bcubed.precision","bcubed.recall","bcubed.f1"
"majority-vote",0.98735569629687,0.992101488059208,0.989722903108422
