"","bcubed.precision","bcubed.recall","bcubed.f1"
"majority-vote",0.710901460467178,0.717457675597077,0.714164521411238
