"","bcubed.precision","bcubed.recall","bcubed.f1"
"majority-vote",0.981042931595037,0.681072929720588,0.803989419936384
