"","bcubed.precision","bcubed.recall","bcubed.f1"
"majority-vote",0.85788348710589,0.882685708424198,0.870107888277164
