"","bcubed.precision","bcubed.recall","bcubed.f1"
"majority-vote",0.894242597447781,0.913330830565235,0.903685926774881
