"","bcubed.precision","bcubed.recall","bcubed.f1"
"majority-vote",0.819042898353651,0.391587055773033,0.529850754187693
