"","bcubed.precision","bcubed.recall","bcubed.f1"
"majority-vote",0.658928342489743,0.562444591401701,0.60687554484089
