"","bcubed.precision","bcubed.recall","bcubed.f1"
"majority-vote",0.963090778711884,0.917334807632844,0.939656108317459
