"","bcubed.precision","bcubed.recall","bcubed.f1"
"majority-vote",0.725768894833775,0.910466319745916,0.807693330124432
