"","bcubed.precision","bcubed.recall","bcubed.f1"
"majority-vote",0.918277755550952,0.499672756350438,0.647185319036505
