"","bcubed.precision","bcubed.recall","bcubed.f1"
"majority-vote",0.916066021505462,0.707044083072445,0.798096270095722
