"","bcubed.precision","bcubed.recall","bcubed.f1"
"majority-vote",0.928190513027009,0.424217025773812,0.582301129638671
