"","bcubed.precision","bcubed.recall","bcubed.f1"
"majority-vote",0.428180217769977,0.743772256324413,0.543483756762998
