"","bcubed.precision","bcubed.recall","bcubed.f1"
"majority-vote",0.90222327712766,0.674447136795751,0.771882190007008
