"","bcubed.precision","bcubed.recall","bcubed.f1"
"majority-vote",0.895117762897484,0.653157793806526,0.755231380718522
