"","bcubed.precision","bcubed.recall","bcubed.f1"
"majority-vote",0.94581878044469,0.610206897989901,0.741819562587644
