"","bcubed.precision","bcubed.recall","bcubed.f1"
"majority-vote",0.943089320654118,0.650800849153116,0.770145073149129
