"","bcubed.precision","bcubed.recall","bcubed.f1"
"majority-vote",0.880868233569379,0.828446744195859,0.85385365442733
