"","bcubed.precision","bcubed.recall","bcubed.f1"
"majority-vote",0.963256608357824,0.438449927627301,0.602608005853643
