"","bcubed.precision","bcubed.recall","bcubed.f1"
"majority-vote",0.970252256498149,0.957827216635756,0.963999701491186
