"","bcubed.precision","bcubed.recall","bcubed.f1"
"majority-vote",0.999962421995285,0.776838096582768,0.874390677439447
