"","bcubed.precision","bcubed.recall","bcubed.f1"
"majority-vote",0.892098123199833,0.653102802978801,0.754117830145001
