"","bcubed.precision","bcubed.recall","bcubed.f1"
"majority-vote",0.970849193882972,0.264538585952351,0.415783735463234
