"","bcubed.precision","bcubed.recall","bcubed.f1"
"majority-vote",0.968435669741107,0.482996899362859,0.644537590893544
