"","bcubed.precision","bcubed.recall","bcubed.f1"
"majority-vote",0.838946106029522,0.860522874337039,0.849597518889313
