"","bcubed.precision","bcubed.recall","bcubed.f1"
"majority-vote",0.966715792944453,0.453164802228717,0.61706818532529
