"","bcubed.precision","bcubed.recall","bcubed.f1"
"majority-vote",0.721348901988754,0.663111048769601,0.691005076260313
