"","bcubed.precision","bcubed.recall","bcubed.f1"
"majority-vote",0.88573832244298,0.929990826037648,0.907325318681181
