"","bcubed.precision","bcubed.recall","bcubed.f1"
"majority-vote",0.982219191337012,0.647014134862044,0.780133440813459
