"","bcubed.precision","bcubed.recall","bcubed.f1"
"majority-vote",0.970567185007631,0.636424157894298,0.76875635469558
