"","bcubed.precision","bcubed.recall","bcubed.f1"
"majority-vote",0.79291057778324,0.635619032285313,0.705605330946113
