"","bcubed.precision","bcubed.recall","bcubed.f1"
"majority-vote",0.47214270321812,0.501235378030841,0.486254274450851
