"","bcubed.precision","bcubed.recall","bcubed.f1"
"majority-vote",0.928329376863306,0.579155088363636,0.713303114811054
