"","bcubed.precision","bcubed.recall","bcubed.f1"
"majority-vote",0.909123266877236,0.416541834029311,0.571317556273903
