"","bcubed.precision","bcubed.recall","bcubed.f1"
"majority-vote",0.823654514634288,0.294387679729277,0.433747031523721
