"","bcubed.precision","bcubed.recall","bcubed.f1"
"majority-vote",0.408779510399613,0.841394635360637,0.550235162456386
