"","bcubed.precision","bcubed.recall","bcubed.f1"
"majority-vote",0.893622702438045,0.439525063449829,0.589236369799871
