"","bcubed.precision","bcubed.recall","bcubed.f1"
"majority-vote",0.713555581451358,0.293023820939842,0.415444191353652
