"","bcubed.precision","bcubed.recall","bcubed.f1"
"majority-vote",0.858448382705218,0.637960544438308,0.731960612729328
