"","bcubed.precision","bcubed.recall","bcubed.f1"
"majority-vote",0.758226578637023,0.367110773487088,0.494701691428806
