"","bcubed.precision","bcubed.recall","bcubed.f1"
"majority-vote",0.881582072976405,0.704514866205152,0.783164837973044
