"","bcubed.precision","bcubed.recall","bcubed.f1"
"majority-vote",0.932903847963854,0.627113567934445,0.750038627356613
