"","bcubed.precision","bcubed.recall","bcubed.f1"
"majority-vote",0.599631783495511,0.720357021380058,0.654473680213306
