"","bcubed.precision","bcubed.recall","bcubed.f1"
"majority-vote",0.97632471629823,0.966810438836012,0.971544284932178
