"","bcubed.precision","bcubed.recall","bcubed.f1"
"majority-vote",0.93598627791595,0.435246404211434,0.594187503206427
