"","bcubed.precision","bcubed.recall","bcubed.f1"
"majority-vote",0.953770233776331,0.995978839090263,0.97441766575508
