"","bcubed.precision","bcubed.recall","bcubed.f1"
"majority-vote",0.889245303598337,0.504050402899709,0.643401758097709
