"","bcubed.precision","bcubed.recall","bcubed.f1"
"majority-vote",0.97144466100264,0.433703570526981,0.599679106577357
