"","bcubed.precision","bcubed.recall","bcubed.f1"
"majority-vote",0.886209217421755,0.635613349068892,0.740278690912191
