"","bcubed.precision","bcubed.recall","bcubed.f1"
"majority-vote",0.987736571602666,0.760571912321055,0.859396039132942
