"","bcubed.precision","bcubed.recall","bcubed.f1"
"majority-vote",0.271239990039748,0.812588970823883,0.40671846261988
