"","bcubed.precision","bcubed.recall","bcubed.f1"
"majority-vote",0.98506131639012,0.926555512056038,0.954913117349291
