"","bcubed.precision","bcubed.recall","bcubed.f1"
"majority-vote",0.985220353935669,0.602129310993671,0.747447227285782
