"","bcubed.precision","bcubed.recall","bcubed.f1"
"majority-vote",0.866559765316108,0.86135663530321,0.863950366434733
