"","bcubed.precision","bcubed.recall","bcubed.f1"
"majority-vote",0.807196524665953,0.630663957480512,0.70809339436104
