"","bcubed.precision","bcubed.recall","bcubed.f1"
"majority-vote",0.588279697511502,0.688677988057282,0.634532033560238
