"","bcubed.precision","bcubed.recall","bcubed.f1"
"majority-vote",0.979217569487112,0.419813843022976,0.58767671308315
