"","bcubed.precision","bcubed.recall","bcubed.f1"
"majority-vote",0.999973860920335,0.178758472936822,0.303298374398406
