"","bcubed.precision","bcubed.recall","bcubed.f1"
"majority-vote",0.926988883942946,0.339376565503383,0.4968523167304
