"","bcubed.precision","bcubed.recall","bcubed.f1"
"majority-vote",0.783437007476331,0.979786175762398,0.870679057311423
