"","bcubed.precision","bcubed.recall","bcubed.f1"
"majority-vote",0.781856291810204,0.708331053111218,0.743279819744753
