"","bcubed.precision","bcubed.recall","bcubed.f1"
"majority-vote",0.994211403347009,0.167783173898294,0.287113120914717
