"","bcubed.precision","bcubed.recall","bcubed.f1"
"majority-vote",0.897072871971856,0.533043106329655,0.668726897028108
