"","bcubed.precision","bcubed.recall","bcubed.f1"
"majority-vote",0.984320291746836,0.708363578789573,0.823847449218058
