"","bcubed.precision","bcubed.recall","bcubed.f1"
"majority-vote",0.950858394215669,0.311020776504887,0.468724300990365
