"","bcubed.precision","bcubed.recall","bcubed.f1"
"majority-vote",0.933658835378028,0.314550493002877,0.470566659432993
