"","bcubed.precision","bcubed.recall","bcubed.f1"
"majority-vote",0.832401707154488,0.652169949977111,0.731345472086811
