"","bcubed.precision","bcubed.recall","bcubed.f1"
"majority-vote",0.783861706173783,0.577023114585925,0.664723885815018
