"","bcubed.precision","bcubed.recall","bcubed.f1"
"majority-vote",0.992143872244433,0.376772147739072,0.546143331153651
