"","bcubed.precision","bcubed.recall","bcubed.f1"
"majority-vote",0.989933231264512,0.389714085234554,0.559260209550513
