"","bcubed.precision","bcubed.recall","bcubed.f1"
"majority-vote",0.976536093467399,0.610236148698286,0.751106691819974
