"","bcubed.precision","bcubed.recall","bcubed.f1"
"majority-vote",0.997378892958463,0.150621919631408,0.261719542024265
