"","bcubed.precision","bcubed.recall","bcubed.f1"
"majority-vote",0.871950815175949,0.469161491083578,0.610069332285024
