"","bcubed.precision","bcubed.recall","bcubed.f1"
"majority-vote",0.761553679373779,0.685793750701791,0.721690926844322
