"","bcubed.precision","bcubed.recall","bcubed.f1"
"majority-vote",0.908848819211282,0.808900727618895,0.855967009290978
