"","bcubed.precision","bcubed.recall","bcubed.f1"
"majority-vote",0.976527027733977,0.470531817182467,0.635063374929985
