"","bcubed.precision","bcubed.recall","bcubed.f1"
"majority-vote",0.934832215193342,0.624927836831758,0.749093007328815
