"","bcubed.precision","bcubed.recall","bcubed.f1"
"majority-vote",0.66037893920444,0.70342723053587,0.681223679164391
