"","bcubed.precision","bcubed.recall","bcubed.f1"
"majority-vote",0.925582384173313,0.612025628253387,0.736832971206886
