"","bcubed.precision","bcubed.recall","bcubed.f1"
"majority-vote",0.979116279387759,0.510573382823334,0.671160878168954
