"","bcubed.precision","bcubed.recall","bcubed.f1"
"majority-vote",0.726220188144586,0.30812397290999,0.432671944220978
