"","bcubed.precision","bcubed.recall","bcubed.f1"
"majority-vote",0.961566984440364,0.268543133676146,0.419835927594053
