"","bcubed.precision","bcubed.recall","bcubed.f1"
"majority-vote",0.920795224136352,0.738600222255773,0.819695580915138
