"","bcubed.precision","bcubed.recall","bcubed.f1"
"majority-vote",0.922966301558314,0.855855804182128,0.88814509748223
