"","bcubed.precision","bcubed.recall","bcubed.f1"
"majority-vote",0.979451206328306,0.707475306354141,0.821538504548351
