"","bcubed.precision","bcubed.recall","bcubed.f1"
"majority-vote",0.932593503951384,0.751075259817861,0.832049537720989
