"","bcubed.precision","bcubed.recall","bcubed.f1"
"majority-vote",0.897379391966346,0.658906498814161,0.759872099042141
