"","bcubed.precision","bcubed.recall","bcubed.f1"
"majority-vote",0.98014569054405,0.554969955306726,0.708678087602773
