"","bcubed.precision","bcubed.recall","bcubed.f1"
"majority-vote",0.846234791857529,0.725034444545695,0.780960204724857
