"","bcubed.precision","bcubed.recall","bcubed.f1"
"majority-vote",0.948303956197763,0.556391509129652,0.701309044202752
