"","bcubed.precision","bcubed.recall","bcubed.f1"
"majority-vote",0.89680667616104,0.802262776806359,0.846904301668052
