"","bcubed.precision","bcubed.recall","bcubed.f1"
"majority-vote",0.94150899628964,0.581638102115046,0.719060563880812
