"","bcubed.precision","bcubed.recall","bcubed.f1"
"majority-vote",0.483171865444875,0.441546610635343,0.461422378940406
