"","bcubed.precision","bcubed.recall","bcubed.f1"
"majority-vote",0.991541798565425,0.882045385159337,0.933593990409898
