"","bcubed.precision","bcubed.recall","bcubed.f1"
"majority-vote",0.975347256008975,0.863960141770571,0.916280937698974
