"","bcubed.precision","bcubed.recall","bcubed.f1"
"majority-vote",0.341952153751876,0.762139656746701,0.472089901593533
