"","bcubed.precision","bcubed.recall","bcubed.f1"
"majority-vote",0.949010854241935,0.949712712094591,0.949361653448368
