"","bcubed.precision","bcubed.recall","bcubed.f1"
"majority-vote",0.994977723573244,0.190266905656926,0.319446851718389
