"","bcubed.precision","bcubed.recall","bcubed.f1"
"majority-vote",0.882758306173945,0.865607351177504,0.874098705753253
