"","bcubed.precision","bcubed.recall","bcubed.f1"
"majority-vote",0.947375506083177,0.235857115432302,0.377686094911426
