"","bcubed.precision","bcubed.recall","bcubed.f1"
"majority-vote",0.993772683339278,0.949376188084402,0.971067256663465
