"","bcubed.precision","bcubed.recall","bcubed.f1"
"majority-vote",0.843921445328067,0.932757311627795,0.886118433608093
