"","bcubed.precision","bcubed.recall","bcubed.f1"
"majority-vote",0.85465407646471,0.461148542070875,0.599060186968266
