"","bcubed.precision","bcubed.recall","bcubed.f1"
"majority-vote",0.950673765121739,0.673624208526387,0.788521408000798
