"","bcubed.precision","bcubed.recall","bcubed.f1"
"majority-vote",0.90937359828514,0.850942130330884,0.879188084741828
