"","bcubed.precision","bcubed.recall","bcubed.f1"
"majority-vote",0.994136016487198,0.158155743100523,0.272896719294046
