"","bcubed.precision","bcubed.recall","bcubed.f1"
"majority-vote",0.904663838874417,0.726001273553085,0.805545043129694
