"","bcubed.precision","bcubed.recall","bcubed.f1"
"majority-vote",0.903984537464452,0.786912156472652,0.841395484827348
