"","bcubed.precision","bcubed.recall","bcubed.f1"
"majority-vote",0.468481808678162,0.489665241871495,0.47883935566506
