"","bcubed.precision","bcubed.recall","bcubed.f1"
"majority-vote",0.798324603456743,0.829389135175087,0.813560439695652
