"","bcubed.precision","bcubed.recall","bcubed.f1"
"majority-vote",0.933282982559189,0.254891939314806,0.400423043736393
