"","bcubed.precision","bcubed.recall","bcubed.f1"
"majority-vote",0.866754993936072,0.681841527999078,0.763258267851064
