"","bcubed.precision","bcubed.recall","bcubed.f1"
"majority-vote",0.999613834371226,0.309207003037639,0.472314604239958
