"","bcubed.precision","bcubed.recall","bcubed.f1"
"majority-vote",0.851019508505755,0.651153197125796,0.737790097906179
