"","bcubed.precision","bcubed.recall","bcubed.f1"
"majority-vote",0.587923733572924,0.77126210264116,0.667227810747541
