"","bcubed.precision","bcubed.recall","bcubed.f1"
"majority-vote",0.975164188210336,0.671075559657703,0.795034689459895
