"","bcubed.precision","bcubed.recall","bcubed.f1"
"majority-vote",0.993277769061409,0.601369375151064,0.749164896447228
