"","bcubed.precision","bcubed.recall","bcubed.f1"
"majority-vote",0.701280758725791,0.612924868563162,0.654132668347452
