"","bcubed.precision","bcubed.recall","bcubed.f1"
"majority-vote",0.975472964386952,0.302552721313711,0.461856132072059
