"","bcubed.precision","bcubed.recall","bcubed.f1"
"majority-vote",0.831543201913307,0.699535533789365,0.759848600930873
