"","bcubed.precision","bcubed.recall","bcubed.f1"
"majority-vote",0.97083650125135,0.586644049165233,0.731354823043106
