"","bcubed.precision","bcubed.recall","bcubed.f1"
"majority-vote",0.90417085567981,0.508166544816374,0.650651012276602
