"","bcubed.precision","bcubed.recall","bcubed.f1"
"majority-vote",0.945777249487536,0.37108631827243,0.533031676189751
