"","bcubed.precision","bcubed.recall","bcubed.f1"
"majority-vote",0.988307568278803,0.235796610721754,0.380751212108548
