"","bcubed.precision","bcubed.recall","bcubed.f1"
"majority-vote",0.990182749718,0.166187906785359,0.284608395388018
