"","bcubed.precision","bcubed.recall","bcubed.f1"
"majority-vote",0.935394234386215,0.549695839707552,0.692459438114954
