"","bcubed.precision","bcubed.recall","bcubed.f1"
"majority-vote",0.942146347871071,0.481908789710088,0.637655936558077
