"","bcubed.precision","bcubed.recall","bcubed.f1"
"majority-vote",0.773525997027937,0.86627339201546,0.817276788532573
