"","bcubed.precision","bcubed.recall","bcubed.f1"
"majority-vote",0.92447061938238,0.52579101831744,0.670331939746484
