"","bcubed.precision","bcubed.recall","bcubed.f1"
"majority-vote",0.998107567312419,0.363473909157471,0.532889240225679
