"","bcubed.precision","bcubed.recall","bcubed.f1"
"majority-vote",0.614832605558262,0.62502128951824,0.619885084024635
