"","bcubed.precision","bcubed.recall","bcubed.f1"
"majority-vote",0.215599592276184,0.738008807631454,0.333710143570432
