"","bcubed.precision","bcubed.recall","bcubed.f1"
"majority-vote",0.997263481943652,0.453993959649854,0.623943876538776
