"","bcubed.precision","bcubed.recall","bcubed.f1"
"majority-vote",0.917501632972887,0.415968829296307,0.572419248785933
