"","bcubed.precision","bcubed.recall","bcubed.f1"
"majority-vote",0.782345359465573,0.998776007719905,0.877411039114044
