"","bcubed.precision","bcubed.recall","bcubed.f1"
"majority-vote",0.948253049845548,0.593915043661554,0.730376609232613
