"","bcubed.precision","bcubed.recall","bcubed.f1"
"majority-vote",0.828117865767693,0.88718521344351,0.856634532289594
