"","bcubed.precision","bcubed.recall","bcubed.f1"
"majority-vote",0.835772285631545,0.62161968686895,0.712961943377043
