"","bcubed.precision","bcubed.recall","bcubed.f1"
"majority-vote",0.596791126178619,0.748604100036518,0.664132405433829
