"","bcubed.precision","bcubed.recall","bcubed.f1"
"majority-vote",0.16707952287043,0.606683460757656,0.262003702171134
