"","bcubed.precision","bcubed.recall","bcubed.f1"
"majority-vote",0.82560894372466,0.207297252843497,0.331388206452395
