"","bcubed.precision","bcubed.recall","bcubed.f1"
"majority-vote",0.862260453311455,0.552869330317494,0.673743659269289
