"","bcubed.precision","bcubed.recall","bcubed.f1"
"majority-vote",0.929635078635645,0.736348315116695,0.821779168260418
