"","bcubed.precision","bcubed.recall","bcubed.f1"
"majority-vote",0.991960117393586,0.43929566996698,0.608925096686663
