"","bcubed.precision","bcubed.recall","bcubed.f1"
"majority-vote",0.991327451843546,0.901644287263758,0.944361413640528
