"","bcubed.precision","bcubed.recall","bcubed.f1"
"majority-vote",0.900001656103987,0.964076628898799,0.930937900624459
