"","bcubed.precision","bcubed.recall","bcubed.f1"
"majority-vote",0.989422266519619,0.460608249772067,0.62858823086374
