"","bcubed.precision","bcubed.recall","bcubed.f1"
"majority-vote",0.954482359264157,0.79389444749397,0.866813426398407
