"","bcubed.precision","bcubed.recall","bcubed.f1"
"majority-vote",0.830418962746608,0.44774126613728,0.581793783599802
