"","bcubed.precision","bcubed.recall","bcubed.f1"
"majority-vote",0.969477879194364,0.490180290659963,0.651137312045223
