"","bcubed.precision","bcubed.recall","bcubed.f1"
"majority-vote",0.75266774471278,0.667942293020226,0.707778497874169
