"","bcubed.precision","bcubed.recall","bcubed.f1"
"majority-vote",0.68855417280636,0.859224782970034,0.764479717836566
