"","bcubed.precision","bcubed.recall","bcubed.f1"
"majority-vote",0.792317319134909,0.430387581665354,0.557785504369635
