"","bcubed.precision","bcubed.recall","bcubed.f1"
"majority-vote",0.989146839448559,0.379646690381457,0.548696813236046
