{
      "avg_bcuded_f1": 0.6516317244325261,
      "avg_bcuded_recall": 0.5783951981392559,
      "avg_bcuded_precision": 0.8582475356676562,
      "avg_bcuded_f1star": 0.6910643011844867
}