"","bcubed.precision","bcubed.recall","bcubed.f1"
"majority-vote",0.958083122652211,0.291435082072975,0.446922713773969
