"","bcubed.precision","bcubed.recall","bcubed.f1"
"majority-vote",0.96295874173695,0.154365087487301,0.266077222246465
