"","bcubed.precision","bcubed.recall","bcubed.f1"
"majority-vote",0.978236607142857,0.419708669166715,0.587396933874213
