"","bcubed.precision","bcubed.recall","bcubed.f1"
"majority-vote",0.956580411176362,0.404920460483119,0.568988222696547
