"","bcubed.precision","bcubed.recall","bcubed.f1"
"majority-vote",0.919910572501362,0.210780776485002,0.342975056707431
