"","bcubed.precision","bcubed.recall","bcubed.f1"
"majority-vote",0.962229718520157,0.399376079263693,0.564468119861212
