"","bcubed.precision","bcubed.recall","bcubed.f1"
"majority-vote",0.973771357951152,0.136559261241198,0.239527749592955
