"","bcubed.precision","bcubed.recall","bcubed.f1"
"majority-vote",0.97345125913898,0.146687022205898,0.254955426207266
