"","bcubed.precision","bcubed.recall","bcubed.f1"
"majority-vote",0.949046452162796,0.397452282519034,0.560268894300632
