"","bcubed.precision","bcubed.recall","bcubed.f1"
"majority-vote",0.957025035713984,0.17321886311753,0.293343390453642
