"","bcubed.precision","bcubed.recall","bcubed.f1"
"majority-vote",0.99486954615216,0.504507713099967,0.669503764265946
