"","bcubed.precision","bcubed.recall","bcubed.f1"
"majority-vote",0.946695365915422,0.228875157260333,0.368629608313386
