"","bcubed.precision","bcubed.recall","bcubed.f1"
"majority-vote",0.832878336063542,0.595519497372689,0.69447779386779
