"","bcubed.precision","bcubed.recall","bcubed.f1"
"majority-vote",0.970173033028583,0.153927947001937,0.265699871921966
