"","bcubed.precision","bcubed.recall","bcubed.f1"
"majority-vote",0.665054137174079,0.307612871562449,0.420656218506576
