"","bcubed.precision","bcubed.recall","bcubed.f1"
"majority-vote",0.939400331328166,0.456302659495817,0.614243678396406
