"","bcubed.precision","bcubed.recall","bcubed.f1"
"majority-vote",0.873620063149659,0.7439436455118,0.803583922032501
