"","bcubed.precision","bcubed.recall","bcubed.f1"
"majority-vote",0.944632987491516,0.53256261588044,0.681123357958929
