"","bcubed.precision","bcubed.recall","bcubed.f1"
"majority-vote",0.943376068376068,0.284583349433815,0.43726057623792
