"","bcubed.precision","bcubed.recall","bcubed.f1"
"majority-vote",0.935874168179068,0.515280606758734,0.664626292877415
