"","bcubed.precision","bcubed.recall","bcubed.f1"
"majority-vote",0.913513338093075,0.535394265975496,0.675115240935709
