"","bcubed.precision","bcubed.recall","bcubed.f1"
"majority-vote",0.934207968837017,0.472908451817865,0.627943555676809
