"","bcubed.precision","bcubed.recall","bcubed.f1"
"majority-vote",0.926903392357067,0.447435942564656,0.603533468754691
