"","bcubed.precision","bcubed.recall","bcubed.f1"
"majority-vote",0.915599156802335,0.714719434694661,0.80278359723027
