"","bcubed.precision","bcubed.recall","bcubed.f1"
"majority-vote",0.770247328395435,0.294039714175069,0.42560567821721
