"","bcubed.precision","bcubed.recall","bcubed.f1"
"majority-vote",0.997996880096433,0.125732601988128,0.223329095678413
