"","bcubed.precision","bcubed.recall","bcubed.f1"
"majority-vote",0.938571809203137,0.619656048455087,0.746478373652234
