"","bcubed.precision","bcubed.recall","bcubed.f1"
"majority-vote",0.757888591647371,0.470654378559955,0.580693704281709
