"","bcubed.precision","bcubed.recall","bcubed.f1"
"majority-vote",0.892560154447614,0.568677413396394,0.694724541856483
