"","bcubed.precision","bcubed.recall","bcubed.f1"
"majority-vote",0.966757240951332,0.404936739436459,0.570791343513435
