"","bcubed.precision","bcubed.recall","bcubed.f1"
"majority-vote",0.984072566211458,0.161350869262479,0.277244133580834
