"","bcubed.precision","bcubed.recall","bcubed.f1"
"majority-vote",0.973721717670899,0.0362915617070982,0.0699750835437678
