"","bcubed.precision","bcubed.recall","bcubed.f1"
"majority-vote",0.998021975633348,0.212455011690486,0.350332592392886
