"","bcubed.precision","bcubed.recall","bcubed.f1"
"majority-vote",0.936193831410194,0.531112503299917,0.67773748073192
