"","bcubed.precision","bcubed.recall","bcubed.f1"
"majority-vote",0.982618528390275,0.121987985289292,0.217032315311932
