"","bcubed.precision","bcubed.recall","bcubed.f1"
"majority-vote",0.970463461194509,0.480876844732554,0.643093015802872
