"","bcubed.precision","bcubed.recall","bcubed.f1"
"majority-vote",0.70047484981222,0.405837059542786,0.513921347004578
