"","bcubed.precision","bcubed.recall","bcubed.f1"
"majority-vote",0.958616635921712,0.412082165784235,0.576390406113686
