"","bcubed.precision","bcubed.recall","bcubed.f1"
"majority-vote",0.990083587067102,0.0919352261791392,0.168247644863367
