"","bcubed.precision","bcubed.recall","bcubed.f1"
"majority-vote",0.898434286654419,0.630824605553603,0.741214528661393
