"","bcubed.precision","bcubed.recall","bcubed.f1"
"majority-vote",0.929914949121773,0.307762728552301,0.462468003141374
