"","bcubed.precision","bcubed.recall","bcubed.f1"
"majority-vote",0.975586275403413,0.657876959825859,0.785834317011911
