"","bcubed.precision","bcubed.recall","bcubed.f1"
"majority-vote",0.875847117690766,0.549000564165093,0.674936090162716
