"","bcubed.precision","bcubed.recall","bcubed.f1"
"majority-vote",0.966764069216411,0.40931270811464,0.575126076971358
