"","bcubed.precision","bcubed.recall","bcubed.f1"
"majority-vote",0.999992072614848,0.116772187421762,0.209124281466223
