"","bcubed.precision","bcubed.recall","bcubed.f1"
"majority-vote",0.990899439401701,0.231465364594602,0.375270785395413
