"","bcubed.precision","bcubed.recall","bcubed.f1"
"majority-vote",0.999807383768143,0.119593428800172,0.213632850400069
