"","bcubed.precision","bcubed.recall","bcubed.f1"
"majority-vote",0.99610616826638,0.493593113277672,0.660094491339332
