"","bcubed.precision","bcubed.recall","bcubed.f1"
"majority-vote",0.994915166294817,0.293553284413848,0.453345387880252
