"","bcubed.precision","bcubed.recall","bcubed.f1"
"majority-vote",0.99463218598288,0.226757357464137,0.369317335902081
