"","bcubed.precision","bcubed.recall","bcubed.f1"
"majority-vote",0.94749336889018,0.437569867434521,0.59866515397593
