"","bcubed.precision","bcubed.recall","bcubed.f1"
"majority-vote",0.977407655275145,0.243269034354318,0.389575746779401
