"","bcubed.precision","bcubed.recall","bcubed.f1"
"majority-vote",0.905648752608367,0.330573999122252,0.484352726125954
