"","bcubed.precision","bcubed.recall","bcubed.f1"
"majority-vote",0.993294026971168,0.128367172305775,0.227352690086274
