"","bcubed.precision","bcubed.recall","bcubed.f1"
"majority-vote",0.602481639737111,0.552452154697959,0.57638330723803
