"","bcubed.precision","bcubed.recall","bcubed.f1"
"majority-vote",0.961972270943237,0.520722579118512,0.675689514865709
