"","bcubed.precision","bcubed.recall","bcubed.f1"
"majority-vote",0.936630316023831,0.535970548910247,0.681795422723378
