"","bcubed.precision","bcubed.recall","bcubed.f1"
"majority-vote",0.970124370644527,0.28854025370615,0.444788749309128
