"","bcubed.precision","bcubed.recall","bcubed.f1"
"majority-vote",0.906726858704874,0.719916940505661,0.80259492128508
