"","bcubed.precision","bcubed.recall","bcubed.f1"
"majority-vote",0.789649141586576,0.745657608373246,0.767023124707609
