"","bcubed.precision","bcubed.recall","bcubed.f1"
"majority-vote",0.920178795991686,0.409372788072794,0.566651439110036
