"","bcubed.precision","bcubed.recall","bcubed.f1"
"majority-vote",0.893352810998822,0.258927930535985,0.401488953607479
