"","bcubed.precision","bcubed.recall","bcubed.f1"
"majority-vote",0.94993093465917,0.8510950932048,0.897801081010178
