"","bcubed.precision","bcubed.recall","bcubed.f1"
"majority-vote",0.928435954560941,0.24712016861946,0.390343336433389
