"","bcubed.precision","bcubed.recall","bcubed.f1"
"majority-vote",0.974331863546729,0.144307240726731,0.251382491892919
