"","bcubed.precision","bcubed.recall","bcubed.f1"
"majority-vote",0.985521631165897,0.244395140624339,0.391663408714287
