"","bcubed.precision","bcubed.recall","bcubed.f1"
"majority-vote",0.971430946575039,0.221258017431495,0.36042403643741
