"","bcubed.precision","bcubed.recall","bcubed.f1"
"majority-vote",0.943174296300085,0.258830973782239,0.406192431321053
