"","bcubed.precision","bcubed.recall","bcubed.f1"
"majority-vote",0.986423445066952,0.172665694431193,0.29388850838416
