"","bcubed.precision","bcubed.recall","bcubed.f1"
"majority-vote",0.999703075044202,0.13053572985923,0.23091928887464
