"","bcubed.precision","bcubed.recall","bcubed.f1"
"majority-vote",0.881108467348289,0.555844526743945,0.681663660616384
