"","bcubed.precision","bcubed.recall","bcubed.f1"
"majority-vote",0.993805394902116,0.0804335357296672,0.148822165087954
