"","bcubed.precision","bcubed.recall","bcubed.f1"
"majority-vote",0.894897647571763,0.508596578962952,0.648583903619976
