"","bcubed.precision","bcubed.recall","bcubed.f1"
"majority-vote",0.966491174885742,0.651775515405544,0.778530865679101
