"","bcubed.precision","bcubed.recall","bcubed.f1"
"majority-vote",0.919566659977324,0.571505859001657,0.704912373114474
