"","bcubed.precision","bcubed.recall","bcubed.f1"
"majority-vote",0.956476281418421,0.194593282630254,0.323392895047165
