"","bcubed.precision","bcubed.recall","bcubed.f1"
"majority-vote",0.930596768875701,0.380929597874512,0.540579071741462
