"","bcubed.precision","bcubed.recall","bcubed.f1"
"majority-vote",0.953754880336187,0.16450573087375,0.280611052721153
