"","bcubed.precision","bcubed.recall","bcubed.f1"
"majority-vote",0.901608251361361,0.186907453837987,0.309627691757392
