"","bcubed.precision","bcubed.recall","bcubed.f1"
"majority-vote",0.968433760028861,0.266983195014471,0.418572107751774
