"","bcubed.precision","bcubed.recall","bcubed.f1"
"majority-vote",0.678548099714459,0.499753294270215,0.575585584272857
