"","bcubed.precision","bcubed.recall","bcubed.f1"
"majority-vote",0.886806321581708,0.363553353708002,0.515693873806009
