"","bcubed.precision","bcubed.recall","bcubed.f1"
"majority-vote",0.966894498586023,0.317051760943288,0.477520926047883
