"","bcubed.precision","bcubed.recall","bcubed.f1"
"majority-vote",0.895346197502838,0.235300415782134,0.372663447740362
