"","bcubed.precision","bcubed.recall","bcubed.f1"
"majority-vote",0.99994325609529,0.174028199712152,0.296460912761943
