"","bcubed.precision","bcubed.recall","bcubed.f1"
"majority-vote",0.958274692336379,0.363490749683897,0.527058697779319
