"","bcubed.precision","bcubed.recall","bcubed.f1"
"majority-vote",0.937596156191912,0.269840392908453,0.419071818498101
