"","bcubed.precision","bcubed.recall","bcubed.f1"
"majority-vote",0.901039847372341,0.113650393265115,0.201841959053579
