"","bcubed.precision","bcubed.recall","bcubed.f1"
"majority-vote",0.913949362949995,0.875292365678613,0.894203267459131
