"","bcubed.precision","bcubed.recall","bcubed.f1"
"majority-vote",0.978314754188362,0.0953887547065775,0.173828669348664
