"","bcubed.precision","bcubed.recall","bcubed.f1"
"majority-vote",0.917337961213643,0.215453836234154,0.34895023659598
