"","bcubed.precision","bcubed.recall","bcubed.f1"
"majority-vote",0.954861839840555,0.676392987693219,0.791858931887973
