"","bcubed.precision","bcubed.recall","bcubed.f1"
"majority-vote",0.947138739138504,0.588712187009005,0.726101874897234
