"","bcubed.precision","bcubed.recall","bcubed.f1"
"majority-vote",0.989334642769457,0.362741027074654,0.530846419979002
