"","bcubed.precision","bcubed.recall","bcubed.f1"
"majority-vote",0.981573352232459,0.456429105297595,0.623112491355473
