"","bcubed.precision","bcubed.recall","bcubed.f1"
"majority-vote",0.883628823725737,0.35249899637312,0.503958034865315
