"","bcubed.precision","bcubed.recall","bcubed.f1"
"majority-vote",0.988521007379749,0.161892778108044,0.278220609178483
