"","bcubed.precision","bcubed.recall","bcubed.f1"
"majority-vote",0.981557759802804,0.778991229938928,0.868620971094992
