"","bcubed.precision","bcubed.recall","bcubed.f1"
"majority-vote",0.996596002907818,0.106666504673412,0.192707377385149
