"","bcubed.precision","bcubed.recall","bcubed.f1"
"majority-vote",0.823833668176619,0.319411584341042,0.460342199727125
