"","bcubed.precision","bcubed.recall","bcubed.f1"
"majority-vote",0.924852326139669,0.280061650530488,0.429932217520524
