"","bcubed.precision","bcubed.recall","bcubed.f1"
"majority-vote",0.982838937062835,0.30706684254777,0.467936889511414
