"","bcubed.precision","bcubed.recall","bcubed.f1"
"majority-vote",0.930333213106567,0.321052873074056,0.477368502467063
