"","bcubed.precision","bcubed.recall","bcubed.f1"
"majority-vote",0.912433334601911,0.243851464646841,0.384850177360865
