"","bcubed.precision","bcubed.recall","bcubed.f1"
"majority-vote",0.982647430622301,0.0315428033161816,0.0611235517678048
