"","bcubed.precision","bcubed.recall","bcubed.f1"
"majority-vote",0.973516716658132,0.781824264244619,0.867203579260876
