"","bcubed.precision","bcubed.recall","bcubed.f1"
"majority-vote",0.912497133779622,0.309954466709799,0.462730078412344
