"","bcubed.precision","bcubed.recall","bcubed.f1"
"majority-vote",0.907584498514571,0.289382641173313,0.438841118623503
