"","bcubed.precision","bcubed.recall","bcubed.f1"
"majority-vote",0.947146211857193,0.463392919580143,0.622316444258499
