"","bcubed.precision","bcubed.recall","bcubed.f1"
"majority-vote",0.980595554052427,0.325058174703742,0.488262077306736
