"","bcubed.precision","bcubed.recall","bcubed.f1"
"majority-vote",0.921121516731277,0.757975706399819,0.831622758594666
