"","bcubed.precision","bcubed.recall","bcubed.f1"
"majority-vote",0.930587259428479,0.346406980142189,0.504876079011594
