"","bcubed.precision","bcubed.recall","bcubed.f1"
"majority-vote",0.998302512552208,0.1409850910442,0.247076805150047
