"","bcubed.precision","bcubed.recall","bcubed.f1"
"majority-vote",0.958519404920651,0.363906959476673,0.527533164242426
