"","bcubed.precision","bcubed.recall","bcubed.f1"
"majority-vote",0.925977052153076,0.678820842060247,0.783366584088328
