"","bcubed.precision","bcubed.recall","bcubed.f1"
"majority-vote",0.960487305909446,0.0683618651111073,0.127639124367241
