"","bcubed.precision","bcubed.recall","bcubed.f1"
"majority-vote",0.998866743371189,0.332363951188448,0.49876749220751
