"","bcubed.precision","bcubed.recall","bcubed.f1"
"majority-vote",0.990023275630807,0.543266500388623,0.701558816431336
