"","bcubed.precision","bcubed.recall","bcubed.f1"
"majority-vote",0.997428302268426,0.221475709626511,0.362466837241827
