"","bcubed.precision","bcubed.recall","bcubed.f1"
"majority-vote",0.924092801237315,0.222905228184321,0.359172572994146
