"","bcubed.precision","bcubed.recall","bcubed.f1"
"majority-vote",0.974501066481639,0.195631906512722,0.325849293942429
