"","bcubed.precision","bcubed.recall","bcubed.f1"
"majority-vote",0.985469813638299,0.157629837169769,0.271786359395205
