"","bcubed.precision","bcubed.recall","bcubed.f1"
"majority-vote",0.963491767563516,0.435423722100213,0.599789157737134
