"","bcubed.precision","bcubed.recall","bcubed.f1"
"majority-vote",0.974160146000266,0.642899009908273,0.774599483348886
