"","bcubed.precision","bcubed.recall","bcubed.f1"
"majority-vote",0.998662138520119,0.287072970056578,0.445953298273682
