"","bcubed.precision","bcubed.recall","bcubed.f1"
"majority-vote",0.99996097484829,0.739433964943731,0.850186569485456
