"","bcubed.precision","bcubed.recall","bcubed.f1"
"majority-vote",0.969190287446291,0.469540159974861,0.63260461809133
