"","bcubed.precision","bcubed.recall","bcubed.f1"
"majority-vote",0.998698679159347,0.115832036948168,0.207587463732696
