"","bcubed.precision","bcubed.recall","bcubed.f1"
"majority-vote",0.963305838892874,0.253918160363164,0.401899480503625
