"","bcubed.precision","bcubed.recall","bcubed.f1"
"majority-vote",0.983777750596294,0.35738933397685,0.524307044381058
