"","bcubed.precision","bcubed.recall","bcubed.f1"
"majority-vote",0.942353225416767,0.288290840086084,0.441511580202068
