"","bcubed.precision","bcubed.recall","bcubed.f1"
"majority-vote",0.949733327969839,0.172833295859237,0.2924468584332
