"","bcubed.precision","bcubed.recall","bcubed.f1"
"majority-vote",0.979729332156517,0.646907758777988,0.779269709275241
