"","bcubed.precision","bcubed.recall","bcubed.f1"
"majority-vote",0.859225756719256,0.342440333732702,0.48970934142281
