"","bcubed.precision","bcubed.recall","bcubed.f1"
"majority-vote",0.90302804072232,0.244588033692639,0.384919412987807
