"","bcubed.precision","bcubed.recall","bcubed.f1"
"majority-vote",0.940816006569861,0.147490183069433,0.25500383323122
