"","bcubed.precision","bcubed.recall","bcubed.f1"
"majority-vote",0.977578347833466,0.756309193557947,0.852825196836379
