"","bcubed.precision","bcubed.recall","bcubed.f1"
"majority-vote",0.973249396039429,0.535073857280561,0.69051552084547
