"","bcubed.precision","bcubed.recall","bcubed.f1"
"majority-vote",0.974545934027029,0.83049953043195,0.8967751300784
