"","bcubed.precision","bcubed.recall","bcubed.f1"
"majority-vote",0.933204803781206,0.294099252996704,0.447248314986468
