"","bcubed.precision","bcubed.recall","bcubed.f1"
"majority-vote",0.91963679839726,0.319840982851037,0.474615264452954
