"","bcubed.precision","bcubed.recall","bcubed.f1"
"majority-vote",0.795366567093066,0.694534585781613,0.741538575434596
