"","bcubed.precision","bcubed.recall","bcubed.f1"
"majority-vote",0.805085404683122,0.368186484938117,0.505290492080148
