"","bcubed.precision","bcubed.recall","bcubed.f1"
"majority-vote",0.928199621998642,0.084746761853594,0.155313081861181
