"","bcubed.precision","bcubed.recall","bcubed.f1"
"majority-vote",0.964205153272932,0.194635525114966,0.323890211701759
