"","bcubed.precision","bcubed.recall","bcubed.f1"
"majority-vote",0.812636280047287,0.223316100171113,0.350353488023189
