"","bcubed.precision","bcubed.recall","bcubed.f1"
"majority-vote",0.955149844987944,0.52648895429768,0.678810305626117
