"","bcubed.precision","bcubed.recall","bcubed.f1"
"majority-vote",0.998432173071257,0.149963071970489,0.260760320062966
