"","bcubed.precision","bcubed.recall","bcubed.f1"
"majority-vote",0.851418981971638,0.246472582928718,0.382280805044959
