"","bcubed.precision","bcubed.recall","bcubed.f1"
"majority-vote",0.96591637711902,0.554521365267126,0.70456192087592
