"","bcubed.precision","bcubed.recall","bcubed.f1"
"majority-vote",0.950457563064341,0.274097291007439,0.425489870686017
