"","bcubed.precision","bcubed.recall","bcubed.f1"
"majority-vote",0.920431067397768,0.333774438505031,0.48989796529738
