"","bcubed.precision","bcubed.recall","bcubed.f1"
"majority-vote",0.992249660392005,0.206073381859749,0.341270652330843
