"","bcubed.precision","bcubed.recall","bcubed.f1"
"majority-vote",0.967383294861311,0.1455983245718,0.253102808692017
