"","bcubed.precision","bcubed.recall","bcubed.f1"
"majority-vote",0.942537247463475,0.242542182881992,0.385805433110477
