"","bcubed.precision","bcubed.recall","bcubed.f1"
"majority-vote",0.886246397508567,0.291583304548504,0.438797990538761
