"","bcubed.precision","bcubed.recall","bcubed.f1"
"majority-vote",0.752944646735998,0.432176886253598,0.549150891093522
