"","bcubed.precision","bcubed.recall","bcubed.f1"
"majority-vote",0.800440999275465,0.485426156367808,0.604347029119219
