"","bcubed.precision","bcubed.recall","bcubed.f1"
"majority-vote",0.971286228032155,0.321023486758746,0.48255567221219
