"","bcubed.precision","bcubed.recall","bcubed.f1"
"majority-vote",0.890520134587277,0.286748779595765,0.433810081489429
