"","bcubed.precision","bcubed.recall","bcubed.f1"
"majority-vote",0.971353710931516,0.0797987679892942,0.147481608936021
