"","bcubed.precision","bcubed.recall","bcubed.f1"
"majority-vote",0.985813567113623,0.230038261002102,0.373030386445268
