"","bcubed.precision","bcubed.recall","bcubed.f1"
"majority-vote",0.753118968541802,0.552906258375533,0.637666382587333
