"","bcubed.precision","bcubed.recall","bcubed.f1"
"majority-vote",0.999455322477026,0.213733664283154,0.352158238644715
