"","bcubed.precision","bcubed.recall","bcubed.f1"
"majority-vote",0.966523481758453,0.235266576621862,0.37841995645132
