"","bcubed.precision","bcubed.recall","bcubed.f1"
"majority-vote",0.840484552413779,0.378392671753398,0.521846153245848
