"","bcubed.precision","bcubed.recall","bcubed.f1"
"majority-vote",0.99039200485937,0.317119311659939,0.480412562226374
