"","bcubed.precision","bcubed.recall","bcubed.f1"
"majority-vote",0.972379719592857,0.461593100301411,0.626014333340263
