"","bcubed.precision","bcubed.recall","bcubed.f1"
"majority-vote",0.97861560178437,0.0924876590701517,0.169003063376646
