"","bcubed.precision","bcubed.recall","bcubed.f1"
"majority-vote",0.788343896933409,0.531249058363823,0.634751725873538
