"","bcubed.precision","bcubed.recall","bcubed.f1"
"majority-vote",0.884845805903888,0.383639664768544,0.535224022974214
