"","bcubed.precision","bcubed.recall","bcubed.f1"
"majority-vote",0.997756862031859,0.352407744175411,0.520850929386911
