"","bcubed.precision","bcubed.recall","bcubed.f1"
"majority-vote",0.849550068105942,0.534708191253358,0.656324608828917
