"","bcubed.precision","bcubed.recall","bcubed.f1"
"majority-vote",0.656195432836059,0.686309211926068,0.670914580647871
