"","bcubed.precision","bcubed.recall","bcubed.f1"
"majority-vote",0.807849279356616,0.61738689517889,0.699891803570075
