"","bcubed.precision","bcubed.recall","bcubed.f1"
"majority-vote",0.980425891791125,0.406759997016657,0.574974177632039
