"","bcubed.precision","bcubed.recall","bcubed.f1"
"majority-vote",0.976553204374719,0.515206265198831,0.674540821701878
