"","bcubed.precision","bcubed.recall","bcubed.f1"
"majority-vote",0.900778164447106,0.312359281995292,0.463865692232747
