"","bcubed.precision","bcubed.recall","bcubed.f1"
"majority-vote",0.943624671683621,0.786163430206354,0.857727264868568
