"","bcubed.precision","bcubed.recall","bcubed.f1"
"majority-vote",0.93429904967466,0.564237198638262,0.703574943979251
