"","bcubed.precision","bcubed.recall","bcubed.f1"
"majority-vote",0.968123162079084,0.251124512447659,0.398802412579157
