"","bcubed.precision","bcubed.recall","bcubed.f1"
"majority-vote",0.933484783050666,0.36928089612519,0.529209669419985
