"","bcubed.precision","bcubed.recall","bcubed.f1"
"majority-vote",0.950971448856955,0.377286599688861,0.54023957879756
