"","bcubed.precision","bcubed.recall","bcubed.f1"
"majority-vote",0.9806939080392,0.209880317792363,0.345763152956783
