"","bcubed.precision","bcubed.recall","bcubed.f1"
"majority-vote",0.825178180161489,0.571670280757818,0.675420212179186
