"","bcubed.precision","bcubed.recall","bcubed.f1"
"majority-vote",0.880049945665211,0.414642047905624,0.563695015558759
