"","bcubed.precision","bcubed.recall","bcubed.f1"
"majority-vote",0.912589297629426,0.447504805162023,0.600529176606869
