"","bcubed.precision","bcubed.recall","bcubed.f1"
"majority-vote",0.960022682559247,0.259478218719445,0.408535943416755
