"","bcubed.precision","bcubed.recall","bcubed.f1"
"majority-vote",0.979789614857079,0.37871567571641,0.546279338954767
