"","bcubed.precision","bcubed.recall","bcubed.f1"
"majority-vote",0.914134417891806,0.377323750283319,0.534163065164372
