"","bcubed.precision","bcubed.recall","bcubed.f1"
"majority-vote",0.940742518507616,0.54992126967219,0.694099265460818
