"","bcubed.precision","bcubed.recall","bcubed.f1"
"majority-vote",0.418061531980155,0.200068001220334,0.270625267352342
