"","bcubed.precision","bcubed.recall","bcubed.f1"
"majority-vote",0.998777136990851,0.606758956589996,0.754909186943166
