"","bcubed.precision","bcubed.recall","bcubed.f1"
"majority-vote",0.980357284191833,0.215229886909714,0.35296830295246
