"","bcubed.precision","bcubed.recall","bcubed.f1"
"majority-vote",0.965752595179015,0.49537239498128,0.654847708792841
