"","bcubed.precision","bcubed.recall","bcubed.f1"
"majority-vote",0.947287393903819,0.282120831558731,0.434761215612819
