"","bcubed.precision","bcubed.recall","bcubed.f1"
"majority-vote",0.532637342847419,0.304958559751643,0.387853656973878
