"","bcubed.precision","bcubed.recall","bcubed.f1"
"majority-vote",0.955335572697194,0.259302038899148,0.407891966242837
