"","bcubed.precision","bcubed.recall","bcubed.f1"
"majority-vote",0.972387929530787,0.179879877424662,0.30359786243682
