"","bcubed.precision","bcubed.recall","bcubed.f1"
"majority-vote",0.829274611398964,0.19542716110764,0.316312096714552
