"","bcubed.precision","bcubed.recall","bcubed.f1"
"majority-vote",0.958693609458475,0.501418845973117,0.658452082246472
