"","bcubed.precision","bcubed.recall","bcubed.f1"
"majority-vote",0.965368691155841,0.371915791562749,0.536962576865065
