"","bcubed.precision","bcubed.recall","bcubed.f1"
"majority-vote",0.632593409940732,0.198893614930894,0.302635606620557
