"","bcubed.precision","bcubed.recall","bcubed.f1"
"majority-vote",0.996338161908803,0.934422408800193,0.96438752619493
