"","bcubed.precision","bcubed.recall","bcubed.f1"
"majority-vote",0.926681528518994,0.557440021729186,0.696128118761271
