"","bcubed.precision","bcubed.recall","bcubed.f1"
"majority-vote",0.99673705295651,0.513909088518797,0.678163093677971
