"","bcubed.precision","bcubed.recall","bcubed.f1"
"majority-vote",0.967382729404108,0.386374460451309,0.552199438605894
