"","bcubed.precision","bcubed.recall","bcubed.f1"
"majority-vote",0.924935674135031,0.441559898837899,0.597754593253583
