"","bcubed.precision","bcubed.recall","bcubed.f1"
"majority-vote",0.981757523030281,0.233070607339433,0.376709785413163
