"","bcubed.precision","bcubed.recall","bcubed.f1"
"majority-vote",0.998717892443426,0.0466090690684741,0.0890617250730629
