"","bcubed.precision","bcubed.recall","bcubed.f1"
"majority-vote",0.925148982909645,0.433254271913883,0.590141031507554
