"","bcubed.precision","bcubed.recall","bcubed.f1"
"majority-vote",0.831873159115104,0.458484549147917,0.591155441414078
