"","bcubed.precision","bcubed.recall","bcubed.f1"
"majority-vote",0.968435100158685,0.373915811022707,0.539520914959559
