"","bcubed.precision","bcubed.recall","bcubed.f1"
"majority-vote",0.766810945072336,0.460300700731448,0.575275471555225
