"","bcubed.precision","bcubed.recall","bcubed.f1"
"majority-vote",0.986406891744986,0.266509034022448,0.419639247080396
