"","bcubed.precision","bcubed.recall","bcubed.f1"
"majority-vote",0.894284304138105,0.198367052386948,0.324708408310518
