"","bcubed.precision","bcubed.recall","bcubed.f1"
"majority-vote",0.660704490551392,0.779166527792611,0.71506241495434
