"","bcubed.precision","bcubed.recall","bcubed.f1"
"majority-vote",0.94414636700169,0.599707534358216,0.733504238100642
