"","bcubed.precision","bcubed.recall","bcubed.f1"
"majority-vote",0.933335196310787,0.749881413344102,0.831610990669616
