"","bcubed.precision","bcubed.recall","bcubed.f1"
"majority-vote",0.997304330496059,0.308785090729371,0.47156450878851
