"","bcubed.precision","bcubed.recall","bcubed.f1"
"majority-vote",0.985581029524245,0.353331456865813,0.520178554701535
