"","bcubed.precision","bcubed.recall","bcubed.f1"
"majority-vote",0.958735500544115,0.176672429075457,0.298363478540714
