"","bcubed.precision","bcubed.recall","bcubed.f1"
"majority-vote",0.910386492138487,0.261307240911358,0.406062737579834
