"","bcubed.precision","bcubed.recall","bcubed.f1"
"majority-vote",0.847134814751816,0.413964912812964,0.556155999504882
