"","bcubed.precision","bcubed.recall","bcubed.f1"
"majority-vote",0.944139674600527,0.495009612222954,0.649492333404654
