"","bcubed.precision","bcubed.recall","bcubed.f1"
"majority-vote",0.772544574758186,0.493830489318328,0.602516704877259
