"","bcubed.precision","bcubed.recall","bcubed.f1"
"majority-vote",0.885777544054296,0.205447461750727,0.333534783630616
