"","bcubed.precision","bcubed.recall","bcubed.f1"
"majority-vote",0.991786717094135,0.381618897782363,0.551162088916735
