"","bcubed.precision","bcubed.recall","bcubed.f1"
"majority-vote",0.981436751635206,0.559182887425408,0.712444035750988
