"","bcubed.precision","bcubed.recall","bcubed.f1"
"majority-vote",0.937426316790264,0.287210144694775,0.439703302251076
