"","bcubed.precision","bcubed.recall","bcubed.f1"
"majority-vote",0.824510747513635,0.540897437656655,0.653248977843029
