"","bcubed.precision","bcubed.recall","bcubed.f1"
"majority-vote",0.987788247291242,0.304696064103299,0.465731287356822
