"","bcubed.precision","bcubed.recall","bcubed.f1"
"majority-vote",0.927040341944871,0.434921669803701,0.592072216429028
