"","bcubed.precision","bcubed.recall","bcubed.f1"
"majority-vote",0.986326055645434,0.130721999897363,0.230848644165442
