"","bcubed.precision","bcubed.recall","bcubed.f1"
"majority-vote",0.990520519510887,0.338719659330195,0.504812867183737
