"","bcubed.precision","bcubed.recall","bcubed.f1"
"majority-vote",0.918081044188239,0.496561128793839,0.644521092800919
