"","bcubed.precision","bcubed.recall","bcubed.f1"
"majority-vote",0.993907525421968,0.277000525534192,0.433253856039614
