"","bcubed.precision","bcubed.recall","bcubed.f1"
"majority-vote",0.949446233440725,0.179799709465278,0.302343626732435
