"","bcubed.precision","bcubed.recall","bcubed.f1"
"majority-vote",0.627446160990247,0.477412714892411,0.542242600762685
