"","bcubed.precision","bcubed.recall","bcubed.f1"
"majority-vote",0.979917390685088,0.832208814930804,0.900043151415006
