"","bcubed.precision","bcubed.recall","bcubed.f1"
"majority-vote",0.928555024519515,0.428476860954714,0.586374345936332
