"","bcubed.precision","bcubed.recall","bcubed.f1"
"majority-vote",0.971495758520934,0.266336416382774,0.418061032992067
