"","bcubed.precision","bcubed.recall","bcubed.f1"
"majority-vote",0.996265234442413,0.123583842551381,0.219890855655772
