"","bcubed.precision","bcubed.recall","bcubed.f1"
"majority-vote",0.936971427335453,0.290088508023105,0.443017713452761
