"","bcubed.precision","bcubed.recall","bcubed.f1"
"majority-vote",0.837352587244284,0.249069776797339,0.383937645078923
