"","bcubed.precision","bcubed.recall","bcubed.f1"
"majority-vote",0.929688128200595,0.214914267619443,0.349122531835301
