"","bcubed.precision","bcubed.recall","bcubed.f1"
"majority-vote",0.898545272134437,0.279276560054538,0.426113060221678
