"","bcubed.precision","bcubed.recall","bcubed.f1"
"majority-vote",0.952424191632267,0.43068592862058,0.593149730317728
