"","bcubed.precision","bcubed.recall","bcubed.f1"
"majority-vote",0.941725968243641,0.385969842959045,0.547531777996947
