"","bcubed.precision","bcubed.recall","bcubed.f1"
"majority-vote",0.90230834548737,0.198198792307811,0.325007295678512
