"","bcubed.precision","bcubed.recall","bcubed.f1"
"majority-vote",0.99816270382501,0.626275243900089,0.769650317102502
