"","bcubed.precision","bcubed.recall","bcubed.f1"
"majority-vote",0.903766731631908,0.282570172558028,0.430531192964636
