"","bcubed.precision","bcubed.recall","bcubed.f1"
"majority-vote",0.9902182944183,0.435129757774728,0.604586993234952
