"","bcubed.precision","bcubed.recall","bcubed.f1"
"majority-vote",0.979604903957418,0.353383042441616,0.519398187037426
