"","bcubed.precision","bcubed.recall","bcubed.f1"
"majority-vote",0.521683563584354,0.429629818772721,0.471202905448724
