"","bcubed.precision","bcubed.recall","bcubed.f1"
"majority-vote",0.986270707728195,0.479280523910359,0.645081975044856
