"","bcubed.precision","bcubed.recall","bcubed.f1"
"majority-vote",0.977162255433551,0.50220683038468,0.663441684400759
