"","bcubed.precision","bcubed.recall","bcubed.f1"
"majority-vote",0.934359888665136,0.157444233664238,0.269479797023711
