"","bcubed.precision","bcubed.recall","bcubed.f1"
"majority-vote",0.999099298634182,0.098151935959905,0.178743987311904
