"","bcubed.precision","bcubed.recall","bcubed.f1"
"majority-vote",0.943870820545223,0.284512644802537,0.437230215288247
