"","bcubed.precision","bcubed.recall","bcubed.f1"
"majority-vote",0.93827135223061,0.232636989204739,0.372832978834903
