"","bcubed.precision","bcubed.recall","bcubed.f1"
"majority-vote",0.989141319055632,0.64346555738764,0.779708060017342
