"","bcubed.precision","bcubed.recall","bcubed.f1"
"majority-vote",0.880429182061187,0.69504861633457,0.776832381129483
