"","bcubed.precision","bcubed.recall","bcubed.f1"
"majority-vote",0.920260469045726,0.312764577296023,0.466859740533692
