"","bcubed.precision","bcubed.recall","bcubed.f1"
"majority-vote",0.911168847097184,0.0386602535956564,0.0741733827096766
