"","bcubed.precision","bcubed.recall","bcubed.f1"
"majority-vote",0.984709970692172,0.290699768675087,0.448883134347523
