"","bcubed.precision","bcubed.recall","bcubed.f1"
"majority-vote",0.995709149947814,0.46491685604171,0.633867897226829
