"","bcubed.precision","bcubed.recall","bcubed.f1"
"majority-vote",0.952207118995656,0.597281453506724,0.734094671191648
