"","bcubed.precision","bcubed.recall","bcubed.f1"
"majority-vote",0.883190632199397,0.622732103227865,0.730437421524995
