"","bcubed.precision","bcubed.recall","bcubed.f1"
"majority-vote",0.964110929853181,0.514685091284559,0.671104756635948
