"","bcubed.precision","bcubed.recall","bcubed.f1"
"majority-vote",0.976239076571686,0.289293450318495,0.446325265919731
