"","bcubed.precision","bcubed.recall","bcubed.f1"
"majority-vote",0.998466172785707,0.515618273394887,0.680051109901647
