"","bcubed.precision","bcubed.recall","bcubed.f1"
"majority-vote",0.967701210884149,0.366579516150508,0.531731343302177
