"","bcubed.precision","bcubed.recall","bcubed.f1"
"majority-vote",0.997469636677406,0.572770338824718,0.727686252649875
