"","bcubed.precision","bcubed.recall","bcubed.f1"
"majority-vote",0.996667662888175,0.441131431771227,0.611575615484852
