"","bcubed.precision","bcubed.recall","bcubed.f1"
"majority-vote",0.989141113811469,0.372725572968913,0.541430658332775
