"","bcubed.precision","bcubed.recall","bcubed.f1"
"majority-vote",0.95280871206631,0.55266928879277,0.699562681025897
