"","bcubed.precision","bcubed.recall","bcubed.f1"
"majority-vote",0.638339088688621,0.552877704871804,0.592542771713739
