"","bcubed.precision","bcubed.recall","bcubed.f1"
"majority-vote",0.959107466789671,0.230418467874949,0.371569995382081
