"","bcubed.precision","bcubed.recall","bcubed.f1"
"majority-vote",0.978039128875835,0.261349340223909,0.412477423209421
