"","bcubed.precision","bcubed.recall","bcubed.f1"
"majority-vote",0.920447181524229,0.329159656330924,0.484911043638834
