"","bcubed.precision","bcubed.recall","bcubed.f1"
"majority-vote",0.936629245865896,0.353440769940981,0.513217046752352
