"","bcubed.precision","bcubed.recall","bcubed.f1"
"majority-vote",0.994462192850664,0.148318754239765,0.258137649140354
