"","bcubed.precision","bcubed.recall","bcubed.f1"
"majority-vote",0.866045808382572,0.470084032900831,0.609393329454107
