"","bcubed.precision","bcubed.recall","bcubed.f1"
"majority-vote",0.889321677688144,0.504979749113981,0.644178409414075
