"","bcubed.precision","bcubed.recall","bcubed.f1"
"majority-vote",0.983278890788418,0.10127922243489,0.183642942284989
