"","bcubed.precision","bcubed.recall","bcubed.f1"
"majority-vote",0.830862251180975,0.53878815684636,0.653683214758084
