"","bcubed.precision","bcubed.recall","bcubed.f1"
"majority-vote",0.928714757587604,0.303825909468992,0.457863360460417
