"","bcubed.precision","bcubed.recall","bcubed.f1"
"majority-vote",0.993697431701693,0.0584776769151195,0.110455221543543
