"","bcubed.precision","bcubed.recall","bcubed.f1"
"majority-vote",0.94525745490877,0.474358269075098,0.631707133931339
