"","bcubed.precision","bcubed.recall","bcubed.f1"
"majority-vote",0.979132628792422,0.165101511165522,0.282558037730006
