"","bcubed.precision","bcubed.recall","bcubed.f1"
"majority-vote",0.970708732554966,0.15523198277583,0.267660702203224
