"","bcubed.precision","bcubed.recall","bcubed.f1"
"majority-vote",0.887827507384078,0.566692267367079,0.691809065677943
