"","bcubed.precision","bcubed.recall","bcubed.f1"
"majority-vote",0.682488623882002,0.218303257936473,0.330796698116881
