"","bcubed.precision","bcubed.recall","bcubed.f1"
"majority-vote",0.992744652842374,0.0762787269386041,0.141671921729976
