"","bcubed.precision","bcubed.recall","bcubed.f1"
"majority-vote",0.950566770419155,0.372923321505731,0.535687451686349
