"","bcubed.precision","bcubed.recall","bcubed.f1"
"majority-vote",0.861168300938689,0.469715494135624,0.607872896952308
