"","bcubed.precision","bcubed.recall","bcubed.f1"
"majority-vote",0.934377806473828,0.49576416729258,0.647811257428105
