"","bcubed.precision","bcubed.recall","bcubed.f1"
"majority-vote",0.944153418618625,0.124502473959872,0.219994924899654
