"","bcubed.precision","bcubed.recall","bcubed.f1"
"majority-vote",0.954885471356224,0.622864772752035,0.753940015970872
