"","bcubed.precision","bcubed.recall","bcubed.f1"
"majority-vote",0.844473351182424,0.630921215262164,0.722242259937912
