"","bcubed.precision","bcubed.recall","bcubed.f1"
"majority-vote",0.682507265729322,0.193217581116403,0.301173144632315
