"","bcubed.precision","bcubed.recall","bcubed.f1"
"majority-vote",0.997706184081609,0.710222114104916,0.829769020240922
