"","bcubed.precision","bcubed.recall","bcubed.f1"
"majority-vote",0.997328017006327,0.61170785991798,0.758309240543904
