"","bcubed.precision","bcubed.recall","bcubed.f1"
"majority-vote",0.989726762062911,0.409955599471792,0.579765865749558
