"","bcubed.precision","bcubed.recall","bcubed.f1"
"majority-vote",0.967575109014553,0.243522011820264,0.389111381871698
