"","bcubed.precision","bcubed.recall","bcubed.f1"
"majority-vote",0.989449541479742,0.247888510524126,0.396452970437582
