"","bcubed.precision","bcubed.recall","bcubed.f1"
"majority-vote",0.930787238635613,0.538982777838264,0.682662302037982
