"","bcubed.precision","bcubed.recall","bcubed.f1"
"majority-vote",0.99741547918413,0.3693394293805,0.539064994943422
