"","bcubed.precision","bcubed.recall","bcubed.f1"
"majority-vote",0.994455738310848,0.10452452893171,0.189166303870377
