"","bcubed.precision","bcubed.recall","bcubed.f1"
"majority-vote",0.87041447101743,0.224649000510318,0.357125858049093
