"","bcubed.precision","bcubed.recall","bcubed.f1"
"majority-vote",0.956118850347773,0.256010262565927,0.403878160030949
