"","bcubed.precision","bcubed.recall","bcubed.f1"
"majority-vote",0.992357316774568,0.116689926021534,0.208824470974573
