"","bcubed.precision","bcubed.recall","bcubed.f1"
"majority-vote",0.851279886458203,0.426001177726359,0.567840930825159
