"","bcubed.precision","bcubed.recall","bcubed.f1"
"majority-vote",0.996323853737963,0.350594222139276,0.518673544822043
