"","bcubed.precision","bcubed.recall","bcubed.f1"
"majority-vote",0.948906940059065,0.286821874972439,0.440496756912093
