"","bcubed.precision","bcubed.recall","bcubed.f1"
"majority-vote",0.989584300758921,0.309329672957794,0.471328809008077
