"","bcubed.precision","bcubed.recall","bcubed.f1"
"majority-vote",0.958070862916326,0.420466553470385,0.584440797793798
