"","bcubed.precision","bcubed.recall","bcubed.f1"
"majority-vote",0.963326243367622,0.166459285475216,0.283867325358183
