"","bcubed.precision","bcubed.recall","bcubed.f1"
"majority-vote",0.996424045123475,0.0764651478801626,0.142030905816866
