"","bcubed.precision","bcubed.recall","bcubed.f1"
"majority-vote",0.982498704220382,0.241601852286248,0.387833345139398
