"","bcubed.precision","bcubed.recall","bcubed.f1"
"majority-vote",0.984980569267934,0.311529196038666,0.473348081238991
