"","bcubed.precision","bcubed.recall","bcubed.f1"
"majority-vote",0.98925262268987,0.250082634855982,0.399238060749385
