"","bcubed.precision","bcubed.recall","bcubed.f1"
"majority-vote",0.986277766044431,0.261737402970392,0.413690133743628
