"","bcubed.precision","bcubed.recall","bcubed.f1"
"majority-vote",0.985027745785782,0.287651462671976,0.445272728531676
