"","bcubed.precision","bcubed.recall","bcubed.f1"
"majority-vote",0.949329610964436,0.185247207007116,0.310002207298269
