"","bcubed.precision","bcubed.recall","bcubed.f1"
"majority-vote",0.976111961452825,0.441559258397662,0.608055334378097
