"","bcubed.precision","bcubed.recall","bcubed.f1"
"majority-vote",0.502411053547475,0.474331798030705,0.487967816697351
