"","bcubed.precision","bcubed.recall","bcubed.f1"
"majority-vote",0.990688270070231,0.640991586850362,0.778366961647503
