"","bcubed.precision","bcubed.recall","bcubed.f1"
"majority-vote",0.998773062589145,0.411265561617028,0.582623706134199
