"","bcubed.precision","bcubed.recall","bcubed.f1"
"majority-vote",0.99046335008734,0.236109917922751,0.381319610322196
