{
      "avg_bcuded_f1": 0.48544096258950614,
      "avg_bcuded_recall": 0.35606456939364967,
      "avg_bcuded_precision": 0.9333787171582374,
      "avg_bcuded_f1star": 0.5154830685029457
}