"","bcubed.precision","bcubed.recall","bcubed.f1"
"majority-vote",0.934294871794872,0.190425104785069,0.316368878594459
