"","bcubed.precision","bcubed.recall","bcubed.f1"
"majority-vote",0.99083831129606,0.449056107351721,0.618020306660277
