"","bcubed.precision","bcubed.recall","bcubed.f1"
"majority-vote",0.972903758777365,0.287941630478592,0.44436771865648
