"","bcubed.precision","bcubed.recall","bcubed.f1"
"majority-vote",0.995535714285714,0.434629085585619,0.6050893955812
