"","bcubed.precision","bcubed.recall","bcubed.f1"
"majority-vote",0.911764705882353,0.225043684967784,0.360987640286307
