"","bcubed.precision","bcubed.recall","bcubed.f1"
"majority-vote",0.942355889724311,0.270949755727714,0.420885040939951
