"","bcubed.precision","bcubed.recall","bcubed.f1"
"majority-vote",0.956204379562044,0.239163021753614,0.382625004795004
