"","bcubed.precision","bcubed.recall","bcubed.f1"
"majority-vote",0.943924481428329,0.155981330195221,0.267722189774949
