"","bcubed.precision","bcubed.recall","bcubed.f1"
"majority-vote",0.83577487869859,0.731630133235527,0.780242606347948
