"","bcubed.precision","bcubed.recall","bcubed.f1"
"majority-vote",0.980690298507463,0.128150592079654,0.226680028608902
