"","bcubed.precision","bcubed.recall","bcubed.f1"
"majority-vote",0.976331360946746,0.222867675225232,0.362896723730326
