"","bcubed.precision","bcubed.recall","bcubed.f1"
"majority-vote",0.992217898832685,0.242893423253955,0.390253409148833
