"","bcubed.precision","bcubed.recall","bcubed.f1"
"majority-vote",0.988030455153949,0.478764350148858,0.644989683736175
