"","bcubed.precision","bcubed.recall","bcubed.f1"
"majority-vote",0.993355481727575,0.269405845187672,0.423858044148966
