"","bcubed.precision","bcubed.recall","bcubed.f1"
"majority-vote",0.980392156862745,0.246798797099364,0.394330815784105
