"","bcubed.precision","bcubed.recall","bcubed.f1"
"majority-vote",0.956738286905658,0.269146291210763,0.420108982814109
