"","bcubed.precision","bcubed.recall","bcubed.f1"
"majority-vote",0.893299023849645,0.32943283093952,0.481351696448672
