"","bcubed.precision","bcubed.recall","bcubed.f1"
"majority-vote",0.998220640569395,0.0983483051554364,0.17905542292424
