"","bcubed.precision","bcubed.recall","bcubed.f1"
"majority-vote",0.994897959183674,0.35518881480838,0.523487280647644
