"","bcubed.precision","bcubed.recall","bcubed.f1"
"majority-vote",0.975584322186264,0.0656412409261203,0.123006133935001
