"","bcubed.precision","bcubed.recall","bcubed.f1"
"majority-vote",0.776685502576317,0.500971370143149,0.60907933687672
