"","bcubed.precision","bcubed.recall","bcubed.f1"
"majority-vote",0.977941176470588,0.153736260558308,0.265702954918491
