"","bcubed.precision","bcubed.recall","bcubed.f1"
"majority-vote",0.998355263157895,0.449123900451083,0.619539432550295
