"","bcubed.precision","bcubed.recall","bcubed.f1"
"majority-vote",0.850189445160565,0.115699770679446,0.203681172180012
