"","bcubed.precision","bcubed.recall","bcubed.f1"
"majority-vote",0.994318181818182,0.21789068926633,0.357451061701236
