"","bcubed.precision","bcubed.recall","bcubed.f1"
"majority-vote",0.939480923694779,0.461137873292574,0.618626904170364
