"","bcubed.precision","bcubed.recall","bcubed.f1"
"majority-vote",0.915492957746479,0.705504711099809,0.796897623089778
