"","bcubed.precision","bcubed.recall","bcubed.f1"
"majority-vote",0.978978978978979,0.294340104680272,0.452601046902349
