"","bcubed.precision","bcubed.recall","bcubed.f1"
"majority-vote",0.929228936538878,0.245009277586822,0.387774316514945
