"","bcubed.precision","bcubed.recall","bcubed.f1"
"majority-vote",0.988235294117647,0.781390755718313,0.872724407927515
