"","bcubed.precision","bcubed.recall","bcubed.f1"
"majority-vote",0.992073170731707,0.256183699709229,0.407212619900161
