"","bcubed.precision","bcubed.recall","bcubed.f1"
"majority-vote",0.995829991980754,0.342200036756814,0.509365339402542
