"","bcubed.precision","bcubed.recall","bcubed.f1"
"majority-vote",0.998390989541432,0.774086220122739,0.87204586110888
