"","bcubed.precision","bcubed.recall","bcubed.f1"
"majority-vote",0.991319444444444,0.173290835414221,0.295011262842343
