"","bcubed.precision","bcubed.recall","bcubed.f1"
"majority-vote",0.994550408719346,0.645614467106674,0.782965348910661
