"","bcubed.precision","bcubed.recall","bcubed.f1"
"majority-vote",0.981942714819427,0.101884538107802,0.184613885058702
