"","bcubed.precision","bcubed.recall","bcubed.f1"
"majority-vote",0.975693165634419,0.471592507240896,0.635851780892994
