"","bcubed.precision","bcubed.recall","bcubed.f1"
"majority-vote",0.921787709497207,0.133062742481528,0.232555430736901
