"","bcubed.precision","bcubed.recall","bcubed.f1"
"majority-vote",0.9381575354156,0.523686785369063,0.672165560868816
