"","bcubed.precision","bcubed.recall","bcubed.f1"
"majority-vote",0.909441233140655,0.28902183309537,0.438642424117992
