"","bcubed.precision","bcubed.recall","bcubed.f1"
"majority-vote",0.803914590747331,0.489554327716499,0.608533937533188
