"","bcubed.precision","bcubed.recall","bcubed.f1"
"majority-vote",0.903747294372294,0.520020846078898,0.660174110248123
