"","bcubed.precision","bcubed.recall","bcubed.f1"
"majority-vote",0.997245179063361,0.117854883682947,0.210797610920108
