"","bcubed.precision","bcubed.recall","bcubed.f1"
"majority-vote",0.985616772306192,0.0810788084640452,0.149832126318665
