"","bcubed.precision","bcubed.recall","bcubed.f1"
"majority-vote",0.936254980079681,0.168684349164187,0.285864676523996
