"","bcubed.precision","bcubed.recall","bcubed.f1"
"majority-vote",0.978723404255319,0.150610793870599,0.261049933915476
