"","bcubed.precision","bcubed.recall","bcubed.f1"
"majority-vote",0.952016055464331,0.243737503304453,0.388110099715787
