"","bcubed.precision","bcubed.recall","bcubed.f1"
"majority-vote",0.959482038429407,0.516806189104525,0.671774314184248
