"","bcubed.precision","bcubed.recall","bcubed.f1"
"majority-vote",0.990711947626841,0.168363855020121,0.287815658537654
