"","bcubed.precision","bcubed.recall","bcubed.f1"
"majority-vote",0.94758064516129,0.374817657679937,0.537160335307601
