"","bcubed.precision","bcubed.recall","bcubed.f1"
"majority-vote",0.987010796221323,0.693155475471102,0.814385991763491
