"","bcubed.precision","bcubed.recall","bcubed.f1"
"majority-vote",0.936802973977695,0.358455108084765,0.518509501606971
