"","bcubed.precision","bcubed.recall","bcubed.f1"
"majority-vote",0.903486924034869,0.357980603301746,0.51278497009608
