"","bcubed.precision","bcubed.recall","bcubed.f1"
"majority-vote",0.955645161290323,0.248590973455453,0.39454846781077
