"","bcubed.precision","bcubed.recall","bcubed.f1"
"majority-vote",0.986437536854519,0.574441588967795,0.72606614658859
