"","bcubed.precision","bcubed.recall","bcubed.f1"
"majority-vote",0.908928571428571,0.254971907968399,0.398232075966163
