"","bcubed.precision","bcubed.recall","bcubed.f1"
"majority-vote",0.970954356846473,0.200192825665398,0.331944778917238
