"","bcubed.precision","bcubed.recall","bcubed.f1"
"majority-vote",0.962962962962963,0.355604272959184,0.51940278053638
