"","bcubed.precision","bcubed.recall","bcubed.f1"
"majority-vote",0.943941894788568,0.742254965104728,0.831036487900371
