"","bcubed.precision","bcubed.recall","bcubed.f1"
"majority-vote",0.96137339055794,0.17208143148604,0.291911959828213
