"","bcubed.precision","bcubed.recall","bcubed.f1"
"majority-vote",0.989568515884305,0.238523996315747,0.384394228760705
