"","bcubed.precision","bcubed.recall","bcubed.f1"
"majority-vote",0.958083832335329,0.49912987381911,0.656332369537815
