"","bcubed.precision","bcubed.recall","bcubed.f1"
"majority-vote",0.997407087294728,0.706720294574765,0.827271292091557
