"","bcubed.precision","bcubed.recall","bcubed.f1"
"majority-vote",0.995391705069124,0.537560583013575,0.698108283556662
