"","bcubed.precision","bcubed.recall","bcubed.f1"
"majority-vote",0.994047619047619,0.347241475729396,0.514690775504698
