"","bcubed.precision","bcubed.recall","bcubed.f1"
"majority-vote",0.93025115981443,0.41226694010809,0.571332035241581
