"","bcubed.precision","bcubed.recall","bcubed.f1"
"majority-vote",0.996963562753036,0.194489121724063,0.325482615024412
