"","bcubed.precision","bcubed.recall","bcubed.f1"
"majority-vote",0.998050682261209,0.161381508151582,0.277837592654184
