"","bcubed.precision","bcubed.recall","bcubed.f1"
"majority-vote",0.994595133129094,0.352531767484642,0.520554344292109
