"","bcubed.precision","bcubed.recall","bcubed.f1"
"majority-vote",0.989169385937975,0.1931232147984,0.32315447406762
