"","bcubed.precision","bcubed.recall","bcubed.f1"
"majority-vote",0.997407087294728,0.578253338706662,0.732079030177222
