"","bcubed.precision","bcubed.recall","bcubed.f1"
"majority-vote",0.988132911392405,0.629644118064754,0.769169130474299
