"","bcubed.precision","bcubed.recall","bcubed.f1"
"majority-vote",0.915881918478512,0.292604037902417,0.443514872760591
