"","bcubed.precision","bcubed.recall","bcubed.f1"
"majority-vote",0.992402659069326,0.136012559205099,0.239236804389034
