"","bcubed.precision","bcubed.recall","bcubed.f1"
"majority-vote",0.967051070840198,0.584776683695429,0.728829493501705
