"","bcubed.precision","bcubed.recall","bcubed.f1"
"majority-vote",0.990563590375511,0.155860591678925,0.269341539908648
