"","bcubed.precision","bcubed.recall","bcubed.f1"
"majority-vote",0.993103448275862,0.406584996859007,0.576958342124491
