"","bcubed.precision","bcubed.recall","bcubed.f1"
"majority-vote",0.997386759581881,0.669198395675451,0.800978716598581
