"","bcubed.precision","bcubed.recall","bcubed.f1"
"majority-vote",0.984082356503309,0.697003082461373,0.816030428888949
