"","bcubed.precision","bcubed.recall","bcubed.f1"
"majority-vote",0.995207667731629,0.137830702645991,0.242128026213997
