"","bcubed.precision","bcubed.recall","bcubed.f1"
"majority-vote",0.977011494252874,0.34570877805145,0.510707300542034
