"","bcubed.precision","bcubed.recall","bcubed.f1"
"majority-vote",0.994444444444444,0.214676348768598,0.35312220844247
