"","bcubed.precision","bcubed.recall","bcubed.f1"
"majority-vote",0.997782705099778,0.323404226443697,0.488480677786776
