"","bcubed.precision","bcubed.recall","bcubed.f1"
"majority-vote",0.914464023494861,0.380515677386262,0.5374105819709
