"","bcubed.precision","bcubed.recall","bcubed.f1"
"majority-vote",0.994131455399061,0.218404991171275,0.358130714097135
