"","bcubed.precision","bcubed.recall","bcubed.f1"
"majority-vote",0.993556498506994,0.166874701404654,0.285754888406365
