"","bcubed.precision","bcubed.recall","bcubed.f1"
"majority-vote",0.982102908277405,0.461031659831157,0.627495929948617
