"","bcubed.precision","bcubed.recall","bcubed.f1"
"majority-vote",0.991111111111111,0.326491141152813,0.491178573989083
