"","bcubed.precision","bcubed.recall","bcubed.f1"
"majority-vote",0.988331388564761,0.563740095671735,0.717959239897973
