"","bcubed.precision","bcubed.recall","bcubed.f1"
"majority-vote",0.982192648922687,0.171381719710875,0.291840508660296
