"","bcubed.precision","bcubed.recall","bcubed.f1"
"majority-vote",0.879706939180012,0.67933217723329,0.766643022652632
