"","bcubed.precision","bcubed.recall","bcubed.f1"
"majority-vote",0.971922246220302,0.325127701620683,0.48725779079459
