"","bcubed.precision","bcubed.recall","bcubed.f1"
"majority-vote",0.996789227710371,0.102278746140044,0.185521468738557
