"","bcubed.precision","bcubed.recall","bcubed.f1"
"majority-vote",0.987910189982729,0.562452245573011,0.716803106211829
