"","bcubed.precision","bcubed.recall","bcubed.f1"
"majority-vote",0.989614243323442,0.404683618854349,0.57445497712005
