"","bcubed.precision","bcubed.recall","bcubed.f1"
"majority-vote",0.995967741935484,0.531213553505148,0.692873288783171
