"","bcubed.precision","bcubed.recall","bcubed.f1"
"majority-vote",0.997416020671835,0.712549340294693,0.83125441456587
