"","bcubed.precision","bcubed.recall","bcubed.f1"
"majority-vote",0.997389033942559,0.695178106747634,0.819303416258337
