"","bcubed.precision","bcubed.recall","bcubed.f1"
"majority-vote",0.999502982107356,0.624316033001713,0.768565623331777
