"","bcubed.precision","bcubed.recall","bcubed.f1"
"majority-vote",0.988839285714286,0.336997107572391,0.502680392282172
