"","bcubed.precision","bcubed.recall","bcubed.f1"
"majority-vote",0.966315789473684,0.21426047275487,0.3507495187008
