"","bcubed.precision","bcubed.recall","bcubed.f1"
"majority-vote",0.995444191343964,0.254032462110537,0.404769689968358
