"","bcubed.precision","bcubed.recall","bcubed.f1"
"majority-vote",0.964314892623716,0.199613259442027,0.330759314487713
