"","bcubed.precision","bcubed.recall","bcubed.f1"
"majority-vote",0.968542199488491,0.377282425006326,0.543033532145609
