"","bcubed.precision","bcubed.recall","bcubed.f1"
"majority-vote",0.991596638655462,0.374990811890623,0.544187096769897
