"","bcubed.precision","bcubed.recall","bcubed.f1"
"majority-vote",0.955540544466719,0.254759546435078,0.402268953854719
