"","bcubed.precision","bcubed.recall","bcubed.f1"
"majority-vote",0.99402390438247,0.208806730927266,0.345117385348626
