"","bcubed.precision","bcubed.recall","bcubed.f1"
"majority-vote",0.983294663573086,0.178628282561676,0.302333709116284
