"","bcubed.precision","bcubed.recall","bcubed.f1"
"majority-vote",0.979004482189196,0.137940767070768,0.24181065155767
