"","bcubed.precision","bcubed.recall","bcubed.f1"
"majority-vote",0.964539007092199,0.382691387288578,0.547969778974173
