"","bcubed.precision","bcubed.recall","bcubed.f1"
"majority-vote",0.973975067472047,0.675705517440494,0.797876065172011
