"","bcubed.precision","bcubed.recall","bcubed.f1"
"majority-vote",0.99562363238512,0.581869403756232,0.734485561671454
