"","bcubed.precision","bcubed.recall","bcubed.f1"
"majority-vote",0.989220026313265,0.934136622931956,0.960889552210261
