"","bcubed.precision","bcubed.recall","bcubed.f1"
"majority-vote",0.966504475650817,0.278357092905648,0.432230189955062
