"","bcubed.precision","bcubed.recall","bcubed.f1"
"majority-vote",0.983805668016194,0.239217849323026,0.384855847362028
