"","bcubed.precision","bcubed.recall","bcubed.f1"
"majority-vote",0.933658879303895,0.0760637567010417,0.140667544342923
