"","bcubed.precision","bcubed.recall","bcubed.f1"
"majority-vote",0.926160863071738,0.187998211495943,0.312552470808689
