"","bcubed.precision","bcubed.recall","bcubed.f1"
"majority-vote",0.986092715231788,0.307096746584018,0.468339518097643
