"","bcubed.precision","bcubed.recall","bcubed.f1"
"majority-vote",0.992248062015504,0.434227661540884,0.60409237748999
