"","bcubed.precision","bcubed.recall","bcubed.f1"
"majority-vote",0.936482084690554,0.200490732284829,0.330273470267668
