"","bcubed.precision","bcubed.recall","bcubed.f1"
"majority-vote",0.992784992784993,0.485804738562091,0.652377929649055
