"","bcubed.precision","bcubed.recall","bcubed.f1"
"majority-vote",0.915151515151515,0.337461881085428,0.493095080587486
