"","bcubed.precision","bcubed.recall","bcubed.f1"
"majority-vote",0.988235294117647,0.119120359545891,0.212612710580881
