"","bcubed.precision","bcubed.recall","bcubed.f1"
"majority-vote",0.956043956043956,0.351121150282808,0.513611099228907
