"","bcubed.precision","bcubed.recall","bcubed.f1"
"majority-vote",0.932432432432432,0.276137391309829,0.426089505804971
