"","bcubed.precision","bcubed.recall","bcubed.f1"
"majority-vote",0.96964585615188,0.592407462987498,0.735474819714552
