"","bcubed.precision","bcubed.recall","bcubed.f1"
"majority-vote",0.994631901840491,0.0957787375434943,0.174731581732522
