"","bcubed.precision","bcubed.recall","bcubed.f1"
"majority-vote",0.964332156789894,0.402173752452175,0.567621522136848
