"","bcubed.precision","bcubed.recall","bcubed.f1"
"majority-vote",0.985263778367227,0.433347597120604,0.601943137159156
