"","bcubed.precision","bcubed.recall","bcubed.f1"
"majority-vote",0.862282033770537,0.522535577556227,0.650732683997225
