"","bcubed.precision","bcubed.recall","bcubed.f1"
"majority-vote",0.973595268272074,0.368059024980595,0.534177137833607
