"","bcubed.precision","bcubed.recall","bcubed.f1"
"majority-vote",0.95952380952381,0.205385258016837,0.338347516872547
