"","bcubed.precision","bcubed.recall","bcubed.f1"
"majority-vote",0.911804733727811,0.520836060973465,0.662972585519282
