"","bcubed.precision","bcubed.recall","bcubed.f1"
"majority-vote",0.975954764553207,0.454286930612412,0.619984015154998
