"","bcubed.precision","bcubed.recall","bcubed.f1"
"majority-vote",0.99250936329588,0.227249847988484,0.36982315829145
