"","bcubed.precision","bcubed.recall","bcubed.f1"
"majority-vote",0.980427046263345,0.449624742486331,0.616515096405302
