"","bcubed.precision","bcubed.recall","bcubed.f1"
"majority-vote",0.910112359550562,0.145677673876821,0.251154201703287
