"","bcubed.precision","bcubed.recall","bcubed.f1"
"majority-vote",0.99746835443038,0.332829479863569,0.499116611373925
