"","bcubed.precision","bcubed.recall","bcubed.f1"
"majority-vote",0.991747296528173,0.516075073941699,0.678881106171364
