"","bcubed.precision","bcubed.recall","bcubed.f1"
"majority-vote",0.994974874371859,0.178788775551933,0.30311100451174
