"","bcubed.precision","bcubed.recall","bcubed.f1"
"majority-vote",0.96659793814433,0.457679267647351,0.621215918699526
