"","bcubed.precision","bcubed.recall","bcubed.f1"
"majority-vote",0.976012400697539,0.382223714324342,0.549322876774222
