"","bcubed.precision","bcubed.recall","bcubed.f1"
"majority-vote",0.922531789981458,0.426684290577694,0.583494116347143
