"","bcubed.precision","bcubed.recall","bcubed.f1"
"majority-vote",0.78851255459884,0.34985623240638,0.48466900130461
