"","bcubed.precision","bcubed.recall","bcubed.f1"
"majority-vote",0.558976492614937,0.0996069945177088,0.169084009919034
