"","bcubed.precision","bcubed.recall","bcubed.f1"
"majority-vote",0.972396446878283,0.613638228133163,0.752442102441508
