"","bcubed.precision","bcubed.recall","bcubed.f1"
"majority-vote",0.98019801980198,0.0753402749421533,0.139925550171605
