"","bcubed.precision","bcubed.recall","bcubed.f1"
"majority-vote",0.962149702149702,0.438196582271912,0.602152075963234
