"","bcubed.precision","bcubed.recall","bcubed.f1"
"majority-vote",0.907407407407407,0.129695298135014,0.226952400383667
