"","bcubed.precision","bcubed.recall","bcubed.f1"
"majority-vote",0.981762917933131,0.306031027100116,0.466611782580056
