"","bcubed.precision","bcubed.recall","bcubed.f1"
"majority-vote",0.98019801980198,0.110194060773662,0.198115892601239
