"","bcubed.precision","bcubed.recall","bcubed.f1"
"majority-vote",0.972599388379205,0.433552764468536,0.599754660544008
