"","bcubed.precision","bcubed.recall","bcubed.f1"
"majority-vote",0.627325141776938,0.204373052823188,0.308304996139455
