"","bcubed.precision","bcubed.recall","bcubed.f1"
"majority-vote",0.969849207179472,0.031475882820454,0.0609729253836903
