"","bcubed.precision","bcubed.recall","bcubed.f1"
"majority-vote",0.946572580645161,0.552304923013568,0.697584285578834
