"","bcubed.precision","bcubed.recall","bcubed.f1"
"majority-vote",0.90718954248366,0.299422345286707,0.450240583874849
