"","bcubed.precision","bcubed.recall","bcubed.f1"
"majority-vote",0.996732026143791,0.154957813601946,0.268217032378054
