"","bcubed.precision","bcubed.recall","bcubed.f1"
"majority-vote",0.995991481899035,0.626567207433024,0.769224072501754
