"","bcubed.precision","bcubed.recall","bcubed.f1"
"majority-vote",0.97678916827853,0.327757734865478,0.490822069278661
