"","bcubed.precision","bcubed.recall","bcubed.f1"
"majority-vote",0.914715719063545,0.291681884597755,0.442318525829155
