"","bcubed.precision","bcubed.recall","bcubed.f1"
"majority-vote",0.970414201183432,0.187183819764465,0.313832321141075
