"","bcubed.precision","bcubed.recall","bcubed.f1"
"majority-vote",0.968085106382979,0.0784184887277671,0.145084587109095
