"","bcubed.precision","bcubed.recall","bcubed.f1"
"majority-vote",0.903846153846154,0.195518766947338,0.321492676667441
