"","bcubed.precision","bcubed.recall","bcubed.f1"
"majority-vote",0.906435514949447,0.617113861671866,0.734303632780804
