"","bcubed.precision","bcubed.recall","bcubed.f1"
"majority-vote",0.962640901771337,0.28787084429541,0.443204552084901
