"","bcubed.precision","bcubed.recall","bcubed.f1"
"majority-vote",0.896761904761905,0.224088378864406,0.358574065423442
