"","bcubed.precision","bcubed.recall","bcubed.f1"
"majority-vote",0.994318181818182,0.158644684236565,0.273631178643234
