"","bcubed.precision","bcubed.recall","bcubed.f1"
"majority-vote",0.964321608040201,0.509122074638805,0.666408120616867
