"","bcubed.precision","bcubed.recall","bcubed.f1"
"majority-vote",0.996640537513998,0.237517260808474,0.383612745149398
