"","bcubed.precision","bcubed.recall","bcubed.f1"
"majority-vote",0.991780821917808,0.488800382232964,0.654854787411418
