"","bcubed.precision","bcubed.recall","bcubed.f1"
"majority-vote",0.998689384010485,0.450141227002664,0.620571185196934
