"","bcubed.precision","bcubed.recall","bcubed.f1"
"majority-vote",0.97666220979701,0.397520429751576,0.565053247198884
