"","bcubed.precision","bcubed.recall","bcubed.f1"
"majority-vote",0.993779160186625,0.364330329307262,0.533188069872649
