"","bcubed.precision","bcubed.recall","bcubed.f1"
"majority-vote",0.969752281616688,0.291996925357054,0.448844640480053
