"","bcubed.precision","bcubed.recall","bcubed.f1"
"majority-vote",0.995991983967936,0.224759604756922,0.366755639272243
