"","bcubed.precision","bcubed.recall","bcubed.f1"
"majority-vote",0.994236311239193,0.219668772812155,0.359834839222008
