"","bcubed.precision","bcubed.recall","bcubed.f1"
"majority-vote",0.988847583643123,0.208038456085176,0.343755909545693
