"","bcubed.precision","bcubed.recall","bcubed.f1"
"majority-vote",0.989121989121989,0.12132267705172,0.216134907585264
