"","bcubed.precision","bcubed.recall","bcubed.f1"
"majority-vote",0.992917847025496,0.138704054268656,0.243405912841806
