"","bcubed.precision","bcubed.recall","bcubed.f1"
"majority-vote",0.969404186795491,0.355944974194764,0.52069984032797
