"","bcubed.precision","bcubed.recall","bcubed.f1"
"majority-vote",0.997559575078955,0.229109532759795,0.372635793444051
