"","bcubed.precision","bcubed.recall","bcubed.f1"
"majority-vote",0.951298701298701,0.305663862499036,0.462667137119397
