"","bcubed.precision","bcubed.recall","bcubed.f1"
"majority-vote",0.976811594202899,0.215540824915825,0.353155280982192
