"","bcubed.precision","bcubed.recall","bcubed.f1"
"majority-vote",0.98188986338337,0.448307169594821,0.615563108239166
