"","bcubed.precision","bcubed.recall","bcubed.f1"
"majority-vote",0.982793522267207,0.361526114191402,0.528602742267068
