"","bcubed.precision","bcubed.recall","bcubed.f1"
"majority-vote",0.994974874371859,0.17275083231313,0.294388890634842
