"","bcubed.precision","bcubed.recall","bcubed.f1"
"majority-vote",0.941738034499514,0.237435751890675,0.379252457756806
