"","bcubed.precision","bcubed.recall","bcubed.f1"
"majority-vote",0.955882352941177,0.351257018128603,0.513733106671066
