"","bcubed.precision","bcubed.recall","bcubed.f1"
"majority-vote",0.947916666666667,0.297074958257983,0.452376222529352
