"","bcubed.precision","bcubed.recall","bcubed.f1"
"majority-vote",0.987080103359173,0.231727971872768,0.375340589015797
