"","bcubed.precision","bcubed.recall","bcubed.f1"
"majority-vote",0.951515151515152,0.174211896266312,0.294503466356725
