"","bcubed.precision","bcubed.recall","bcubed.f1"
"majority-vote",0.621529477383527,0.47895178206565,0.5410044891599
