"","bcubed.precision","bcubed.recall","bcubed.f1"
"majority-vote",0.99330900243309,0.625260245079069,0.767439059224921
