"","bcubed.precision","bcubed.recall","bcubed.f1"
"majority-vote",0.996153846153846,0.13781781598683,0.242136116884325
