"","bcubed.precision","bcubed.recall","bcubed.f1"
"majority-vote",0.952099037813324,0.2246873613094,0.363574257267031
