"","bcubed.precision","bcubed.recall","bcubed.f1"
"majority-vote",0.990111963325399,0.390949399624408,0.560559708652246
