"","bcubed.precision","bcubed.recall","bcubed.f1"
"majority-vote",0.99130291005291,0.445330526777741,0.614572145980491
