"","bcubed.precision","bcubed.recall","bcubed.f1"
"majority-vote",0.990316569232466,0.40837290065406,0.578281968443001
