"","bcubed.precision","bcubed.recall","bcubed.f1"
"majority-vote",0.997876857749469,0.272990617407839,0.428700906772836
