"","bcubed.precision","bcubed.recall","bcubed.f1"
"majority-vote",0.947735191637631,0.445198125564497,0.605814974253152
