"","bcubed.precision","bcubed.recall","bcubed.f1"
"majority-vote",0.873214285714286,0.178812266872175,0.296839325033872
