"","bcubed.precision","bcubed.recall","bcubed.f1"
"majority-vote",0.996787148594378,0.360858520147192,0.529886617142039
