"","bcubed.precision","bcubed.recall","bcubed.f1"
"majority-vote",0.978163992869875,0.354823948706927,0.520748912435719
