"","bcubed.precision","bcubed.recall","bcubed.f1"
"majority-vote",0.983722871452421,0.275760669532545,0.430767165808379
