"","bcubed.precision","bcubed.recall","bcubed.f1"
"majority-vote",0.98220640569395,0.426163339788698,0.594418281924878
