"","bcubed.precision","bcubed.recall","bcubed.f1"
"majority-vote",0.947735191637631,0.317045580785335,0.475142033805316
