"","bcubed.precision","bcubed.recall","bcubed.f1"
"majority-vote",0.945427728613569,0.237397986071557,0.37950246762908
