"","bcubed.precision","bcubed.recall","bcubed.f1"
"majority-vote",0.985677749360614,0.287650848758138,0.445338370039733
