"","bcubed.precision","bcubed.recall","bcubed.f1"
"majority-vote",0.939055087133222,0.24700732689846,0.391132008128843
