"","bcubed.precision","bcubed.recall","bcubed.f1"
"majority-vote",0.99238578680203,0.119601476675844,0.213475116904526
