"","bcubed.precision","bcubed.recall","bcubed.f1"
"majority-vote",0.99295154185022,0.617195332988554,0.761228763773628
