"","bcubed.precision","bcubed.recall","bcubed.f1"
"majority-vote",0.974124809741248,0.17998337049748,0.30382986542246
