"","bcubed.precision","bcubed.recall","bcubed.f1"
"majority-vote",0.997887323943662,0.343640410978352,0.511229699071443
