"","bcubed.precision","bcubed.recall","bcubed.f1"
"majority-vote",0.956257173173954,0.193122160120476,0.321346392030083
