"","bcubed.precision","bcubed.recall","bcubed.f1"
"majority-vote",0.872926115864344,0.806610781433373,0.838459241453778
