"","bcubed.precision","bcubed.recall","bcubed.f1"
"majority-vote",0.993573264781491,0.138348992891121,0.242878624595119
