"","bcubed.precision","bcubed.recall","bcubed.f1"
"majority-vote",0.949096880131363,0.154801775727265,0.266187265654861
