"","bcubed.precision","bcubed.recall","bcubed.f1"
"majority-vote",0.979502254354778,0.23617725643528,0.38058740490796
