"","bcubed.precision","bcubed.recall","bcubed.f1"
"majority-vote",0.981230696127346,0.161766932742653,0.277744548223403
