"","bcubed.precision","bcubed.recall","bcubed.f1"
"majority-vote",0.991599393906202,0.0755266088600556,0.14036231780555
