"","bcubed.precision","bcubed.recall","bcubed.f1"
"majority-vote",0.951492139779346,0.624535975685271,0.754099582416112
