"","bcubed.precision","bcubed.recall","bcubed.f1"
"majority-vote",0.979274611398964,0.344571643386422,0.509772582664508
