"","bcubed.precision","bcubed.recall","bcubed.f1"
"majority-vote",0.983603133159269,0.193059714374894,0.322767291147035
