"","bcubed.precision","bcubed.recall","bcubed.f1"
"majority-vote",0.967758710348414,0.394882347833663,0.560897280151962
