"","bcubed.precision","bcubed.recall","bcubed.f1"
"majority-vote",0.982625482625483,0.399694175004449,0.568247263863314
