"","bcubed.precision","bcubed.recall","bcubed.f1"
"majority-vote",0.992663242846662,0.371657930276566,0.540827443809951
