"","bcubed.precision","bcubed.recall","bcubed.f1"
"majority-vote",0.994795872588605,0.28399286253659,0.44184769498828
