"","bcubed.precision","bcubed.recall","bcubed.f1"
"majority-vote",0.923620823620824,0.346386841004097,0.503823887510326
