"","bcubed.precision","bcubed.recall","bcubed.f1"
"majority-vote",0.9227827358443,0.407365376800665,0.565214855877779
