"","bcubed.precision","bcubed.recall","bcubed.f1"
"majority-vote",0.995506431552943,0.751844110037151,0.856686313652985
