"","bcubed.precision","bcubed.recall","bcubed.f1"
"majority-vote",0.996468510888758,0.235535794444073,0.381011659350135
