"","bcubed.precision","bcubed.recall","bcubed.f1"
"majority-vote",0.969699855136128,0.205079321548213,0.338557904912801
