"","bcubed.precision","bcubed.recall","bcubed.f1"
"majority-vote",0.991655076495132,0.350181360008046,0.517587857803153
