"","bcubed.precision","bcubed.recall","bcubed.f1"
"majority-vote",0.969135802469136,0.349065172800455,0.513262488349792
