"","bcubed.precision","bcubed.recall","bcubed.f1"
"majority-vote",0.990933183089187,0.307312422737999,0.469134770647014
