"","bcubed.precision","bcubed.recall","bcubed.f1"
"majority-vote",0.996545768566494,0.329397058070327,0.495133331247543
