"","bcubed.precision","bcubed.recall","bcubed.f1"
"majority-vote",0.991812865497076,0.645770888206677,0.782230372813924
