"","bcubed.precision","bcubed.recall","bcubed.f1"
"majority-vote",0.998870056497175,0.338763744484769,0.505939608201129
