"","bcubed.precision","bcubed.recall","bcubed.f1"
"majority-vote",0.990960451977401,0.0548099501974041,0.103874603655879
