"","bcubed.precision","bcubed.recall","bcubed.f1"
"majority-vote",0.980359147025814,0.477579612421236,0.642276005677735
