"","bcubed.precision","bcubed.recall","bcubed.f1"
"majority-vote",0.862212744055372,0.381290679766484,0.528753965588269
