"","bcubed.precision","bcubed.recall","bcubed.f1"
"majority-vote",0.988057040998217,0.312100428250871,0.474362579803405
