"","bcubed.precision","bcubed.recall","bcubed.f1"
"majority-vote",0.818503377008385,0.735354167064099,0.774704053579671
