"","bcubed.precision","bcubed.recall","bcubed.f1"
"majority-vote",0.975409836065574,0.173427507008556,0.294494076468337
