"","bcubed.precision","bcubed.recall","bcubed.f1"
"majority-vote",0.964942528735632,0.282362761643033,0.436883959913116
