"","bcubed.precision","bcubed.recall","bcubed.f1"
"majority-vote",0.957981045018082,0.281265646313315,0.434856368256158
