"","bcubed.precision","bcubed.recall","bcubed.f1"
"majority-vote",0.996975806451613,0.304127509118748,0.466077927923606
