"","bcubed.precision","bcubed.recall","bcubed.f1"
"majority-vote",0.825954206501285,0.358073390732387,0.499569814086395
