"","bcubed.precision","bcubed.recall","bcubed.f1"
"majority-vote",0.95695067264574,0.227202052120523,0.367218099584482
