"","bcubed.precision","bcubed.recall","bcubed.f1"
"majority-vote",0.987129987129987,0.596594855056381,0.743710846614756
