"","bcubed.precision","bcubed.recall","bcubed.f1"
"majority-vote",0.998027613412229,0.27542409424296,0.431709894927489
