"","bcubed.precision","bcubed.recall","bcubed.f1"
"majority-vote",0.987230438103704,0.181956321652075,0.307278230174003
