"","bcubed.precision","bcubed.recall","bcubed.f1"
"majority-vote",0.973456790123457,0.586582484248447,0.732049137018086
