"","bcubed.precision","bcubed.recall","bcubed.f1"
"majority-vote",0.987124463519313,0.37362786405334,0.542078374420166
