"","bcubed.precision","bcubed.recall","bcubed.f1"
"majority-vote",0.997734994337486,0.497894003388898,0.664290771851925
