"","bcubed.precision","bcubed.recall","bcubed.f1"
"majority-vote",0.993112947658402,0.558848197492956,0.715223293366262
