"","bcubed.precision","bcubed.recall","bcubed.f1"
"majority-vote",0.998810939357907,0.361410288916585,0.530767411451604
