"","bcubed.precision","bcubed.recall","bcubed.f1"
"majority-vote",0.990196078431373,0.319372684644067,0.482970560705772
