"","bcubed.precision","bcubed.recall","bcubed.f1"
"majority-vote",0.967563855593607,0.174263583961136,0.295335598613302
