"","bcubed.precision","bcubed.recall","bcubed.f1"
"majority-vote",0.996174079387853,0.364516987365835,0.533732282341979
