"","bcubed.precision","bcubed.recall","bcubed.f1"
"majority-vote",0.963208241353937,0.382588781184827,0.547649698899774
