"","bcubed.precision","bcubed.recall","bcubed.f1"
"majority-vote",0.984313725490196,0.143508502707064,0.250495841290341
