"","bcubed.precision","bcubed.recall","bcubed.f1"
"majority-vote",0.960159362549801,0.320339767735126,0.480402086832297
