"","bcubed.precision","bcubed.recall","bcubed.f1"
"majority-vote",0.998583569405099,0.195547175719241,0.327049944093807
