"","bcubed.precision","bcubed.recall","bcubed.f1"
"majority-vote",0.992156862745098,0.559635668351569,0.715619334241222
