"","bcubed.precision","bcubed.recall","bcubed.f1"
"majority-vote",0.99480642115203,0.412833476062445,0.583514851584032
