"","bcubed.precision","bcubed.recall","bcubed.f1"
"majority-vote",0.975714285714286,0.560264514671123,0.71180421319126
