"","bcubed.precision","bcubed.recall","bcubed.f1"
"majority-vote",0.959356030614938,0.52759832430331,0.680793774857392
