"","bcubed.precision","bcubed.recall","bcubed.f1"
"majority-vote",0.994591937069813,0.165837328800763,0.284274922981528
