"","bcubed.precision","bcubed.recall","bcubed.f1"
"majority-vote",0.962626545660217,0.418360416634139,0.583242063395599
