"","bcubed.precision","bcubed.recall","bcubed.f1"
"majority-vote",0.978181818181818,0.292740441859569,0.45062296361733
