"","bcubed.precision","bcubed.recall","bcubed.f1"
"majority-vote",0.996699669966997,0.32292407967291,0.487803169232462
