"","bcubed.precision","bcubed.recall","bcubed.f1"
"majority-vote",0.997983870967742,0.251664071985995,0.401963906971174
