"","bcubed.precision","bcubed.recall","bcubed.f1"
"majority-vote",0.98613251155624,0.339538169263106,0.505147518865982
