"","bcubed.precision","bcubed.recall","bcubed.f1"
"majority-vote",0.982668977469671,0.715119923153641,0.827813355824844
