"","bcubed.precision","bcubed.recall","bcubed.f1"
"majority-vote",0.997134670487106,0.0733377989260342,0.13662688963211
