"","bcubed.precision","bcubed.recall","bcubed.f1"
"majority-vote",0.993324125230203,0.201148695295408,0.334550687737853
