"","bcubed.precision","bcubed.recall","bcubed.f1"
"majority-vote",0.501014492753623,0.38936699177663,0.438190841272698
