"","bcubed.precision","bcubed.recall","bcubed.f1"
"majority-vote",0.991501416430595,0.610622698830023,0.755788225178989
