"","bcubed.precision","bcubed.recall","bcubed.f1"
"majority-vote",0.988864942528736,0.604500798091282,0.750323207941578
