"","bcubed.precision","bcubed.recall","bcubed.f1"
"majority-vote",0.995322428806778,0.599706170773124,0.748451786534147
