"","bcubed.precision","bcubed.recall","bcubed.f1"
"majority-vote",0.989515741408315,0.293951498359556,0.453256033071709
