"","bcubed.precision","bcubed.recall","bcubed.f1"
"majority-vote",0.963157894736842,0.21062370962371,0.345658660843218
