"","bcubed.precision","bcubed.recall","bcubed.f1"
"majority-vote",0.997641509433962,0.57652661927637,0.730756615120843
