"","bcubed.precision","bcubed.recall","bcubed.f1"
"majority-vote",0.715139760564582,0.46890146861263,0.566416228977157
