"","bcubed.precision","bcubed.recall","bcubed.f1"
"majority-vote",0.992690058479532,0.829756202387213,0.903939666983403
