{
      "avg_bcuded_f1": 0.4669566276821252,
      "avg_bcuded_recall": 0.332834076778234,
      "avg_bcuded_precision": 0.9672084818034314,
      "avg_bcuded_f1star": 0.495245236347238
}