"","bcubed.precision","bcubed.recall","bcubed.f1"
"majority-vote",0.997554990692742,0.152474822428487,0.264518394798332
