"","bcubed.precision","bcubed.recall","bcubed.f1"
"majority-vote",0.925979311514329,0.444776709005569,0.600915151372275
