"","bcubed.precision","bcubed.recall","bcubed.f1"
"majority-vote",0.963055590504759,0.282173837009102,0.436464293601461
