"","bcubed.precision","bcubed.recall","bcubed.f1"
"majority-vote",0.928930015467694,0.497450287296124,0.647928889899866
