"","bcubed.precision","bcubed.recall","bcubed.f1"
"majority-vote",0.974643656914879,0.176192238017617,0.298434638574738
