"","bcubed.precision","bcubed.recall","bcubed.f1"
"majority-vote",0.974630392092959,0.17555911909951,0.297525323293994
