"","bcubed.precision","bcubed.recall","bcubed.f1"
"majority-vote",0.962921477396749,0.16533675833463,0.282216093021236
