"","bcubed.precision","bcubed.recall","bcubed.f1"
"majority-vote",0.979952182618277,0.294127511751362,0.452453482121359
