"","bcubed.precision","bcubed.recall","bcubed.f1"
"majority-vote",0.915150891455916,0.390228015335887,0.547147673748442
