"","bcubed.precision","bcubed.recall","bcubed.f1"
"majority-vote",0.955360819783208,0.468341416043702,0.628551431486742
