"","bcubed.precision","bcubed.recall","bcubed.f1"
"majority-vote",0.904910750493876,0.259542711757004,0.403387507865291
