"","bcubed.precision","bcubed.recall","bcubed.f1"
"majority-vote",0.969037246903192,0.280525895647667,0.435096126552729
