"","bcubed.precision","bcubed.recall","bcubed.f1"
"majority-vote",0.997553009014947,0.187851691551438,0.316165475075557
