"","bcubed.precision","bcubed.recall","bcubed.f1"
"majority-vote",0.90556001876029,0.253001271758234,0.395504041563869
