"","bcubed.precision","bcubed.recall","bcubed.f1"
"majority-vote",0.915322994762247,0.388833983483954,0.5458065128118
