"","bcubed.precision","bcubed.recall","bcubed.f1"
"majority-vote",0.962886301566767,0.171889284624981,0.291704967159099
