"","bcubed.precision","bcubed.recall","bcubed.f1"
"majority-vote",0.938114032353475,0.475710709127443,0.631295914521665
