"","bcubed.precision","bcubed.recall","bcubed.f1"
"majority-vote",0.900135399754107,0.713306838258068,0.795904211351035
