"","bcubed.precision","bcubed.recall","bcubed.f1"
"majority-vote",0.982680059098866,0.157591191869563,0.271622601391239
