"","bcubed.precision","bcubed.recall","bcubed.f1"
"majority-vote",0.563474231715082,0.318290786716811,0.406794673769646
