"","bcubed.precision","bcubed.recall","bcubed.f1"
"majority-vote",0.933966839612001,0.205452492528089,0.336813339433977
