"","bcubed.precision","bcubed.recall","bcubed.f1"
"majority-vote",0.91648786685287,0.237175201226001,0.376831330145618
