"","bcubed.precision","bcubed.recall","bcubed.f1"
"majority-vote",0.938786771766484,0.520509039868532,0.669702465144424
