"","bcubed.precision","bcubed.recall","bcubed.f1"
"majority-vote",0.935907243229419,0.465173746857572,0.621462259675851
