"","bcubed.precision","bcubed.recall","bcubed.f1"
"majority-vote",0.909714610889446,0.289374309409712,0.439080092943201
