"","bcubed.precision","bcubed.recall","bcubed.f1"
"majority-vote",0.937424550692757,0.549116147053839,0.692554140240338
