"","bcubed.precision","bcubed.recall","bcubed.f1"
"majority-vote",0.633070733175724,0.605044459762994,0.618740391735145
