"","bcubed.precision","bcubed.recall","bcubed.f1"
"majority-vote",0.997783328411971,0.14397887503329,0.251645606621475
