"","bcubed.precision","bcubed.recall","bcubed.f1"
"majority-vote",0.887158551806653,0.596969108600599,0.713693658555072
