"","bcubed.precision","bcubed.recall","bcubed.f1"
"majority-vote",0.933242323060691,0.274083217159259,0.423723427977935
