"","bcubed.precision","bcubed.recall","bcubed.f1"
"majority-vote",0.937228639633433,0.842875844573793,0.887551700698727
