"","bcubed.precision","bcubed.recall","bcubed.f1"
"majority-vote",0.936193785215022,0.482181622502335,0.636524626520508
