"","bcubed.precision","bcubed.recall","bcubed.f1"
"majority-vote",0.940361117284988,0.645327665466144,0.765397411035224
