"","bcubed.precision","bcubed.recall","bcubed.f1"
"majority-vote",0.934032316221211,0.203677949509535,0.334429235059044
