"","bcubed.precision","bcubed.recall","bcubed.f1"
"majority-vote",0.970514402111173,0.763562268266828,0.854689058356451
