"","bcubed.precision","bcubed.recall","bcubed.f1"
"majority-vote",0.993778567800914,0.21442176805985,0.352735802570435
