"","bcubed.precision","bcubed.recall","bcubed.f1"
"majority-vote",0.986685825679776,0.173759617458535,0.295483346736608
