"","bcubed.precision","bcubed.recall","bcubed.f1"
"majority-vote",0.987556073453831,0.530149427058069,0.689926057924516
