"","bcubed.precision","bcubed.recall","bcubed.f1"
"majority-vote",0.931838841509511,0.318846957355063,0.475121696640846
