"","bcubed.precision","bcubed.recall","bcubed.f1"
"majority-vote",0.887809906241999,0.590763684542005,0.709448423336589
