"","bcubed.precision","bcubed.recall","bcubed.f1"
"majority-vote",0.881025951161409,0.865730480093586,0.873311248238399
