"","bcubed.precision","bcubed.recall","bcubed.f1"
"majority-vote",0.960581492539683,0.847641735669639,0.900584563770699
