"","bcubed.precision","bcubed.recall","bcubed.f1"
"majority-vote",0.99512519891428,0.228597818201912,0.371789115882828
