"","bcubed.precision","bcubed.recall","bcubed.f1"
"majority-vote",0.929042325600543,0.515114799261135,0.662758148428841
