"","bcubed.precision","bcubed.recall","bcubed.f1"
"majority-vote",0.957319217591716,0.277963890976267,0.430832693788923
