"","bcubed.precision","bcubed.recall","bcubed.f1"
"majority-vote",0.916740032700289,0.649151239098016,0.760082055345668
