"","bcubed.precision","bcubed.recall","bcubed.f1"
"majority-vote",0.954439391209325,0.840721426340351,0.8939785655841
