"","bcubed.precision","bcubed.recall","bcubed.f1"
"majority-vote",0.736748614986785,0.574692901170405,0.645708091079349
