"","bcubed.precision","bcubed.recall","bcubed.f1"
"majority-vote",0.999627236769825,0.236712907436246,0.382782474025701
