"","bcubed.precision","bcubed.recall","bcubed.f1"
"majority-vote",0.993093354068518,0.881596215185305,0.934029139150714
