"","bcubed.precision","bcubed.recall","bcubed.f1"
"majority-vote",0.62035175879397,0.245860560346044,0.352153918060559
