"","bcubed.precision","bcubed.recall","bcubed.f1"
"majority-vote",0.943370113400786,0.343073710442329,0.503163028383084
