"","bcubed.precision","bcubed.recall","bcubed.f1"
"majority-vote",0.960615123034197,0.040887642194362,0.0784367029244328
