"","bcubed.precision","bcubed.recall","bcubed.f1"
"majority-vote",0.993301987224982,0.628363761508291,0.7697701866046
