"","bcubed.precision","bcubed.recall","bcubed.f1"
"majority-vote",0.956848853683304,0.429400416897903,0.592781262936394
