"","bcubed.precision","bcubed.recall","bcubed.f1"
"majority-vote",0.949613398455307,0.367388129790381,0.529804534011596
