"","bcubed.precision","bcubed.recall","bcubed.f1"
"majority-vote",0.994546542604533,0.289147590541949,0.448036224596677
