"","bcubed.precision","bcubed.recall","bcubed.f1"
"majority-vote",0.968346570052047,0.221057701743943,0.359945684311535
