"","bcubed.precision","bcubed.recall","bcubed.f1"
"majority-vote",0.949370615453704,0.468995798970314,0.627836115950982
