"","bcubed.precision","bcubed.recall","bcubed.f1"
"majority-vote",0.991107623904799,0.176449794845954,0.299566829176382
