"","bcubed.precision","bcubed.recall","bcubed.f1"
"majority-vote",0.993685354426232,0.89336830959227,0.940860371145921
