"","bcubed.precision","bcubed.recall","bcubed.f1"
"majority-vote",0.897600358010313,0.560040880694823,0.689734732613137
