"","bcubed.precision","bcubed.recall","bcubed.f1"
"majority-vote",0.566581056891587,0.210866188330331,0.307346353289339
