"","bcubed.precision","bcubed.recall","bcubed.f1"
"majority-vote",0.978789336893059,0.217677753624122,0.356149643922137
