"","bcubed.precision","bcubed.recall","bcubed.f1"
"majority-vote",0.982653784459283,0.175009757331935,0.29710532318127
