"","bcubed.precision","bcubed.recall","bcubed.f1"
"majority-vote",0.93212730473451,0.296186954703121,0.449533082700423
