"","bcubed.precision","bcubed.recall","bcubed.f1"
"majority-vote",0.995102491125481,0.238173155547314,0.384353167183281
