"","bcubed.precision","bcubed.recall","bcubed.f1"
"majority-vote",0.911734507998543,0.722510973468202,0.806167977074482
