"","bcubed.precision","bcubed.recall","bcubed.f1"
"majority-vote",0.516295960054471,0.27841935411274,0.361756682341063
