"","bcubed.precision","bcubed.recall","bcubed.f1"
"majority-vote",0.997781618889846,0.180096312168346,0.305119546216451
