"","bcubed.precision","bcubed.recall","bcubed.f1"
"majority-vote",0.965208708002334,0.218435479483644,0.356248658445384
