"","bcubed.precision","bcubed.recall","bcubed.f1"
"majority-vote",0.999918641566612,0.0649525769015044,0.1219814966077
