"","bcubed.precision","bcubed.recall","bcubed.f1"
"majority-vote",0.913677291891108,0.280878778221662,0.42967018100879
