"","bcubed.precision","bcubed.recall","bcubed.f1"
"majority-vote",0.999701595388862,0.16290219024296,0.280153189746794
