"","bcubed.precision","bcubed.recall","bcubed.f1"
"majority-vote",0.921338443005416,0.438895170979688,0.594561094970043
