"","bcubed.precision","bcubed.recall","bcubed.f1"
"majority-vote",0.964489076627436,0.418116607096447,0.583346220904997
