"","bcubed.precision","bcubed.recall","bcubed.f1"
"majority-vote",0.988044152455952,0.119455590455199,0.213142076795771
