"","bcubed.precision","bcubed.recall","bcubed.f1"
"majority-vote",0.92586317271948,0.775665872983013,0.844135418016068
