"","bcubed.precision","bcubed.recall","bcubed.f1"
"majority-vote",0.949598901050995,0.136730356563019,0.239041700152179
