"","bcubed.precision","bcubed.recall","bcubed.f1"
"majority-vote",0.994561136674304,0.24840998454771,0.397529616537065
