"","bcubed.precision","bcubed.recall","bcubed.f1"
"majority-vote",0.724125113303771,0.869681319794447,0.790256672524697
