"","bcubed.precision","bcubed.recall","bcubed.f1"
"majority-vote",0.940397049666596,0.697658751283907,0.801042590857736
