"","bcubed.precision","bcubed.recall","bcubed.f1"
"majority-vote",0.999319638753377,0.350944624243302,0.519462544825003
