"","bcubed.precision","bcubed.recall","bcubed.f1"
"majority-vote",0.939269967487959,0.740238288507457,0.827960911412917
