"","bcubed.precision","bcubed.recall","bcubed.f1"
"majority-vote",0.505522041763341,0.3924363631953,0.441858398984095
