"","bcubed.precision","bcubed.recall","bcubed.f1"
"majority-vote",0.633142506521259,0.551298307330444,0.589392712682776
