"","bcubed.precision","bcubed.recall","bcubed.f1"
"majority-vote",0.934187270403413,0.262664559522852,0.410038873245463
