"","bcubed.precision","bcubed.recall","bcubed.f1"
"majority-vote",0.992191609973054,0.421321681116426,0.591479174251355
