"","bcubed.precision","bcubed.recall","bcubed.f1"
"majority-vote",0.946789079808472,0.402193217027195,0.564562109892203
