"","bcubed.precision","bcubed.recall","bcubed.f1"
"majority-vote",0.99221375017406,0.496137983834977,0.661503485091798
