"","bcubed.precision","bcubed.recall","bcubed.f1"
"majority-vote",0.690263928671426,0.550898178861737,0.61275660758742
