"","bcubed.precision","bcubed.recall","bcubed.f1"
"majority-vote",0.787356503155181,0.751455769452829,0.768987351406292
