"","bcubed.precision","bcubed.recall","bcubed.f1"
"majority-vote",0.913192182410423,0.564220831159079,0.697492234649717
