"","bcubed.precision","bcubed.recall","bcubed.f1"
"majority-vote",0.907245362268113,0.566216729915959,0.697265990051269
