"","bcubed.precision","bcubed.recall","bcubed.f1"
"majority-vote",0.609829574797728,0.41335530588161,0.492728724175053
