"","bcubed.precision","bcubed.recall","bcubed.f1"
"majority-vote",0.939431248582193,0.487290140870468,0.641716860550265
