"","bcubed.precision","bcubed.recall","bcubed.f1"
"majority-vote",0.992172196354679,0.254942616933754,0.405651466075676
