"","bcubed.precision","bcubed.recall","bcubed.f1"
"majority-vote",0.916891595003452,0.642653832025666,0.755661087992267
