"","bcubed.precision","bcubed.recall","bcubed.f1"
"majority-vote",0.959749500927483,0.0434629225186447,0.0831598916066636
