"","bcubed.precision","bcubed.recall","bcubed.f1"
"majority-vote",0.6980928023433,0.389132884812072,0.499713848286903
