"","bcubed.precision","bcubed.recall","bcubed.f1"
"majority-vote",0.963149878059052,0.864768172630588,0.911311488722661
