"","bcubed.precision","bcubed.recall","bcubed.f1"
"majority-vote",0.958705566103622,0.271413109225979,0.423057163096425
