"","bcubed.precision","bcubed.recall","bcubed.f1"
"majority-vote",0.937399145704794,0.584967404886871,0.720388851677001
