"","bcubed.precision","bcubed.recall","bcubed.f1"
"majority-vote",0.688286805557824,0.467802164357323,0.557019512714788
