"","bcubed.precision","bcubed.recall","bcubed.f1"
"majority-vote",0.914070925301957,0.520261190934891,0.663103925253008
