"","bcubed.precision","bcubed.recall","bcubed.f1"
"majority-vote",0.965556027022857,0.409703206560035,0.575297210481574
