"","bcubed.precision","bcubed.recall","bcubed.f1"
"majority-vote",0.986658208474303,0.180545636522384,0.305236887357125
