"","bcubed.precision","bcubed.recall","bcubed.f1"
"majority-vote",0.993370605478229,0.107974002235028,0.19477681958024
