"","bcubed.precision","bcubed.recall","bcubed.f1"
"majority-vote",0.978204752233405,0.247528723523134,0.395083888061636
