"","bcubed.precision","bcubed.recall","bcubed.f1"
"majority-vote",0.848458998451967,0.739038724510125,0.789977896591985
