"","bcubed.precision","bcubed.recall","bcubed.f1"
"majority-vote",0.935989805420771,0.848037757631365,0.889845776145839
