"","bcubed.precision","bcubed.recall","bcubed.f1"
"majority-vote",0.906653985698686,0.652602004102253,0.758931454442955
