"","bcubed.precision","bcubed.recall","bcubed.f1"
"majority-vote",0.996191113951551,0.051409228052306,0.097772812984873
