"","bcubed.precision","bcubed.recall","bcubed.f1"
"majority-vote",0.926636274106152,0.54392356224257,0.685479489724728
