"","bcubed.precision","bcubed.recall","bcubed.f1"
"majority-vote",0.993352636317185,0.113223277039201,0.203276864030456
