"","bcubed.precision","bcubed.recall","bcubed.f1"
"majority-vote",0.933648449140692,0.489533809096376,0.642296485948229
