"","bcubed.precision","bcubed.recall","bcubed.f1"
"majority-vote",0.999701651626625,0.159708814571772,0.275417844433034
