"","bcubed.precision","bcubed.recall","bcubed.f1"
"majority-vote",0.833607064271967,0.504476434148346,0.628563344157909
