"","bcubed.precision","bcubed.recall","bcubed.f1"
"majority-vote",0.883763926768135,0.690614531596142,0.775341160295936
