"","bcubed.precision","bcubed.recall","bcubed.f1"
"majority-vote",0.935177891299526,0.501916270395996,0.653236248352804
