"","bcubed.precision","bcubed.recall","bcubed.f1"
"majority-vote",0.986174409825882,0.16225214325272,0.278657631498153
