"","bcubed.precision","bcubed.recall","bcubed.f1"
"majority-vote",0.903306623557179,0.429207557665678,0.581916553209822
