"","bcubed.precision","bcubed.recall","bcubed.f1"
"majority-vote",0.946926551310009,0.0914155324736726,0.166734636404271
