"","bcubed.precision","bcubed.recall","bcubed.f1"
"majority-vote",0.994668942389194,0.262662138881484,0.415581664652549
