"","bcubed.precision","bcubed.recall","bcubed.f1"
"majority-vote",0.970914910395405,0.603040517274502,0.74398679848406
