"","bcubed.precision","bcubed.recall","bcubed.f1"
"majority-vote",0.898468198779807,0.459081461852754,0.607668516423702
