"","bcubed.precision","bcubed.recall","bcubed.f1"
"majority-vote",0.96437989532394,0.2212287300026,0.359897077205887
