"","bcubed.precision","bcubed.recall","bcubed.f1"
"majority-vote",0.966436441960233,0.452389876473861,0.616292574951324
