"","bcubed.precision","bcubed.recall","bcubed.f1"
"majority-vote",0.564751856193826,0.299413619435442,0.391347264186287
