"","bcubed.precision","bcubed.recall","bcubed.f1"
"majority-vote",0.897589822956608,0.480973252831256,0.626328536485631
