"","bcubed.precision","bcubed.recall","bcubed.f1"
"majority-vote",0.958006302181848,0.831963404259819,0.890547121101845
