"","bcubed.precision","bcubed.recall","bcubed.f1"
"majority-vote",0.955761564404951,0.416548206785575,0.580219968006312
