"","bcubed.precision","bcubed.recall","bcubed.f1"
"majority-vote",0.769427414874772,0.372789256970408,0.502241442195841
