"","bcubed.precision","bcubed.recall","bcubed.f1"
"majority-vote",0.986076109492809,0.175475052871466,0.297932218665846
