"","bcubed.precision","bcubed.recall","bcubed.f1"
"majority-vote",0.801062655418324,0.661410840107749,0.724569061278734
