"","bcubed.precision","bcubed.recall","bcubed.f1"
"majority-vote",0.991044761924841,0.460153854568001,0.628491595935024
