"","bcubed.precision","bcubed.recall","bcubed.f1"
"majority-vote",0.963460401661851,0.509169950474711,0.666243343805558
