"","bcubed.precision","bcubed.recall","bcubed.f1"
"majority-vote",0.945590041860613,0.0931327304968442,0.169564747924479
