"","bcubed.precision","bcubed.recall","bcubed.f1"
"majority-vote",0.999691208257973,0.322203843963924,0.487337250466672
