"","bcubed.precision","bcubed.recall","bcubed.f1"
"majority-vote",0.926797738643707,0.376949325497995,0.535925705320463
