"","bcubed.precision","bcubed.recall","bcubed.f1"
"majority-vote",0.881017656703257,0.849080471446594,0.864754287788679
