"","bcubed.precision","bcubed.recall","bcubed.f1"
"majority-vote",0.991785012452785,0.497322792695492,0.662460152906711
