"","bcubed.precision","bcubed.recall","bcubed.f1"
"majority-vote",0.939787241571932,0.428565037600898,0.588678749838584
