"","bcubed.precision","bcubed.recall","bcubed.f1"
"majority-vote",0.583792934813721,0.283391039877695,0.381560756883183
