"","bcubed.precision","bcubed.recall","bcubed.f1"
"majority-vote",0.999624057903961,0.242349284264157,0.390118155907189
