"","bcubed.precision","bcubed.recall","bcubed.f1"
"majority-vote",0.961376315140255,0.396447843928932,0.56139164235076
