"","bcubed.precision","bcubed.recall","bcubed.f1"
"majority-vote",0.942843150258116,0.455370678706454,0.614130852309928
