"","bcubed.precision","bcubed.recall","bcubed.f1"
"majority-vote",0.947112388212368,0.399292347986137,0.561754900482344
