"","bcubed.precision","bcubed.recall","bcubed.f1"
"majority-vote",0.992174776733813,0.434002129495945,0.603860522567272
