"","bcubed.precision","bcubed.recall","bcubed.f1"
"majority-vote",0.991105214474582,0.17915839373645,0.30346123215867
