"","bcubed.precision","bcubed.recall","bcubed.f1"
"majority-vote",0.941069574443992,0.27467061663233,0.425229275471454
