"","bcubed.precision","bcubed.recall","bcubed.f1"
"majority-vote",0.902552600884722,0.380466270487481,0.535285691643999
