"","bcubed.precision","bcubed.recall","bcubed.f1"
"majority-vote",0.996528754205456,0.709592758878479,0.828932268394174
