"","bcubed.precision","bcubed.recall","bcubed.f1"
"majority-vote",0.954086422776967,0.614807553613526,0.747761860712747
