"","bcubed.precision","bcubed.recall","bcubed.f1"
"majority-vote",0.96592055830466,0.137296968292688,0.240420336097893
