"","bcubed.precision","bcubed.recall","bcubed.f1"
"majority-vote",0.897940314226045,0.368484866292401,0.522537646465126
