"","bcubed.precision","bcubed.recall","bcubed.f1"
"majority-vote",0.92638745719268,0.273859576997958,0.422746434585575
