"","bcubed.precision","bcubed.recall","bcubed.f1"
"majority-vote",0.996527513219055,0.692941403828863,0.817458275788465
