"","bcubed.precision","bcubed.recall","bcubed.f1"
"majority-vote",0.921151712472035,0.29109388753073,0.442388296543971
