"","bcubed.precision","bcubed.recall","bcubed.f1"
"majority-vote",0.985655801743805,0.449299839382754,0.617238583155774
