"","bcubed.precision","bcubed.recall","bcubed.f1"
"majority-vote",0.984417911610604,0.334615118822438,0.499458480363263
