"","bcubed.precision","bcubed.recall","bcubed.f1"
"majority-vote",0.971027938525872,0.851282760885194,0.907221084387102
