"","bcubed.precision","bcubed.recall","bcubed.f1"
"majority-vote",0.925290686911677,0.559991809115523,0.697719399652746
