"","bcubed.precision","bcubed.recall","bcubed.f1"
"majority-vote",0.968659199619342,0.740327840003032,0.839240270788376
