"","bcubed.precision","bcubed.recall","bcubed.f1"
"majority-vote",0.87604594422553,0.4062972964311,0.555132334937103
