"","bcubed.precision","bcubed.recall","bcubed.f1"
"majority-vote",0.907277067139972,0.154682147016601,0.264303116001674
