"","bcubed.precision","bcubed.recall","bcubed.f1"
"majority-vote",0.959328103855199,0.583947251889684,0.725984520936509
