"","bcubed.precision","bcubed.recall","bcubed.f1"
"majority-vote",0.947233445364048,0.414437755076293,0.576599259061818
