"","bcubed.precision","bcubed.recall","bcubed.f1"
"majority-vote",0.912867063641211,0.158757026041816,0.270475554983223
