"","bcubed.precision","bcubed.recall","bcubed.f1"
"majority-vote",0.840053038241626,0.580703564553876,0.686707058424195
