"","bcubed.precision","bcubed.recall","bcubed.f1"
"majority-vote",0.919129840991123,0.331292493174896,0.487036752708812
