"","bcubed.precision","bcubed.recall","bcubed.f1"
"majority-vote",0.969437153819694,0.561439895598869,0.711070421542887
