"","bcubed.precision","bcubed.recall","bcubed.f1"
"majority-vote",0.97308753636657,0.868644395475006,0.917904522539506
