"","bcubed.precision","bcubed.recall","bcubed.f1"
"majority-vote",0.992642009222015,0.19483327360485,0.325732577294611
