"","bcubed.precision","bcubed.recall","bcubed.f1"
"majority-vote",0.977986490129164,0.898251831150552,0.9364249153592
