"","bcubed.precision","bcubed.recall","bcubed.f1"
"majority-vote",0.934698602218999,0.318425897963957,0.475024216179296
