"","bcubed.precision","bcubed.recall","bcubed.f1"
"majority-vote",0.958049569300619,0.868105716268944,0.910862634903987
