"","bcubed.precision","bcubed.recall","bcubed.f1"
"majority-vote",0.997612833587351,0.230981029878968,0.375111168262479
