"","bcubed.precision","bcubed.recall","bcubed.f1"
"majority-vote",0.978521523930513,0.380071486271762,0.547490127148244
