"","bcubed.precision","bcubed.recall","bcubed.f1"
"majority-vote",0.8776806581234,0.563620875109548,0.686433933763509
