"","bcubed.precision","bcubed.recall","bcubed.f1"
"majority-vote",0.95978298443136,0.802460795160427,0.874099515387872
