"","bcubed.precision","bcubed.recall","bcubed.f1"
"majority-vote",0.946873443288327,0.804181235261468,0.86971339568964
