"","bcubed.precision","bcubed.recall","bcubed.f1"
"majority-vote",0.958104288953073,0.860291417005851,0.906567139024515
