"","bcubed.precision","bcubed.recall","bcubed.f1"
"majority-vote",0.937877502805681,0.31619936180269,0.472947514152359
