"","bcubed.precision","bcubed.recall","bcubed.f1"
"majority-vote",0.973681694546016,0.339459867307885,0.503412379034091
