"","bcubed.precision","bcubed.recall","bcubed.f1"
"majority-vote",0.998593859854699,0.865613857486057,0.927360910536038
