"","bcubed.precision","bcubed.recall","bcubed.f1"
"majority-vote",0.877206334255033,0.585562588339486,0.702310807482962
