"","bcubed.precision","bcubed.recall","bcubed.f1"
"majority-vote",0.992619274795182,0.478859882827534,0.646051352013299
