"","bcubed.precision","bcubed.recall","bcubed.f1"
"majority-vote",0.998386236512083,0.289488610124984,0.448834674783031
