"","bcubed.precision","bcubed.recall","bcubed.f1"
"majority-vote",0.926150488917212,0.255450654888316,0.400449424341407
