"","bcubed.precision","bcubed.recall","bcubed.f1"
"majority-vote",0.938209895227245,0.815255503488514,0.872421869369756
