"","bcubed.precision","bcubed.recall","bcubed.f1"
"majority-vote",0.965057181269976,0.891487252492064,0.92681452636687
