"","bcubed.precision","bcubed.recall","bcubed.f1"
"majority-vote",0.908019080107795,0.414817895915204,0.569476921326435
