"","bcubed.precision","bcubed.recall","bcubed.f1"
"majority-vote",0.916062625071923,0.381772499506403,0.538939825953213
