"","bcubed.precision","bcubed.recall","bcubed.f1"
"majority-vote",0.90265064756997,0.333555618906924,0.487109964690613
