"","bcubed.precision","bcubed.recall","bcubed.f1"
"majority-vote",0.906912442396313,0.293843693970756,0.443871147705394
