"","bcubed.precision","bcubed.recall","bcubed.f1"
"majority-vote",0.946628282556258,0.783671249028143,0.857476240402071
