"","bcubed.precision","bcubed.recall","bcubed.f1"
"majority-vote",0.99996069546566,0.740963547378481,0.85119662983247
