"","bcubed.precision","bcubed.recall","bcubed.f1"
"majority-vote",0.913130205572473,0.160477979723399,0.272980948956343
