"","bcubed.precision","bcubed.recall","bcubed.f1"
"majority-vote",0.998297160009236,0.486552553544774,0.654239992054687
