"","bcubed.precision","bcubed.recall","bcubed.f1"
"majority-vote",0.96726688476148,0.427441402560826,0.592883712861374
