"","bcubed.precision","bcubed.recall","bcubed.f1"
"majority-vote",0.952271424037439,0.596045486693662,0.733179467938315
