"","bcubed.precision","bcubed.recall","bcubed.f1"
"majority-vote",0.933677920913665,0.354272137969824,0.513647359128274
