"","bcubed.precision","bcubed.recall","bcubed.f1"
"majority-vote",0.981882475250654,0.313638487216298,0.475416674965095
