"","bcubed.precision","bcubed.recall","bcubed.f1"
"majority-vote",0.910768295900675,0.114056995893082,0.20272625318072
