"","bcubed.precision","bcubed.recall","bcubed.f1"
"majority-vote",0.95965207015697,0.809103100684389,0.877970539215841
