"","bcubed.precision","bcubed.recall","bcubed.f1"
"majority-vote",0.979366653015417,0.0339964517950996,0.0657118678406835
