"","bcubed.precision","bcubed.recall","bcubed.f1"
"majority-vote",0.963424353519624,0.176160327821661,0.2978578998581
