"","bcubed.precision","bcubed.recall","bcubed.f1"
"majority-vote",0.870813376157821,0.323113700806413,0.471338221757257
