"","bcubed.precision","bcubed.recall","bcubed.f1"
"majority-vote",0.840344318883351,0.578614101624999,0.685340833246073
