"","bcubed.precision","bcubed.recall","bcubed.f1"
"majority-vote",0.943171187885451,0.901578507966442,0.921905962898689
