"","bcubed.precision","bcubed.recall","bcubed.f1"
"majority-vote",0.905429036158976,0.292680176943696,0.442365566702741
