"","bcubed.precision","bcubed.recall","bcubed.f1"
"majority-vote",0.930267166484988,0.436031388415334,0.593758491136281
