"","bcubed.precision","bcubed.recall","bcubed.f1"
"majority-vote",0.919108798178566,0.33153886665474,0.487299977202031
