"","bcubed.precision","bcubed.recall","bcubed.f1"
"majority-vote",0.990882222735637,0.188580266535041,0.31685761161233
