"","bcubed.precision","bcubed.recall","bcubed.f1"
"majority-vote",0.984055908863378,0.355277556989552,0.522070101517951
