"","bcubed.precision","bcubed.recall","bcubed.f1"
"majority-vote",0.990552987792269,0.176231840633567,0.299227367430252
