"","bcubed.precision","bcubed.recall","bcubed.f1"
"majority-vote",0.979111705805288,0.824666856443535,0.895277268986781
