"","bcubed.precision","bcubed.recall","bcubed.f1"
"majority-vote",0.959200537150368,0.07859820386686,0.145291059602268
