"","bcubed.precision","bcubed.recall","bcubed.f1"
"majority-vote",0.967385136062363,0.424710920521305,0.590273968082289
