"","bcubed.precision","bcubed.recall","bcubed.f1"
"majority-vote",0.942884789992084,0.34221836184781,0.502173678090096
