"","bcubed.precision","bcubed.recall","bcubed.f1"
"majority-vote",0.943423990257763,0.511514868164029,0.663361756002508
