"","bcubed.precision","bcubed.recall","bcubed.f1"
"majority-vote",0.882958468856791,0.935353831464393,0.908401253979585
