"","bcubed.precision","bcubed.recall","bcubed.f1"
"majority-vote",0.903532651209362,0.3564434301655,0.511213319402333
