"","bcubed.precision","bcubed.recall","bcubed.f1"
"majority-vote",0.976078849208065,0.891465621562174,0.931855440790744
