"","bcubed.precision","bcubed.recall","bcubed.f1"
"majority-vote",0.906232000053373,0.410842022368326,0.565371697108171
