"","bcubed.precision","bcubed.recall","bcubed.f1"
"majority-vote",0.822237162017237,0.743076258445577,0.780655050828133
