"","bcubed.precision","bcubed.recall","bcubed.f1"
"majority-vote",0.954088019021417,0.612249712375895,0.745867386730249
