"","bcubed.precision","bcubed.recall","bcubed.f1"
"majority-vote",0.990309994808177,0.271274901031667,0.425886908947843
