"","bcubed.precision","bcubed.recall","bcubed.f1"
"majority-vote",0.978587042278783,0.0364783929101006,0.0703349387881306
