"","bcubed.precision","bcubed.recall","bcubed.f1"
"majority-vote",0.9904740773426,0.222195027831909,0.362965320453601
