"","bcubed.precision","bcubed.recall","bcubed.f1"
"majority-vote",0.96869666886473,0.783457713663961,0.866285396983538
