"","bcubed.precision","bcubed.recall","bcubed.f1"
"majority-vote",0.884641225224596,0.364302684310075,0.516079498110923
