"","bcubed.precision","bcubed.recall","bcubed.f1"
"majority-vote",0.998730733136642,0.241616602183449,0.389100567825039
