"","bcubed.precision","bcubed.recall","bcubed.f1"
"majority-vote",0.968321808154228,0.318823802952916,0.479703366416213
