"","bcubed.precision","bcubed.recall","bcubed.f1"
"majority-vote",0.941066992321533,0.395192965728289,0.556632792001512
