"","bcubed.precision","bcubed.recall","bcubed.f1"
"majority-vote",0.864904632477672,0.329970360821893,0.477694981074282
