"","bcubed.precision","bcubed.recall","bcubed.f1"
"majority-vote",0.930961260684067,0.620105876722199,0.744383701812242
