"","bcubed.precision","bcubed.recall","bcubed.f1"
"majority-vote",0.952293254709497,0.604078268388479,0.739231798790408
