"","bcubed.precision","bcubed.recall","bcubed.f1"
"majority-vote",0.902848170857846,0.316240442437216,0.468410748639503
