"","bcubed.precision","bcubed.recall","bcubed.f1"
"majority-vote",0.995909764557186,0.265895569615736,0.419728759993523
