"","bcubed.precision","bcubed.recall","bcubed.f1"
"majority-vote",0.860168369197138,0.361432760473153,0.508992699170999
