"","bcubed.precision","bcubed.recall","bcubed.f1"
"majority-vote",0.980730959141049,0.415479646588731,0.583685227186151
