"","bcubed.precision","bcubed.recall","bcubed.f1"
"majority-vote",0.855179479051081,0.386339658688156,0.532234643849853
