"","bcubed.precision","bcubed.recall","bcubed.f1"
"majority-vote",0.985875096551411,0.850986247740823,0.913477929907302
