"","bcubed.precision","bcubed.recall","bcubed.f1"
"majority-vote",0.944601778705222,0.491562710178694,0.646626502707637
