"","bcubed.precision","bcubed.recall","bcubed.f1"
"majority-vote",0.947645622206595,0.795552001325204,0.864963743773452
