"","bcubed.precision","bcubed.recall","bcubed.f1"
"majority-vote",0.960177687823276,0.069340337912975,0.129340222639718
