"","bcubed.precision","bcubed.recall","bcubed.f1"
"majority-vote",0.939280918991496,0.46538860665288,0.622396414479855
