"","bcubed.precision","bcubed.recall","bcubed.f1"
"majority-vote",0.9126756758609,0.34119407744197,0.496701566345014
