"","bcubed.precision","bcubed.recall","bcubed.f1"
"majority-vote",0.826432030009545,0.226110936146477,0.355073998830356
