"","bcubed.precision","bcubed.recall","bcubed.f1"
"majority-vote",0.997548828069541,0.179484130619474,0.304229686747187
