"","bcubed.precision","bcubed.recall","bcubed.f1"
"majority-vote",0.930583014868809,0.415480276760955,0.574473564461606
