"","bcubed.precision","bcubed.recall","bcubed.f1"
"majority-vote",0.926865164942498,0.102541576780835,0.184654348226478
