"","bcubed.precision","bcubed.recall","bcubed.f1"
"majority-vote",0.668317620433423,0.526157431296513,0.58877794383093
