"","bcubed.precision","bcubed.recall","bcubed.f1"
"majority-vote",0.985047801353309,0.449824951601378,0.61761445906108
