"","bcubed.precision","bcubed.recall","bcubed.f1"
"majority-vote",0.998618624649661,0.746217989525162,0.854162706507474
