"","bcubed.precision","bcubed.recall","bcubed.f1"
"majority-vote",0.987146061614332,0.204981522706077,0.339471555736819
