"","bcubed.precision","bcubed.recall","bcubed.f1"
"majority-vote",0.930756090444245,0.651747948390958,0.766656333902218
