"","bcubed.precision","bcubed.recall","bcubed.f1"
"majority-vote",0.818452033433323,0.715029900931185,0.763253434250957
