"","bcubed.precision","bcubed.recall","bcubed.f1"
"majority-vote",0.90855344271534,0.337351450560109,0.492014797382513
