"","bcubed.precision","bcubed.recall","bcubed.f1"
"majority-vote",0.885356997839453,0.637919377715304,0.741541579953862
