"","bcubed.precision","bcubed.recall","bcubed.f1"
"majority-vote",0.985622102493422,0.564653369786545,0.717981870267899
