"","bcubed.precision","bcubed.recall","bcubed.f1"
"majority-vote",0.987656434575679,0.525262496247758,0.68579865542171
