"","bcubed.precision","bcubed.recall","bcubed.f1"
"majority-vote",0.931251628593764,0.517579380869298,0.66535936656921
