"","bcubed.precision","bcubed.recall","bcubed.f1"
"majority-vote",0.973049434187016,0.928437118599011,0.950219933564423
