"","bcubed.precision","bcubed.recall","bcubed.f1"
"majority-vote",0.890057913407847,0.292204418723662,0.439968098702489
