"","bcubed.precision","bcubed.recall","bcubed.f1"
"majority-vote",0.995935950231233,0.243532361604322,0.391365606769358
