"","bcubed.precision","bcubed.recall","bcubed.f1"
"majority-vote",0.820968571841396,0.75838400889743,0.788436279884529
