"","bcubed.precision","bcubed.recall","bcubed.f1"
"majority-vote",0.977965204195053,0.474761130495254,0.63921174255803
