"","bcubed.precision","bcubed.recall","bcubed.f1"
"majority-vote",0.987629113619986,0.548814313435444,0.705558023648149
