"","bcubed.precision","bcubed.recall","bcubed.f1"
"majority-vote",0.941415498722609,0.41889355457138,0.579798956176284
