"","bcubed.precision","bcubed.recall","bcubed.f1"
"majority-vote",0.973066478181615,0.926946134246929,0.94944655042351
