"","bcubed.precision","bcubed.recall","bcubed.f1"
"majority-vote",0.910234024281436,0.36085634223541,0.516821980927291
