"","bcubed.precision","bcubed.recall","bcubed.f1"
"majority-vote",0.968238282158239,0.321521082720678,0.482739694377566
