"","bcubed.precision","bcubed.recall","bcubed.f1"
"majority-vote",0.961914846736548,0.175070301677393,0.296226775945222
