"","bcubed.precision","bcubed.recall","bcubed.f1"
"majority-vote",0.985855535365427,0.849964275615196,0.912880426462454
