"","bcubed.precision","bcubed.recall","bcubed.f1"
"majority-vote",0.938252250429857,0.495404059570176,0.648431525075621
