"","bcubed.precision","bcubed.recall","bcubed.f1"
"majority-vote",0.921700021674735,0.259020496453042,0.404395779576236
