"","bcubed.precision","bcubed.recall","bcubed.f1"
"majority-vote",0.887774441987467,0.307456747391683,0.45673547473726
