"","bcubed.precision","bcubed.recall","bcubed.f1"
"majority-vote",0.885120439172526,0.810971684895667,0.846425266299362
