"","bcubed.precision","bcubed.recall","bcubed.f1"
"majority-vote",0.864683662197071,0.324544873189273,0.471950749828613
