"","bcubed.precision","bcubed.recall","bcubed.f1"
"majority-vote",0.888615918483091,0.263928175012961,0.406979271294165
