"","bcubed.precision","bcubed.recall","bcubed.f1"
"majority-vote",0.992088548824425,0.635545666602257,0.774765696266462
