"","bcubed.precision","bcubed.recall","bcubed.f1"
"majority-vote",0.97974537037037,0.896584291618454,0.936321933885422
