"","bcubed.precision","bcubed.recall","bcubed.f1"
"majority-vote",0.800207442819073,0.602388889314082,0.687348257880488
