"","bcubed.precision","bcubed.recall","bcubed.f1"
"majority-vote",0.873647902881692,0.686679231108667,0.768961658285443
