"","bcubed.precision","bcubed.recall","bcubed.f1"
"majority-vote",0.933870289037146,0.471953980883424,0.627025453991824
