"","bcubed.precision","bcubed.recall","bcubed.f1"
"majority-vote",0.63338977821023,0.221485711914535,0.328204019338087
