"","bcubed.precision","bcubed.recall","bcubed.f1"
"majority-vote",0.823541550358745,0.680575695020773,0.745264193646643
