"","bcubed.precision","bcubed.recall","bcubed.f1"
"majority-vote",0.892206783464227,0.326694148251267,0.478264849264851
