"","bcubed.precision","bcubed.recall","bcubed.f1"
"majority-vote",0.849689917920306,0.232353776255006,0.364918093672845
