"","bcubed.precision","bcubed.recall","bcubed.f1"
"majority-vote",0.932146317238265,0.73495568850897,0.821888805862095
