"","bcubed.precision","bcubed.recall","bcubed.f1"
"majority-vote",0.825168040072147,0.295754741306087,0.435440093251597
