"","bcubed.precision","bcubed.recall","bcubed.f1"
"majority-vote",0.925950220414994,0.635892397828393,0.753987244363522
