"","bcubed.precision","bcubed.recall","bcubed.f1"
"majority-vote",0.993581540442297,0.410351035220071,0.580821644520487
