"","bcubed.precision","bcubed.recall","bcubed.f1"
"majority-vote",0.986700318619554,0.545863959517766,0.70287967749546
