"","bcubed.precision","bcubed.recall","bcubed.f1"
"majority-vote",0.955967955946215,0.329559611915779,0.490146514849967
