"","bcubed.precision","bcubed.recall","bcubed.f1"
"majority-vote",0.894891074625067,0.361816576197844,0.515293154265163
