"","bcubed.precision","bcubed.recall","bcubed.f1"
"majority-vote",0.837064038562563,0.541845061616318,0.657851943239619
