"","bcubed.precision","bcubed.recall","bcubed.f1"
"majority-vote",0.999928986957172,0.525064143982731,0.688562914715027
