"","bcubed.precision","bcubed.recall","bcubed.f1"
"majority-vote",0.94012183729773,0.595448173198322,0.729102322624739
