"","bcubed.precision","bcubed.recall","bcubed.f1"
"majority-vote",0.979735976239122,0.0483435861764682,0.0921406325522417
