"","bcubed.precision","bcubed.recall","bcubed.f1"
"majority-vote",0.453913725983497,0.31022888381703,0.368562482329964
