"","bcubed.precision","bcubed.recall","bcubed.f1"
"majority-vote",0.91917486663455,0.628473101205118,0.746522065725301
