"","bcubed.precision","bcubed.recall","bcubed.f1"
"majority-vote",0.914241193681384,0.425456532510105,0.58068306086829
