"","bcubed.precision","bcubed.recall","bcubed.f1"
"majority-vote",0.873172336296443,0.712679992992169,0.78480504523628
