"","bcubed.precision","bcubed.recall","bcubed.f1"
"majority-vote",0.943982310203222,0.492131388722756,0.646972904161361
