"","bcubed.precision","bcubed.recall","bcubed.f1"
"majority-vote",0.854650543334708,0.50190454944706,0.632415149476127
