"","bcubed.precision","bcubed.recall","bcubed.f1"
"majority-vote",0.998723766307431,0.548826580955606,0.708379085631711
