"","bcubed.precision","bcubed.recall","bcubed.f1"
"majority-vote",0.999844253741804,0.52896763262139,0.691890549268345
