"","bcubed.precision","bcubed.recall","bcubed.f1"
"majority-vote",0.932944090617505,0.309285711386132,0.464561832737738
