"","bcubed.precision","bcubed.recall","bcubed.f1"
"majority-vote",0.940250408100111,0.587675623172815,0.723284024500038
