"","bcubed.precision","bcubed.recall","bcubed.f1"
"majority-vote",0.989087644921267,0.0783292086516572,0.145162505640579
