"","bcubed.precision","bcubed.recall","bcubed.f1"
"majority-vote",0.93350344831277,0.373396533352204,0.533425597004366
