"","bcubed.precision","bcubed.recall","bcubed.f1"
"majority-vote",0.909568480300188,0.57979045704349,0.708169282343935
