"","bcubed.precision","bcubed.recall","bcubed.f1"
"majority-vote",0.931531107449873,0.282657932113833,0.433712787633305
