"","bcubed.precision","bcubed.recall","bcubed.f1"
"majority-vote",0.983632344169666,0.526032536688268,0.685480100561322
