"","bcubed.precision","bcubed.recall","bcubed.f1"
"majority-vote",0.880423609596292,0.35882017575885,0.509849245275091
