"","bcubed.precision","bcubed.recall","bcubed.f1"
"majority-vote",0.951775275870098,0.600598866510553,0.736465696322043
