"","bcubed.precision","bcubed.recall","bcubed.f1"
"majority-vote",0.979030491437477,0.231934847046532,0.375025246502447
