"","bcubed.precision","bcubed.recall","bcubed.f1"
"majority-vote",0.954780723228649,0.533764505793233,0.684733054715335
