"","bcubed.precision","bcubed.recall","bcubed.f1"
"majority-vote",0.422934682337497,0.343779759971208,0.379271278990575
