"","bcubed.precision","bcubed.recall","bcubed.f1"
"majority-vote",0.984937524890667,0.287521060163124,0.445107266636951
