"","bcubed.precision","bcubed.recall","bcubed.f1"
"majority-vote",0.939684372594303,0.273694205748014,0.42391743615975
