"","bcubed.precision","bcubed.recall","bcubed.f1"
"majority-vote",0.946520666162043,0.464621905454812,0.623288169898642
