"","bcubed.precision","bcubed.recall","bcubed.f1"
"majority-vote",0.98287777037025,0.240691854510219,0.3866893530156
