"","bcubed.precision","bcubed.recall","bcubed.f1"
"majority-vote",0.852154429643017,0.523193549770192,0.648332942165722
