"","bcubed.precision","bcubed.recall","bcubed.f1"
"majority-vote",0.933431864651485,0.359791004709615,0.519385167657675
