"","bcubed.precision","bcubed.recall","bcubed.f1"
"majority-vote",0.833406985173159,0.348551462268126,0.491532039853719
