"","bcubed.precision","bcubed.recall","bcubed.f1"
"majority-vote",0.994147454162293,0.213993845608714,0.35217972741868
