"","bcubed.precision","bcubed.recall","bcubed.f1"
"majority-vote",0.921372149170833,0.459344567962008,0.613054490528608
