"","bcubed.precision","bcubed.recall","bcubed.f1"
"majority-vote",0.837188120294109,0.462225700416892,0.595606817652451
