"","bcubed.precision","bcubed.recall","bcubed.f1"
"majority-vote",0.998716811355427,0.852480411677813,0.919822596858487
