"","bcubed.precision","bcubed.recall","bcubed.f1"
"majority-vote",0.972960655168504,0.502691995788575,0.662892494725224
