"","bcubed.precision","bcubed.recall","bcubed.f1"
"majority-vote",0.951322430737459,0.63239988051995,0.759749594051825
