"","bcubed.precision","bcubed.recall","bcubed.f1"
"majority-vote",0.962797314101155,0.0441715573603874,0.0844678678587539
