"","bcubed.precision","bcubed.recall","bcubed.f1"
"majority-vote",0.847759634730319,0.46425457808725,0.599957359754381
