"","bcubed.precision","bcubed.recall","bcubed.f1"
"majority-vote",0.951369328416008,0.666674672373853,0.783976004383884
