"","bcubed.precision","bcubed.recall","bcubed.f1"
"majority-vote",0.979767596802007,0.891013938978329,0.933285441419272
