"","bcubed.precision","bcubed.recall","bcubed.f1"
"majority-vote",0.929539189321745,0.535310578004947,0.679376372666754
