"","bcubed.precision","bcubed.recall","bcubed.f1"
"majority-vote",0.825359451946318,0.290822747933797,0.430096992899442
