"","bcubed.precision","bcubed.recall","bcubed.f1"
"majority-vote",0.905343485248913,0.65300505331066,0.758744088656679
