"","bcubed.precision","bcubed.recall","bcubed.f1"
"majority-vote",0.97293477740713,0.505734203170341,0.665526092522137
