"","bcubed.precision","bcubed.recall","bcubed.f1"
"majority-vote",0.998683297371289,0.549686193676816,0.709084522259655
