"","bcubed.precision","bcubed.recall","bcubed.f1"
"majority-vote",0.99210760337928,0.345544563768922,0.512565818590032
