"","bcubed.precision","bcubed.recall","bcubed.f1"
"majority-vote",0.888658955642692,0.259663285490588,0.401894339127468
