"","bcubed.precision","bcubed.recall","bcubed.f1"
"majority-vote",0.870849319151135,0.294134874222379,0.439743571478722
