"","bcubed.precision","bcubed.recall","bcubed.f1"
"majority-vote",0.428336674870842,0.496175546323988,0.459767169740533
