"","bcubed.precision","bcubed.recall","bcubed.f1"
"majority-vote",0.967993134756795,0.297231337718549,0.454809246272685
