"","bcubed.precision","bcubed.recall","bcubed.f1"
"majority-vote",0.996109650448734,0.310724878326258,0.473688203242426
