"","bcubed.precision","bcubed.recall","bcubed.f1"
"majority-vote",0.987597505627209,0.449656312348675,0.617955502237576
