"","bcubed.precision","bcubed.recall","bcubed.f1"
"majority-vote",0.939507411982705,0.285150462418851,0.437511534564246
