"","bcubed.precision","bcubed.recall","bcubed.f1"
"majority-vote",0.928965855465744,0.208452484723183,0.340499592722703
