"","bcubed.precision","bcubed.recall","bcubed.f1"
"majority-vote",0.986659724217179,0.587932687221534,0.736812268137674
