"","bcubed.precision","bcubed.recall","bcubed.f1"
"majority-vote",0.998426909351971,0.228170724200054,0.371453172150602
