"","bcubed.precision","bcubed.recall","bcubed.f1"
"majority-vote",0.87704606977509,0.523994056719429,0.656036782017291
