"","bcubed.precision","bcubed.recall","bcubed.f1"
"majority-vote",0.998716603158369,0.394371014396338,0.565456005665148
