"","bcubed.precision","bcubed.recall","bcubed.f1"
"majority-vote",0.956408428534233,0.661676111035882,0.782199686207494
