"","bcubed.precision","bcubed.recall","bcubed.f1"
"majority-vote",0.998420756976756,0.230559569076744,0.374612114784686
