"","bcubed.precision","bcubed.recall","bcubed.f1"
"majority-vote",0.992940871756966,0.523713703921249,0.685741829500095
