"","bcubed.precision","bcubed.recall","bcubed.f1"
"majority-vote",0.849087587661042,0.265080132929201,0.404025796917697
