"","bcubed.precision","bcubed.recall","bcubed.f1"
"majority-vote",0.944488335156997,0.299348615265841,0.454611474868749
