"","bcubed.precision","bcubed.recall","bcubed.f1"
"majority-vote",0.996723232101342,0.278848932450732,0.435781239108336
