"","bcubed.precision","bcubed.recall","bcubed.f1"
"majority-vote",0.849232260720162,0.255798253879215,0.393169467376876
