"","bcubed.precision","bcubed.recall","bcubed.f1"
"majority-vote",0.833472211126642,0.342664572312558,0.485660176233876
