"","bcubed.precision","bcubed.recall","bcubed.f1"
"majority-vote",0.869856414169165,0.430959014932189,0.576365339765018
