"","bcubed.precision","bcubed.recall","bcubed.f1"
"majority-vote",0.951905976607524,0.591353314742681,0.729511570408539
