"","bcubed.precision","bcubed.recall","bcubed.f1"
"majority-vote",0.919620637596219,0.607205087338935,0.731449988627897
