"","bcubed.precision","bcubed.recall","bcubed.f1"
"majority-vote",0.921619904188701,0.421469145305929,0.578419358659059
