"","bcubed.precision","bcubed.recall","bcubed.f1"
"majority-vote",0.92967369529685,0.53583826022548,0.679837149861678
