"","bcubed.precision","bcubed.recall","bcubed.f1"
"majority-vote",0.904554789463608,0.778439674554403,0.836772016760647
