"","bcubed.precision","bcubed.recall","bcubed.f1"
"majority-vote",0.931408874517201,0.30104086239557,0.455015928730554
