"","bcubed.precision","bcubed.recall","bcubed.f1"
"majority-vote",0.848421410439155,0.352314186567797,0.497879632836176
