"","bcubed.precision","bcubed.recall","bcubed.f1"
"majority-vote",0.946379162021211,0.394826563588207,0.557193613563706
