"","bcubed.precision","bcubed.recall","bcubed.f1"
"majority-vote",0.96658695146366,0.310622640947817,0.470155866904283
