"","bcubed.precision","bcubed.recall","bcubed.f1"
"majority-vote",0.905219840416348,0.655629502510113,0.760469082200737
