"","bcubed.precision","bcubed.recall","bcubed.f1"
"majority-vote",0.91884354328009,0.472286009508738,0.62389149816947
