"","bcubed.precision","bcubed.recall","bcubed.f1"
"majority-vote",0.944597024111289,0.297470017735451,0.452454310513637
