"","bcubed.precision","bcubed.recall","bcubed.f1"
"majority-vote",0.894197220360669,0.459520910500656,0.607072198413783
