"","bcubed.precision","bcubed.recall","bcubed.f1"
"majority-vote",0.91393168663454,0.678622229937228,0.778892761796518
