"","bcubed.precision","bcubed.recall","bcubed.f1"
"majority-vote",0.983370686134854,0.527522531321372,0.68668015394294
