"","bcubed.precision","bcubed.recall","bcubed.f1"
"majority-vote",0.800244989637655,0.531844017961347,0.639004613377076
