"","bcubed.precision","bcubed.recall","bcubed.f1"
"majority-vote",0.97104877863706,0.287899190577844,0.444123449447324
