"","bcubed.precision","bcubed.recall","bcubed.f1"
"majority-vote",0.787301272966173,0.608043926244823,0.686158174224687
