"","bcubed.precision","bcubed.recall","bcubed.f1"
"majority-vote",0.982835766155652,0.279525062938254,0.435259433057375
