"","bcubed.precision","bcubed.recall","bcubed.f1"
"majority-vote",0.993152754002618,0.377241868221539,0.54678965353971
