"","bcubed.precision","bcubed.recall","bcubed.f1"
"majority-vote",0.95856740274339,0.0565288350317655,0.106761697187004
