"","bcubed.precision","bcubed.recall","bcubed.f1"
"majority-vote",0.953894780232611,0.252452879813432,0.39924391994847
