"","bcubed.precision","bcubed.recall","bcubed.f1"
"majority-vote",0.871278032396197,0.410579640424712,0.558141561011134
