"","bcubed.precision","bcubed.recall","bcubed.f1"
"majority-vote",0.962868495945873,0.285788019233705,0.440755767328588
