"","bcubed.precision","bcubed.recall","bcubed.f1"
"majority-vote",0.991112122277607,0.300910784760612,0.461657954941334
