"","bcubed.precision","bcubed.recall","bcubed.f1"
"majority-vote",0.936784291874009,0.145812987065316,0.252347421319672
