"","bcubed.precision","bcubed.recall","bcubed.f1"
"majority-vote",0.996686227252756,0.594871884020325,0.745056821467484
