"","bcubed.precision","bcubed.recall","bcubed.f1"
"majority-vote",0.999649166253921,0.327019235893311,0.492820219401688
