"","bcubed.precision","bcubed.recall","bcubed.f1"
"majority-vote",0.892693440956396,0.448189545298911,0.596764775889831
