"","bcubed.precision","bcubed.recall","bcubed.f1"
"majority-vote",0.911657406608184,0.704323040786469,0.794689462750621
