"","bcubed.precision","bcubed.recall","bcubed.f1"
"majority-vote",0.752221775395663,0.518734115899103,0.614030904286395
