"","bcubed.precision","bcubed.recall","bcubed.f1"
"majority-vote",0.743894615036464,0.246866655010586,0.370710444274267
