"","bcubed.precision","bcubed.recall","bcubed.f1"
"majority-vote",0.905489836855551,0.626944593579727,0.740902118202509
