"","bcubed.precision","bcubed.recall","bcubed.f1"
"majority-vote",0.9911081682272,0.303618124840719,0.464837093619873
