"","bcubed.precision","bcubed.recall","bcubed.f1"
"majority-vote",0.998776544367765,0.214373986969445,0.352984570961157
