"","bcubed.precision","bcubed.recall","bcubed.f1"
"majority-vote",0.933419076713022,0.297552553362691,0.451255289476205
