"","bcubed.precision","bcubed.recall","bcubed.f1"
"majority-vote",0.998777126386926,0.21397245442325,0.352440102287303
