"","bcubed.precision","bcubed.recall","bcubed.f1"
"majority-vote",0.924094488188976,0.548909530873348,0.688720825510518
