"","bcubed.precision","bcubed.recall","bcubed.f1"
"majority-vote",0.537712907107039,0.306802738421649,0.390689724361066
