"","bcubed.precision","bcubed.recall","bcubed.f1"
"majority-vote",0.909813102271519,0.426830142790237,0.581061038971606
