"","bcubed.precision","bcubed.recall","bcubed.f1"
"majority-vote",0.952622724204879,0.270543973461108,0.421408361603565
