"","bcubed.precision","bcubed.recall","bcubed.f1"
"majority-vote",0.979500202846167,0.048055135697144,0.0916155332906552
