"","bcubed.precision","bcubed.recall","bcubed.f1"
"majority-vote",0.996685746275532,0.593911313441548,0.744302822695095
