"","bcubed.precision","bcubed.recall","bcubed.f1"
"majority-vote",0.998637837404718,0.386755166320434,0.557572243920418
