"","bcubed.precision","bcubed.recall","bcubed.f1"
"majority-vote",0.968556721934947,0.485136782215351,0.646467071815418
