"","bcubed.precision","bcubed.recall","bcubed.f1"
"majority-vote",0.634100869493087,0.214050178046407,0.320059509230416
