"","bcubed.precision","bcubed.recall","bcubed.f1"
"majority-vote",0.74393016054444,0.245588876999575,0.369272274230693
