"","bcubed.precision","bcubed.recall","bcubed.f1"
"majority-vote",0.962852538275584,0.294451944545462,0.450986703824761
