"","bcubed.precision","bcubed.recall","bcubed.f1"
"majority-vote",0.917445361711476,0.486710744601058,0.636012638654568
