"","bcubed.precision","bcubed.recall","bcubed.f1"
"majority-vote",0.96908605735319,0.449236643843042,0.613892688361053
