"","bcubed.precision","bcubed.recall","bcubed.f1"
"majority-vote",0.994019874467144,0.384525064625654,0.554534778851969
