"","bcubed.precision","bcubed.recall","bcubed.f1"
"majority-vote",0.999650356841694,0.274752857597075,0.431035937493529
