"","bcubed.precision","bcubed.recall","bcubed.f1"
"majority-vote",0.905470138486886,0.718675453951353,0.801331070128435
