"","bcubed.precision","bcubed.recall","bcubed.f1"
"majority-vote",0.828240046914706,0.220531926781182,0.348318562975636
