"","bcubed.precision","bcubed.recall","bcubed.f1"
"majority-vote",0.829031002724089,0.207896638734099,0.332429673936216
