"","bcubed.precision","bcubed.recall","bcubed.f1"
"majority-vote",0.993726379440665,0.247038053545497,0.395704815527338
