"","bcubed.precision","bcubed.recall","bcubed.f1"
"majority-vote",0.909406509817796,0.619466342726246,0.736943852133762
