"","bcubed.precision","bcubed.recall","bcubed.f1"
"majority-vote",0.90395809080326,0.272188691595971,0.418395346015261
