"","bcubed.precision","bcubed.recall","bcubed.f1"
"majority-vote",0.916069823153446,0.474887527576531,0.625511822021726
