"","bcubed.precision","bcubed.recall","bcubed.f1"
"majority-vote",0.955773684149693,0.40757860949991,0.571463312889629
