"","bcubed.precision","bcubed.recall","bcubed.f1"
"majority-vote",0.933084079543452,0.402285764756496,0.562190982705664
