"","bcubed.precision","bcubed.recall","bcubed.f1"
"majority-vote",0.956493702286622,0.653556645053972,0.776525797611542
