"","bcubed.precision","bcubed.recall","bcubed.f1"
"majority-vote",0.766742703304295,0.540420936467401,0.633989191776517
