"","bcubed.precision","bcubed.recall","bcubed.f1"
"majority-vote",0.942365159160843,0.717275626922337,0.814556458234673
