"","bcubed.precision","bcubed.recall","bcubed.f1"
"majority-vote",0.906225765147221,0.378294555693063,0.53377166187564
