"","bcubed.precision","bcubed.recall","bcubed.f1"
"majority-vote",0.99842749921375,0.222950205965131,0.364505780066379
