"","bcubed.precision","bcubed.recall","bcubed.f1"
"majority-vote",0.992235770135054,0.24992998610113,0.399285636387719
