"","bcubed.precision","bcubed.recall","bcubed.f1"
"majority-vote",0.67478292093174,0.336172908525523,0.448770817761154
