"","bcubed.precision","bcubed.recall","bcubed.f1"
"majority-vote",0.967932107411276,0.396316076119404,0.56237136232272
