"","bcubed.precision","bcubed.recall","bcubed.f1"
"majority-vote",0.995172678110306,0.390782468786305,0.561195702316094
