"","bcubed.precision","bcubed.recall","bcubed.f1"
"majority-vote",0.971670212213978,0.335050634207041,0.498283503678781
