"","bcubed.precision","bcubed.recall","bcubed.f1"
"majority-vote",0.995557732088428,0.127006972300618,0.225274806536586
