"","bcubed.precision","bcubed.recall","bcubed.f1"
"majority-vote",0.974979574498915,0.305927547746062,0.465721682936987
