"","bcubed.precision","bcubed.recall","bcubed.f1"
"majority-vote",0.967353065055599,0.314139946721062,0.47426593438183
