"","bcubed.precision","bcubed.recall","bcubed.f1"
"majority-vote",0.998321401777178,0.434028311413423,0.605019498061045
