"","bcubed.precision","bcubed.recall","bcubed.f1"
"majority-vote",0.938873615647538,0.189567593298985,0.315444013067152
