"","bcubed.precision","bcubed.recall","bcubed.f1"
"majority-vote",0.977266665586852,0.819573007683916,0.891500106925292
