"","bcubed.precision","bcubed.recall","bcubed.f1"
"majority-vote",0.904034428395131,0.252543496495089,0.394799192662294
