"","bcubed.precision","bcubed.recall","bcubed.f1"
"majority-vote",0.980164821661117,0.219589232860742,0.358796272376722
