"","bcubed.precision","bcubed.recall","bcubed.f1"
"majority-vote",0.857554784033409,0.623825690952823,0.722251595336455
