"","bcubed.precision","bcubed.recall","bcubed.f1"
"majority-vote",0.974555414776978,0.38572371841514,0.552694118753778
