"","bcubed.precision","bcubed.recall","bcubed.f1"
"majority-vote",0.942543098929871,0.793968810278184,0.861900017990145
