"","bcubed.precision","bcubed.recall","bcubed.f1"
"majority-vote",0.996232346273533,0.38578184000908,0.556185821298615
