"","bcubed.precision","bcubed.recall","bcubed.f1"
"majority-vote",0.978665721899598,0.686070315695609,0.806654611447046
