"","bcubed.precision","bcubed.recall","bcubed.f1"
"majority-vote",0.999225580813478,0.499639838900125,0.666174429880336
