"","bcubed.precision","bcubed.recall","bcubed.f1"
"majority-vote",0.995557280306173,0.135801780128728,0.239001844089571
