"","bcubed.precision","bcubed.recall","bcubed.f1"
"majority-vote",0.999753670680093,0.32425361788093,0.489685740416252
