"","bcubed.precision","bcubed.recall","bcubed.f1"
"majority-vote",0.967381653181009,0.568148915367306,0.715865705650689
