"","bcubed.precision","bcubed.recall","bcubed.f1"
"majority-vote",0.989199877169199,0.863031906282727,0.921818816970032
