"","bcubed.precision","bcubed.recall","bcubed.f1"
"majority-vote",0.992251660186938,0.114873639084604,0.205909049623221
