"","bcubed.precision","bcubed.recall","bcubed.f1"
"majority-vote",0.953782413676873,0.374083632358238,0.537395154960108
