"","bcubed.precision","bcubed.recall","bcubed.f1"
"majority-vote",0.926622680891942,0.444025716725217,0.60036447090614
