"","bcubed.precision","bcubed.recall","bcubed.f1"
"majority-vote",0.971964623380782,0.391577571137682,0.558251219485888
