"","bcubed.precision","bcubed.recall","bcubed.f1"
"majority-vote",0.90519877675841,0.296279591868125,0.446436542081219
