"","bcubed.precision","bcubed.recall","bcubed.f1"
"majority-vote",0.950680249579398,0.463215761466943,0.622917205056137
