"","bcubed.precision","bcubed.recall","bcubed.f1"
"majority-vote",0.933335263543888,0.166611131680129,0.282748405142686
