"","bcubed.precision","bcubed.recall","bcubed.f1"
"majority-vote",0.989197530864197,0.887675578274218,0.935690842350438
