"","bcubed.precision","bcubed.recall","bcubed.f1"
"majority-vote",0.953005334890638,0.360003166355188,0.522593627974968
