"","bcubed.precision","bcubed.recall","bcubed.f1"
"majority-vote",0.882891571232114,0.539629053308262,0.669844689122547
