"","bcubed.precision","bcubed.recall","bcubed.f1"
"majority-vote",0.93896227089768,0.278975813378267,0.430149556265679
