"","bcubed.precision","bcubed.recall","bcubed.f1"
"majority-vote",0.997678714622899,0.259848036000473,0.412309089131863
