"","bcubed.precision","bcubed.recall","bcubed.f1"
"majority-vote",0.935976328998578,0.462214000963584,0.61883043325775
