"","bcubed.precision","bcubed.recall","bcubed.f1"
"majority-vote",0.971982221442262,0.387561680699329,0.554160939942634
