"","bcubed.precision","bcubed.recall","bcubed.f1"
"majority-vote",0.893108781577591,0.285161625998385,0.43229525363715
