"","bcubed.precision","bcubed.recall","bcubed.f1"
"majority-vote",0.904795826376052,0.231041860448226,0.368090816983174
