"","bcubed.precision","bcubed.recall","bcubed.f1"
"majority-vote",0.856872186383686,0.637975411001597,0.731396814284168
