"","bcubed.precision","bcubed.recall","bcubed.f1"
"majority-vote",0.971012506732186,0.10072504363175,0.182517216223995
