"","bcubed.precision","bcubed.recall","bcubed.f1"
"majority-vote",0.995213324001158,0.445281980262884,0.615275257591556
