"","bcubed.precision","bcubed.recall","bcubed.f1"
"majority-vote",0.908065542829681,0.76689228585523,0.831529544112513
