"","bcubed.precision","bcubed.recall","bcubed.f1"
"majority-vote",0.99609368188498,0.396586705477808,0.567305341886915
