"","bcubed.precision","bcubed.recall","bcubed.f1"
"majority-vote",0.996138764829907,0.220025912807146,0.360438590339807
