"","bcubed.precision","bcubed.recall","bcubed.f1"
"majority-vote",0.769847309246694,0.530217330832681,0.627947831013359
