"","bcubed.precision","bcubed.recall","bcubed.f1"
"majority-vote",0.999753639417693,0.366907767981326,0.536807982407386
