"","bcubed.precision","bcubed.recall","bcubed.f1"
"majority-vote",0.933715132256173,0.328513070038601,0.486025623704674
