"","bcubed.precision","bcubed.recall","bcubed.f1"
"majority-vote",0.997679489869406,0.250906699232002,0.40097266793373
