"","bcubed.precision","bcubed.recall","bcubed.f1"
"majority-vote",0.989754092017875,0.539865579404433,0.698649705332687
