"","bcubed.precision","bcubed.recall","bcubed.f1"
"majority-vote",0.998043406882737,0.435309214452122,0.606211597861579
