"","bcubed.precision","bcubed.recall","bcubed.f1"
"majority-vote",0.942374635458252,0.716447731871499,0.814025881787597
