"","bcubed.precision","bcubed.recall","bcubed.f1"
"majority-vote",0.827876067265938,0.615577421438189,0.706114632367507
