"","bcubed.precision","bcubed.recall","bcubed.f1"
"majority-vote",0.96652734616601,0.395944931153019,0.561760572902434
