"","bcubed.precision","bcubed.recall","bcubed.f1"
"majority-vote",0.957163464015249,0.386424476166053,0.550572655687082
