"","bcubed.precision","bcubed.recall","bcubed.f1"
"majority-vote",0.9779946598141,0.397157787707326,0.564909288684948
