"","bcubed.precision","bcubed.recall","bcubed.f1"
"majority-vote",0.980535070202623,0.664901334318886,0.792445183214207
