"","bcubed.precision","bcubed.recall","bcubed.f1"
"majority-vote",0.992434890450599,0.312460540670455,0.475282133809005
