"","bcubed.precision","bcubed.recall","bcubed.f1"
"majority-vote",0.99227391708182,0.328911932732778,0.494057262138412
