"","bcubed.precision","bcubed.recall","bcubed.f1"
"majority-vote",0.967928373593145,0.216688976919215,0.354104908077303
