"","bcubed.precision","bcubed.recall","bcubed.f1"
"majority-vote",0.98977967507522,0.419916202889162,0.589665514883426
