"","bcubed.precision","bcubed.recall","bcubed.f1"
"majority-vote",0.974236903624421,0.33253045787004,0.495824204341351
