"","bcubed.precision","bcubed.recall","bcubed.f1"
"majority-vote",0.689339529643712,0.51298574890442,0.588229094360747
