"","bcubed.precision","bcubed.recall","bcubed.f1"
"majority-vote",0.98430096951035,0.258317435410384,0.409236015029228
