"","bcubed.precision","bcubed.recall","bcubed.f1"
"majority-vote",0.824781574067943,0.617225588516651,0.706066246632685
