"","bcubed.precision","bcubed.recall","bcubed.f1"
"majority-vote",0.950669140055651,0.480509829545999,0.638363022578411
