"","bcubed.precision","bcubed.recall","bcubed.f1"
"majority-vote",0.988494944381213,0.600065199520091,0.746791260377443
