"","bcubed.precision","bcubed.recall","bcubed.f1"
"majority-vote",0.968309457222761,0.600498905816312,0.741287187464302
