"","bcubed.precision","bcubed.recall","bcubed.f1"
"majority-vote",0.665603519675594,0.577614851396443,0.618495490498331
