"","bcubed.precision","bcubed.recall","bcubed.f1"
"majority-vote",0.984310069237046,0.250629794753051,0.399529463449599
