"","bcubed.precision","bcubed.recall","bcubed.f1"
"majority-vote",0.644093339767489,0.422040087210578,0.509942193741602
