"","bcubed.precision","bcubed.recall","bcubed.f1"
"majority-vote",0.992700858188705,0.511289559223453,0.674947896406649
