"","bcubed.precision","bcubed.recall","bcubed.f1"
"majority-vote",0.935904807217599,0.465705571720389,0.621936152686575
