"","bcubed.precision","bcubed.recall","bcubed.f1"
"majority-vote",0.777467126978457,0.36813129026357,0.499668945564934
