"","bcubed.precision","bcubed.recall","bcubed.f1"
"majority-vote",0.937245611805878,0.499745620227537,0.651895960304056
