"","bcubed.precision","bcubed.recall","bcubed.f1"
"majority-vote",0.978350891589085,0.409079155492627,0.576927041977419
