"","bcubed.precision","bcubed.recall","bcubed.f1"
"majority-vote",0.971667475269307,0.354620232652181,0.519605126523508
