"","bcubed.precision","bcubed.recall","bcubed.f1"
"majority-vote",0.958589583256974,0.312270113937519,0.471080921117862
