"","bcubed.precision","bcubed.recall","bcubed.f1"
"majority-vote",0.816938311397696,0.141993902990572,0.241936307066056
