"","bcubed.precision","bcubed.recall","bcubed.f1"
"majority-vote",0.952951828051719,0.366590953271832,0.529491766408983
