"","bcubed.precision","bcubed.recall","bcubed.f1"
"majority-vote",0.971032678170494,0.0944188562294038,0.172103172925407
