"","bcubed.precision","bcubed.recall","bcubed.f1"
"majority-vote",0.921304639383862,0.487053236376778,0.637230655679045
