"","bcubed.precision","bcubed.recall","bcubed.f1"
"majority-vote",0.996540404580657,0.364277119381197,0.533527620765399
