"","bcubed.precision","bcubed.recall","bcubed.f1"
"majority-vote",0.992277667232872,0.103925116427453,0.188145065188033
