"","bcubed.precision","bcubed.recall","bcubed.f1"
"majority-vote",0.856583847968469,0.347540116402661,0.494462794596198
