"","bcubed.precision","bcubed.recall","bcubed.f1"
"majority-vote",0.689252007324975,0.526568412657289,0.597026221065208
