"","bcubed.precision","bcubed.recall","bcubed.f1"
"majority-vote",0.923470356230494,0.316795309837135,0.471755504697647
