"","bcubed.precision","bcubed.recall","bcubed.f1"
"majority-vote",0.956422860473112,0.185223601696948,0.310344914703968
