"","bcubed.precision","bcubed.recall","bcubed.f1"
"majority-vote",0.669500355068915,0.580604767322388,0.621891856795975
