"","bcubed.precision","bcubed.recall","bcubed.f1"
"majority-vote",0.99860349915683,0.917365943764281,0.956262475724711
