"","bcubed.precision","bcubed.recall","bcubed.f1"
"majority-vote",0.976211331888802,0.68831480151024,0.80736576693927
