"","bcubed.precision","bcubed.recall","bcubed.f1"
"majority-vote",0.977254262192355,0.840309009863568,0.903622530311058
