"","bcubed.precision","bcubed.recall","bcubed.f1"
"majority-vote",0.952754264295869,0.60520936575139,0.740217284782115
