"","bcubed.precision","bcubed.recall","bcubed.f1"
"majority-vote",0.992225780843667,0.265856973681445,0.41935260992172
