"","bcubed.precision","bcubed.recall","bcubed.f1"
"majority-vote",0.992209339626965,0.536440418239897,0.696380829410864
