"","bcubed.precision","bcubed.recall","bcubed.f1"
"majority-vote",0.957499552761379,0.278318043432786,0.431276270758724
