"","bcubed.precision","bcubed.recall","bcubed.f1"
"majority-vote",0.93260561200801,0.177919501766175,0.298829308360052
