"","bcubed.precision","bcubed.recall","bcubed.f1"
"majority-vote",0.908450418557152,0.301538216363754,0.452785275763414
