"","bcubed.precision","bcubed.recall","bcubed.f1"
"majority-vote",0.991616316303586,0.286374405239673,0.44440625118855
