"","bcubed.precision","bcubed.recall","bcubed.f1"
"majority-vote",0.942531138823144,0.762984061478501,0.843306745365916
