"","bcubed.precision","bcubed.recall","bcubed.f1"
"majority-vote",0.988440160735616,0.267033491417614,0.420473383453219
