"","bcubed.precision","bcubed.recall","bcubed.f1"
"majority-vote",0.908085916505808,0.75032558445259,0.82170208737895
