"","bcubed.precision","bcubed.recall","bcubed.f1"
"majority-vote",0.817206769030608,0.160766806434814,0.268677448450362
