"","bcubed.precision","bcubed.recall","bcubed.f1"
"majority-vote",0.999224432179389,0.513690236649991,0.678546973742866
