"","bcubed.precision","bcubed.recall","bcubed.f1"
"majority-vote",0.967809148496157,0.467607036481053,0.630554918557957
