"","bcubed.precision","bcubed.recall","bcubed.f1"
"majority-vote",0.892989247311828,0.286370809427637,0.433669178638898
