"","bcubed.precision","bcubed.recall","bcubed.f1"
"majority-vote",0.928602021586431,0.47669991702385,0.629992024455879
