"","bcubed.precision","bcubed.recall","bcubed.f1"
"majority-vote",0.889737758329834,0.515481337346983,0.65277110304435
