"","bcubed.precision","bcubed.recall","bcubed.f1"
"majority-vote",0.992549012375279,0.533325155592247,0.693833564484647
