"","bcubed.precision","bcubed.recall","bcubed.f1"
"majority-vote",0.834457932842536,0.675178431668926,0.746415509900153
