"","bcubed.precision","bcubed.recall","bcubed.f1"
"majority-vote",0.480854363715529,0.615722288386277,0.539994625346018
