"","bcubed.precision","bcubed.recall","bcubed.f1"
"majority-vote",0.914413146917575,0.667077364543681,0.771404327410425
