"","bcubed.precision","bcubed.recall","bcubed.f1"
"majority-vote",0.889819141249385,0.65669691195027,0.755687574071724
