"","bcubed.precision","bcubed.recall","bcubed.f1"
"majority-vote",0.971274786131494,0.257424311367709,0.406982870708719
