"","bcubed.precision","bcubed.recall","bcubed.f1"
"majority-vote",0.998506655775148,0.211336160646871,0.348839634616235
