"","bcubed.precision","bcubed.recall","bcubed.f1"
"majority-vote",0.970530876184351,0.806314965409721,0.880834511965984
