"","bcubed.precision","bcubed.recall","bcubed.f1"
"majority-vote",0.995224904121258,0.148603472012593,0.258594522170715
