"","bcubed.precision","bcubed.recall","bcubed.f1"
"majority-vote",0.992128846804193,0.217300623091803,0.356515566991174
