"","bcubed.precision","bcubed.recall","bcubed.f1"
"majority-vote",0.702889469048076,0.572822275239143,0.631225269665781
