"","bcubed.precision","bcubed.recall","bcubed.f1"
"majority-vote",0.952107980472953,0.362781165578481,0.525377890523769
