"","bcubed.precision","bcubed.recall","bcubed.f1"
"majority-vote",0.973468489757338,0.710877781450242,0.821704102226292
