"","bcubed.precision","bcubed.recall","bcubed.f1"
"majority-vote",0.998491058961308,0.179796933112068,0.304722837453621
