"","bcubed.precision","bcubed.recall","bcubed.f1"
"majority-vote",0.98634903348418,0.412742788958874,0.581961018478786
