"","bcubed.precision","bcubed.recall","bcubed.f1"
"majority-vote",0.992956788491751,0.862355589430295,0.923059477000476
