"","bcubed.precision","bcubed.recall","bcubed.f1"
"majority-vote",0.960181083705714,0.884276288603623,0.920666834412799
