"","bcubed.precision","bcubed.recall","bcubed.f1"
"majority-vote",0.996074881599666,0.384659871949039,0.554994412102724
