"","bcubed.precision","bcubed.recall","bcubed.f1"
"majority-vote",0.994960492176261,0.66607094951006,0.797955129706677
