"","bcubed.precision","bcubed.recall","bcubed.f1"
"majority-vote",0.819475803670837,0.414131986361418,0.550209142794809
