"","bcubed.precision","bcubed.recall","bcubed.f1"
"majority-vote",0.969394676988149,0.585623994510005,0.730153011535991
