"","bcubed.precision","bcubed.recall","bcubed.f1"
"majority-vote",0.998219440939029,0.664157333891225,0.797622744218321
