"","bcubed.precision","bcubed.recall","bcubed.f1"
"majority-vote",0.871192708090631,0.281991629409863,0.42607073872847
