"","bcubed.precision","bcubed.recall","bcubed.f1"
"majority-vote",0.983973101709162,0.543170832562993,0.699954309322763
