"","bcubed.precision","bcubed.recall","bcubed.f1"
"majority-vote",0.920131774591407,0.566184787365946,0.701014341735679
