"","bcubed.precision","bcubed.recall","bcubed.f1"
"majority-vote",0.81821760303189,0.483768171063878,0.608036802285203
