"","bcubed.precision","bcubed.recall","bcubed.f1"
"majority-vote",0.971149075759159,0.663223468283529,0.78817875470687
