"","bcubed.precision","bcubed.recall","bcubed.f1"
"majority-vote",0.75577521164997,0.202377443476098,0.319264063733568
