"","bcubed.precision","bcubed.recall","bcubed.f1"
"majority-vote",0.992735174202596,0.0912076421271556,0.167066072364033
