"","bcubed.precision","bcubed.recall","bcubed.f1"
"majority-vote",0.473926624062731,0.603985933931404,0.531109898528603
