"","bcubed.precision","bcubed.recall","bcubed.f1"
"majority-vote",0.9361360992315,0.465305988112101,0.621630728225054
