"","bcubed.precision","bcubed.recall","bcubed.f1"
"majority-vote",0.755927590873702,0.226200291509193,0.348205247977698
