"","bcubed.precision","bcubed.recall","bcubed.f1"
"majority-vote",0.941674924148144,0.156953880301298,0.26906182093332
