"","bcubed.precision","bcubed.recall","bcubed.f1"
"majority-vote",0.835106529510731,0.754427946904552,0.792719772805689
