"","bcubed.precision","bcubed.recall","bcubed.f1"
"majority-vote",0.976368922677395,0.274176610277363,0.428129187695133
