"","bcubed.precision","bcubed.recall","bcubed.f1"
"majority-vote",0.999804659922581,0.112369393953041,0.202032124945599
