"","bcubed.precision","bcubed.recall","bcubed.f1"
"majority-vote",0.900666174904031,0.614794023146355,0.730767039468862
