"","bcubed.precision","bcubed.recall","bcubed.f1"
"majority-vote",0.934362851185491,0.543182967103378,0.686990521141162
