"","bcubed.precision","bcubed.recall","bcubed.f1"
"majority-vote",0.977171944133958,0.479981266249061,0.643754169083138
