"","bcubed.precision","bcubed.recall","bcubed.f1"
"majority-vote",0.992764456692343,0.829093982257267,0.903577379279897
