"","bcubed.precision","bcubed.recall","bcubed.f1"
"majority-vote",0.983853666798397,0.62492053938912,0.764346372251512
