"","bcubed.precision","bcubed.recall","bcubed.f1"
"majority-vote",0.992618711622469,0.220343798435959,0.36063336748465
