"","bcubed.precision","bcubed.recall","bcubed.f1"
"majority-vote",0.884379243842907,0.311250959001181,0.460449873400762
