"","bcubed.precision","bcubed.recall","bcubed.f1"
"majority-vote",0.913211892308465,0.721192662022686,0.805922516379963
