"","bcubed.precision","bcubed.recall","bcubed.f1"
"majority-vote",0.936937880009239,0.333327147969211,0.491719168030338
