"","bcubed.precision","bcubed.recall","bcubed.f1"
"majority-vote",0.990388798626176,0.650347947376626,0.785131830393266
