"","bcubed.precision","bcubed.recall","bcubed.f1"
"majority-vote",0.992306288073438,0.422624472788257,0.592782252590382
