"","bcubed.precision","bcubed.recall","bcubed.f1"
"majority-vote",0.998758380928731,0.749076749151978,0.856083812824886
