"","bcubed.precision","bcubed.recall","bcubed.f1"
"majority-vote",0.879439014905433,0.771363991124582,0.821863766918524
