"","bcubed.precision","bcubed.recall","bcubed.f1"
"majority-vote",0.971097086655136,0.735277468367326,0.836892234841459
