"","bcubed.precision","bcubed.recall","bcubed.f1"
"majority-vote",0.995431980309541,0.600811771254448,0.749343263730387
