"","bcubed.precision","bcubed.recall","bcubed.f1"
"majority-vote",0.935062183604192,0.453435844607999,0.610718492023342
