"","bcubed.precision","bcubed.recall","bcubed.f1"
"majority-vote",0.999513535864568,0.825205359694209,0.90403396258992
