"","bcubed.precision","bcubed.recall","bcubed.f1"
"majority-vote",0.942248006509779,0.15562969982509,0.267136810535032
