"","bcubed.precision","bcubed.recall","bcubed.f1"
"majority-vote",0.967908799602737,0.492061514050779,0.652438840627857
