"","bcubed.precision","bcubed.recall","bcubed.f1"
"majority-vote",0.977199477339282,0.460719711619786,0.626203565334818
