"","bcubed.precision","bcubed.recall","bcubed.f1"
"majority-vote",0.998219317808551,0.665885203787964,0.798867457227179
