"","bcubed.precision","bcubed.recall","bcubed.f1"
"majority-vote",0.9984922813808,0.181883483555038,0.307714305622378
