"","bcubed.precision","bcubed.recall","bcubed.f1"
"majority-vote",0.773663528923184,0.513811924875168,0.617514758559423
