"","bcubed.precision","bcubed.recall","bcubed.f1"
"majority-vote",0.997661063876233,0.22749176923933,0.370500192935502
