"","bcubed.precision","bcubed.recall","bcubed.f1"
"majority-vote",0.927769688144643,0.807704309280439,0.863583754347257
