"","bcubed.precision","bcubed.recall","bcubed.f1"
"majority-vote",0.857225182670214,0.725675568667996,0.78598405033901
