"","bcubed.precision","bcubed.recall","bcubed.f1"
"majority-vote",0.997150998410934,0.114341959989467,0.205158653866501
