"","bcubed.precision","bcubed.recall","bcubed.f1"
"majority-vote",0.993213118191466,0.849468712691609,0.915734289879216
