"","bcubed.precision","bcubed.recall","bcubed.f1"
"majority-vote",0.991839296924043,0.278210111213755,0.434533836770973
