"","bcubed.precision","bcubed.recall","bcubed.f1"
"majority-vote",0.846811493666448,0.56432844297071,0.677296133860838
