"","bcubed.precision","bcubed.recall","bcubed.f1"
"majority-vote",0.999804826803066,0.126100738932696,0.223955065655891
