"","bcubed.precision","bcubed.recall","bcubed.f1"
"majority-vote",0.919668674083992,0.715602142084716,0.804902609005918
