"","bcubed.precision","bcubed.recall","bcubed.f1"
"majority-vote",0.999513748753981,0.636672167839523,0.777860973806077
