"","bcubed.precision","bcubed.recall","bcubed.f1"
"majority-vote",0.990394119542536,0.248670728584303,0.39752887456144
