"","bcubed.precision","bcubed.recall","bcubed.f1"
"majority-vote",0.752210377228998,0.229980706537792,0.352261137123617
