"","bcubed.precision","bcubed.recall","bcubed.f1"
"majority-vote",0.938176887838652,0.0807770784527788,0.148747029951404
