"","bcubed.precision","bcubed.recall","bcubed.f1"
"majority-vote",0.890546537428471,0.816461119401576,0.851896146943222
