"","bcubed.precision","bcubed.recall","bcubed.f1"
"majority-vote",0.863663046668623,0.163570322006938,0.275048780456232
