"","bcubed.precision","bcubed.recall","bcubed.f1"
"majority-vote",0.977739744477542,0.513593145141988,0.673438417394061
