"","bcubed.precision","bcubed.recall","bcubed.f1"
"majority-vote",0.93434074700067,0.543428253632916,0.6871806895705
