"","bcubed.precision","bcubed.recall","bcubed.f1"
"majority-vote",0.994762516766211,0.210720958543611,0.347773014478456
