"","bcubed.precision","bcubed.recall","bcubed.f1"
"majority-vote",0.943671266704714,0.140362322223071,0.244375989384005
