"","bcubed.precision","bcubed.recall","bcubed.f1"
"majority-vote",0.957568286511386,0.780186303846425,0.859824127387338
