"","bcubed.precision","bcubed.recall","bcubed.f1"
"majority-vote",0.99764817783477,0.229487871469825,0.373142255802514
