"","bcubed.precision","bcubed.recall","bcubed.f1"
"majority-vote",0.970568839083755,0.798528555371031,0.876183454219086
