"","bcubed.precision","bcubed.recall","bcubed.f1"
"majority-vote",0.992790750023655,0.658772134765377,0.792004818940875
