"","bcubed.precision","bcubed.recall","bcubed.f1"
"majority-vote",0.691143596879922,0.649397712784181,0.669620649186432
