"","bcubed.precision","bcubed.recall","bcubed.f1"
"majority-vote",0.970033667234017,0.226836065383861,0.367690174408468
