"","bcubed.precision","bcubed.recall","bcubed.f1"
"majority-vote",0.942384286203699,0.623147899430879,0.750217458054326
