"","bcubed.precision","bcubed.recall","bcubed.f1"
"majority-vote",0.998760228118026,0.682241323933361,0.810701809872449
