"","bcubed.precision","bcubed.recall","bcubed.f1"
"majority-vote",0.975528292884688,0.296896506856433,0.455242529941274
