"","bcubed.precision","bcubed.recall","bcubed.f1"
"majority-vote",0.970841482211023,0.633500609126293,0.76670514806863
