"","bcubed.precision","bcubed.recall","bcubed.f1"
"majority-vote",0.96368824505346,0.356683193097665,0.520658642658416
