"","bcubed.precision","bcubed.recall","bcubed.f1"
"majority-vote",0.992615442994472,0.213302355331714,0.351147005580697
