"","bcubed.precision","bcubed.recall","bcubed.f1"
"majority-vote",0.999772356489737,0.59444615872205,0.745582655377533
