"","bcubed.precision","bcubed.recall","bcubed.f1"
"majority-vote",0.943858910343003,0.101775091504352,0.183737955723785
