"","bcubed.precision","bcubed.recall","bcubed.f1"
"majority-vote",0.963925648863658,0.0726488646090001,0.135114462196905
