"","bcubed.precision","bcubed.recall","bcubed.f1"
"majority-vote",0.879429826856422,0.776592054721107,0.824817864810903
