"","bcubed.precision","bcubed.recall","bcubed.f1"
"majority-vote",0.99041146000573,0.241899277683847,0.38883020241205
