"","bcubed.precision","bcubed.recall","bcubed.f1"
"majority-vote",0.982241143271178,0.421251166681137,0.589629490138433
