"","bcubed.precision","bcubed.recall","bcubed.f1"
"majority-vote",0.998474617125995,0.284078184212894,0.442312949485921
