"","bcubed.precision","bcubed.recall","bcubed.f1"
"majority-vote",0.960247016061223,0.861694381115032,0.908305239131009
