"","bcubed.precision","bcubed.recall","bcubed.f1"
"majority-vote",0.959443236754161,0.765556329554008,0.851603510042522
