"","bcubed.precision","bcubed.recall","bcubed.f1"
"majority-vote",0.973115278778875,0.343514000292482,0.507779566310174
