"","bcubed.precision","bcubed.recall","bcubed.f1"
"majority-vote",0.980872806621954,0.681441658911103,0.80418910667533
