"","bcubed.precision","bcubed.recall","bcubed.f1"
"majority-vote",0.990466276046063,0.288481782405128,0.446822644340943
