"","bcubed.precision","bcubed.recall","bcubed.f1"
"majority-vote",0.965333985196492,0.416506119113169,0.581930587436677
