"","bcubed.precision","bcubed.recall","bcubed.f1"
"majority-vote",0.980898072416449,0.680775574374801,0.803733573005666
