"","bcubed.precision","bcubed.recall","bcubed.f1"
"majority-vote",0.946429076305806,0.581846491951425,0.720650711647932
