"","bcubed.precision","bcubed.recall","bcubed.f1"
"majority-vote",0.875198976075358,0.714854677662751,0.786942101560261
