"","bcubed.precision","bcubed.recall","bcubed.f1"
"majority-vote",0.961016843412651,0.212264570288033,0.347725319645416
