"","bcubed.precision","bcubed.recall","bcubed.f1"
"majority-vote",0.874628418437897,0.380943989454755,0.530729150968602
