"","bcubed.precision","bcubed.recall","bcubed.f1"
"majority-vote",0.870356582193317,0.744126343808133,0.80230673348883
