"","bcubed.precision","bcubed.recall","bcubed.f1"
"majority-vote",0.999066985645933,0.104785276279521,0.189676669104343
