"","bcubed.precision","bcubed.recall","bcubed.f1"
"majority-vote",0.772126550262359,0.554016580324614,0.645135356942738
