"","bcubed.precision","bcubed.recall","bcubed.f1"
"majority-vote",0.999682055892381,0.424799512461356,0.596237198702727
