"","bcubed.precision","bcubed.recall","bcubed.f1"
"majority-vote",0.971085562270852,0.25029803445049,0.398008959956742
