"","bcubed.precision","bcubed.recall","bcubed.f1"
"majority-vote",0.995576109159245,0.415132818519301,0.585941306724236
