"","bcubed.precision","bcubed.recall","bcubed.f1"
"majority-vote",0.973580177727187,0.295619088778297,0.453528287618309
