"","bcubed.precision","bcubed.recall","bcubed.f1"
"majority-vote",0.958482128151245,0.493093808700532,0.651184124981467
