"","bcubed.precision","bcubed.recall","bcubed.f1"
"majority-vote",0.810257958212149,0.393768977784122,0.529978920583943
