"","bcubed.precision","bcubed.recall","bcubed.f1"
"majority-vote",0.980819917662023,0.548006456868544,0.703148057697661
