"","bcubed.precision","bcubed.recall","bcubed.f1"
"majority-vote",0.86243830207305,0.183150494813371,0.302137900178441
