"","bcubed.precision","bcubed.recall","bcubed.f1"
"majority-vote",0.996074881599666,0.384514407960434,0.554842988104873
