"","bcubed.precision","bcubed.recall","bcubed.f1"
"majority-vote",0.969401392296491,0.604481039450794,0.744636002588687
