"","bcubed.precision","bcubed.recall","bcubed.f1"
"majority-vote",0.982511727370073,0.413454175517859,0.58199641600993
