"","bcubed.precision","bcubed.recall","bcubed.f1"
"majority-vote",0.99228333604283,0.727639186435047,0.839600888894745
