"","bcubed.precision","bcubed.recall","bcubed.f1"
"majority-vote",0.837115089990788,0.584069965789672,0.688064907499937
