"","bcubed.precision","bcubed.recall","bcubed.f1"
"majority-vote",0.851258510218644,0.463036410033764,0.599810101231514
