"","bcubed.precision","bcubed.recall","bcubed.f1"
"majority-vote",0.919637396515722,0.317355216294061,0.47187302795677
