"","bcubed.precision","bcubed.recall","bcubed.f1"
"majority-vote",0.98817382249577,0.607111203636737,0.752130671259609
