"","bcubed.precision","bcubed.recall","bcubed.f1"
"majority-vote",0.963282286235691,0.297427200400327,0.454516058818276
