"","bcubed.precision","bcubed.recall","bcubed.f1"
"majority-vote",0.958225377107365,0.499715225960325,0.656871493714608
