"","bcubed.precision","bcubed.recall","bcubed.f1"
"majority-vote",0.967928052405599,0.384786174638998,0.550663732464236
