"","bcubed.precision","bcubed.recall","bcubed.f1"
"majority-vote",0.993929921187931,0.874768605323315,0.930549982901639
