"","bcubed.precision","bcubed.recall","bcubed.f1"
"majority-vote",0.839192905134687,0.610064680194408,0.706516158997578
