"","bcubed.precision","bcubed.recall","bcubed.f1"
"majority-vote",0.992146533928734,0.0964522746505718,0.17581277736101
