"","bcubed.precision","bcubed.recall","bcubed.f1"
"majority-vote",0.919624863749513,0.377523841699323,0.535297626288425
