"","bcubed.precision","bcubed.recall","bcubed.f1"
"majority-vote",0.737000273199162,0.239272939164897,0.361259981940252
