{
      "avg_bcuded_f1": 0.54246604711129,
      "avg_bcuded_recall": 0.4162146280138668,
      "avg_bcuded_precision": 0.9337422730922886,
      "avg_bcuded_f1star": 0.5757771859790187
}