"","bcubed.precision","bcubed.recall","bcubed.f1"
"majority-vote",0.815404076818627,0.271894258617893,0.407806541617854
