"","bcubed.precision","bcubed.recall","bcubed.f1"
"majority-vote",0.969808305511211,0.522059469570382,0.678743274728142
