"","bcubed.precision","bcubed.recall","bcubed.f1"
"majority-vote",0.929312440264189,0.490379556789883,0.641992521647948
