"","bcubed.precision","bcubed.recall","bcubed.f1"
"majority-vote",0.991635125329953,0.33804880040777,0.50421165221504
