"","bcubed.precision","bcubed.recall","bcubed.f1"
"majority-vote",0.898695905629298,0.229286673386459,0.365358469928806
