"","bcubed.precision","bcubed.recall","bcubed.f1"
"majority-vote",0.960613234694009,0.395673075856182,0.560484597275554
