"","bcubed.precision","bcubed.recall","bcubed.f1"
"majority-vote",0.957232842910716,0.490792345233098,0.648887264880418
