"","bcubed.precision","bcubed.recall","bcubed.f1"
"majority-vote",0.982615561821728,0.553286516026793,0.707946097130905
