"","bcubed.precision","bcubed.recall","bcubed.f1"
"majority-vote",0.998647119791907,0.844632222210315,0.915205326478131
