"","bcubed.precision","bcubed.recall","bcubed.f1"
"majority-vote",0.958002746265033,0.724534640415537,0.825070730406312
