"","bcubed.precision","bcubed.recall","bcubed.f1"
"majority-vote",0.901138522196078,0.695686447116172,0.785195458380283
