"","bcubed.precision","bcubed.recall","bcubed.f1"
"majority-vote",0.95734044851613,0.850646933305973,0.900845575414684
