"","bcubed.precision","bcubed.recall","bcubed.f1"
"majority-vote",0.791951404707669,0.382895275286323,0.516211104448938
