"","bcubed.precision","bcubed.recall","bcubed.f1"
"majority-vote",0.933804989313732,0.388726294265704,0.548939080034925
