"","bcubed.precision","bcubed.recall","bcubed.f1"
"majority-vote",0.96991211341997,0.468076870010863,0.631428239668538
