"","bcubed.precision","bcubed.recall","bcubed.f1"
"majority-vote",0.999330865848767,0.626229163929093,0.7699625004861
