"","bcubed.precision","bcubed.recall","bcubed.f1"
"majority-vote",0.932122173631344,0.448318868392055,0.605441225469539
