"","bcubed.precision","bcubed.recall","bcubed.f1"
"majority-vote",0.996542428957216,0.597362165427047,0.746966594361037
