"","bcubed.precision","bcubed.recall","bcubed.f1"
"majority-vote",0.855077547136201,0.648771739219455,0.737773595341337
