"","bcubed.precision","bcubed.recall","bcubed.f1"
"majority-vote",0.857358974017393,0.110636122744089,0.195982134625435
