"","bcubed.precision","bcubed.recall","bcubed.f1"
"majority-vote",0.979593597918651,0.330746824977943,0.494524120020805
