"","bcubed.precision","bcubed.recall","bcubed.f1"
"majority-vote",0.988390740142246,0.381245199521027,0.550247279613453
