"","bcubed.precision","bcubed.recall","bcubed.f1"
"majority-vote",0.932729608701618,0.67762089003092,0.784968325968838
