"","bcubed.precision","bcubed.recall","bcubed.f1"
"majority-vote",0.951638314067728,0.287445076545838,0.441525970089386
