"","bcubed.precision","bcubed.recall","bcubed.f1"
"majority-vote",0.91810194906305,0.437950568106704,0.593020203983297
