"","bcubed.precision","bcubed.recall","bcubed.f1"
"majority-vote",0.960917974031104,0.545206503865608,0.695691142148809
