"","bcubed.precision","bcubed.recall","bcubed.f1"
"majority-vote",0.93584368421958,0.642437592610279,0.76186820736691
