"","bcubed.precision","bcubed.recall","bcubed.f1"
"majority-vote",0.860485430494572,0.816735091414882,0.838039646612551
