"","bcubed.precision","bcubed.recall","bcubed.f1"
"majority-vote",0.984773402701113,0.384500848420561,0.55306116876207
