"","bcubed.precision","bcubed.recall","bcubed.f1"
"majority-vote",0.984804641201278,0.407648818692394,0.576614529952252
