"","bcubed.precision","bcubed.recall","bcubed.f1"
"majority-vote",0.949117186534869,0.443482916071105,0.604505567377201
