"","bcubed.precision","bcubed.recall","bcubed.f1"
"majority-vote",0.996638451895835,0.115370846976653,0.20680226764526
