"","bcubed.precision","bcubed.recall","bcubed.f1"
"majority-vote",0.96216148045766,0.7838828964851,0.863920686263598
