"","bcubed.precision","bcubed.recall","bcubed.f1"
"majority-vote",0.765836365804058,0.819285817233757,0.791659948411863
