"","bcubed.precision","bcubed.recall","bcubed.f1"
"majority-vote",0.999523508633816,0.374973797436475,0.545355926132728
