"","bcubed.precision","bcubed.recall","bcubed.f1"
"majority-vote",0.983996515508179,0.809331454678466,0.888158044188528
