"","bcubed.precision","bcubed.recall","bcubed.f1"
"majority-vote",0.991758630149568,0.263866963075309,0.416831799627753
