"","bcubed.precision","bcubed.recall","bcubed.f1"
"majority-vote",0.990675153157233,0.176268034608319,0.299285113471015
