"","bcubed.precision","bcubed.recall","bcubed.f1"
"majority-vote",0.981075140654085,0.397468695910368,0.565737042817105
