"","bcubed.precision","bcubed.recall","bcubed.f1"
"majority-vote",0.999645140685157,0.324266341957854,0.489687229509931
