"","bcubed.precision","bcubed.recall","bcubed.f1"
"majority-vote",0.957277610670742,0.652415948884392,0.77597773440075
