"","bcubed.precision","bcubed.recall","bcubed.f1"
"majority-vote",0.959227928426487,0.720214867495223,0.82271360125755
