"","bcubed.precision","bcubed.recall","bcubed.f1"
"majority-vote",0.980305446463618,0.449136926986768,0.616032354868963
