"","bcubed.precision","bcubed.recall","bcubed.f1"
"majority-vote",0.987302445469048,0.626569825525222,0.7666206701935
