"","bcubed.precision","bcubed.recall","bcubed.f1"
"majority-vote",0.992730823940878,0.369689559740077,0.538750338205524
