"","bcubed.precision","bcubed.recall","bcubed.f1"
"majority-vote",0.959230147847146,0.446090529633565,0.608976287833052
