"","bcubed.precision","bcubed.recall","bcubed.f1"
"majority-vote",0.984803955032076,0.391238125699616,0.560001556556242
