"","bcubed.precision","bcubed.recall","bcubed.f1"
"majority-vote",0.91069569952508,0.833729984244659,0.870514941715277
