"","bcubed.precision","bcubed.recall","bcubed.f1"
"majority-vote",0.88917719874546,0.415638629541224,0.566480547359925
