"","bcubed.precision","bcubed.recall","bcubed.f1"
"majority-vote",0.994627202187496,0.602747752587568,0.750618142583054
