"","bcubed.precision","bcubed.recall","bcubed.f1"
"majority-vote",0.976104608675395,0.69337215971025,0.810797458744927
