"","bcubed.precision","bcubed.recall","bcubed.f1"
"majority-vote",0.959625368817617,0.392543241199443,0.557170828877807
