"","bcubed.precision","bcubed.recall","bcubed.f1"
"majority-vote",0.995622652412598,0.263725202721553,0.416994851376806
