"","bcubed.precision","bcubed.recall","bcubed.f1"
"majority-vote",0.839208180454619,0.650789199341724,0.733085342624878
