"","bcubed.precision","bcubed.recall","bcubed.f1"
"majority-vote",0.502362378987395,0.428532497334929,0.46251969005369
