"","bcubed.precision","bcubed.recall","bcubed.f1"
"majority-vote",0.909068656853235,0.415417703272128,0.570248550556466
