"","bcubed.precision","bcubed.recall","bcubed.f1"
"majority-vote",0.979049569491959,0.368689667054775,0.53566068274602
