"","bcubed.precision","bcubed.recall","bcubed.f1"
"majority-vote",0.931236327323159,0.829849400406742,0.877624406010316
