"","bcubed.precision","bcubed.recall","bcubed.f1"
"majority-vote",0.94033547172035,0.927708699720841,0.933979411309153
