"","bcubed.precision","bcubed.recall","bcubed.f1"
"majority-vote",0.960383916976271,0.567886740834547,0.713733905410207
