"","bcubed.precision","bcubed.recall","bcubed.f1"
"majority-vote",0.992760617734353,0.357785005310648,0.526002019965011
