"","bcubed.precision","bcubed.recall","bcubed.f1"
"majority-vote",0.980332980518923,0.487718429567824,0.651375637701926
