"","bcubed.precision","bcubed.recall","bcubed.f1"
"majority-vote",0.993732697252361,0.173904160520324,0.296006843817725
