"","bcubed.precision","bcubed.recall","bcubed.f1"
"majority-vote",0.985518735335796,0.337343322653759,0.502634666566773
