"","bcubed.precision","bcubed.recall","bcubed.f1"
"majority-vote",0.938640285308168,0.486994499318797,0.641275957507887
