"","bcubed.precision","bcubed.recall","bcubed.f1"
"majority-vote",0.962449205775632,0.727575155964634,0.828691167835205
