"","bcubed.precision","bcubed.recall","bcubed.f1"
"majority-vote",0.714732486478532,0.524779736310412,0.605201173317602
