"","bcubed.precision","bcubed.recall","bcubed.f1"
"majority-vote",0.97031876227934,0.880434348003137,0.923193873970831
