"","bcubed.precision","bcubed.recall","bcubed.f1"
"majority-vote",0.983267941614621,0.539526373978809,0.696744112788744
