"","bcubed.precision","bcubed.recall","bcubed.f1"
"majority-vote",0.943876636184328,0.790964303132713,0.860681470978765
