"","bcubed.precision","bcubed.recall","bcubed.f1"
"majority-vote",0.983391308117915,0.713850627414777,0.827217955905486
