"","bcubed.precision","bcubed.recall","bcubed.f1"
"majority-vote",0.907785355523478,0.828098796868639,0.866113052173487
