"","bcubed.precision","bcubed.recall","bcubed.f1"
"majority-vote",0.898787652735881,0.825903002448991,0.860805291345509
