"","bcubed.precision","bcubed.recall","bcubed.f1"
"majority-vote",0.946735146556386,0.747193114923481,0.835211265139415
