"","bcubed.precision","bcubed.recall","bcubed.f1"
"majority-vote",0.943873418493869,0.513226998164842,0.664911375609962
