"","bcubed.precision","bcubed.recall","bcubed.f1"
"majority-vote",0.997273373544606,0.0179571378747877,0.0352790332169149
