"","bcubed.precision","bcubed.recall","bcubed.f1"
"majority-vote",0.91705687770887,0.878919492652936,0.897583263333682
