"","bcubed.precision","bcubed.recall","bcubed.f1"
"majority-vote",0.97616109609642,0.598611928506357,0.742128125308157
