"","bcubed.precision","bcubed.recall","bcubed.f1"
"majority-vote",0.934051206549173,0.161759535430921,0.275762380221
