"","bcubed.precision","bcubed.recall","bcubed.f1"
"majority-vote",0.969057890531035,0.41170659718482,0.577893667073708
