"","bcubed.precision","bcubed.recall","bcubed.f1"
"majority-vote",0.799742643491834,0.470576430192988,0.59251261520594
