"","bcubed.precision","bcubed.recall","bcubed.f1"
"majority-vote",0.997916910283012,0.930943854466165,0.963267677868535
