"","bcubed.precision","bcubed.recall","bcubed.f1"
"majority-vote",0.894329280512007,0.439574335401601,0.589434190628536
