"","bcubed.precision","bcubed.recall","bcubed.f1"
"majority-vote",0.828617675440446,0.378686294322151,0.519813012764432
