"","bcubed.precision","bcubed.recall","bcubed.f1"
"majority-vote",0.979776177606878,0.624215053878109,0.762586512305494
