"","bcubed.precision","bcubed.recall","bcubed.f1"
"majority-vote",0.986288162348259,0.574863407417926,0.726362493794759
