"","bcubed.precision","bcubed.recall","bcubed.f1"
"majority-vote",0.985623780812561,0.506029787027767,0.66872764916347
