"","bcubed.precision","bcubed.recall","bcubed.f1"
"majority-vote",0.932210068773254,0.586453126275357,0.719972026661173
