"","bcubed.precision","bcubed.recall","bcubed.f1"
"majority-vote",0.998964484294291,0.364733092966016,0.53436394138333
