"","bcubed.precision","bcubed.recall","bcubed.f1"
"majority-vote",0.964767747283006,0.66698537243063,0.788705065069579
