"","bcubed.precision","bcubed.recall","bcubed.f1"
"majority-vote",0.984092894122153,0.918532052962067,0.950182922523606
