"","bcubed.precision","bcubed.recall","bcubed.f1"
"majority-vote",0.882645357822604,0.697400184162097,0.77916366172851
