"","bcubed.precision","bcubed.recall","bcubed.f1"
"majority-vote",0.954900879751696,0.711746801035096,0.815586466538651
