"","bcubed.precision","bcubed.recall","bcubed.f1"
"majority-vote",0.996564424257761,0.0254150900583962,0.0495661101552558
