"","bcubed.precision","bcubed.recall","bcubed.f1"
"majority-vote",0.998383533000008,0.459080160793081,0.62895298842055
