"","bcubed.precision","bcubed.recall","bcubed.f1"
"majority-vote",0.972692327293126,0.212669896838339,0.349028124381886
