"","bcubed.precision","bcubed.recall","bcubed.f1"
"majority-vote",0.985705997817307,0.789657131961791,0.876856974370984
