"","bcubed.precision","bcubed.recall","bcubed.f1"
"majority-vote",0.923365607971311,0.303439403483378,0.456772684597449
