"","bcubed.precision","bcubed.recall","bcubed.f1"
"majority-vote",0.906841744180428,0.748512346077593,0.820105191333156
