"","bcubed.precision","bcubed.recall","bcubed.f1"
"majority-vote",0.973696459873805,0.113879265420503,0.203910100260775
