"","bcubed.precision","bcubed.recall","bcubed.f1"
"majority-vote",0.988812400106187,0.759418373195228,0.859065422885611
