"","bcubed.precision","bcubed.recall","bcubed.f1"
"majority-vote",0.940892336959753,0.290415443714221,0.443836496145439
