"","bcubed.precision","bcubed.recall","bcubed.f1"
"majority-vote",0.986897761276087,0.93984953360496,0.962799224491319
