"","bcubed.precision","bcubed.recall","bcubed.f1"
"majority-vote",0.91451346858432,0.774110444241811,0.838474952360597
