"","bcubed.precision","bcubed.recall","bcubed.f1"
"majority-vote",0.925021078055915,0.840236546288411,0.880592730659782
