"","bcubed.precision","bcubed.recall","bcubed.f1"
"majority-vote",0.955828698944029,0.167105223734145,0.284476166162334
