"","bcubed.precision","bcubed.recall","bcubed.f1"
"majority-vote",0.976233020722252,0.2071929760642,0.341835696435332
