"","bcubed.precision","bcubed.recall","bcubed.f1"
"majority-vote",0.979307846331125,0.762507953638369,0.857415602615411
