"","bcubed.precision","bcubed.recall","bcubed.f1"
"majority-vote",0.977697110619879,0.331012888395881,0.494579157805756
