"","bcubed.precision","bcubed.recall","bcubed.f1"
"majority-vote",0.969518351611429,0.427601682525289,0.593460358822145
