"","bcubed.precision","bcubed.recall","bcubed.f1"
"majority-vote",0.992857394209934,0.620678832062358,0.763844725403399
