"","bcubed.precision","bcubed.recall","bcubed.f1"
"majority-vote",0.907888918296732,0.417693792862919,0.572155268153467
