"","bcubed.precision","bcubed.recall","bcubed.f1"
"majority-vote",0.956652021795927,0.770934844251421,0.853811049297288
