"","bcubed.precision","bcubed.recall","bcubed.f1"
"majority-vote",0.988916131499331,0.922830972333887,0.954731338008408
