"","bcubed.precision","bcubed.recall","bcubed.f1"
"majority-vote",0.686443098197883,0.623033563623131,0.653203072897815
