"","bcubed.precision","bcubed.recall","bcubed.f1"
"majority-vote",0.952966237487511,0.436301971751984,0.598561236287808
