"","bcubed.precision","bcubed.recall","bcubed.f1"
"majority-vote",0.881672928834368,0.838200598087622,0.859387349939893
