"","bcubed.precision","bcubed.recall","bcubed.f1"
"majority-vote",0.936641762453875,0.213404767151358,0.347609965466909
