"","bcubed.precision","bcubed.recall","bcubed.f1"
"majority-vote",0.998623454210822,0.542953969781703,0.70344383660812
