"","bcubed.precision","bcubed.recall","bcubed.f1"
"majority-vote",0.790618440430155,0.781739426557576,0.786153863855139
