"","bcubed.precision","bcubed.recall","bcubed.f1"
"majority-vote",0.966424253913808,0.148244467460129,0.25705762818107
