"","bcubed.precision","bcubed.recall","bcubed.f1"
"majority-vote",0.902276945153382,0.787512599371629,0.840997584264927
