"","bcubed.precision","bcubed.recall","bcubed.f1"
"majority-vote",0.980871560184017,0.737845066197908,0.842176342680934
