"","bcubed.precision","bcubed.recall","bcubed.f1"
"majority-vote",0.928873094171476,0.461597732960078,0.616720187307605
