"","bcubed.precision","bcubed.recall","bcubed.f1"
"majority-vote",0.928948799135146,0.174211310479277,0.293399636653012
