"","bcubed.precision","bcubed.recall","bcubed.f1"
"majority-vote",0.879089130092671,0.140692582233834,0.242564302205948
