"","bcubed.precision","bcubed.recall","bcubed.f1"
"majority-vote",0.997578853210864,0.875746790649796,0.932701137127549
