"","bcubed.precision","bcubed.recall","bcubed.f1"
"majority-vote",0.920774010992583,0.186663400795071,0.31040094261968
