"","bcubed.precision","bcubed.recall","bcubed.f1"
"majority-vote",0.973846340854856,0.972328265097286,0.973086710903295
