"","bcubed.precision","bcubed.recall","bcubed.f1"
"majority-vote",0.987688680497275,0.443570525715731,0.612201598913525
