"","bcubed.precision","bcubed.recall","bcubed.f1"
"majority-vote",0.874347093301354,0.760565322667117,0.81349688539233
