"","bcubed.precision","bcubed.recall","bcubed.f1"
"majority-vote",0.953398186896878,0.747720437710886,0.838125336242992
