"","bcubed.precision","bcubed.recall","bcubed.f1"
"majority-vote",0.91563686760348,0.558384858903773,0.6937180828879
