"","bcubed.precision","bcubed.recall","bcubed.f1"
"majority-vote",0.958718516218155,0.524365168165182,0.677936924629894
