"","bcubed.precision","bcubed.recall","bcubed.f1"
"majority-vote",0.839614708177786,0.234937003132642,0.367142057937482
