"","bcubed.precision","bcubed.recall","bcubed.f1"
"majority-vote",0.962074102772096,0.536296669768194,0.68869087256976
