"","bcubed.precision","bcubed.recall","bcubed.f1"
"majority-vote",0.875440158819673,0.533378524570473,0.662883003705407
