"","bcubed.precision","bcubed.recall","bcubed.f1"
"majority-vote",0.506125858031803,0.421127634994034,0.459730995257238
