"","bcubed.precision","bcubed.recall","bcubed.f1"
"majority-vote",0.957904302156006,0.536298251155494,0.687620832774059
