"","bcubed.precision","bcubed.recall","bcubed.f1"
"majority-vote",0.990207487576133,0.425136342067489,0.594870561257126
