"","bcubed.precision","bcubed.recall","bcubed.f1"
"majority-vote",0.895294636118831,0.400231501441284,0.5531731179442
