"","bcubed.precision","bcubed.recall","bcubed.f1"
"majority-vote",0.983759152170848,0.945453732406374,0.964226156319379
