"","bcubed.precision","bcubed.recall","bcubed.f1"
"majority-vote",0.988735439919666,0.824509821553063,0.899185673833472
