"","bcubed.precision","bcubed.recall","bcubed.f1"
"majority-vote",0.714898561533167,0.710159056192558,0.712520927458421
