"","bcubed.precision","bcubed.recall","bcubed.f1"
"majority-vote",0.944206351783604,0.508690765596574,0.661174210099651
