"","bcubed.precision","bcubed.recall","bcubed.f1"
"majority-vote",0.919904695642585,0.657947075561765,0.767180562001204
