"","bcubed.precision","bcubed.recall","bcubed.f1"
"majority-vote",0.942415575245845,0.41920557298417,0.580287492925166
