"","bcubed.precision","bcubed.recall","bcubed.f1"
"majority-vote",0.80067333114755,0.471645527061044,0.59361533916822
