"","bcubed.precision","bcubed.recall","bcubed.f1"
"majority-vote",0.965328654989018,0.91374309827565,0.938827795725683
