"","bcubed.precision","bcubed.recall","bcubed.f1"
"majority-vote",0.982949760023212,0.394566976353662,0.563099531901161
