"","bcubed.precision","bcubed.recall","bcubed.f1"
"majority-vote",0.965470706838749,0.878552910360756,0.919963379481458
