"","bcubed.precision","bcubed.recall","bcubed.f1"
"majority-vote",0.898271346696638,0.641749088682132,0.748645673640112
