"","bcubed.precision","bcubed.recall","bcubed.f1"
"majority-vote",0.999878748897053,0.33301429054828,0.499625854955048
