"","bcubed.precision","bcubed.recall","bcubed.f1"
"majority-vote",0.917405675572831,0.276514463469226,0.42494624199602
