"","bcubed.precision","bcubed.recall","bcubed.f1"
"majority-vote",0.934798916771266,0.658946022751918,0.772999509524424
