"","bcubed.precision","bcubed.recall","bcubed.f1"
"majority-vote",0.744787757539456,0.706164750899863,0.724962199957647
