"","bcubed.precision","bcubed.recall","bcubed.f1"
"majority-vote",0.983426425548438,0.367070844378232,0.534598886570919
