"","bcubed.precision","bcubed.recall","bcubed.f1"
"majority-vote",0.908785061500511,0.839900316537416,0.872985924632349
