"","bcubed.precision","bcubed.recall","bcubed.f1"
"majority-vote",0.943873854752094,0.873429828720582,0.907286533106675
