"","bcubed.precision","bcubed.recall","bcubed.f1"
"majority-vote",0.983177062186205,0.263626298633756,0.415769379439757
