"","bcubed.precision","bcubed.recall","bcubed.f1"
"majority-vote",0.666401507245757,0.533939594669863,0.592861729217364
