"","bcubed.precision","bcubed.recall","bcubed.f1"
"majority-vote",0.992570729007698,0.467534448159331,0.635654219028404
