"","bcubed.precision","bcubed.recall","bcubed.f1"
"majority-vote",0.950313884653203,0.712560548810684,0.814440548923871
