"","bcubed.precision","bcubed.recall","bcubed.f1"
"majority-vote",0.973910507187278,0.329539431586942,0.492449929081071
