"","bcubed.precision","bcubed.recall","bcubed.f1"
"majority-vote",0.878347207136031,0.72135938661347,0.792150266866398
