"","bcubed.precision","bcubed.recall","bcubed.f1"
"majority-vote",0.707484370992525,0.654510645100759,0.679967322325807
