"","bcubed.precision","bcubed.recall","bcubed.f1"
"majority-vote",0.931027737734572,0.488611220913923,0.64088210156235
