"","bcubed.precision","bcubed.recall","bcubed.f1"
"majority-vote",0.991619528253804,0.479442397704315,0.64636904245452
