"","bcubed.precision","bcubed.recall","bcubed.f1"
"majority-vote",0.741918901105358,0.545820291367299,0.628938519755166
