"","bcubed.precision","bcubed.recall","bcubed.f1"
"majority-vote",0.447292610411873,0.658325902760209,0.532668923392992
