"","bcubed.precision","bcubed.recall","bcubed.f1"
"majority-vote",0.98343248575101,0.382071259338702,0.550333588840934
