"","bcubed.precision","bcubed.recall","bcubed.f1"
"majority-vote",0.991072108766972,0.689655726739136,0.813336390322537
