"","bcubed.precision","bcubed.recall","bcubed.f1"
"majority-vote",0.962441324464212,0.470974926731914,0.632455132129346
