"","bcubed.precision","bcubed.recall","bcubed.f1"
"majority-vote",0.979339882189459,0.596323325519634,0.741279243564144
