"","bcubed.precision","bcubed.recall","bcubed.f1"
"majority-vote",0.978342815105476,0.548772426442586,0.703139548255508
