"","bcubed.precision","bcubed.recall","bcubed.f1"
"majority-vote",0.90895167092954,0.574015418281487,0.703659949545962
