"","bcubed.precision","bcubed.recall","bcubed.f1"
"majority-vote",0.997288337358426,0.766127453303692,0.866556802038166
