"","bcubed.precision","bcubed.recall","bcubed.f1"
"majority-vote",0.975732387720333,0.617154995342771,0.75608373021494
