"","bcubed.precision","bcubed.recall","bcubed.f1"
"majority-vote",0.974384870702164,0.630327012342041,0.765472121083635
