"","bcubed.precision","bcubed.recall","bcubed.f1"
"majority-vote",0.971183866018151,0.258734532098788,0.408610528211982
