"","bcubed.precision","bcubed.recall","bcubed.f1"
"majority-vote",0.834650428020456,0.919824575424088,0.875170035565247
