"","bcubed.precision","bcubed.recall","bcubed.f1"
"majority-vote",0.887532858042305,0.371549071656883,0.523813425786173
