"","bcubed.precision","bcubed.recall","bcubed.f1"
"majority-vote",0.991133687406038,0.446132482623687,0.61530277661135
