"","bcubed.precision","bcubed.recall","bcubed.f1"
"majority-vote",0.993190246095067,0.782102106353208,0.875096636798074
