"","bcubed.precision","bcubed.recall","bcubed.f1"
"majority-vote",0.991252708014944,0.715711657306049,0.831243033394049
