"","bcubed.precision","bcubed.recall","bcubed.f1"
"majority-vote",0.948671507877998,0.585079518720144,0.723778839755848
