"","bcubed.precision","bcubed.recall","bcubed.f1"
"majority-vote",0.953378076301106,0.605419034275161,0.740562360986088
