"","bcubed.precision","bcubed.recall","bcubed.f1"
"majority-vote",0.934162792979081,0.734435844290939,0.822345918595819
