"","bcubed.precision","bcubed.recall","bcubed.f1"
"majority-vote",0.704679550682337,0.487760566466005,0.576489992033819
