"","bcubed.precision","bcubed.recall","bcubed.f1"
"majority-vote",0.467769092638188,0.47733706832473,0.472504648801231
