"","bcubed.precision","bcubed.recall","bcubed.f1"
"majority-vote",0.709581505591814,0.284967572312971,0.406631957133121
