"","bcubed.precision","bcubed.recall","bcubed.f1"
"majority-vote",0.949832406010383,0.461263733718407,0.620968663534568
