"","bcubed.precision","bcubed.recall","bcubed.f1"
"majority-vote",0.925111759388539,0.632732796515647,0.751485183022872
