"","bcubed.precision","bcubed.recall","bcubed.f1"
"majority-vote",0.942175996040418,0.641241602255032,0.763111949693586
