"","bcubed.precision","bcubed.recall","bcubed.f1"
"majority-vote",0.988243730618588,0.621254375402071,0.762909554616876
