"","bcubed.precision","bcubed.recall","bcubed.f1"
"majority-vote",0.920101872466149,0.252243201625289,0.395940491006291
