"","bcubed.precision","bcubed.recall","bcubed.f1"
"majority-vote",0.587120986550001,0.231410048716635,0.331974452394065
