"","bcubed.precision","bcubed.recall","bcubed.f1"
"majority-vote",0.841381237153177,0.850328717432717,0.845831315611719
