"","bcubed.precision","bcubed.recall","bcubed.f1"
"majority-vote",0.798088873891001,0.442605920382857,0.569421040865388
