"","bcubed.precision","bcubed.recall","bcubed.f1"
"majority-vote",0.918669174110755,0.504296779810908,0.651149670782784
