"","bcubed.precision","bcubed.recall","bcubed.f1"
"majority-vote",0.942003921252798,0.482415760911309,0.638066918258505
