"","bcubed.precision","bcubed.recall","bcubed.f1"
"majority-vote",0.836237460328763,0.675569345065991,0.747365855713869
