"","bcubed.precision","bcubed.recall","bcubed.f1"
"majority-vote",0.76163405324223,0.511857844195886,0.61225103252404
