"","bcubed.precision","bcubed.recall","bcubed.f1"
"majority-vote",0.958509988359859,0.584495393272309,0.726173322881367
