"","bcubed.precision","bcubed.recall","bcubed.f1"
"majority-vote",0.888912174470899,0.341532967431174,0.4934682618413
