"","bcubed.precision","bcubed.recall","bcubed.f1"
"majority-vote",0.957293933585135,0.600642197571047,0.738144678066222
