"","bcubed.precision","bcubed.recall","bcubed.f1"
"majority-vote",0.956936209280096,0.955163363123756,0.956048964334817
