"","bcubed.precision","bcubed.recall","bcubed.f1"
"majority-vote",0.965691744966648,0.329183564832889,0.490996853105536
