"","bcubed.precision","bcubed.recall","bcubed.f1"
"majority-vote",0.984531099132005,0.347423013790823,0.513604422723909
