"","bcubed.precision","bcubed.recall","bcubed.f1"
"majority-vote",0.929747595258904,0.621803019215427,0.745215601021353
