"","bcubed.precision","bcubed.recall","bcubed.f1"
"majority-vote",0.998792918999734,0.545480524047102,0.705603126601182
