"","bcubed.precision","bcubed.recall","bcubed.f1"
"majority-vote",0.966444167362942,0.549602157092907,0.700717109397273
