"","bcubed.precision","bcubed.recall","bcubed.f1"
"majority-vote",0.995081576878635,0.352751839981747,0.520860890945305
