"","bcubed.precision","bcubed.recall","bcubed.f1"
"majority-vote",0.983653841908844,0.181881876598265,0.306998410857166
