"","bcubed.precision","bcubed.recall","bcubed.f1"
"majority-vote",0.943967831583218,0.368269708934367,0.529835106597301
