"","bcubed.precision","bcubed.recall","bcubed.f1"
"majority-vote",0.998302725166928,0.0917544178419377,0.168062171722251
