"","bcubed.precision","bcubed.recall","bcubed.f1"
"majority-vote",0.689029825033794,0.469628491460245,0.558556448774088
