"","bcubed.precision","bcubed.recall","bcubed.f1"
"majority-vote",0.993595886224452,0.264863271037939,0.418236944753508
