"","bcubed.precision","bcubed.recall","bcubed.f1"
"majority-vote",0.989703613621184,0.183638363083931,0.309794680752861
