"","bcubed.precision","bcubed.recall","bcubed.f1"
"majority-vote",0.885168543816685,0.411402045257089,0.561728227359479
