"","bcubed.precision","bcubed.recall","bcubed.f1"
"majority-vote",0.784579144158649,0.627950218854118,0.697580748667732
