"","bcubed.precision","bcubed.recall","bcubed.f1"
"majority-vote",0.986420661272044,0.169254960151038,0.288933307272109
