"","bcubed.precision","bcubed.recall","bcubed.f1"
"majority-vote",0.994081945510586,0.558280095756641,0.715008675781016
