"","bcubed.precision","bcubed.recall","bcubed.f1"
"majority-vote",0.932364164651844,0.57488926209109,0.711235598614819
