"","bcubed.precision","bcubed.recall","bcubed.f1"
"majority-vote",0.973573990512554,0.308951718578651,0.46905470260782
