"","bcubed.precision","bcubed.recall","bcubed.f1"
"majority-vote",0.990844613092585,0.968654612132365,0.97962396925006
