"","bcubed.precision","bcubed.recall","bcubed.f1"
"majority-vote",0.985944578758918,0.148600410547095,0.258274057990204
