"","bcubed.precision","bcubed.recall","bcubed.f1"
"majority-vote",0.9942929231927,0.628849637678445,0.770432320079626
