"","bcubed.precision","bcubed.recall","bcubed.f1"
"majority-vote",0.788346852391881,0.68832506080887,0.734948488232473
