"","bcubed.precision","bcubed.recall","bcubed.f1"
"majority-vote",0.999392135056538,0.400365827816432,0.571702351517831
