"","bcubed.precision","bcubed.recall","bcubed.f1"
"majority-vote",0.835775995264965,0.525661799833522,0.645399320498301
