"","bcubed.precision","bcubed.recall","bcubed.f1"
"majority-vote",0.866317802008994,0.4836855923418,0.620776867635169
