"","bcubed.precision","bcubed.recall","bcubed.f1"
"majority-vote",0.972983512777667,0.814392650710121,0.886652332346227
