"","bcubed.precision","bcubed.recall","bcubed.f1"
"majority-vote",0.928765033766467,0.345111728264287,0.503231891040408
