"","bcubed.precision","bcubed.recall","bcubed.f1"
"majority-vote",0.958467931142028,0.485140804148256,0.644207660285537
