"","bcubed.precision","bcubed.recall","bcubed.f1"
"majority-vote",0.961174411696294,0.579604719871515,0.723142226195684
