"","bcubed.precision","bcubed.recall","bcubed.f1"
"majority-vote",0.958126350285977,0.601407565808005,0.738970060369335
