"","bcubed.precision","bcubed.recall","bcubed.f1"
"majority-vote",0.947930155632913,0.566905142160408,0.709498227853591
