"","bcubed.precision","bcubed.recall","bcubed.f1"
"majority-vote",0.942858202771476,0.357111457844437,0.518020500836581
