"","bcubed.precision","bcubed.recall","bcubed.f1"
"majority-vote",0.758188197603411,0.614775839319707,0.678991980865751
