"","bcubed.precision","bcubed.recall","bcubed.f1"
"majority-vote",0.977001042838576,0.623129909590547,0.760935935361626
