"","bcubed.precision","bcubed.recall","bcubed.f1"
"majority-vote",0.618497453735954,0.631362067162747,0.62486355369737
