"","bcubed.precision","bcubed.recall","bcubed.f1"
"majority-vote",0.919352062770881,0.517775203539928,0.662457268169452
