"","bcubed.precision","bcubed.recall","bcubed.f1"
"majority-vote",0.860051531457494,0.541710435492358,0.664733243783859
