"","bcubed.precision","bcubed.recall","bcubed.f1"
"majority-vote",0.844739088532458,0.439339894916902,0.578044788788782
