"","bcubed.precision","bcubed.recall","bcubed.f1"
"majority-vote",0.9320416051236,0.516819857151052,0.664932599508266
