"","bcubed.precision","bcubed.recall","bcubed.f1"
"majority-vote",0.980445569952141,0.475166299305587,0.640108401125203
