"","bcubed.precision","bcubed.recall","bcubed.f1"
"majority-vote",0.978202167576108,0.726114525035849,0.833515044918102
