"","bcubed.precision","bcubed.recall","bcubed.f1"
"majority-vote",0.896344579622036,0.673905262684208,0.769369705522246
