"","bcubed.precision","bcubed.recall","bcubed.f1"
"majority-vote",0.969601778073731,0.802870923391834,0.878394430831853
