"","bcubed.precision","bcubed.recall","bcubed.f1"
"majority-vote",0.918427821939219,0.403487005045751,0.560661978608946
