"","bcubed.precision","bcubed.recall","bcubed.f1"
"majority-vote",0.930629897657689,0.378098693397128,0.537727915086003
