"","bcubed.precision","bcubed.recall","bcubed.f1"
"majority-vote",0.957280962676513,0.2374363591435,0.380497214368736
