"","bcubed.precision","bcubed.recall","bcubed.f1"
"majority-vote",0.933732103061767,0.675535992364277,0.783921143577039
