"","bcubed.precision","bcubed.recall","bcubed.f1"
"majority-vote",0.989337517325074,0.943321757424765,0.965781829960838
