"","bcubed.precision","bcubed.recall","bcubed.f1"
"majority-vote",0.988475338336199,0.446197558214791,0.614851348180433
