"","bcubed.precision","bcubed.recall","bcubed.f1"
"majority-vote",0.957105775370284,0.26129839660768,0.410520926044119
