"","bcubed.precision","bcubed.recall","bcubed.f1"
"majority-vote",0.990948617239347,0.48045798849342,0.647148351086882
