"","bcubed.precision","bcubed.recall","bcubed.f1"
"majority-vote",0.953424520188203,0.546676287498776,0.694906068226781
