"","bcubed.precision","bcubed.recall","bcubed.f1"
"majority-vote",0.964949814671677,0.515647748453489,0.672126189720059
