"","bcubed.precision","bcubed.recall","bcubed.f1"
"majority-vote",0.989439674637007,0.384607106817479,0.553904766225999
