"","bcubed.precision","bcubed.recall","bcubed.f1"
"majority-vote",0.838446172174278,0.723190023365946,0.776564872890955
