"","bcubed.precision","bcubed.recall","bcubed.f1"
"majority-vote",0.998195054154644,0.259117121385095,0.411432314178231
