"","bcubed.precision","bcubed.recall","bcubed.f1"
"majority-vote",0.994372365201349,0.993121620393049,0.993746599245675
