"","bcubed.precision","bcubed.recall","bcubed.f1"
"majority-vote",0.962216541015951,0.478268979254045,0.638948904959212
