"","bcubed.precision","bcubed.recall","bcubed.f1"
"majority-vote",0.943530011352318,0.850559167130977,0.894635685052577
