"","bcubed.precision","bcubed.recall","bcubed.f1"
"majority-vote",0.968878736329806,0.455157806813205,0.619355904620963
