"","bcubed.precision","bcubed.recall","bcubed.f1"
"majority-vote",0.987146008390622,0.433578698596686,0.602517123180772
