"","bcubed.precision","bcubed.recall","bcubed.f1"
"majority-vote",0.924100459301497,0.163210366311402,0.277423476191577
