"","bcubed.precision","bcubed.recall","bcubed.f1"
"majority-vote",0.993430688784493,0.362596951256661,0.53127964121311
