"","bcubed.precision","bcubed.recall","bcubed.f1"
"majority-vote",0.985673755893455,0.515139152062825,0.676645490093727
