"","bcubed.precision","bcubed.recall","bcubed.f1"
"majority-vote",0.998342856331526,0.74614812266465,0.854016050522741
