"","bcubed.precision","bcubed.recall","bcubed.f1"
"majority-vote",0.99022666282868,0.399883101645723,0.569703082999267
