"","bcubed.precision","bcubed.recall","bcubed.f1"
"majority-vote",0.956666362401743,0.582476595439231,0.724085781511369
