"","bcubed.precision","bcubed.recall","bcubed.f1"
"majority-vote",0.984574005470815,0.747826642171102,0.850023547938988
