"","bcubed.precision","bcubed.recall","bcubed.f1"
"majority-vote",0.977799402185997,0.318258009146868,0.4802140528091
