"","bcubed.precision","bcubed.recall","bcubed.f1"
"majority-vote",0.997514586755178,0.154012466023079,0.266827741527217
