"","bcubed.precision","bcubed.recall","bcubed.f1"
"majority-vote",0.984588979705964,0.297586717878801,0.457036587859622
