"","bcubed.precision","bcubed.recall","bcubed.f1"
"majority-vote",0.850979823957692,0.392987011447942,0.537673526819676
