"","bcubed.precision","bcubed.recall","bcubed.f1"
"majority-vote",0.976141164319971,0.447061269626389,0.613257675572406
