"","bcubed.precision","bcubed.recall","bcubed.f1"
"majority-vote",0.988869723029452,0.846490291211108,0.912157411431253
