"","bcubed.precision","bcubed.recall","bcubed.f1"
"majority-vote",0.89682909499247,0.373614605713434,0.527482561457499
