"","bcubed.precision","bcubed.recall","bcubed.f1"
"majority-vote",0.941795670377749,0.305963847620927,0.46187654403741
