"","bcubed.precision","bcubed.recall","bcubed.f1"
"majority-vote",0.952953781122925,0.260708899977126,0.409411174743239
