"","bcubed.precision","bcubed.recall","bcubed.f1"
"majority-vote",0.915060753766949,0.498057012697227,0.645031060076468
