"","bcubed.precision","bcubed.recall","bcubed.f1"
"majority-vote",0.966817594018478,0.839748441302384,0.898814160929955
