"","bcubed.precision","bcubed.recall","bcubed.f1"
"majority-vote",0.978178473403789,0.998931422848596,0.988446030328685
