"","bcubed.precision","bcubed.recall","bcubed.f1"
"majority-vote",0.991347527113909,0.957391108045442,0.974073475342253
