"","bcubed.precision","bcubed.recall","bcubed.f1"
"majority-vote",0.929296618153074,0.322658044537745,0.479003015914898
