"","bcubed.precision","bcubed.recall","bcubed.f1"
"majority-vote",0.809331342342665,0.375071904323722,0.512591380774628
