"","bcubed.precision","bcubed.recall","bcubed.f1"
"majority-vote",0.90843362772797,0.659027126930623,0.763888221008922
