"","bcubed.precision","bcubed.recall","bcubed.f1"
"majority-vote",0.974361219350924,0.208239128235914,0.343142349515706
