"","bcubed.precision","bcubed.recall","bcubed.f1"
"majority-vote",0.967891138651169,0.130191885099276,0.229511920658775
