"","bcubed.precision","bcubed.recall","bcubed.f1"
"majority-vote",0.935732471490053,0.347066778555468,0.506332778816755
