"","bcubed.precision","bcubed.recall","bcubed.f1"
"majority-vote",0.961858956724193,0.306203739299554,0.464527203822421
