"","bcubed.precision","bcubed.recall","bcubed.f1"
"majority-vote",0.896915678920701,0.328163350530777,0.480515701048268
