"","bcubed.precision","bcubed.recall","bcubed.f1"
"majority-vote",0.995830355381703,0.660661304757395,0.794337330799783
