"","bcubed.precision","bcubed.recall","bcubed.f1"
"majority-vote",0.915548404607153,0.684090193424439,0.783073984296013
