"","bcubed.precision","bcubed.recall","bcubed.f1"
"majority-vote",0.957185110844801,0.446060481198489,0.608535602834502
