"","bcubed.precision","bcubed.recall","bcubed.f1"
"majority-vote",0.854710048756559,0.676389218846857,0.755165487243576
