"","bcubed.precision","bcubed.recall","bcubed.f1"
"majority-vote",0.942322174551703,0.462486012071144,0.62045598643942
