"","bcubed.precision","bcubed.recall","bcubed.f1"
"majority-vote",0.977315495594366,0.515029102039691,0.674570635901976
