"","bcubed.precision","bcubed.recall","bcubed.f1"
"majority-vote",0.900225590590579,0.551423913083012,0.683919798222232
