"","bcubed.precision","bcubed.recall","bcubed.f1"
"majority-vote",0.917220920684099,0.384712216947986,0.54206484746096
