"","bcubed.precision","bcubed.recall","bcubed.f1"
"majority-vote",0.975484356686241,0.707319466596614,0.820035069208038
