"","bcubed.precision","bcubed.recall","bcubed.f1"
"majority-vote",0.853595728485654,0.505304254302766,0.634815745855561
