"","bcubed.precision","bcubed.recall","bcubed.f1"
"majority-vote",0.978595797909759,0.37280472063322,0.53992155256227
