"","bcubed.precision","bcubed.recall","bcubed.f1"
"majority-vote",0.92777045751279,0.914107019926251,0.920888059581259
