"","bcubed.precision","bcubed.recall","bcubed.f1"
"majority-vote",0.970889494566364,0.592213531263935,0.735682660122528
