"","bcubed.precision","bcubed.recall","bcubed.f1"
"majority-vote",0.966841426910235,0.355964489190422,0.520350280368798
