"","bcubed.precision","bcubed.recall","bcubed.f1"
"majority-vote",0.817818768531851,0.830723588995765,0.824220669175612
