"","bcubed.precision","bcubed.recall","bcubed.f1"
"majority-vote",0.950000139011208,0.705136098222856,0.809455289859383
