"","bcubed.precision","bcubed.recall","bcubed.f1"
"majority-vote",0.800135294803003,0.829654488294301,0.814627561739184
