"","bcubed.precision","bcubed.recall","bcubed.f1"
"majority-vote",0.932256605675202,0.566040390744858,0.704392913570152
