"","bcubed.precision","bcubed.recall","bcubed.f1"
"majority-vote",0.865720472274118,0.821858979507867,0.843219728861918
