"","bcubed.precision","bcubed.recall","bcubed.f1"
"majority-vote",0.985809490324325,0.859859752104117,0.918537172843443
