"","bcubed.precision","bcubed.recall","bcubed.f1"
"majority-vote",0.753624240183356,0.559182594677996,0.642003906206763
