"","bcubed.precision","bcubed.recall","bcubed.f1"
"majority-vote",0.992111050098926,0.444889952604404,0.614307487923082
