"","bcubed.precision","bcubed.recall","bcubed.f1"
"majority-vote",0.972171579943715,0.91990254448189,0.945315089423037
