"","bcubed.precision","bcubed.recall","bcubed.f1"
"majority-vote",0.913793143394676,0.650252854305421,0.759819852626927
