"","bcubed.precision","bcubed.recall","bcubed.f1"
"majority-vote",0.852829648708593,0.36154407755464,0.507809913843211
