"","bcubed.precision","bcubed.recall","bcubed.f1"
"majority-vote",0.950001306968265,0.747173927787445,0.836467788823062
