"","bcubed.precision","bcubed.recall","bcubed.f1"
"majority-vote",0.907904265282795,0.785299142811368,0.842162776041038
