"","bcubed.precision","bcubed.recall","bcubed.f1"
"majority-vote",0.948871006949292,0.469741238712579,0.628394183887585
