"","bcubed.precision","bcubed.recall","bcubed.f1"
"majority-vote",0.862141432078263,0.947801898082501,0.902944608400267
