"","bcubed.precision","bcubed.recall","bcubed.f1"
"majority-vote",0.542928294268439,0.677631856647705,0.602846992498562
