"","bcubed.precision","bcubed.recall","bcubed.f1"
"majority-vote",0.996718574091363,0.578236891432639,0.731880313484304
