"","bcubed.precision","bcubed.recall","bcubed.f1"
"majority-vote",0.978556196227242,0.795599086998315,0.877644052531289
