"","bcubed.precision","bcubed.recall","bcubed.f1"
"majority-vote",0.963522392964937,0.559887269217255,0.708232243524127
