"","bcubed.precision","bcubed.recall","bcubed.f1"
"majority-vote",0.977270147351253,0.437573009963757,0.604486847483127
