"","bcubed.precision","bcubed.recall","bcubed.f1"
"majority-vote",0.994374899523634,0.0960409622029907,0.17516385352196
