"","bcubed.precision","bcubed.recall","bcubed.f1"
"majority-vote",0.849135784906466,0.37242695962451,0.517764740447302
