"","bcubed.precision","bcubed.recall","bcubed.f1"
"majority-vote",0.876524977545901,0.416356573402843,0.564548138049011
