{
      "avg_bcuded_f1": 0.6396847650215317,
      "avg_bcuded_recall": 0.52369679314443,
      "avg_bcuded_precision": 0.9357745524898493,
      "avg_bcuded_f1star": 0.6715611563200914
}