"","bcubed.precision","bcubed.recall","bcubed.f1"
"majority-vote",0.672704884293098,0.359360829712321,0.468465877880775
