"","bcubed.precision","bcubed.recall","bcubed.f1"
"majority-vote",0.923699423259709,0.202728859537665,0.332485491518371
