"","bcubed.precision","bcubed.recall","bcubed.f1"
"majority-vote",0.765085741550394,0.452549982668006,0.568707918454709
