"","bcubed.precision","bcubed.recall","bcubed.f1"
"majority-vote",0.755143423005647,0.395731477695852,0.519316256660353
