"","bcubed.precision","bcubed.recall","bcubed.f1"
"majority-vote",0.946515961270298,0.199301588851939,0.329270807441842
