"","bcubed.precision","bcubed.recall","bcubed.f1"
"majority-vote",0.257374107176867,0.538103535901032,0.348203166553811
