"","bcubed.precision","bcubed.recall","bcubed.f1"
"majority-vote",0.257374107176867,0.53855896045297,0.348298461883099
