"","bcubed.precision","bcubed.recall","bcubed.f1"
"majority-vote",0.948683589801247,0.330971711790086,0.490737515443759
