"","bcubed.precision","bcubed.recall","bcubed.f1"
"majority-vote",0.725013792120205,0.221561616897618,0.339402918193074
