"","bcubed.precision","bcubed.recall","bcubed.f1"
"majority-vote",0.946515961270298,0.227982473841246,0.367457365509617
