"","bcubed.precision","bcubed.recall","bcubed.f1"
"majority-vote",0.897036347986786,0.487402794262248,0.631617539870041
