"","bcubed.precision","bcubed.recall","bcubed.f1"
"majority-vote",0.695382282078931,0.374707276042401,0.48699624951653
