"","bcubed.precision","bcubed.recall","bcubed.f1"
"majority-vote",0.819435293743822,0.152502010081391,0.257147305563324
