"","bcubed.precision","bcubed.recall","bcubed.f1"
"majority-vote",0.744547052628195,0.200868448909388,0.316381551515181
