"","bcubed.precision","bcubed.recall","bcubed.f1"
"majority-vote",0.895560676932149,0.320857478486335,0.472448293133389
