"","bcubed.precision","bcubed.recall","bcubed.f1"
"majority-vote",0.802183197073821,0.16374203896426,0.271969521886595
