"","bcubed.precision","bcubed.recall","bcubed.f1"
"majority-vote",0.910750196289451,0.483542956760923,0.631699068192271
