"","bcubed.precision","bcubed.recall","bcubed.f1"
"majority-vote",0.970595012124072,0.572872209247581,0.720490725272504
