"","bcubed.precision","bcubed.recall","bcubed.f1"
"majority-vote",0.688559127481208,0.448101107841125,0.542895930112222
