"","bcubed.precision","bcubed.recall","bcubed.f1"
"majority-vote",0.93518697073878,0.15833617333064,0.270819922008074
