"","bcubed.precision","bcubed.recall","bcubed.f1"
"majority-vote",0.825897577743472,0.900441401953854,0.861560077736309
