"","bcubed.precision","bcubed.recall","bcubed.f1"
"majority-vote",0.861789340095248,0.799454791001047,0.829452581804595
