"","bcubed.precision","bcubed.recall","bcubed.f1"
"majority-vote",0.910405280082424,0.845855476608437,0.876944143012022
