"","bcubed.precision","bcubed.recall","bcubed.f1"
"majority-vote",0.876545112978948,0.750561451830387,0.808675948854527
