"","bcubed.precision","bcubed.recall","bcubed.f1"
"majority-vote",0.654529784825582,0.666143170270097,0.66028541618516
