"","bcubed.precision","bcubed.recall","bcubed.f1"
"majority-vote",0.628147613723786,0.268099103061539,0.375802351463299
