"","bcubed.precision","bcubed.recall","bcubed.f1"
"majority-vote",0.762816540752808,0.536431447252257,0.629900965361193
