"","bcubed.precision","bcubed.recall","bcubed.f1"
"majority-vote",0.996307863854839,0.0735761194787888,0.137032552259045
