"","bcubed.precision","bcubed.recall","bcubed.f1"
"majority-vote",0.773765614224187,0.728661536144564,0.750536544734376
