"","bcubed.precision","bcubed.recall","bcubed.f1"
"majority-vote",0.307550658288024,0.356013714855273,0.330012450320804
