"","bcubed.precision","bcubed.recall","bcubed.f1"
"majority-vote",0.93138524830049,0.305460981266673,0.460044013689128
