"","bcubed.precision","bcubed.recall","bcubed.f1"
"majority-vote",0.85437455611271,0.33438271095187,0.480649983232866
