"","bcubed.precision","bcubed.recall","bcubed.f1"
"majority-vote",0.203139954238051,0.244286492322494,0.221821250186875
