"","bcubed.precision","bcubed.recall","bcubed.f1"
"majority-vote",0.935186971412211,0.15287611627891,0.262793129923218
