"","bcubed.precision","bcubed.recall","bcubed.f1"
"majority-vote",0.944446103738549,0.19366164919963,0.321415945999811
