"","bcubed.precision","bcubed.recall","bcubed.f1"
"majority-vote",0.821097984492706,0.424914723902184,0.560020970936654
