"","bcubed.precision","bcubed.recall","bcubed.f1"
"majority-vote",0.959716918385274,0.346536745873179,0.509207647728159
