"","bcubed.precision","bcubed.recall","bcubed.f1"
"majority-vote",0.999884131416383,0.205049278017672,0.340310124431781
