"","bcubed.precision","bcubed.recall","bcubed.f1"
"majority-vote",0.531899114898587,0.500855193468818,0.515910574160783
