"","bcubed.precision","bcubed.recall","bcubed.f1"
"majority-vote",0.772925138909029,0.259726585937833,0.388803316130882
