"","bcubed.precision","bcubed.recall","bcubed.f1"
"majority-vote",0.52812644655629,0.735130735948285,0.614668158958632
