"","bcubed.precision","bcubed.recall","bcubed.f1"
"majority-vote",0.800029019689043,0.280316841714458,0.415166320511106
