"","bcubed.precision","bcubed.recall","bcubed.f1"
"majority-vote",0.751198579219643,0.481636260931792,0.586947193783364
