"","bcubed.precision","bcubed.recall","bcubed.f1"
"majority-vote",0.896397303075508,0.202025042087428,0.329736013981077
