"","bcubed.precision","bcubed.recall","bcubed.f1"
"majority-vote",0.91951763956084,0.717383224167284,0.805970042002993
