"","bcubed.precision","bcubed.recall","bcubed.f1"
"majority-vote",0.576354702749448,0.585030292714902,0.580660094239129
