"","bcubed.precision","bcubed.recall","bcubed.f1"
"majority-vote",0.203139954238051,0.448899988685723,0.279705328327531
