"","bcubed.precision","bcubed.recall","bcubed.f1"
"majority-vote",0.208276737991497,0.135137043556722,0.163918305706418
