"","bcubed.precision","bcubed.recall","bcubed.f1"
"majority-vote",0.921595974694809,0.487105642849769,0.637345189514228
