"","bcubed.precision","bcubed.recall","bcubed.f1"
"majority-vote",0.37172913843481,0.551406069394779,0.444081649936776
