"","bcubed.precision","bcubed.recall","bcubed.f1"
"majority-vote",0.989518410269379,0.216726788947766,0.355574716983848
