"","bcubed.precision","bcubed.recall","bcubed.f1"
"majority-vote",0.946315698068107,0.246043476197124,0.390544743493193
