"","bcubed.precision","bcubed.recall","bcubed.f1"
"majority-vote",0.954310396838862,0.338843049466996,0.500113031329242
