"","bcubed.precision","bcubed.recall","bcubed.f1"
"majority-vote",0.459685461697519,0.703830583386583,0.55614305973324
