"","bcubed.precision","bcubed.recall","bcubed.f1"
"majority-vote",0.778497330248511,0.0396621572800202,0.0754788865131031
