"","bcubed.precision","bcubed.recall","bcubed.f1"
"majority-vote",0.773765614224187,0.824887762575441,0.798509289803603
