"","bcubed.precision","bcubed.recall","bcubed.f1"
"majority-vote",0.803307042760179,0.344368073564137,0.482075972304438
