"","bcubed.precision","bcubed.recall","bcubed.f1"
"majority-vote",0.754208105449814,0.303705459914078,0.433035603353422
