"","bcubed.precision","bcubed.recall","bcubed.f1"
"majority-vote",0.763592182589136,0.55786560735977,0.644714980615054
