"","bcubed.precision","bcubed.recall","bcubed.f1"
"majority-vote",0.487656140617802,0.632614142665686,0.550756680626012
