"","bcubed.precision","bcubed.recall","bcubed.f1"
"majority-vote",0.911822828053009,0.591810067537777,0.717762867565512
