"","bcubed.precision","bcubed.recall","bcubed.f1"
"majority-vote",0.856823314390759,0.323699265608224,0.469881868120697
