"","bcubed.precision","bcubed.recall","bcubed.f1"
"majority-vote",0.613895124005632,0.638593967059642,0.626001017324464
