"","bcubed.precision","bcubed.recall","bcubed.f1"
"majority-vote",0.578582530975081,0.556132775092119,0.567135574624809
