"","bcubed.precision","bcubed.recall","bcubed.f1"
"majority-vote",0.505967434225121,0.456334925728797,0.479871236166079
