"","bcubed.precision","bcubed.recall","bcubed.f1"
"majority-vote",0.687276712701463,0.23886722992186,0.354519156250791
