"","bcubed.precision","bcubed.recall","bcubed.f1"
"majority-vote",0.973417469754531,0.122064676915168,0.216927111610871
