"","bcubed.precision","bcubed.recall","bcubed.f1"
"majority-vote",0.505967434225121,0.517237322673873,0.511540313459674
