"","bcubed.precision","bcubed.recall","bcubed.f1"
"majority-vote",0.531899114898587,0.50133117687593,0.516162972329052
