"","bcubed.precision","bcubed.recall","bcubed.f1"
"majority-vote",0.9429164724694,0.300876673761211,0.456187707306512
