"","bcubed.precision","bcubed.recall","bcubed.f1"
"majority-vote",0.86949686950387,0.823142703611187,0.845685065282623
