"","bcubed.precision","bcubed.recall","bcubed.f1"
"majority-vote",0.943583172119894,0.185681275477619,0.310300616106682
