"","bcubed.precision","bcubed.recall","bcubed.f1"
"majority-vote",0.972244373789575,0.564715374044865,0.714451170215991
