"","bcubed.precision","bcubed.recall","bcubed.f1"
"majority-vote",0.969099307216656,0.19410031009261,0.323422520506684
