"","bcubed.precision","bcubed.recall","bcubed.f1"
"majority-vote",0.775529269894602,0.0436641765316809,0.0826736275635251
