"","bcubed.precision","bcubed.recall","bcubed.f1"
"majority-vote",0.946315698068107,0.248829280525734,0.394046008673426
