"","bcubed.precision","bcubed.recall","bcubed.f1"
"majority-vote",0.203139954238051,0.195585911187727,0.199291375320512
