"","bcubed.precision","bcubed.recall","bcubed.f1"
"majority-vote",0.689874497326025,0.495176169062721,0.576531317029629
