"","bcubed.precision","bcubed.recall","bcubed.f1"
"majority-vote",0.613527645604678,0.616723822525807,0.615121582252716
