"","bcubed.precision","bcubed.recall","bcubed.f1"
"majority-vote",0.989128309413007,0.721657028843876,0.834483884043171
