"","bcubed.precision","bcubed.recall","bcubed.f1"
"majority-vote",0.852792436005057,0.328264279813605,0.474052246748618
