"","bcubed.precision","bcubed.recall","bcubed.f1"
"majority-vote",0.9429164724694,0.267178962103605,0.416376158883141
