"","bcubed.precision","bcubed.recall","bcubed.f1"
"majority-vote",0.600987540400701,0.131217886263127,0.21540489007619
