"","bcubed.precision","bcubed.recall","bcubed.f1"
"majority-vote",0.696306880891681,0.494857281568489,0.578547510200153
