"","bcubed.precision","bcubed.recall","bcubed.f1"
"majority-vote",0.909331489369805,0.871546408061268,0.890038103612244
