"","bcubed.precision","bcubed.recall","bcubed.f1"
"majority-vote",0.790182361737674,0.524249563580296,0.630314511251106
