"","bcubed.precision","bcubed.recall","bcubed.f1"
"majority-vote",0.459685461697519,0.638269648083147,0.534454050539874
