"","bcubed.precision","bcubed.recall","bcubed.f1"
"majority-vote",0.307507383123226,0.398835730215622,0.347267296526501
