"","bcubed.precision","bcubed.recall","bcubed.f1"
"majority-vote",0.851336891022644,0.917612591501311,0.88323319408459
