"","bcubed.precision","bcubed.recall","bcubed.f1"
"majority-vote",0.825897577743472,0.920855850847916,0.87079561913842
