"","bcubed.precision","bcubed.recall","bcubed.f1"
"majority-vote",0.923416409249904,0.480501416136079,0.632092397866497
