"","bcubed.precision","bcubed.recall","bcubed.f1"
"majority-vote",0.580656359935692,0.077496909265237,0.13674344668941
