"","bcubed.precision","bcubed.recall","bcubed.f1"
"majority-vote",0.690364283189903,0.536256816898347,0.603629846212642
