"","bcubed.precision","bcubed.recall","bcubed.f1"
"majority-vote",0.742534171881061,0.274168045300585,0.400469555457156
