"","bcubed.precision","bcubed.recall","bcubed.f1"
"majority-vote",0.664740115274139,0.540577577381586,0.596263712534567
