"","bcubed.precision","bcubed.recall","bcubed.f1"
"majority-vote",0.708984308029071,0.231076662269027,0.348551280559009
