"","bcubed.precision","bcubed.recall","bcubed.f1"
"majority-vote",0.84064484493273,0.424655597718614,0.564268417303238
