"","bcubed.precision","bcubed.recall","bcubed.f1"
"majority-vote",0.208276737991497,0.188609736562944,0.197955955686654
