"","bcubed.precision","bcubed.recall","bcubed.f1"
"majority-vote",0.676149600748137,0.591466098387988,0.630979194330963
