"","bcubed.precision","bcubed.recall","bcubed.f1"
"majority-vote",0.864086193394663,0.80445383005604,0.833204403856385
