"","bcubed.precision","bcubed.recall","bcubed.f1"
"majority-vote",0.275977759154546,0.760864961416226,0.405040808803223
