"","bcubed.precision","bcubed.recall","bcubed.f1"
"majority-vote",0.989518410269379,0.217857360457251,0.357094906510181
