"","bcubed.precision","bcubed.recall","bcubed.f1"
"majority-vote",0.891425405864028,0.44044175127402,0.589579771202679
