"","bcubed.precision","bcubed.recall","bcubed.f1"
"majority-vote",0.876545112978948,0.71042703710785,0.784791777815307
