"","bcubed.precision","bcubed.recall","bcubed.f1"
"majority-vote",0.298005151289427,0.705088273433163,0.418943903764418
