"","bcubed.precision","bcubed.recall","bcubed.f1"
"majority-vote",0.702001050518147,0.510251754887776,0.590961334735793
