"","bcubed.precision","bcubed.recall","bcubed.f1"
"majority-vote",0.414476099095041,0.338225883656944,0.372488841755303
