"","bcubed.precision","bcubed.recall","bcubed.f1"
"majority-vote",0.710915837670701,0.427877927389139,0.534223499466858
