"","bcubed.precision","bcubed.recall","bcubed.f1"
"majority-vote",0.8639392655752,0.798604792906563,0.829988275797744
