"","bcubed.precision","bcubed.recall","bcubed.f1"
"majority-vote",0.989128309413007,0.659238648719552,0.791172871902771
