"","bcubed.precision","bcubed.recall","bcubed.f1"
"majority-vote",0.856823314390759,0.323725875900149,0.469909903329766
