"","bcubed.precision","bcubed.recall","bcubed.f1"
"majority-vote",0.774694044812283,0.348545662179302,0.480781167465409
