"","bcubed.precision","bcubed.recall","bcubed.f1"
"majority-vote",0.971722799020849,0.610756143690477,0.750070858382794
