"","bcubed.precision","bcubed.recall","bcubed.f1"
"majority-vote",0.680461564211701,0.545240673952183,0.60539225648332
