"","bcubed.precision","bcubed.recall","bcubed.f1"
"majority-vote",0.925328513765846,0.590547964549266,0.720970182149926
