"","bcubed.precision","bcubed.recall","bcubed.f1"
"majority-vote",0.771866013438756,0.249969616355879,0.377640093243186
