"","bcubed.precision","bcubed.recall","bcubed.f1"
"majority-vote",0.896397303075508,0.19850178010059,0.325028056141386
