"","bcubed.precision","bcubed.recall","bcubed.f1"
"majority-vote",0.837124709645014,0.43168056956993,0.569623215445975
