"","bcubed.precision","bcubed.recall","bcubed.f1"
"majority-vote",0.757205017084281,0.312416138165064,0.442330569240726
