"","bcubed.precision","bcubed.recall","bcubed.f1"
"majority-vote",0.70479858557298,0.528240803577345,0.603879120941623
