"","bcubed.precision","bcubed.recall","bcubed.f1"
"majority-vote",0.774694044812283,0.350241138875956,0.482391747488752
