"","bcubed.precision","bcubed.recall","bcubed.f1"
"majority-vote",0.430985437617672,0.240063718872591,0.308364792455948
