"","bcubed.precision","bcubed.recall","bcubed.f1"
"majority-vote",0.84044610994131,0.273456841412398,0.412649483193458
