"","bcubed.precision","bcubed.recall","bcubed.f1"
"majority-vote",0.803307042760179,0.31642569015965,0.454013672981902
