"","bcubed.precision","bcubed.recall","bcubed.f1"
"majority-vote",0.771857055721209,0.30384382338247,0.436039429679529
