"","bcubed.precision","bcubed.recall","bcubed.f1"
"majority-vote",0.701195784495742,0.843949101416382,0.7659780744675
