"","bcubed.precision","bcubed.recall","bcubed.f1"
"majority-vote",0.851156047099489,0.978043407341822,0.910198785007882
