"","bcubed.precision","bcubed.recall","bcubed.f1"
"majority-vote",0.719664130547731,0.282581439207853,0.405816163010908
