"","bcubed.precision","bcubed.recall","bcubed.f1"
"majority-vote",0.970595012124072,0.725014036802355,0.83002034966238
