"","bcubed.precision","bcubed.recall","bcubed.f1"
"majority-vote",0.790182361737674,0.48222097697772,0.598933528188318
