"","bcubed.precision","bcubed.recall","bcubed.f1"
"majority-vote",0.957367073874895,0.0597087364046222,0.112406917318682
