"","bcubed.precision","bcubed.recall","bcubed.f1"
"majority-vote",0.930762366560512,0.322948049179525,0.479517258142911
