"","bcubed.precision","bcubed.recall","bcubed.f1"
"majority-vote",0.973417469754531,0.119602483264682,0.213030231176062
