"","bcubed.precision","bcubed.recall","bcubed.f1"
"majority-vote",0.968113192044002,0.273684869017578,0.426732720024134
