"","bcubed.precision","bcubed.recall","bcubed.f1"
"majority-vote",0.8282793556848,0.77221753545447,0.799266585590731
