"","bcubed.precision","bcubed.recall","bcubed.f1"
"majority-vote",0.999884139170864,0.200603531350112,0.334164680211329
