"","bcubed.precision","bcubed.recall","bcubed.f1"
"majority-vote",0.702372863903924,0.837448554197024,0.763986177187987
