"","bcubed.precision","bcubed.recall","bcubed.f1"
"majority-vote",0.90025567095597,0.437082831365842,0.588461779768461
