"","bcubed.precision","bcubed.recall","bcubed.f1"
"majority-vote",0.464063476803691,0.742670871933484,0.571205132779965
