"","bcubed.precision","bcubed.recall","bcubed.f1"
"majority-vote",0.654533163326562,0.421328909906094,0.512656317316117
