"","bcubed.precision","bcubed.recall","bcubed.f1"
"majority-vote",0.655592149067695,0.422315002030785,0.513711036210752
