"","bcubed.precision","bcubed.recall","bcubed.f1"
"majority-vote",0.691545811534105,0.750051864462375,0.719611628041454
