"","bcubed.precision","bcubed.recall","bcubed.f1"
"majority-vote",0.89084976590711,0.105971144176803,0.189410892223091
