"","bcubed.precision","bcubed.recall","bcubed.f1"
"majority-vote",0.363484744112144,0.564636242221365,0.442262728765678
