"","bcubed.precision","bcubed.recall","bcubed.f1"
"majority-vote",0.904818922163798,0.348716088244678,0.503416198968242
