"","bcubed.precision","bcubed.recall","bcubed.f1"
"majority-vote",0.998769135468877,0.345268106382653,0.513145197735334
