"","bcubed.precision","bcubed.recall","bcubed.f1"
"majority-vote",0.802706246142129,0.885879601272059,0.842244521189046
