"","bcubed.precision","bcubed.recall","bcubed.f1"
"majority-vote",0.825836439075653,0.412970560942115,0.550604149777357
