"","bcubed.precision","bcubed.recall","bcubed.f1"
"majority-vote",0.741508901608659,0.298357842701635,0.425506436163137
