"","bcubed.precision","bcubed.recall","bcubed.f1"
"majority-vote",0.772771716823818,0.271974334412914,0.402344805395505
