"","bcubed.precision","bcubed.recall","bcubed.f1"
"majority-vote",0.972244373789575,0.556166323023498,0.707571046942187
