"","bcubed.precision","bcubed.recall","bcubed.f1"
"majority-vote",0.653988946526971,0.634598367499375,0.64414776292011
