"","bcubed.precision","bcubed.recall","bcubed.f1"
"majority-vote",0.570292979507623,0.393071841165175,0.465381559816728
