"","bcubed.precision","bcubed.recall","bcubed.f1"
"majority-vote",0.769676047695267,0.293389766232857,0.424837432922307
