"","bcubed.precision","bcubed.recall","bcubed.f1"
"majority-vote",0.894635040999462,0.304168056835075,0.453985149836396
