"","bcubed.precision","bcubed.recall","bcubed.f1"
"majority-vote",0.77103821372861,0.506328225039402,0.611255154897114
