"","bcubed.precision","bcubed.recall","bcubed.f1"
"majority-vote",0.820644140313171,0.395703051188247,0.533945229668907
