"","bcubed.precision","bcubed.recall","bcubed.f1"
"majority-vote",0.974754506135026,0.947208465902971,0.960784087748713
