"","bcubed.precision","bcubed.recall","bcubed.f1"
"majority-vote",0.933531756431306,0.537507433774668,0.682211952050429
