"","bcubed.precision","bcubed.recall","bcubed.f1"
"majority-vote",0.966140740142216,0.87148171553584,0.916373205025434
