"","bcubed.precision","bcubed.recall","bcubed.f1"
"majority-vote",0.718560755035884,0.225819016039474,0.343642859867732
