"","bcubed.precision","bcubed.recall","bcubed.f1"
"majority-vote",0.678391085624158,0.281823954101124,0.398216754097609
