"","bcubed.precision","bcubed.recall","bcubed.f1"
"majority-vote",0.632168357389878,0.555469346099397,0.591342196483671
