"","bcubed.precision","bcubed.recall","bcubed.f1"
"majority-vote",0.753645972756545,0.354519474730013,0.482206289683618
