"","bcubed.precision","bcubed.recall","bcubed.f1"
"majority-vote",0.687666347751682,0.909819591690126,0.783296178430329
