"","bcubed.precision","bcubed.recall","bcubed.f1"
"majority-vote",0.975198628437663,0.234342460478023,0.377879591089784
