"","bcubed.precision","bcubed.recall","bcubed.f1"
"majority-vote",0.53627866221744,0.149249607567724,0.233511536753927
