"","bcubed.precision","bcubed.recall","bcubed.f1"
"majority-vote",0.917292173940338,0.455053364883738,0.608326224735999
