"","bcubed.precision","bcubed.recall","bcubed.f1"
"majority-vote",0.974207470753615,0.344501566932921,0.509006900841694
