"","bcubed.precision","bcubed.recall","bcubed.f1"
"majority-vote",0.335160053626934,0.314873859962741,0.32470041203865
