"","bcubed.precision","bcubed.recall","bcubed.f1"
"majority-vote",0.955051090798257,0.201466170138136,0.332741225831053
