"","bcubed.precision","bcubed.recall","bcubed.f1"
"majority-vote",0.99311918859896,0.513051537207656,0.676578448393687
