"","bcubed.precision","bcubed.recall","bcubed.f1"
"majority-vote",0.857229598314127,0.504680919387063,0.635324298006335
