"","bcubed.precision","bcubed.recall","bcubed.f1"
"majority-vote",0.753645972756545,0.35433284485039,0.482033622472377
