"","bcubed.precision","bcubed.recall","bcubed.f1"
"majority-vote",0.61970522071915,0.291798169057937,0.396770545868656
