"","bcubed.precision","bcubed.recall","bcubed.f1"
"majority-vote",0.737866514582741,0.487012895971931,0.586752467240719
