"","bcubed.precision","bcubed.recall","bcubed.f1"
"majority-vote",0.977220841297814,0.133235826209697,0.234499607214558
