"","bcubed.precision","bcubed.recall","bcubed.f1"
"majority-vote",0.966214473759651,0.3092178871705,0.468501203641449
