"","bcubed.precision","bcubed.recall","bcubed.f1"
"majority-vote",0.712113104474867,0.27612224578114,0.397942189796878
