"","bcubed.precision","bcubed.recall","bcubed.f1"
"majority-vote",0.822899865753812,0.194080033581373,0.314083756589507
