"","bcubed.precision","bcubed.recall","bcubed.f1"
"majority-vote",0.747211976066051,0.825646156125781,0.784473415908613
