"","bcubed.precision","bcubed.recall","bcubed.f1"
"majority-vote",0.739498343487837,0.444447322030126,0.555208009930245
