"","bcubed.precision","bcubed.recall","bcubed.f1"
"majority-vote",0.730662319543575,0.611463194394574,0.66576949963631
