"","bcubed.precision","bcubed.recall","bcubed.f1"
"majority-vote",0.820262593014441,0.397171817904236,0.535199567721353
