"","bcubed.precision","bcubed.recall","bcubed.f1"
"majority-vote",0.712113104474867,0.41872554957253,0.527360733490706
