"","bcubed.precision","bcubed.recall","bcubed.f1"
"majority-vote",0.930132512946325,0.485875061311342,0.638313240651115
