"","bcubed.precision","bcubed.recall","bcubed.f1"
"majority-vote",0.93001279251495,0.191356307617416,0.317404526291328
