"","bcubed.precision","bcubed.recall","bcubed.f1"
"majority-vote",0.76747298983705,0.391331307164924,0.518355358370221
