"","bcubed.precision","bcubed.recall","bcubed.f1"
"majority-vote",0.966509211968582,0.221710856095374,0.36068332890349
