"","bcubed.precision","bcubed.recall","bcubed.f1"
"majority-vote",0.713789427236126,0.140747751308688,0.235131388812084
