"","bcubed.precision","bcubed.recall","bcubed.f1"
"majority-vote",0.549696648913055,0.3209367809438,0.405263264533171
