"","bcubed.precision","bcubed.recall","bcubed.f1"
"majority-vote",0.620511818478035,0.111843674975212,0.189526323662555
