"","bcubed.precision","bcubed.recall","bcubed.f1"
"majority-vote",0.736937964592413,0.295872241931396,0.422225664252846
