"","bcubed.precision","bcubed.recall","bcubed.f1"
"majority-vote",0.663322095594973,0.939235309887778,0.777526635713719
