"","bcubed.precision","bcubed.recall","bcubed.f1"
"majority-vote",0.7747352920998,0.253601400679264,0.382119896356513
