"","bcubed.precision","bcubed.recall","bcubed.f1"
"majority-vote",0.385494653016246,0.836440161947546,0.527758446768498
