"","bcubed.precision","bcubed.recall","bcubed.f1"
"majority-vote",0.698076212281969,0.87426564380804,0.776299437420607
