"","bcubed.precision","bcubed.recall","bcubed.f1"
"majority-vote",0.877656765712171,0.187650084105678,0.309192353226614
