"","bcubed.precision","bcubed.recall","bcubed.f1"
"majority-vote",0.734879123522108,0.18002704376286,0.289205868014484
