"","bcubed.precision","bcubed.recall","bcubed.f1"
"majority-vote",0.852869275890648,0.332929693032163,0.478910023807451
