"","bcubed.precision","bcubed.recall","bcubed.f1"
"majority-vote",0.595228677758593,0.40415688485442,0.481427343316708
