"","bcubed.precision","bcubed.recall","bcubed.f1"
"majority-vote",0.737646205365468,0.272435089864272,0.397909972585074
