"","bcubed.precision","bcubed.recall","bcubed.f1"
"majority-vote",0.80801784074782,0.758086432990745,0.782256166408564
