"","bcubed.precision","bcubed.recall","bcubed.f1"
"majority-vote",0.782239413746748,0.513484035306536,0.61998947543934
