"","bcubed.precision","bcubed.recall","bcubed.f1"
"majority-vote",0.776810800393553,0.58407575747047,0.666795265232447
