"","bcubed.precision","bcubed.recall","bcubed.f1"
"majority-vote",0.586327456812465,0.484614319020484,0.530640764265988
