"","bcubed.precision","bcubed.recall","bcubed.f1"
"majority-vote",0.976503512229471,0.351958316518721,0.517423270735239
