"","bcubed.precision","bcubed.recall","bcubed.f1"
"majority-vote",0.632168357389878,0.561818014309196,0.594920645120061
