"","bcubed.precision","bcubed.recall","bcubed.f1"
"majority-vote",0.819597336643035,0.612482284878177,0.701062764783933
