"","bcubed.precision","bcubed.recall","bcubed.f1"
"majority-vote",0.845370374421203,0.324673813423032,0.469161124117695
