"","bcubed.precision","bcubed.recall","bcubed.f1"
"majority-vote",0.955676358201334,0.85946852415747,0.905022796955029
