"","bcubed.precision","bcubed.recall","bcubed.f1"
"majority-vote",0.730857232095573,0.171007926723222,0.277164227421826
