"","bcubed.precision","bcubed.recall","bcubed.f1"
"majority-vote",0.589784346853892,0.210152810346852,0.309886437638811
