"","bcubed.precision","bcubed.recall","bcubed.f1"
"majority-vote",0.384869707713529,0.8429237965679,0.528453415136337
