"","bcubed.precision","bcubed.recall","bcubed.f1"
"majority-vote",0.975486026892267,0.796991845384429,0.877251469120994
