"","bcubed.precision","bcubed.recall","bcubed.f1"
"majority-vote",0.795704781208178,0.613350728374631,0.692728006534977
