"","bcubed.precision","bcubed.recall","bcubed.f1"
"majority-vote",0.854735552587933,0.498688252290421,0.629878944576233
