"","bcubed.precision","bcubed.recall","bcubed.f1"
"majority-vote",0.590519230957855,0.354417352501997,0.442972081092023
