"","bcubed.precision","bcubed.recall","bcubed.f1"
"majority-vote",0.698786571970248,0.508320107355786,0.588526716596452
