"","bcubed.precision","bcubed.recall","bcubed.f1"
"majority-vote",0.903221068700056,0.498432198138109,0.64237636129849
