"","bcubed.precision","bcubed.recall","bcubed.f1"
"majority-vote",0.721680825299369,0.746340905661536,0.733803743354586
