"","bcubed.precision","bcubed.recall","bcubed.f1"
"majority-vote",0.938891125978341,0.764869885022698,0.84299328713239
