"","bcubed.precision","bcubed.recall","bcubed.f1"
"majority-vote",0.879799467259528,0.355350365098484,0.506233419968609
