"","bcubed.precision","bcubed.recall","bcubed.f1"
"majority-vote",0.956974721609071,0.279637347472279,0.432804885929314
