"","bcubed.precision","bcubed.recall","bcubed.f1"
"majority-vote",0.663022110884898,0.923466423526794,0.77186647640679
