"","bcubed.precision","bcubed.recall","bcubed.f1"
"majority-vote",0.465808249435912,0.667513179222783,0.548711314595294
