"","bcubed.precision","bcubed.recall","bcubed.f1"
"majority-vote",0.825419217011383,0.16165732200333,0.270364160990674
