"","bcubed.precision","bcubed.recall","bcubed.f1"
"majority-vote",0.964312259663649,0.278924102603292,0.432693154446659
