"","bcubed.precision","bcubed.recall","bcubed.f1"
"majority-vote",0.597895241820612,0.377718744835839,0.462962285027854
