"","bcubed.precision","bcubed.recall","bcubed.f1"
"majority-vote",0.884731038904575,0.485841751171135,0.627240348516057
