"","bcubed.precision","bcubed.recall","bcubed.f1"
"majority-vote",0.981227431844103,0.780422706717059,0.869380533061181
