"","bcubed.precision","bcubed.recall","bcubed.f1"
"majority-vote",0.804022652861435,0.424568159230099,0.555697493982639
