"","bcubed.precision","bcubed.recall","bcubed.f1"
"majority-vote",0.931990060077198,0.542224953298039,0.685582852181912
