"","bcubed.precision","bcubed.recall","bcubed.f1"
"majority-vote",0.917292173940338,0.918716952177755,0.91800401023145
