"","bcubed.precision","bcubed.recall","bcubed.f1"
"majority-vote",0.908288245312401,0.418042413433891,0.572561612234679
