"","bcubed.precision","bcubed.recall","bcubed.f1"
"majority-vote",0.916356346619818,0.768155454633415,0.835736651438446
