"","bcubed.precision","bcubed.recall","bcubed.f1"
"majority-vote",0.517200996926333,0.379577280698128,0.437828954795155
