"","bcubed.precision","bcubed.recall","bcubed.f1"
"majority-vote",0.820447563134867,0.512782848315346,0.631115874202203
