"","bcubed.precision","bcubed.recall","bcubed.f1"
"majority-vote",0.582097132777232,0.478732883353854,0.525379249321732
