"","bcubed.precision","bcubed.recall","bcubed.f1"
"majority-vote",0.907960403522956,0.292975959776075,0.443005272869024
