"","bcubed.precision","bcubed.recall","bcubed.f1"
"majority-vote",0.610190219610202,0.690841730640603,0.64801616479014
