"","bcubed.precision","bcubed.recall","bcubed.f1"
"majority-vote",0.99311918859896,0.568481358014851,0.72306550638646
