"","bcubed.precision","bcubed.recall","bcubed.f1"
"majority-vote",0.548063767646524,0.224560957993849,0.318586036972645
