"","bcubed.precision","bcubed.recall","bcubed.f1"
"majority-vote",0.677887156580235,0.549224177526678,0.606810491730394
