"","bcubed.precision","bcubed.recall","bcubed.f1"
"majority-vote",0.715858170240666,0.34620383186683,0.46670126813446
