"","bcubed.precision","bcubed.recall","bcubed.f1"
"majority-vote",0.706010997491967,0.883733520984897,0.784938180212025
