"","bcubed.precision","bcubed.recall","bcubed.f1"
"majority-vote",0.977318244942792,0.14391296303463,0.250882714389009
