"","bcubed.precision","bcubed.recall","bcubed.f1"
"majority-vote",0.379866869801039,0.348708696426407,0.36362152980175
