"","bcubed.precision","bcubed.recall","bcubed.f1"
"majority-vote",0.705916646951907,0.869048384903971,0.779034085839335
