"","bcubed.precision","bcubed.recall","bcubed.f1"
"majority-vote",0.876231360043279,0.172794784453867,0.288664319349209
