"","bcubed.precision","bcubed.recall","bcubed.f1"
"majority-vote",0.923969151888696,0.407850528428865,0.565904397448039
