"","bcubed.precision","bcubed.recall","bcubed.f1"
"majority-vote",0.955057212852422,0.214644834620804,0.350513360131237
