"","bcubed.precision","bcubed.recall","bcubed.f1"
"majority-vote",0.884696908298523,0.505727687339669,0.643567041080724
