"","bcubed.precision","bcubed.recall","bcubed.f1"
"majority-vote",0.712280710983023,0.787757609162052,0.748120287863001
