"","bcubed.precision","bcubed.recall","bcubed.f1"
"majority-vote",0.910179695418224,0.345458400648877,0.500827782889217
