"","bcubed.precision","bcubed.recall","bcubed.f1"
"majority-vote",0.808745498087483,0.750919519023886,0.778760533542468
