"","bcubed.precision","bcubed.recall","bcubed.f1"
"majority-vote",0.745809361171859,0.820095994481772,0.781190596910304
