"","bcubed.precision","bcubed.recall","bcubed.f1"
"majority-vote",0.740391613224707,0.396898043758577,0.516772452997807
