"","bcubed.precision","bcubed.recall","bcubed.f1"
"majority-vote",0.570440624493656,0.75232850520106,0.648879283160044
