"","bcubed.precision","bcubed.recall","bcubed.f1"
"majority-vote",0.737866514582741,0.500167218839986,0.596198039699115
