"","bcubed.precision","bcubed.recall","bcubed.f1"
"majority-vote",0.736255289347505,0.295203360815158,0.421432377922362
