"","bcubed.precision","bcubed.recall","bcubed.f1"
"majority-vote",0.628968304181502,0.842583308094163,0.720271297320082
