"","bcubed.precision","bcubed.recall","bcubed.f1"
"majority-vote",0.923019614279257,0.627196967987289,0.746882867969745
