"","bcubed.precision","bcubed.recall","bcubed.f1"
"majority-vote",0.736238970386956,0.18768657622937,0.299119711852598
