"","bcubed.precision","bcubed.recall","bcubed.f1"
"majority-vote",0.710997294681617,0.271251216006559,0.392688568445154
