"","bcubed.precision","bcubed.recall","bcubed.f1"
"majority-vote",0.581200298804522,0.498736524537009,0.536819952464883
