"","bcubed.precision","bcubed.recall","bcubed.f1"
"majority-vote",0.726317833777737,0.246076418949178,0.367607461795938
