"","bcubed.precision","bcubed.recall","bcubed.f1"
"majority-vote",0.766953622204574,0.539572461730565,0.633476911107179
