"","bcubed.precision","bcubed.recall","bcubed.f1"
"majority-vote",0.357342259502861,0.306295057427379,0.329855374625244
