"","bcubed.precision","bcubed.recall","bcubed.f1"
"majority-vote",0.638768729378045,0.786947863064142,0.705157938458423
