"","bcubed.precision","bcubed.recall","bcubed.f1"
"majority-vote",0.700560249942351,0.459401698371575,0.554912286739996
