"","bcubed.precision","bcubed.recall","bcubed.f1"
"majority-vote",0.964312259663649,0.308463127705209,0.467411263059132
