"","bcubed.precision","bcubed.recall","bcubed.f1"
"majority-vote",0.447792478036708,0.401588512487192,0.423433811596835
