"","bcubed.precision","bcubed.recall","bcubed.f1"
"majority-vote",0.776662165713183,0.486800388183932,0.598481439106803
