"","bcubed.precision","bcubed.recall","bcubed.f1"
"majority-vote",0.69898638316209,0.515686518278857,0.593506044021537
