"","bcubed.precision","bcubed.recall","bcubed.f1"
"majority-vote",0.973223146132226,0.833626626642251,0.898032299646673
