"","bcubed.precision","bcubed.recall","bcubed.f1"
"majority-vote",0.595965466763144,0.712734676377781,0.649140685606271
