"","bcubed.precision","bcubed.recall","bcubed.f1"
"majority-vote",0.973223146132226,0.836554525526797,0.899728447304807
