"","bcubed.precision","bcubed.recall","bcubed.f1"
"majority-vote",0.964722413379506,0.861654574201361,0.91028028274061
