"","bcubed.precision","bcubed.recall","bcubed.f1"
"majority-vote",0.981319040834445,0.782316772638926,0.870590559672053
