"","bcubed.precision","bcubed.recall","bcubed.f1"
"majority-vote",0.728569576710193,0.35237042775525,0.47500577707232
