"","bcubed.precision","bcubed.recall","bcubed.f1"
"majority-vote",0.7747352920998,0.29184746349735,0.423979346552655
