"","bcubed.precision","bcubed.recall","bcubed.f1"
"majority-vote",0.53627866221744,0.156518177149287,0.242314496501045
