"","bcubed.precision","bcubed.recall","bcubed.f1"
"majority-vote",0.923019614279257,0.648091489488885,0.76150076873746
