"","bcubed.precision","bcubed.recall","bcubed.f1"
"majority-vote",0.59657265362265,0.128646469257652,0.211651797706083
