"","bcubed.precision","bcubed.recall","bcubed.f1"
"majority-vote",0.72824835383427,0.36156391385269,0.483217766722242
