"","bcubed.precision","bcubed.recall","bcubed.f1"
"majority-vote",0.465808249435912,0.648635479210311,0.542225236369727
