"","bcubed.precision","bcubed.recall","bcubed.f1"
"majority-vote",0.820471235944503,0.494409323306142,0.617012131940952
