"","bcubed.precision","bcubed.recall","bcubed.f1"
"majority-vote",0.881557017856403,0.296937327604063,0.444240035637352
