"","bcubed.precision","bcubed.recall","bcubed.f1"
"majority-vote",0.703410720122343,0.459884223250518,0.556157309016801
