"","bcubed.precision","bcubed.recall","bcubed.f1"
"majority-vote",0.432237997535256,0.181527292690075,0.255677519533724
