"","bcubed.precision","bcubed.recall","bcubed.f1"
"majority-vote",0.394711358352838,0.531870179020185,0.45313918389442
