"","bcubed.precision","bcubed.recall","bcubed.f1"
"majority-vote",0.949485682971351,0.305243060437563,0.461970632671434
