"","bcubed.precision","bcubed.recall","bcubed.f1"
"majority-vote",0.728332118737111,0.507536687984814,0.59821118436881
