"","bcubed.precision","bcubed.recall","bcubed.f1"
"majority-vote",0.928712726769029,0.275701295361854,0.425181535725156
