"","bcubed.precision","bcubed.recall","bcubed.f1"
"majority-vote",0.4307657662416,0.640182191384661,0.514999016044209
