"","bcubed.precision","bcubed.recall","bcubed.f1"
"majority-vote",0.771771534379846,0.464229092291862,0.579738862797544
