"","bcubed.precision","bcubed.recall","bcubed.f1"
"majority-vote",0.839240147739327,0.734381994560452,0.783317464904614
