"","bcubed.precision","bcubed.recall","bcubed.f1"
"majority-vote",0.421182917139834,0.135968078361619,0.205572393640621
