"","bcubed.precision","bcubed.recall","bcubed.f1"
"majority-vote",0.639191666375935,0.245611103766347,0.35486455511797
