"","bcubed.precision","bcubed.recall","bcubed.f1"
"majority-vote",0.981042931595037,0.590161516795407,0.736980836764618
