"","bcubed.precision","bcubed.recall","bcubed.f1"
"majority-vote",0.842642104381824,0.778246699704999,0.809165237139244
