"","bcubed.precision","bcubed.recall","bcubed.f1"
"majority-vote",0.983367105852988,0.694098882114844,0.813791771370518
