"","bcubed.precision","bcubed.recall","bcubed.f1"
"majority-vote",0.905884630115351,0.447965731687133,0.599483196375516
