"","bcubed.precision","bcubed.recall","bcubed.f1"
"majority-vote",0.623292628622504,0.675468970071481,0.648332735325953
