"","bcubed.precision","bcubed.recall","bcubed.f1"
"majority-vote",0.799867223302341,0.0883700097768892,0.159156296788869
