"","bcubed.precision","bcubed.recall","bcubed.f1"
"majority-vote",0.586058931883005,0.442663194460342,0.504366946692387
