"","bcubed.precision","bcubed.recall","bcubed.f1"
"majority-vote",0.776725691401437,0.55114938310608,0.644777349732717
