"","bcubed.precision","bcubed.recall","bcubed.f1"
"majority-vote",0.731222083338333,0.519553450023909,0.607477434597491
