"","bcubed.precision","bcubed.recall","bcubed.f1"
"majority-vote",0.938656396527308,0.873326447893223,0.904813706261775
