"","bcubed.precision","bcubed.recall","bcubed.f1"
"majority-vote",0.548530104153735,0.344247216727234,0.42301693206026
