"","bcubed.precision","bcubed.recall","bcubed.f1"
"majority-vote",0.44246918409238,0.266338406257947,0.332520528599795
