"","bcubed.precision","bcubed.recall","bcubed.f1"
"majority-vote",0.892836201884884,0.319445288924405,0.470538106265871
