"","bcubed.precision","bcubed.recall","bcubed.f1"
"majority-vote",0.569366210275272,0.264504344932926,0.361206749741157
