"","bcubed.precision","bcubed.recall","bcubed.f1"
"majority-vote",0.785341560119604,0.342550731251238,0.477030169918072
