"","bcubed.precision","bcubed.recall","bcubed.f1"
"majority-vote",0.973351191384104,0.136729415179602,0.239776712385398
