"","bcubed.precision","bcubed.recall","bcubed.f1"
"majority-vote",0.762712111051613,0.547984849264722,0.637759442283475
