"","bcubed.precision","bcubed.recall","bcubed.f1"
"majority-vote",0.792923315704882,0.565746694121875,0.660342454470446
