"","bcubed.precision","bcubed.recall","bcubed.f1"
"majority-vote",0.839240147739327,0.733924529359884,0.783057157862516
