"","bcubed.precision","bcubed.recall","bcubed.f1"
"majority-vote",0.588425505589336,0.411350729045356,0.484206870153295
