"","bcubed.precision","bcubed.recall","bcubed.f1"
"majority-vote",0.672072767749144,0.38692928868944,0.491112621343244
