"","bcubed.precision","bcubed.recall","bcubed.f1"
"majority-vote",0.71300132517278,0.484993823719271,0.577299898638594
