"","bcubed.precision","bcubed.recall","bcubed.f1"
"majority-vote",0.432239953466521,0.237924272511977,0.306910970453479
