"","bcubed.precision","bcubed.recall","bcubed.f1"
"majority-vote",0.986528763048144,0.440681604713453,0.609223542956569
