"","bcubed.precision","bcubed.recall","bcubed.f1"
"majority-vote",0.762712111051613,0.551722389455408,0.640283480407211
