"","bcubed.precision","bcubed.recall","bcubed.f1"
"majority-vote",0.564384096447527,0.641504840090595,0.600478399910753
