"","bcubed.precision","bcubed.recall","bcubed.f1"
"majority-vote",0.905878530789809,0.669811030015384,0.770161136901968
