"","bcubed.precision","bcubed.recall","bcubed.f1"
"majority-vote",0.90616132856158,0.356825014411854,0.512026168647576
