"","bcubed.precision","bcubed.recall","bcubed.f1"
"majority-vote",0.983367105852988,0.381532556191271,0.549764317486272
