"","bcubed.precision","bcubed.recall","bcubed.f1"
"majority-vote",0.841197286615078,0.840679941168464,0.84093853432404
