"","bcubed.precision","bcubed.recall","bcubed.f1"
"majority-vote",0.976459348026765,0.423320633994429,0.590600516632075
