"","bcubed.precision","bcubed.recall","bcubed.f1"
"majority-vote",0.668055640846297,0.600234690099982,0.632331826189577
