"","bcubed.precision","bcubed.recall","bcubed.f1"
"majority-vote",0.820726481834441,0.362054847936001,0.50245636128749
