"","bcubed.precision","bcubed.recall","bcubed.f1"
"majority-vote",0.494392916723731,0.410047334938881,0.448287208674232
