"","bcubed.precision","bcubed.recall","bcubed.f1"
"majority-vote",0.773845404216284,0.326532424897895,0.459270642590556
