"","bcubed.precision","bcubed.recall","bcubed.f1"
"majority-vote",0.621555131412854,0.622162979884049,0.621858907110065
