"","bcubed.precision","bcubed.recall","bcubed.f1"
"majority-vote",0.598038864360341,0.315192205143942,0.412813787690851
