"","bcubed.precision","bcubed.recall","bcubed.f1"
"majority-vote",0.718966735236058,0.232039792052012,0.350846996207744
