"","bcubed.precision","bcubed.recall","bcubed.f1"
"majority-vote",0.994700931857343,0.440552372377293,0.610648801912134
