"","bcubed.precision","bcubed.recall","bcubed.f1"
"majority-vote",0.585785815810132,0.47405100261206,0.524028507924691
