"","bcubed.precision","bcubed.recall","bcubed.f1"
"majority-vote",0.794257383361058,0.676150228117782,0.730460461101252
