"","bcubed.precision","bcubed.recall","bcubed.f1"
"majority-vote",0.374657295977366,0.5358437951953,0.440983079142844
