"","bcubed.precision","bcubed.recall","bcubed.f1"
"majority-vote",0.919675606141578,0.328419860177905,0.484001011346887
