"","bcubed.precision","bcubed.recall","bcubed.f1"
"majority-vote",0.829559981636473,0.593572416381909,0.692000158972325
