"","bcubed.precision","bcubed.recall","bcubed.f1"
"majority-vote",0.639216373800988,0.77849710783321,0.702015047088479
