"","bcubed.precision","bcubed.recall","bcubed.f1"
"majority-vote",0.806600106398138,0.356562266272577,0.494519370073263
