"","bcubed.precision","bcubed.recall","bcubed.f1"
"majority-vote",0.97141851572012,0.608411478070706,0.748209841941743
