"","bcubed.precision","bcubed.recall","bcubed.f1"
"majority-vote",0.682485059947844,0.645407554355053,0.66342866686707
