"","bcubed.precision","bcubed.recall","bcubed.f1"
"majority-vote",0.969726374589248,0.381953233547821,0.548044258715204
