"","bcubed.precision","bcubed.recall","bcubed.f1"
"majority-vote",0.136175864297835,0.815739128190708,0.233390547894473
