"","bcubed.precision","bcubed.recall","bcubed.f1"
"majority-vote",0.577883977092452,0.457560598844993,0.510731225535577
