"","bcubed.precision","bcubed.recall","bcubed.f1"
"majority-vote",0.563765046286661,0.653159424878247,0.605178812858558
