"","bcubed.precision","bcubed.recall","bcubed.f1"
"majority-vote",0.694923434819298,0.415087800925633,0.519732109156981
