"","bcubed.precision","bcubed.recall","bcubed.f1"
"majority-vote",0.406225833157465,0.752170005447132,0.527541410208937
