"","bcubed.precision","bcubed.recall","bcubed.f1"
"majority-vote",0.931376973715364,0.28824517347884,0.440242771878812
