"","bcubed.precision","bcubed.recall","bcubed.f1"
"majority-vote",0.831813136441486,0.523298044122285,0.642436124235886
