"","bcubed.precision","bcubed.recall","bcubed.f1"
"majority-vote",0.682312789427501,0.669382525067946,0.67578581204688
