"","bcubed.precision","bcubed.recall","bcubed.f1"
"majority-vote",0.834202863519499,0.715565635893592,0.770343316081914
