"","bcubed.precision","bcubed.recall","bcubed.f1"
"majority-vote",0.831813136441486,0.432388370217541,0.569001578461941
