"","bcubed.precision","bcubed.recall","bcubed.f1"
"majority-vote",0.79846587063068,0.599215460418231,0.684638312996775
