"","bcubed.precision","bcubed.recall","bcubed.f1"
"majority-vote",0.741063113377561,0.445937827243371,0.556811815931547
