"","bcubed.precision","bcubed.recall","bcubed.f1"
"majority-vote",0.898335565834006,0.478896949774446,0.624745868945365
