"","bcubed.precision","bcubed.recall","bcubed.f1"
"majority-vote",0.952659146471357,0.250527006684241,0.396724719163167
