"","bcubed.precision","bcubed.recall","bcubed.f1"
"majority-vote",0.999385991548571,0.693246200865733,0.8186309405486
