"","bcubed.precision","bcubed.recall","bcubed.f1"
"majority-vote",0.71300132517278,0.483877622094694,0.57650840389938
