"","bcubed.precision","bcubed.recall","bcubed.f1"
"majority-vote",0.756677280266491,0.911629711405414,0.826957501323036
