"","bcubed.precision","bcubed.recall","bcubed.f1"
"majority-vote",0.981042931595037,0.591297940067223,0.737866292258106
