"","bcubed.precision","bcubed.recall","bcubed.f1"
"majority-vote",0.762224309465888,0.646613129098226,0.699675111304253
