"","bcubed.precision","bcubed.recall","bcubed.f1"
"majority-vote",0.409818604134421,0.764865403872748,0.533685774266413
