"","bcubed.precision","bcubed.recall","bcubed.f1"
"majority-vote",0.605521918837333,0.760749141764592,0.674317554339774
