"","bcubed.precision","bcubed.recall","bcubed.f1"
"majority-vote",0.9629662257527,0.614375493423336,0.750151781195354
