"","bcubed.precision","bcubed.recall","bcubed.f1"
"majority-vote",0.658307994946963,0.62337328148736,0.640364531470912
