"","bcubed.precision","bcubed.recall","bcubed.f1"
"majority-vote",0.53088195163997,0.538184431726079,0.534508251129174
