"","bcubed.precision","bcubed.recall","bcubed.f1"
"majority-vote",0.409818604134421,0.76493323425745,0.533702285154194
