"","bcubed.precision","bcubed.recall","bcubed.f1"
"majority-vote",0.421369012579392,0.135590875445267,0.205163045057988
