"","bcubed.precision","bcubed.recall","bcubed.f1"
"majority-vote",0.433328468984587,0.631937877108221,0.514118696765472
