"","bcubed.precision","bcubed.recall","bcubed.f1"
"majority-vote",0.781695294275723,0.516020691038283,0.621662906981807
