"","bcubed.precision","bcubed.recall","bcubed.f1"
"majority-vote",0.701061139758056,0.345946403856078,0.463281437964358
