"","bcubed.precision","bcubed.recall","bcubed.f1"
"majority-vote",0.563765046286661,0.645426272487662,0.601838214902938
