"","bcubed.precision","bcubed.recall","bcubed.f1"
"majority-vote",0.892836201884884,0.31981289125949,0.470936775956424
