"","bcubed.precision","bcubed.recall","bcubed.f1"
"majority-vote",0.782661001610418,0.570975446350471,0.660266226443286
