"","bcubed.precision","bcubed.recall","bcubed.f1"
"majority-vote",0.427302333488144,0.750269892518107,0.544496666512215
