"","bcubed.precision","bcubed.recall","bcubed.f1"
"majority-vote",0.676373595232544,0.290893743711879,0.406822063235948
