"","bcubed.precision","bcubed.recall","bcubed.f1"
"majority-vote",0.606761284262989,0.367224043480057,0.457537348638562
