"","bcubed.precision","bcubed.recall","bcubed.f1"
"majority-vote",0.559487568557498,0.400243178610446,0.466653972467336
