"","bcubed.precision","bcubed.recall","bcubed.f1"
"majority-vote",0.900137652928837,0.541132646316519,0.675922997141567
