"","bcubed.precision","bcubed.recall","bcubed.f1"
"majority-vote",0.767926369349415,0.400845074949146,0.526740287126077
