"","bcubed.precision","bcubed.recall","bcubed.f1"
"majority-vote",0.669564935788241,0.635408136922562,0.652039520653259
