"","bcubed.precision","bcubed.recall","bcubed.f1"
"majority-vote",0.819067816247218,0.0448009617501124,0.0849550923498086
