"","bcubed.precision","bcubed.recall","bcubed.f1"
"majority-vote",0.765924043273318,0.513036997454728,0.614479032474114
