"","bcubed.precision","bcubed.recall","bcubed.f1"
"majority-vote",0.997635878723657,0.348082912945257,0.516095940510977
