"","bcubed.precision","bcubed.recall","bcubed.f1"
"majority-vote",0.975027405375243,0.569271938822766,0.718844754481909
