"","bcubed.precision","bcubed.recall","bcubed.f1"
"majority-vote",0.954067097938272,0.260759586408463,0.409576353680586
