"","bcubed.precision","bcubed.recall","bcubed.f1"
"majority-vote",0.786966651052717,0.160855760689909,0.267113581034522
