"","bcubed.precision","bcubed.recall","bcubed.f1"
"majority-vote",0.958477301860075,0.0866354003179753,0.15890738782389
