"","bcubed.precision","bcubed.recall","bcubed.f1"
"majority-vote",0.892191941038657,0.284938570188566,0.431931537902757
