"","bcubed.precision","bcubed.recall","bcubed.f1"
"majority-vote",0.432239953466521,0.262263414869245,0.326451192053104
