"","bcubed.precision","bcubed.recall","bcubed.f1"
"majority-vote",0.756677280266491,0.910156717777485,0.826350927125706
