"","bcubed.precision","bcubed.recall","bcubed.f1"
"majority-vote",0.958788669951737,0.315299213980169,0.474543895788325
