"","bcubed.precision","bcubed.recall","bcubed.f1"
"majority-vote",0.994850489051498,0.252728492925526,0.403063963751256
