"","bcubed.precision","bcubed.recall","bcubed.f1"
"majority-vote",0.547964216124563,0.357029605851994,0.432355322993614
