"","bcubed.precision","bcubed.recall","bcubed.f1"
"majority-vote",0.598038864360341,0.318333944128586,0.415499169487433
