"","bcubed.precision","bcubed.recall","bcubed.f1"
"majority-vote",0.958477301860075,0.0853034921294626,0.15666404564311
