"","bcubed.precision","bcubed.recall","bcubed.f1"
"majority-vote",0.997409616094641,0.379034409126243,0.549317745678176
