"","bcubed.precision","bcubed.recall","bcubed.f1"
"majority-vote",0.785341560119604,0.273458777786895,0.405663911290752
