"","bcubed.precision","bcubed.recall","bcubed.f1"
"majority-vote",0.999493929046802,0.225563342409977,0.368063104651726
