"","bcubed.precision","bcubed.recall","bcubed.f1"
"majority-vote",0.784158871865314,0.181476114657002,0.294740988730002
