"","bcubed.precision","bcubed.recall","bcubed.f1"
"majority-vote",0.639191666375935,0.243290747186909,0.352436299507452
