"","bcubed.precision","bcubed.recall","bcubed.f1"
"majority-vote",0.442182149051451,0.288169475088018,0.348937124458603
