"","bcubed.precision","bcubed.recall","bcubed.f1"
"majority-vote",0.726638550831421,0.636871250966494,0.678799964999555
