"","bcubed.precision","bcubed.recall","bcubed.f1"
"majority-vote",0.855354177524576,0.502775828255773,0.633299320722772
