"","bcubed.precision","bcubed.recall","bcubed.f1"
"majority-vote",0.657810508379299,0.262090157896193,0.374835384574607
