"","bcubed.precision","bcubed.recall","bcubed.f1"
"majority-vote",0.719474989131503,0.236965240680284,0.356510649905518
