"","bcubed.precision","bcubed.recall","bcubed.f1"
"majority-vote",0.999962622962941,0.76924938655657,0.869562980756217
