"","bcubed.precision","bcubed.recall","bcubed.f1"
"majority-vote",0.667479346591279,0.599019545046492,0.631399170047428
