"","bcubed.precision","bcubed.recall","bcubed.f1"
"majority-vote",0.432237997535256,0.117797665057319,0.185139365759342
