"","bcubed.precision","bcubed.recall","bcubed.f1"
"majority-vote",0.978494911559588,0.398726955396042,0.566578713739292
