"","bcubed.precision","bcubed.recall","bcubed.f1"
"majority-vote",0.834202863519499,0.729758255537485,0.778493044396692
