"","bcubed.precision","bcubed.recall","bcubed.f1"
"majority-vote",0.790368214413571,0.628949683029244,0.70047991197382
