"","bcubed.precision","bcubed.recall","bcubed.f1"
"majority-vote",0.974887346307116,0.497694336761949,0.658973171833458
