"","bcubed.precision","bcubed.recall","bcubed.f1"
"majority-vote",0.897171195032874,0.51233010355056,0.652213391666576
