"","bcubed.precision","bcubed.recall","bcubed.f1"
"majority-vote",0.905721830397786,0.420093292163112,0.573967907050071
