"","bcubed.precision","bcubed.recall","bcubed.f1"
"majority-vote",0.652894347382972,0.617142655205747,0.634515294107904
