"","bcubed.precision","bcubed.recall","bcubed.f1"
"majority-vote",0.897134963539992,0.525459247308957,0.662743963220481
