"","bcubed.precision","bcubed.recall","bcubed.f1"
"majority-vote",0.768189767318699,0.331266933529074,0.462912033537757
