"","bcubed.precision","bcubed.recall","bcubed.f1"
"majority-vote",0.494392916723731,0.434448943675018,0.462486650502225
