"","bcubed.precision","bcubed.recall","bcubed.f1"
"majority-vote",0.786125847176888,0.619915670196337,0.693196787420274
