"","bcubed.precision","bcubed.recall","bcubed.f1"
"majority-vote",0.905878530789809,0.655852078078298,0.760851216632826
