"","bcubed.precision","bcubed.recall","bcubed.f1"
"majority-vote",0.347036112634631,0.493168775686234,0.407394380027867
