"","bcubed.precision","bcubed.recall","bcubed.f1"
"majority-vote",0.986528763048144,0.460161681369967,0.627587935035627
