"","bcubed.precision","bcubed.recall","bcubed.f1"
"majority-vote",0.80622985161537,0.377915004136746,0.514609941897467
