"","bcubed.precision","bcubed.recall","bcubed.f1"
"majority-vote",0.563294599799234,0.479989757278457,0.518316289129916
