"","bcubed.precision","bcubed.recall","bcubed.f1"
"majority-vote",0.78169805907563,0.450594579002883,0.571664387098469
