"","bcubed.precision","bcubed.recall","bcubed.f1"
"majority-vote",0.554538424876368,0.415786531438538,0.475242044900898
