"","bcubed.precision","bcubed.recall","bcubed.f1"
"majority-vote",0.726638550831421,0.646967020560044,0.684492241508964
