"","bcubed.precision","bcubed.recall","bcubed.f1"
"majority-vote",0.995218231571625,0.403492905427712,0.57419074627938
