"","bcubed.precision","bcubed.recall","bcubed.f1"
"majority-vote",0.973238570524618,0.689778204776007,0.807350549875101
