"","bcubed.precision","bcubed.recall","bcubed.f1"
"majority-vote",0.61471826284887,0.444652058126984,0.516034356129983
