"","bcubed.precision","bcubed.recall","bcubed.f1"
"majority-vote",0.237589010790315,0.680969060410856,0.352271174821329
