"","bcubed.precision","bcubed.recall","bcubed.f1"
"majority-vote",0.812447212730273,0.233727755566708,0.363020468472859
