"","bcubed.precision","bcubed.recall","bcubed.f1"
"majority-vote",0.551104904427285,0.605847632908659,0.577181156627989
