"","bcubed.precision","bcubed.recall","bcubed.f1"
"majority-vote",0.237589010790315,0.672294929654324,0.351099475869107
