"","bcubed.precision","bcubed.recall","bcubed.f1"
"majority-vote",0.941160740105008,0.41455221891534,0.575579469932143
