"","bcubed.precision","bcubed.recall","bcubed.f1"
"majority-vote",0.941160740105008,0.367522392030778,0.528619400670873
