"","bcubed.precision","bcubed.recall","bcubed.f1"
"majority-vote",0.41424198765826,0.482267355392147,0.445673855892214
