"","bcubed.precision","bcubed.recall","bcubed.f1"
"majority-vote",0.504565181499584,0.353875318663523,0.415994269505592
