"","bcubed.precision","bcubed.recall","bcubed.f1"
"majority-vote",0.873339427491683,0.637032695650962,0.73670026239057
