"","bcubed.precision","bcubed.recall","bcubed.f1"
"majority-vote",0.916235106615188,0.342919614326942,0.499057000966802
