"","bcubed.precision","bcubed.recall","bcubed.f1"
"majority-vote",0.955595823253854,0.817368971043047,0.881094060410584
