"","bcubed.precision","bcubed.recall","bcubed.f1"
"majority-vote",0.98122139538903,0.565169245757744,0.717226477188365
