"","bcubed.precision","bcubed.recall","bcubed.f1"
"majority-vote",0.960659597933063,0.785674252219305,0.86440002428803
