"","bcubed.precision","bcubed.recall","bcubed.f1"
"majority-vote",0.700034569542628,0.57588870895291,0.631922014859171
