"","bcubed.precision","bcubed.recall","bcubed.f1"
"majority-vote",0.930967799718234,0.651899268978823,0.766832844123429
