"","bcubed.precision","bcubed.recall","bcubed.f1"
"majority-vote",0.780604341689827,0.481493522609704,0.595605055481598
