"","bcubed.precision","bcubed.recall","bcubed.f1"
"majority-vote",0.918553361298633,0.499028108044838,0.646712666524028
