"","bcubed.precision","bcubed.recall","bcubed.f1"
"majority-vote",0.923410988175776,0.103598381785806,0.186296029805104
