"","bcubed.precision","bcubed.recall","bcubed.f1"
"majority-vote",0.935286445217817,0.322006700575838,0.479074435942755
