"","bcubed.precision","bcubed.recall","bcubed.f1"
"majority-vote",0.822812202203316,0.372991414916224,0.513298142130422
