"","bcubed.precision","bcubed.recall","bcubed.f1"
"majority-vote",0.715129887782773,0.214150807084684,0.329600396274031
