"","bcubed.precision","bcubed.recall","bcubed.f1"
"majority-vote",0.553185021641889,0.611424536537937,0.580848565257773
