"","bcubed.precision","bcubed.recall","bcubed.f1"
"majority-vote",0.843822653668883,0.680433178151986,0.753370816166294
