"","bcubed.precision","bcubed.recall","bcubed.f1"
"majority-vote",0.965970173655858,0.432316989372992,0.59730980636971
