"","bcubed.precision","bcubed.recall","bcubed.f1"
"majority-vote",0.98942265927021,0.228588712107593,0.37137724117765
