"","bcubed.precision","bcubed.recall","bcubed.f1"
"majority-vote",0.995151774563189,0.144188121526605,0.251881050598838
