"","bcubed.precision","bcubed.recall","bcubed.f1"
"majority-vote",0.985059149124487,0.734887991773426,0.8417795206197
