"","bcubed.precision","bcubed.recall","bcubed.f1"
"majority-vote",0.854553336149099,0.437111937152436,0.578378116815732
