"","bcubed.precision","bcubed.recall","bcubed.f1"
"majority-vote",0.542242492536746,0.60671337652245,0.572669120547342
