"","bcubed.precision","bcubed.recall","bcubed.f1"
"majority-vote",0.591180537709412,0.425022208545512,0.494517179199485
