"","bcubed.precision","bcubed.recall","bcubed.f1"
"majority-vote",0.965580900464416,0.368176028625262,0.533086252068483
