"","bcubed.precision","bcubed.recall","bcubed.f1"
"majority-vote",0.813452296142313,0.224610684465469,0.352021178733407
