"","bcubed.precision","bcubed.recall","bcubed.f1"
"majority-vote",0.970468641749929,0.689282380321928,0.80605696458998
