"","bcubed.precision","bcubed.recall","bcubed.f1"
"majority-vote",0.970554408357291,0.367228422265961,0.532844578276241
