"","bcubed.precision","bcubed.recall","bcubed.f1"
"majority-vote",0.990772067914696,0.852534305040258,0.916469653407526
