"","bcubed.precision","bcubed.recall","bcubed.f1"
"majority-vote",0.911269601069395,0.298379099054182,0.449558293304118
