"","bcubed.precision","bcubed.recall","bcubed.f1"
"majority-vote",0.590429339512345,0.505095302996085,0.544438846132978
