"","bcubed.precision","bcubed.recall","bcubed.f1"
"majority-vote",0.712478005334181,0.451898917203931,0.553030608748765
