"","bcubed.precision","bcubed.recall","bcubed.f1"
"majority-vote",0.918572562938792,0.395175209268147,0.552613085200554
