"","bcubed.precision","bcubed.recall","bcubed.f1"
"majority-vote",0.985059149124487,0.763733268272691,0.860390788430433
