"","bcubed.precision","bcubed.recall","bcubed.f1"
"majority-vote",0.910141419444105,0.310628094290447,0.463175876323856
