"","bcubed.precision","bcubed.recall","bcubed.f1"
"majority-vote",0.749625391821628,0.721324860890619,0.735202880558042
