"","bcubed.precision","bcubed.recall","bcubed.f1"
"majority-vote",0.619007033134524,0.165105623137006,0.260680760894322
