"","bcubed.precision","bcubed.recall","bcubed.f1"
"majority-vote",0.672548104152185,0.434659637631612,0.528048177787577
