"","bcubed.precision","bcubed.recall","bcubed.f1"
"majority-vote",0.969768517340937,0.408773992885079,0.575123575902935
