"","bcubed.precision","bcubed.recall","bcubed.f1"
"majority-vote",0.731414934666631,0.436561429822204,0.546770567247092
