"","bcubed.precision","bcubed.recall","bcubed.f1"
"majority-vote",0.918572562938792,0.383732038658594,0.541326079628374
