"","bcubed.precision","bcubed.recall","bcubed.f1"
"majority-vote",0.136870057018669,0.481277176917593,0.213128623829731
