"","bcubed.precision","bcubed.recall","bcubed.f1"
"majority-vote",0.610341929530296,0.401371221749151,0.48427498571212
