"","bcubed.precision","bcubed.recall","bcubed.f1"
"majority-vote",0.921693653075418,0.438285055892985,0.594074821304801
