"","bcubed.precision","bcubed.recall","bcubed.f1"
"majority-vote",0.768262875042739,0.293975542459247,0.425235035225164
