"","bcubed.precision","bcubed.recall","bcubed.f1"
"majority-vote",0.978232816636743,0.154336218453514,0.266609361564989
