"","bcubed.precision","bcubed.recall","bcubed.f1"
"majority-vote",0.763079164672351,0.306353199514484,0.437188458866153
