"","bcubed.precision","bcubed.recall","bcubed.f1"
"majority-vote",0.909933573071539,0.432218347051958,0.586058819397843
