"","bcubed.precision","bcubed.recall","bcubed.f1"
"majority-vote",0.882813821814492,0.272796999459394,0.416799422848595
