"","bcubed.precision","bcubed.recall","bcubed.f1"
"majority-vote",0.977992817849292,0.166327636869759,0.284303638194437
