"","bcubed.precision","bcubed.recall","bcubed.f1"
"majority-vote",0.960659597933063,0.777061651293431,0.85916165648896
