"","bcubed.precision","bcubed.recall","bcubed.f1"
"majority-vote",0.926617166866039,0.215867265024577,0.350160243680844
