"","bcubed.precision","bcubed.recall","bcubed.f1"
"majority-vote",0.858059379738781,0.676621733367296,0.756615325350382
