"","bcubed.precision","bcubed.recall","bcubed.f1"
"majority-vote",0.937104148981493,0.466487325056133,0.62289806662884
