"","bcubed.precision","bcubed.recall","bcubed.f1"
"majority-vote",0.573749179388774,0.344500290183722,0.430507754900478
