"","bcubed.precision","bcubed.recall","bcubed.f1"
"majority-vote",0.999973860920335,0.157575416369626,0.272249830887836
