"","bcubed.precision","bcubed.recall","bcubed.f1"
"majority-vote",0.966742125119145,0.288770220876125,0.444705044743481
