"","bcubed.precision","bcubed.recall","bcubed.f1"
"majority-vote",0.875146630855349,0.666031012935887,0.756401832539133
