"","bcubed.precision","bcubed.recall","bcubed.f1"
"majority-vote",0.80847414032077,0.370553937635961,0.508186839268308
