"","bcubed.precision","bcubed.recall","bcubed.f1"
"majority-vote",0.834861390880243,0.38181746210786,0.523991448844306
