"","bcubed.precision","bcubed.recall","bcubed.f1"
"majority-vote",0.923621602480363,0.105887758725265,0.189993845772033
