"","bcubed.precision","bcubed.recall","bcubed.f1"
"majority-vote",0.0437151674664948,0.725034444545695,0.0824585838276547
