"","bcubed.precision","bcubed.recall","bcubed.f1"
"majority-vote",0.74526595858925,0.741416546034538,0.743336268740429
