"","bcubed.precision","bcubed.recall","bcubed.f1"
"majority-vote",0.922996281686503,0.465145827366763,0.618564722302563
