"","bcubed.precision","bcubed.recall","bcubed.f1"
"majority-vote",0.670305316493103,0.530191405707111,0.592071784008016
