"","bcubed.precision","bcubed.recall","bcubed.f1"
"majority-vote",0.910797988910986,0.320054348492352,0.473663408827775
