"","bcubed.precision","bcubed.recall","bcubed.f1"
"majority-vote",0.75348516695306,0.498547645957727,0.6000613600137
