"","bcubed.precision","bcubed.recall","bcubed.f1"
"majority-vote",0.908609755381573,0.315829790600578,0.468730415840371
