"","bcubed.precision","bcubed.recall","bcubed.f1"
"majority-vote",0.592236067810687,0.322137440051506,0.417294265746505
