"","bcubed.precision","bcubed.recall","bcubed.f1"
"majority-vote",0.781856291810204,0.341936283707375,0.475790711985582
