"","bcubed.precision","bcubed.recall","bcubed.f1"
"majority-vote",0.713636332380117,0.44633159366891,0.549184911717622
