"","bcubed.precision","bcubed.recall","bcubed.f1"
"majority-vote",0.719121199250144,0.481287709038789,0.576643828812744
