"","bcubed.precision","bcubed.recall","bcubed.f1"
"majority-vote",0.353546074222578,0.389364140978584,0.37059165608256
