"","bcubed.precision","bcubed.recall","bcubed.f1"
"majority-vote",0.435325237201705,0.310556270860874,0.362505252685911
