"","bcubed.precision","bcubed.recall","bcubed.f1"
"majority-vote",0.964442250187221,0.380094846845084,0.545287341174837
