"","bcubed.precision","bcubed.recall","bcubed.f1"
"majority-vote",0.961401118093104,0.351213208786595,0.514479789991573
