"","bcubed.precision","bcubed.recall","bcubed.f1"
"majority-vote",0.67565248706968,0.518476534174652,0.586720452430398
