"","bcubed.precision","bcubed.recall","bcubed.f1"
"majority-vote",0.530856855478116,0.621813333656356,0.572746435382426
