"","bcubed.precision","bcubed.recall","bcubed.f1"
"majority-vote",0.916441534528267,0.570650544228491,0.703342944129407
