"","bcubed.precision","bcubed.recall","bcubed.f1"
"majority-vote",0.779371254911542,0.494606954629389,0.605163322308925
