"","bcubed.precision","bcubed.recall","bcubed.f1"
"majority-vote",0.73887115549943,0.340758374979025,0.466412833586131
