"","bcubed.precision","bcubed.recall","bcubed.f1"
"majority-vote",0.853400373870999,0.796963776387169,0.8242171094471
