"","bcubed.precision","bcubed.recall","bcubed.f1"
"majority-vote",0.74526595858925,0.754901983111437,0.750053023325733
