"","bcubed.precision","bcubed.recall","bcubed.f1"
"majority-vote",0.573749179388774,0.357913354104548,0.440830205846718
