"","bcubed.precision","bcubed.recall","bcubed.f1"
"majority-vote",0.596368944608312,0.470861493484509,0.52623531320539
