"","bcubed.precision","bcubed.recall","bcubed.f1"
"majority-vote",0.616300778292171,0.443772349615137,0.515996938800374
