"","bcubed.precision","bcubed.recall","bcubed.f1"
"majority-vote",0.995151774563189,0.132809374441515,0.234344037063194
