"","bcubed.precision","bcubed.recall","bcubed.f1"
"majority-vote",0.943331649398437,0.819691363356856,0.877176077905686
