"","bcubed.precision","bcubed.recall","bcubed.f1"
"majority-vote",0.905396664332263,0.335913432079344,0.490022439659899
