"","bcubed.precision","bcubed.recall","bcubed.f1"
"majority-vote",0.970177695320529,0.672338667984145,0.794254467051222
