"","bcubed.precision","bcubed.recall","bcubed.f1"
"majority-vote",0.940842917423558,0.484780461042096,0.63986361358309
