"","bcubed.precision","bcubed.recall","bcubed.f1"
"majority-vote",0.996399111780906,0.331997042027045,0.498046545590135
