"","bcubed.precision","bcubed.recall","bcubed.f1"
"majority-vote",0.971472604846914,0.380093909219286,0.546404215009458
