"","bcubed.precision","bcubed.recall","bcubed.f1"
"majority-vote",0.83390307536885,0.461940954227157,0.594537573304932
