"","bcubed.precision","bcubed.recall","bcubed.f1"
"majority-vote",0.765550713946614,0.226971247501898,0.350134319077121
