"","bcubed.precision","bcubed.recall","bcubed.f1"
"majority-vote",0.966095184549025,0.389960037671042,0.555638897866965
