"","bcubed.precision","bcubed.recall","bcubed.f1"
"majority-vote",0.908609755381573,0.371529180328485,0.527403750075202
