"","bcubed.precision","bcubed.recall","bcubed.f1"
"majority-vote",0.964128599422991,0.108685442951227,0.195349314515557
