"","bcubed.precision","bcubed.recall","bcubed.f1"
"majority-vote",0.845322139184084,0.258210222800548,0.395585712600964
