"","bcubed.precision","bcubed.recall","bcubed.f1"
"majority-vote",0.727922981412261,0.430091888266033,0.540707684824141
