"","bcubed.precision","bcubed.recall","bcubed.f1"
"majority-vote",0.933612610352497,0.33494011856624,0.493009571108548
