"","bcubed.precision","bcubed.recall","bcubed.f1"
"majority-vote",0.966767872870322,0.279737122037688,0.433918618120258
