"","bcubed.precision","bcubed.recall","bcubed.f1"
"majority-vote",0.781952238481206,0.396599954488738,0.526276602841843
