"","bcubed.precision","bcubed.recall","bcubed.f1"
"majority-vote",0.988021109802816,0.459813354958872,0.627565253246543
