"","bcubed.precision","bcubed.recall","bcubed.f1"
"majority-vote",0.930440717058004,0.35854746311666,0.517626404667866
