"","bcubed.precision","bcubed.recall","bcubed.f1"
"majority-vote",0.977402989244499,0.411249192675595,0.578915577966727
