"","bcubed.precision","bcubed.recall","bcubed.f1"
"majority-vote",0.999918071676561,0.148477992952637,0.258562064034144
