"","bcubed.precision","bcubed.recall","bcubed.f1"
"majority-vote",0.73887115549943,0.353437380042761,0.478151871731482
