"","bcubed.precision","bcubed.recall","bcubed.f1"
"majority-vote",0.910797988910986,0.264948258878609,0.410487112854114
