"","bcubed.precision","bcubed.recall","bcubed.f1"
"majority-vote",0.283381165954598,0.736736636191083,0.409319956040689
