"","bcubed.precision","bcubed.recall","bcubed.f1"
"majority-vote",0.566654309100346,0.77670790227415,0.655258687507091
