"","bcubed.precision","bcubed.recall","bcubed.f1"
"majority-vote",0.701560296117867,0.419652766784951,0.525166409620846
