"","bcubed.precision","bcubed.recall","bcubed.f1"
"majority-vote",0.936179030828413,0.893026588047582,0.914093808891876
