"","bcubed.precision","bcubed.recall","bcubed.f1"
"majority-vote",0.983650587740005,0.311836552022076,0.473548826940366
