"","bcubed.precision","bcubed.recall","bcubed.f1"
"majority-vote",0.849816444731064,0.356375832378303,0.502165448423515
