"","bcubed.precision","bcubed.recall","bcubed.f1"
"majority-vote",0.936825073447013,0.686186245013986,0.792152799024371
