"","bcubed.precision","bcubed.recall","bcubed.f1"
"majority-vote",0.174803532684473,0.719312368867474,0.281257369348701
