"","bcubed.precision","bcubed.recall","bcubed.f1"
"majority-vote",0.663477766252067,0.851976559519286,0.746004013444959
