"","bcubed.precision","bcubed.recall","bcubed.f1"
"majority-vote",0.771557449814903,0.479655301968369,0.591556665402361
