"","bcubed.precision","bcubed.recall","bcubed.f1"
"majority-vote",0.682372231434468,0.561261117651136,0.615919477473978
