"","bcubed.precision","bcubed.recall","bcubed.f1"
"majority-vote",0.759333893888478,0.668543997191879,0.711052562399971
