"","bcubed.precision","bcubed.recall","bcubed.f1"
"majority-vote",0.173657783954713,0.715748705993181,0.279501747639622
