"","bcubed.precision","bcubed.recall","bcubed.f1"
"majority-vote",0.753189184594265,0.315230363448051,0.444447316299734
