"","bcubed.precision","bcubed.recall","bcubed.f1"
"majority-vote",0.999030946618786,0.16628214710585,0.2851096614696
