"","bcubed.precision","bcubed.recall","bcubed.f1"
"majority-vote",0.761835167690174,0.231195025793086,0.354737453906388
