"","bcubed.precision","bcubed.recall","bcubed.f1"
"majority-vote",0.376262277456518,0.183993518315418,0.247136471451259
