"","bcubed.precision","bcubed.recall","bcubed.f1"
"majority-vote",0.756356102150705,0.839753796582907,0.795876159722645
