"","bcubed.precision","bcubed.recall","bcubed.f1"
"majority-vote",0.38288999351152,0.325319370628127,0.351764712572804
