"","bcubed.precision","bcubed.recall","bcubed.f1"
"majority-vote",0.9940556040594,0.716364494367509,0.832668115663669
