"","bcubed.precision","bcubed.recall","bcubed.f1"
"majority-vote",0.742833645775989,0.779558855224317,0.760753282931626
