"","bcubed.precision","bcubed.recall","bcubed.f1"
"majority-vote",0.754113089432517,0.618866008318742,0.679828204584316
