"","bcubed.precision","bcubed.recall","bcubed.f1"
"majority-vote",0.938676122538366,0.764236455156381,0.842521832095187
