"","bcubed.precision","bcubed.recall","bcubed.f1"
"majority-vote",0.943988558370816,0.0910692663367924,0.166113126028377
