"","bcubed.precision","bcubed.recall","bcubed.f1"
"majority-vote",0.477312083193809,0.476739681148373,0.477025710459181
