"","bcubed.precision","bcubed.recall","bcubed.f1"
"majority-vote",0.942126946941287,0.742589811017859,0.830541832244216
