"","bcubed.precision","bcubed.recall","bcubed.f1"
"majority-vote",0.905989058580792,0.175167289986754,0.293573909748601
