"","bcubed.precision","bcubed.recall","bcubed.f1"
"majority-vote",0.878081654111794,0.557155151411953,0.681737975316465
