"","bcubed.precision","bcubed.recall","bcubed.f1"
"majority-vote",0.756356102150705,0.831217472926956,0.792021759157635
