"","bcubed.precision","bcubed.recall","bcubed.f1"
"majority-vote",0.610527735101466,0.202431013311189,0.304049248039929
