"","bcubed.precision","bcubed.recall","bcubed.f1"
"majority-vote",0.953053631609352,0.189321826459922,0.315892385425533
