"","bcubed.precision","bcubed.recall","bcubed.f1"
"majority-vote",0.507724939104353,0.663222585638764,0.575148996501694
