"","bcubed.precision","bcubed.recall","bcubed.f1"
"majority-vote",0.910527198509826,0.300170423613134,0.451497268836986
