"","bcubed.precision","bcubed.recall","bcubed.f1"
"majority-vote",0.957664997641816,0.187710523333705,0.313894953390677
