"","bcubed.precision","bcubed.recall","bcubed.f1"
"majority-vote",0.910527198509826,0.242470878726914,0.382960447699171
