"","bcubed.precision","bcubed.recall","bcubed.f1"
"majority-vote",0.671289491695408,0.518515699518158,0.585094338024543
