"","bcubed.precision","bcubed.recall","bcubed.f1"
"majority-vote",0.89846246739019,0.804397644698762,0.848832017953985
