"","bcubed.precision","bcubed.recall","bcubed.f1"
"majority-vote",0.721105805845077,0.471833379106261,0.570426042428818
