"","bcubed.precision","bcubed.recall","bcubed.f1"
"majority-vote",0.915829511609295,0.54676003242263,0.684729322049864
