"","bcubed.precision","bcubed.recall","bcubed.f1"
"majority-vote",0.998700457358049,0.149234988617684,0.259668001208241
