"","bcubed.precision","bcubed.recall","bcubed.f1"
"majority-vote",0.698081840183859,0.692880354145352,0.695471371718034
