"","bcubed.precision","bcubed.recall","bcubed.f1"
"majority-vote",0.41536683958875,0.618860291718368,0.497093985908395
