"","bcubed.precision","bcubed.recall","bcubed.f1"
"majority-vote",0.894386361760013,0.198960429465978,0.325509703000545
