"","bcubed.precision","bcubed.recall","bcubed.f1"
"majority-vote",0.799514503055131,0.419244026044924,0.550054290720984
