"","bcubed.precision","bcubed.recall","bcubed.f1"
"majority-vote",0.675427325075948,0.556782203302099,0.610392803440245
