"","bcubed.precision","bcubed.recall","bcubed.f1"
"majority-vote",0.636981719379453,0.536373082975562,0.582364086185855
