"","bcubed.precision","bcubed.recall","bcubed.f1"
"majority-vote",0.53444143260531,0.141857635831167,0.22420435472397
