"","bcubed.precision","bcubed.recall","bcubed.f1"
"majority-vote",0.97382529679717,0.264225507880385,0.415668698991742
