"","bcubed.precision","bcubed.recall","bcubed.f1"
"majority-vote",0.586993041172658,0.429713493192234,0.496188077239815
