"","bcubed.precision","bcubed.recall","bcubed.f1"
"majority-vote",0.665830838352923,0.786589893817225,0.721190212780445
