"","bcubed.precision","bcubed.recall","bcubed.f1"
"majority-vote",0.827263084809917,0.846855369740552,0.836944582571403
