"","bcubed.precision","bcubed.recall","bcubed.f1"
"majority-vote",0.458753118607883,0.201038891021402,0.279564519944271
