"","bcubed.precision","bcubed.recall","bcubed.f1"
"majority-vote",0.951569477926385,0.59940359893412,0.735504926828897
