"","bcubed.precision","bcubed.recall","bcubed.f1"
"majority-vote",0.736860199357523,0.752337005026884,0.744518179158564
