"","bcubed.precision","bcubed.recall","bcubed.f1"
"majority-vote",0.697976556766737,0.700913896057867,0.6994421425532
