"","bcubed.precision","bcubed.recall","bcubed.f1"
"majority-vote",0.914289533163955,0.242709875380141,0.383590686420188
