"","bcubed.precision","bcubed.recall","bcubed.f1"
"majority-vote",0.896221572962729,0.251132932127368,0.392329921494069
