"","bcubed.precision","bcubed.recall","bcubed.f1"
"majority-vote",0.942761226510987,0.402004516444803,0.563658425970059
