"","bcubed.precision","bcubed.recall","bcubed.f1"
"majority-vote",0.816117501916403,0.703360657445556,0.755555371643885
