"","bcubed.precision","bcubed.recall","bcubed.f1"
"majority-vote",0.251401720554082,0.73898472240008,0.375170787112964
