"","bcubed.precision","bcubed.recall","bcubed.f1"
"majority-vote",0.467260686535883,0.555063046206756,0.507391409853064
