"","bcubed.precision","bcubed.recall","bcubed.f1"
"majority-vote",0.999109102794397,0.459375409887627,0.629374051802082
