"","bcubed.precision","bcubed.recall","bcubed.f1"
"majority-vote",0.962650315668676,0.496749159138849,0.655332200823534
