"","bcubed.precision","bcubed.recall","bcubed.f1"
"majority-vote",0.610846090247007,0.202846242872442,0.304556966648318
