"","bcubed.precision","bcubed.recall","bcubed.f1"
"majority-vote",0.374678736678439,0.331318706009164,0.351667206421819
