"","bcubed.precision","bcubed.recall","bcubed.f1"
"majority-vote",0.9228461443334,0.600469830977538,0.727546060419984
