"","bcubed.precision","bcubed.recall","bcubed.f1"
"majority-vote",0.986353687699638,0.108415537661141,0.19535818672792
