"","bcubed.precision","bcubed.recall","bcubed.f1"
"majority-vote",0.939204727370775,0.281459770638638,0.433122037348651
