"","bcubed.precision","bcubed.recall","bcubed.f1"
"majority-vote",0.925944059781365,0.445145666969795,0.601244365012885
