"","bcubed.precision","bcubed.recall","bcubed.f1"
"majority-vote",0.777064003968343,0.374014892126001,0.504975828512448
