"","bcubed.precision","bcubed.recall","bcubed.f1"
"majority-vote",0.867228563372521,0.247310700256348,0.384867380251187
