"","bcubed.precision","bcubed.recall","bcubed.f1"
"majority-vote",0.78174414566636,0.830848516597893,0.805548703010963
