"","bcubed.precision","bcubed.recall","bcubed.f1"
"majority-vote",0.866370016524498,0.765460318989292,0.812795123094457
