"","bcubed.precision","bcubed.recall","bcubed.f1"
"majority-vote",0.843715782323866,0.717860703303042,0.77571660493304
