"","bcubed.precision","bcubed.recall","bcubed.f1"
"majority-vote",0.762665888568883,0.241618914348492,0.366976585668402
