"","bcubed.precision","bcubed.recall","bcubed.f1"
"majority-vote",0.901027726744906,0.352826275887442,0.507086561324235
