"","bcubed.precision","bcubed.recall","bcubed.f1"
"majority-vote",0.661883106362718,0.433349100548375,0.523772852917449
