"","bcubed.precision","bcubed.recall","bcubed.f1"
"majority-vote",0.9940556040594,0.49133032491833,0.657619886389423
