"","bcubed.precision","bcubed.recall","bcubed.f1"
"majority-vote",0.978269519567486,0.534686398998372,0.691450954054532
