"","bcubed.precision","bcubed.recall","bcubed.f1"
"majority-vote",0.992498754900143,0.67214755171499,0.801498318934537
