"","bcubed.precision","bcubed.recall","bcubed.f1"
"majority-vote",0.53444143260531,0.167430525871588,0.254980439175409
