"","bcubed.precision","bcubed.recall","bcubed.f1"
"majority-vote",0.938627472143316,0.261230584796743,0.408712017285786
