"","bcubed.precision","bcubed.recall","bcubed.f1"
"majority-vote",0.843715782323866,0.717446409757275,0.775474658500245
