"","bcubed.precision","bcubed.recall","bcubed.f1"
"majority-vote",0.92216620423263,0.601337312253184,0.727970681660233
