"","bcubed.precision","bcubed.recall","bcubed.f1"
"majority-vote",0.858263330789729,0.460472348616581,0.599371864782117
