"","bcubed.precision","bcubed.recall","bcubed.f1"
"majority-vote",0.918149340175209,0.237165906422608,0.37695983176058
