"","bcubed.precision","bcubed.recall","bcubed.f1"
"majority-vote",0.96890459492716,0.363641121951992,0.52881270713762
