"","bcubed.precision","bcubed.recall","bcubed.f1"
"majority-vote",0.475107773842745,0.487262873590408,0.481108561997861
