"","bcubed.precision","bcubed.recall","bcubed.f1"
"majority-vote",0.661883106362718,0.403082346426232,0.501036714146707
