"","bcubed.precision","bcubed.recall","bcubed.f1"
"majority-vote",0.556808138955415,0.43215973268623,0.486628662848377
