"","bcubed.precision","bcubed.recall","bcubed.f1"
"majority-vote",0.968952947719266,0.773400217724324,0.860202667970494
