"","bcubed.precision","bcubed.recall","bcubed.f1"
"majority-vote",0.880860588946056,0.266654877481988,0.409381449393912
