"","bcubed.precision","bcubed.recall","bcubed.f1"
"majority-vote",0.941696675314613,0.483655382787724,0.639079536006838
