"","bcubed.precision","bcubed.recall","bcubed.f1"
"majority-vote",0.925593985078785,0.426972784746151,0.584375500226917
