"","bcubed.precision","bcubed.recall","bcubed.f1"
"majority-vote",0.867002534178561,0.483929712049062,0.621153707571125
