"","bcubed.precision","bcubed.recall","bcubed.f1"
"majority-vote",0.995708241822651,0.0831120697045094,0.153418269781316
