"","bcubed.precision","bcubed.recall","bcubed.f1"
"majority-vote",0.997017889041272,0.481481659416221,0.64936892024631
