"","bcubed.precision","bcubed.recall","bcubed.f1"
"majority-vote",0.744717365399072,0.742306772807556,0.743510115215514
