"","bcubed.precision","bcubed.recall","bcubed.f1"
"majority-vote",0.938676122538366,0.709330547747673,0.808044846131885
