"","bcubed.precision","bcubed.recall","bcubed.f1"
"majority-vote",0.96873592995708,0.435436704931306,0.600813846970611
