"","bcubed.precision","bcubed.recall","bcubed.f1"
"majority-vote",0.793127288803364,0.734723156572861,0.762808934548812
