"","bcubed.precision","bcubed.recall","bcubed.f1"
"majority-vote",0.773654325061022,0.62502743454247,0.691444175482289
