"","bcubed.precision","bcubed.recall","bcubed.f1"
"majority-vote",0.6884699616627,0.464286112382434,0.55457880325156
