"","bcubed.precision","bcubed.recall","bcubed.f1"
"majority-vote",0.925944059781365,0.415133263624792,0.573255803766375
