"","bcubed.precision","bcubed.recall","bcubed.f1"
"majority-vote",0.955581414954441,0.579469714670121,0.721448920080141
