"","bcubed.precision","bcubed.recall","bcubed.f1"
"majority-vote",0.943988558370816,0.167271172091097,0.284185718731366
