"","bcubed.precision","bcubed.recall","bcubed.f1"
"majority-vote",0.729928903027628,0.804531004213362,0.765416457720386
