"","bcubed.precision","bcubed.recall","bcubed.f1"
"majority-vote",0.969108066366198,0.500242496796581,0.659868449284458
