"","bcubed.precision","bcubed.recall","bcubed.f1"
"majority-vote",0.674275001984377,0.098966846271331,0.17260025596525
