"","bcubed.precision","bcubed.recall","bcubed.f1"
"majority-vote",0.553364632263044,0.517778918683998,0.534980658153247
