"","bcubed.precision","bcubed.recall","bcubed.f1"
"majority-vote",0.999109102794397,0.470518681598201,0.639753144043714
