"","bcubed.precision","bcubed.recall","bcubed.f1"
"majority-vote",0.376262277456518,0.190190973814706,0.2526658247564
