"","bcubed.precision","bcubed.recall","bcubed.f1"
"majority-vote",0.965661195977293,0.763668036016713,0.852867777108258
