"","bcubed.precision","bcubed.recall","bcubed.f1"
"majority-vote",0.247147088058695,0.752993007207425,0.372147921957587
