"","bcubed.precision","bcubed.recall","bcubed.f1"
"majority-vote",0.964141139539499,0.497586062431532,0.656405918429665
