"","bcubed.precision","bcubed.recall","bcubed.f1"
"majority-vote",0.79435481962957,0.621487081196222,0.697367775311343
