"","bcubed.precision","bcubed.recall","bcubed.f1"
"majority-vote",0.936179030828413,0.878688785580863,0.906523338225728
