"","bcubed.precision","bcubed.recall","bcubed.f1"
"majority-vote",0.882494692351515,0.417391633836504,0.566735558443536
