"","bcubed.precision","bcubed.recall","bcubed.f1"
"majority-vote",0.610527735101466,0.195709927752169,0.296404756147183
