"","bcubed.precision","bcubed.recall","bcubed.f1"
"majority-vote",0.648693679176019,0.480617464281939,0.55214811788122
