"","bcubed.precision","bcubed.recall","bcubed.f1"
"majority-vote",0.850887098816364,0.271315233251624,0.411438517082271
