"","bcubed.precision","bcubed.recall","bcubed.f1"
"majority-vote",0.915829511609295,0.509353076080001,0.654625706113015
