"","bcubed.precision","bcubed.recall","bcubed.f1"
"majority-vote",0.80513353112344,0.394428714132704,0.529472788330932
