"","bcubed.precision","bcubed.recall","bcubed.f1"
"majority-vote",0.942761226510987,0.386360882178065,0.548100218598162
