"","bcubed.precision","bcubed.recall","bcubed.f1"
"majority-vote",0.699838629541129,0.829146084242598,0.759024539689167
