"","bcubed.precision","bcubed.recall","bcubed.f1"
"majority-vote",0.973831920343634,0.315875631954418,0.477022519884944
