"","bcubed.precision","bcubed.recall","bcubed.f1"
"majority-vote",0.449678300843431,0.499018257335296,0.473065239066907
