"","bcubed.precision","bcubed.recall","bcubed.f1"
"majority-vote",0.882494692351515,0.412964468651671,0.562640587500491
