"","bcubed.precision","bcubed.recall","bcubed.f1"
"majority-vote",0.845065692603393,0.739020448878216,0.788493518282056
