"","bcubed.precision","bcubed.recall","bcubed.f1"
"majority-vote",0.459073145592561,0.205975476370269,0.284363599079859
