"","bcubed.precision","bcubed.recall","bcubed.f1"
"majority-vote",0.995447176499809,0.48370492645507,0.651052318874924
