"","bcubed.precision","bcubed.recall","bcubed.f1"
"majority-vote",0.774997022807729,0.802717622484139,0.788613795830514
