"","bcubed.precision","bcubed.recall","bcubed.f1"
"majority-vote",0.761478372648531,0.285650911182224,0.415453935538616
