"","bcubed.precision","bcubed.recall","bcubed.f1"
"majority-vote",0.583544286840174,0.450535748559935,0.508485906485345
