"","bcubed.precision","bcubed.recall","bcubed.f1"
"majority-vote",0.89846246739019,0.800339557872897,0.84656721998562
