{
      "avg_bcuded_f1": 0.5166176035491726,
      "avg_bcuded_recall": 0.43903873961484535,
      "avg_bcuded_precision": 0.7767996279335703,
      "avg_bcuded_f1star": 0.5610040589012006
}