{
      "avg_bcuded_f1": 0.5447159363680646,
      "avg_bcuded_recall": 0.47186059719565215,
      "avg_bcuded_precision": 0.7819403016606746,
      "avg_bcuded_f1star": 0.5885572710141027
}