"","bcubed.precision","bcubed.recall","bcubed.f1"
"majority-vote",0.996552101576182,0.527351718707234,0.689719989611637
