"","bcubed.precision","bcubed.recall","bcubed.f1"
"majority-vote",0.906804733727811,0.531365597035417,0.670080349211638
