"","bcubed.precision","bcubed.recall","bcubed.f1"
"majority-vote",0.87896872920825,0.699275011450631,0.77889219814076
