"","bcubed.precision","bcubed.recall","bcubed.f1"
"majority-vote",0.96124213836478,0.257634888696003,0.406356844586206
