"","bcubed.precision","bcubed.recall","bcubed.f1"
"majority-vote",0.967774514957613,0.624847573263357,0.759391146976841
