"","bcubed.precision","bcubed.recall","bcubed.f1"
"majority-vote",0.963930348258706,0.67468022435032,0.793775842158488
