"","bcubed.precision","bcubed.recall","bcubed.f1"
"majority-vote",0.976744186046512,0.455490008503401,0.62126322538722
