"","bcubed.precision","bcubed.recall","bcubed.f1"
"majority-vote",0.742587736687812,0.150767723685229,0.250646618648834
