"","bcubed.precision","bcubed.recall","bcubed.f1"
"majority-vote",0.979020979020979,0.354689868590022,0.520725797526252
