"","bcubed.precision","bcubed.recall","bcubed.f1"
"majority-vote",0.993958169490084,0.251010122927171,0.400803078805727
