"","bcubed.precision","bcubed.recall","bcubed.f1"
"majority-vote",0.978098290598291,0.628155312620904,0.765007015421958
