"","bcubed.precision","bcubed.recall","bcubed.f1"
"majority-vote",0.956986741786747,0.674964864793916,0.791607329745577
