"","bcubed.precision","bcubed.recall","bcubed.f1"
"majority-vote",0.886085304054054,0.45714959886739,0.603131351678836
