"","bcubed.precision","bcubed.recall","bcubed.f1"
"majority-vote",0.951099967165159,0.424365193699178,0.586875964985831
