"","bcubed.precision","bcubed.recall","bcubed.f1"
"majority-vote",0.995645882662457,0.428897593107931,0.599532594020429
