"","bcubed.precision","bcubed.recall","bcubed.f1"
"majority-vote",0.991803278688525,0.39208721583223,0.562000227234639
