"","bcubed.precision","bcubed.recall","bcubed.f1"
"majority-vote",0.994579945799458,0.480834688867614,0.648263244183372
