"","bcubed.precision","bcubed.recall","bcubed.f1"
"majority-vote",0.882880469732435,0.628724323569423,0.734435916828072
