"","bcubed.precision","bcubed.recall","bcubed.f1"
"majority-vote",0.989847715736041,0.294459683198656,0.453894830836162
