"","bcubed.precision","bcubed.recall","bcubed.f1"
"majority-vote",0.995704467353952,0.788405064284746,0.880011491078986
