"","bcubed.precision","bcubed.recall","bcubed.f1"
"majority-vote",0.95364010989011,0.659704070828203,0.779895908285925
