"","bcubed.precision","bcubed.recall","bcubed.f1"
"majority-vote",0.719693210015791,0.652554158213637,0.684481249819974
