"","bcubed.precision","bcubed.recall","bcubed.f1"
"majority-vote",0.882219609482964,0.92844746354933,0.904743418508422
