"","bcubed.precision","bcubed.recall","bcubed.f1"
"majority-vote",0.991677433247201,0.354958685104278,0.522790845954626
