"","bcubed.precision","bcubed.recall","bcubed.f1"
"majority-vote",0.5762044653349,0.746849520022493,0.65052225099332
