"","bcubed.precision","bcubed.recall","bcubed.f1"
"majority-vote",0.846814335490294,0.810918505871499,0.828477784299969
