"","bcubed.precision","bcubed.recall","bcubed.f1"
"majority-vote",0.965800817623734,0.204363455375277,0.337344758933725
