"","bcubed.precision","bcubed.recall","bcubed.f1"
"majority-vote",0.994535519125683,0.320090139677427,0.484306709061092
