"","bcubed.precision","bcubed.recall","bcubed.f1"
"majority-vote",0.995027296463328,0.297360748685029,0.457884244517924
