"","bcubed.precision","bcubed.recall","bcubed.f1"
"majority-vote",0.961053386911596,0.161225603995573,0.276128153573589
