"","bcubed.precision","bcubed.recall","bcubed.f1"
"majority-vote",0.989445910290237,0.890180932604513,0.93719227996065
