"","bcubed.precision","bcubed.recall","bcubed.f1"
"majority-vote",0.992439516129032,0.720770723609069,0.835065459669338
