"","bcubed.precision","bcubed.recall","bcubed.f1"
"majority-vote",0.957561728395062,0.605573835365512,0.741937349398373
