"","bcubed.precision","bcubed.recall","bcubed.f1"
"majority-vote",0.987861811391223,0.6184400384862,0.760670600861794
