"","bcubed.precision","bcubed.recall","bcubed.f1"
"majority-vote",0.992982456140351,0.472015186538411,0.639868332357764
