"","bcubed.precision","bcubed.recall","bcubed.f1"
"majority-vote",0.979659763313609,0.426551817375517,0.594328276327102
