"","bcubed.precision","bcubed.recall","bcubed.f1"
"majority-vote",0.943426947452505,0.619397763804953,0.747820964636831
