"","bcubed.precision","bcubed.recall","bcubed.f1"
"majority-vote",0.986394557823129,0.615743138402107,0.758194107994305
