"","bcubed.precision","bcubed.recall","bcubed.f1"
"majority-vote",0.947916666666667,0.789638375092921,0.861568535558058
