"","bcubed.precision","bcubed.recall","bcubed.f1"
"majority-vote",0.984615384615385,0.542890498780428,0.699883834257178
