"","bcubed.precision","bcubed.recall","bcubed.f1"
"majority-vote",0.990152111198531,0.903164314841731,0.944659900268248
