"","bcubed.precision","bcubed.recall","bcubed.f1"
"majority-vote",0.978798586572438,0.511300801243875,0.671714256999014
