"","bcubed.precision","bcubed.recall","bcubed.f1"
"majority-vote",0.977618014107434,0.280258693775092,0.435632436673335
