"","bcubed.precision","bcubed.recall","bcubed.f1"
"majority-vote",0.941584766584767,0.764667431697767,0.843954024985106
