"","bcubed.precision","bcubed.recall","bcubed.f1"
"majority-vote",0.85408255956284,0.248058181160317,0.384455738650755
