"","bcubed.precision","bcubed.recall","bcubed.f1"
"majority-vote",0.973913043478261,0.415580868426567,0.582571287161392
