"","bcubed.precision","bcubed.recall","bcubed.f1"
"majority-vote",0.974805258033106,0.458823549338118,0.623960129853048
