"","bcubed.precision","bcubed.recall","bcubed.f1"
"majority-vote",0.927721529941156,0.67821811342986,0.783588036352612
