"","bcubed.precision","bcubed.recall","bcubed.f1"
"majority-vote",0.983050847457627,0.474534423791639,0.640088064359168
