"","bcubed.precision","bcubed.recall","bcubed.f1"
"majority-vote",0.952996782138346,0.4411372861831,0.603101844745687
