"","bcubed.precision","bcubed.recall","bcubed.f1"
"majority-vote",0.994475138121547,0.265407451926567,0.418993189521066
