"","bcubed.precision","bcubed.recall","bcubed.f1"
"majority-vote",0.987299771167048,0.610233181387309,0.754266858006148
