"","bcubed.precision","bcubed.recall","bcubed.f1"
"majority-vote",0.990384615384615,0.770760359462663,0.866878324115631
