"","bcubed.precision","bcubed.recall","bcubed.f1"
"majority-vote",0.980587013597712,0.508124920050177,0.669384971833547
