"","bcubed.precision","bcubed.recall","bcubed.f1"
"majority-vote",0.930555555555556,0.59867175449072,0.728599762031026
