"","bcubed.precision","bcubed.recall","bcubed.f1"
"majority-vote",0.966885065028301,0.826082016038196,0.890954856037514
