"","bcubed.precision","bcubed.recall","bcubed.f1"
"majority-vote",0.996235808143973,0.198630435374998,0.331221596360478
