"","bcubed.precision","bcubed.recall","bcubed.f1"
"majority-vote",0.996957403651116,0.411692255173425,0.582741974556634
