"","bcubed.precision","bcubed.recall","bcubed.f1"
"majority-vote",0.989406779661017,0.895041610436347,0.93986149166832
