"","bcubed.precision","bcubed.recall","bcubed.f1"
"majority-vote",0.997532894736842,0.842245928745745,0.913335895226446
