"","bcubed.precision","bcubed.recall","bcubed.f1"
"majority-vote",0.996993670886076,0.746400487880756,0.853687112144236
