"","bcubed.precision","bcubed.recall","bcubed.f1"
"majority-vote",0.991434689507495,0.727378937026182,0.83912379963985
