"","bcubed.precision","bcubed.recall","bcubed.f1"
"majority-vote",0.997508305647841,0.944920150253048,0.970502357693544
