"","bcubed.precision","bcubed.recall","bcubed.f1"
"majority-vote",0.967380224260958,0.309632814470276,0.469114492046855
