"","bcubed.precision","bcubed.recall","bcubed.f1"
"majority-vote",0.997514498757249,0.812230198909874,0.895387510498578
