"","bcubed.precision","bcubed.recall","bcubed.f1"
"majority-vote",0.7425581536433,0.148894110491163,0.248050378518086
