"","bcubed.precision","bcubed.recall","bcubed.f1"
"majority-vote",0.86495589414595,0.456698205152557,0.597771844542754
