"","bcubed.precision","bcubed.recall","bcubed.f1"
"majority-vote",0.933343989769821,0.856920865519125,0.893501246117622
