"","bcubed.precision","bcubed.recall","bcubed.f1"
"majority-vote",0.995824634655532,0.471595401034604,0.640070745278663
