"","bcubed.precision","bcubed.recall","bcubed.f1"
"majority-vote",0.977377356338088,0.240505988179626,0.386022369003772
