"","bcubed.precision","bcubed.recall","bcubed.f1"
"majority-vote",0.997470905631026,0.0343092718208273,0.0663368054214408
