"","bcubed.precision","bcubed.recall","bcubed.f1"
"majority-vote",0.703498061641149,0.257467244742033,0.3769703368248
