"","bcubed.precision","bcubed.recall","bcubed.f1"
"majority-vote",0.9914621756799,0.670348058417024,0.799880432583947
