"","bcubed.precision","bcubed.recall","bcubed.f1"
"majority-vote",0.995901639344262,0.527807577549332,0.689953733838195
