"","bcubed.precision","bcubed.recall","bcubed.f1"
"majority-vote",0.972251004809144,0.466588767961233,0.630565552979561
