"","bcubed.precision","bcubed.recall","bcubed.f1"
"majority-vote",0.985738255033557,0.571798729428878,0.723763079015632
