"","bcubed.precision","bcubed.recall","bcubed.f1"
"majority-vote",0.750364390771269,0.21070441809313,0.329019297800505
