"","bcubed.precision","bcubed.recall","bcubed.f1"
"majority-vote",0.960429121143407,0.633345585661276,0.763324379060133
