"","bcubed.precision","bcubed.recall","bcubed.f1"
"majority-vote",0.945701357466063,0.44848569612206,0.608431315633266
