"","bcubed.precision","bcubed.recall","bcubed.f1"
"majority-vote",0.985905567300916,0.620625811608743,0.761738551650309
