"","bcubed.precision","bcubed.recall","bcubed.f1"
"majority-vote",0.973676470588235,0.346044891469447,0.51061652600018
