"","bcubed.precision","bcubed.recall","bcubed.f1"
"majority-vote",0.994308480364257,0.206274885757198,0.341668682046027
