"","bcubed.precision","bcubed.recall","bcubed.f1"
"majority-vote",0.993445530847106,0.662782565517175,0.79510591455586
