"","bcubed.precision","bcubed.recall","bcubed.f1"
"majority-vote",0.934205627705628,0.482233572456261,0.636109643401198
