"","bcubed.precision","bcubed.recall","bcubed.f1"
"majority-vote",0.96942519364044,0.844946804995326,0.902915962839329
