"","bcubed.precision","bcubed.recall","bcubed.f1"
"majority-vote",0.924589107315501,0.340807414114748,0.498036492824717
