"","bcubed.precision","bcubed.recall","bcubed.f1"
"majority-vote",0.991937410415671,0.614879514289191,0.759167996980982
