"","bcubed.precision","bcubed.recall","bcubed.f1"
"majority-vote",0.997485331098072,0.799181552078774,0.887389735456376
