"","bcubed.precision","bcubed.recall","bcubed.f1"
"majority-vote",0.905611325611326,0.855595437504985,0.879893189797751
