"","bcubed.precision","bcubed.recall","bcubed.f1"
"majority-vote",0.873331365568278,0.650544972033859,0.745652799732941
