"","bcubed.precision","bcubed.recall","bcubed.f1"
"majority-vote",0.989614585737364,0.672192024507768,0.80058777930976
