"","bcubed.precision","bcubed.recall","bcubed.f1"
"majority-vote",0.997860962566845,0.943496782590444,0.969917687765624
