"","bcubed.precision","bcubed.recall","bcubed.f1"
"majority-vote",0.981522956326988,0.766887728104825,0.86103101149253
