"","bcubed.precision","bcubed.recall","bcubed.f1"
"majority-vote",0.969763373720387,0.963067234815285,0.966403705145792
