"","bcubed.precision","bcubed.recall","bcubed.f1"
"majority-vote",0.990707434052758,0.987823990355636,0.989263611088326
