"","bcubed.precision","bcubed.recall","bcubed.f1"
"majority-vote",0.977759642981045,0.219334253961225,0.358294670776328
