"","bcubed.precision","bcubed.recall","bcubed.f1"
"majority-vote",0.988392857142857,0.179320625953975,0.303566291555097
