"","bcubed.precision","bcubed.recall","bcubed.f1"
"majority-vote",0.882794827774115,0.368511854869274,0.519969027520576
