"","bcubed.precision","bcubed.recall","bcubed.f1"
"majority-vote",0.899752734027846,0.673112228270939,0.770103705291015
