"","bcubed.precision","bcubed.recall","bcubed.f1"
"majority-vote",0.971910112359551,0.283988735279058,0.439544194395725
