"","bcubed.precision","bcubed.recall","bcubed.f1"
"majority-vote",0.995125786163522,0.379193176694302,0.549137308388864
