"","bcubed.precision","bcubed.recall","bcubed.f1"
"majority-vote",0.880011112200543,0.542136800476461,0.670937818069968
