"","bcubed.precision","bcubed.recall","bcubed.f1"
"majority-vote",0.82653263771457,0.460871024627919,0.591772347359678
