"","bcubed.precision","bcubed.recall","bcubed.f1"
"majority-vote",0.997361477572559,0.511388477966819,0.676108279076939
