"","bcubed.precision","bcubed.recall","bcubed.f1"
"majority-vote",0.870130828251033,0.437983076975316,0.582674912338805
