"","bcubed.precision","bcubed.recall","bcubed.f1"
"majority-vote",0.995762711864407,0.753054789624183,0.857566760236988
