"","bcubed.precision","bcubed.recall","bcubed.f1"
"majority-vote",0.988929889298893,0.379557322110514,0.548570096100139
