"","bcubed.precision","bcubed.recall","bcubed.f1"
"majority-vote",0.970006301197228,0.3354169180508,0.498469031713481
