"","bcubed.precision","bcubed.recall","bcubed.f1"
"majority-vote",0.987541528239203,0.497379701777062,0.661561166854216
