"","bcubed.precision","bcubed.recall","bcubed.f1"
"majority-vote",0.995744680851064,0.66390381898803,0.796649045166047
