"","bcubed.precision","bcubed.recall","bcubed.f1"
"majority-vote",0.993769470404984,0.681271013483371,0.808370114971814
