"","bcubed.precision","bcubed.recall","bcubed.f1"
"majority-vote",0.976723759332455,0.641642071335371,0.774493682682281
