"","bcubed.precision","bcubed.recall","bcubed.f1"
"majority-vote",0.995059288537549,0.406511122618673,0.577213481728462
