"","bcubed.precision","bcubed.recall","bcubed.f1"
"majority-vote",0.994686101521545,0.504273156391245,0.669255681747095
