"","bcubed.precision","bcubed.recall","bcubed.f1"
"majority-vote",0.980980038196897,0.547162982600354,0.702494408267089
