"","bcubed.precision","bcubed.recall","bcubed.f1"
"majority-vote",0.859146276311572,0.623063641757162,0.722303637555297
