"","bcubed.precision","bcubed.recall","bcubed.f1"
"majority-vote",0.934483231763434,0.669159921123777,0.779872659989828
