"","bcubed.precision","bcubed.recall","bcubed.f1"
"majority-vote",0.842105263157895,0.245600210139217,0.380289029830827
