"","bcubed.precision","bcubed.recall","bcubed.f1"
"majority-vote",0.995936507936508,0.592132820483775,0.742696408668545
