"","bcubed.precision","bcubed.recall","bcubed.f1"
"majority-vote",0.997017723244717,0.634250449004547,0.775297341529724
