"","bcubed.precision","bcubed.recall","bcubed.f1"
"majority-vote",0.988706945228684,0.432696131096897,0.601954051056367
