"","bcubed.precision","bcubed.recall","bcubed.f1"
"majority-vote",0.989585517578808,0.41688702696509,0.586638347049885
