"","bcubed.precision","bcubed.recall","bcubed.f1"
"majority-vote",0.759554348652614,0.396278822503099,0.520828282874426
