"","bcubed.precision","bcubed.recall","bcubed.f1"
"majority-vote",0.88974358974359,0.497803928242758,0.638418286021582
