"","bcubed.precision","bcubed.recall","bcubed.f1"
"majority-vote",0.996428571428571,0.402789541106514,0.573678976044658
