"","bcubed.precision","bcubed.recall","bcubed.f1"
"majority-vote",0.981231231231231,0.601921868499428,0.746136979718739
