"","bcubed.precision","bcubed.recall","bcubed.f1"
"majority-vote",0.968406593406593,0.849624254988339,0.905135059919664
