"","bcubed.precision","bcubed.recall","bcubed.f1"
"majority-vote",0.977909314767574,0.548095410545953,0.702471753151516
