"","bcubed.precision","bcubed.recall","bcubed.f1"
"majority-vote",0.990185618240281,0.649255789296742,0.784271694206745
