"","bcubed.precision","bcubed.recall","bcubed.f1"
"majority-vote",0.654545454545455,0.699653446284174,0.67634818303546
