"","bcubed.precision","bcubed.recall","bcubed.f1"
"majority-vote",0.993485342019544,0.422416505222372,0.592787709095836
