"","bcubed.precision","bcubed.recall","bcubed.f1"
"majority-vote",0.994903737259343,0.95321009301924,0.973610750253287
