"","bcubed.precision","bcubed.recall","bcubed.f1"
"majority-vote",0.987540279269603,0.562946114070967,0.717106535202297
