"","bcubed.precision","bcubed.recall","bcubed.f1"
"majority-vote",0.536913779219095,0.695244164619165,0.605906367397812
