"","bcubed.precision","bcubed.recall","bcubed.f1"
"majority-vote",0.922513089005236,0.427341953072091,0.584105008169435
