"","bcubed.precision","bcubed.recall","bcubed.f1"
"majority-vote",0.839080459770115,0.4442553223264,0.580932855318644
