"","bcubed.precision","bcubed.recall","bcubed.f1"
"majority-vote",0.875255837996046,0.583625679904253,0.700292350369633
