"","bcubed.precision","bcubed.recall","bcubed.f1"
"majority-vote",0.749112166067194,0.452885429922734,0.564496944954846
