"","bcubed.precision","bcubed.recall","bcubed.f1"
"majority-vote",0.979887197629133,0.822154931837888,0.894117933207113
