"","bcubed.precision","bcubed.recall","bcubed.f1"
"majority-vote",0.992843511450382,0.37693345323741,0.546418786332338
