"","bcubed.precision","bcubed.recall","bcubed.f1"
"majority-vote",0.827606664359519,0.653840912351187,0.730532899036791
