"","bcubed.precision","bcubed.recall","bcubed.f1"
"majority-vote",0.972927241962775,0.661775114264813,0.787738555913141
