"","bcubed.precision","bcubed.recall","bcubed.f1"
"majority-vote",0.991539763113367,0.403459198025876,0.573542846669626
