"","bcubed.precision","bcubed.recall","bcubed.f1"
"majority-vote",0.976719576719577,0.584462381216546,0.73131238378518
