"","bcubed.precision","bcubed.recall","bcubed.f1"
"majority-vote",0.986926927510904,0.137653164660913,0.241607717950232
