"","bcubed.precision","bcubed.recall","bcubed.f1"
"majority-vote",0.997474747474748,0.688454679795737,0.814644013882423
