"","bcubed.precision","bcubed.recall","bcubed.f1"
"majority-vote",0.969278033794163,0.518523449028036,0.675618884579544
