"","bcubed.precision","bcubed.recall","bcubed.f1"
"majority-vote",0.710825953568501,0.544101077262943,0.616388296022015
