"","bcubed.precision","bcubed.recall","bcubed.f1"
"majority-vote",0.988023952095808,0.873241092760766,0.927093234771879
