"","bcubed.precision","bcubed.recall","bcubed.f1"
"majority-vote",0.984717868338558,0.499197326939219,0.662529138091178
