"","bcubed.precision","bcubed.recall","bcubed.f1"
"majority-vote",0.913426013794907,0.706939357449476,0.797026165492422
