"","bcubed.precision","bcubed.recall","bcubed.f1"
"majority-vote",0.995028409090909,0.193986051165383,0.324674994844576
