"","bcubed.precision","bcubed.recall","bcubed.f1"
"majority-vote",0.869545793000745,0.872127872127872,0.870834918562635
