"","bcubed.precision","bcubed.recall","bcubed.f1"
"majority-vote",0.944176464676917,0.592755119806749,0.728289325417565
