"","bcubed.precision","bcubed.recall","bcubed.f1"
"majority-vote",0.992926613616269,0.473374729501722,0.641104735178354
