"","bcubed.precision","bcubed.recall","bcubed.f1"
"majority-vote",0.99142091152815,0.303166049134498,0.46434139986002
