"","bcubed.precision","bcubed.recall","bcubed.f1"
"majority-vote",0.955094991364421,0.146275140889289,0.253696101488799
