"","bcubed.precision","bcubed.recall","bcubed.f1"
"majority-vote",0.997192445125064,0.931481330667076,0.963217478637358
