"","bcubed.precision","bcubed.recall","bcubed.f1"
"majority-vote",0.77908766565227,0.541527946313661,0.63894102077276
