"","bcubed.precision","bcubed.recall","bcubed.f1"
"majority-vote",0.979344729344729,0.580027480654553,0.7285583934504
