"","bcubed.precision","bcubed.recall","bcubed.f1"
"majority-vote",0.988636363636364,0.423125358723571,0.592617166743314
