"","bcubed.precision","bcubed.recall","bcubed.f1"
"majority-vote",0.922958245798319,0.631068990907266,0.749601184674516
