"","bcubed.precision","bcubed.recall","bcubed.f1"
"majority-vote",0.998242530755712,0.562862325277942,0.719840323192723
