"","bcubed.precision","bcubed.recall","bcubed.f1"
"majority-vote",0.996470588235294,0.52291798327353,0.685897472394358
