"","bcubed.precision","bcubed.recall","bcubed.f1"
"majority-vote",0.986467919790593,0.338159517534221,0.503663907933345
