"","bcubed.precision","bcubed.recall","bcubed.f1"
"majority-vote",0.978137028483449,0.561672329616042,0.713585094910839
