"","bcubed.precision","bcubed.recall","bcubed.f1"
"majority-vote",0.953472222222222,0.543033098892675,0.691968104938888
