"","bcubed.precision","bcubed.recall","bcubed.f1"
"majority-vote",0.975704289567966,0.0641314257394345,0.120352294634499
