"","bcubed.precision","bcubed.recall","bcubed.f1"
"majority-vote",0.98905954134231,0.969985985674245,0.97942991203525
