"","bcubed.precision","bcubed.recall","bcubed.f1"
"majority-vote",0.964705513784461,0.751585243194047,0.844913282018464
