"","bcubed.precision","bcubed.recall","bcubed.f1"
"majority-vote",0.995492957746479,0.778888154114949,0.873969709337325
