"","bcubed.precision","bcubed.recall","bcubed.f1"
"majority-vote",0.977220956719818,0.493956629800657,0.656215503518585
