"","bcubed.precision","bcubed.recall","bcubed.f1"
"majority-vote",0.959711872170252,0.673198667114242,0.791319227373992
