"","bcubed.precision","bcubed.recall","bcubed.f1"
"majority-vote",0.595849105407929,0.739889814765282,0.660103074890058
