"","bcubed.precision","bcubed.recall","bcubed.f1"
"majority-vote",0.975935828877005,0.5054801877271,0.666006335102539
