"","bcubed.precision","bcubed.recall","bcubed.f1"
"majority-vote",0.992175273865415,0.652387172838301,0.787178891472935
