"","bcubed.precision","bcubed.recall","bcubed.f1"
"majority-vote",0.996713615023474,0.413356170010166,0.584365010690958
