"","bcubed.precision","bcubed.recall","bcubed.f1"
"majority-vote",0.957016434892541,0.459520824753065,0.620907044229929
