"","bcubed.precision","bcubed.recall","bcubed.f1"
"majority-vote",0.986666666666667,0.707986866075101,0.824412810875773
