"","bcubed.precision","bcubed.recall","bcubed.f1"
"majority-vote",0.981114258734655,0.260482420455825,0.411668331821815
