"","bcubed.precision","bcubed.recall","bcubed.f1"
"majority-vote",0.963771821494766,0.784465123310962,0.864923239425691
