"","bcubed.precision","bcubed.recall","bcubed.f1"
"majority-vote",0.987015018773467,0.508743794367827,0.671415419835353
