"","bcubed.precision","bcubed.recall","bcubed.f1"
"majority-vote",0.975619047619048,0.556889601658492,0.709049313431463
