"","bcubed.precision","bcubed.recall","bcubed.f1"
"majority-vote",0.985912521849674,0.265616456079323,0.418487457623686
