"","bcubed.precision","bcubed.recall","bcubed.f1"
"majority-vote",0.946022727272727,0.739396929824561,0.830044074950926
