"","bcubed.precision","bcubed.recall","bcubed.f1"
"majority-vote",0.992655367231638,0.407836184665642,0.578140977874769
