"","bcubed.precision","bcubed.recall","bcubed.f1"
"majority-vote",0.961854570550223,0.672557296140169,0.791602560447959
