"","bcubed.precision","bcubed.recall","bcubed.f1"
"majority-vote",0.995746678008859,0.529416589122028,0.691289675357491
