"","bcubed.precision","bcubed.recall","bcubed.f1"
"majority-vote",0.850042055968538,0.648560200144474,0.735756861036783
