"","bcubed.precision","bcubed.recall","bcubed.f1"
"majority-vote",0.989818181818182,0.580343916496213,0.731688735669003
