"","bcubed.precision","bcubed.recall","bcubed.f1"
"majority-vote",0.99106709144245,0.734893044810125,0.843968869434739
