"","bcubed.precision","bcubed.recall","bcubed.f1"
"majority-vote",0.99443413729128,0.749779694473054,0.854948527586923
