"","bcubed.precision","bcubed.recall","bcubed.f1"
"majority-vote",0.963768115942029,0.573841597685261,0.71936360774623
