"","bcubed.precision","bcubed.recall","bcubed.f1"
"majority-vote",0.927366780045351,0.716523779626666,0.808424072306712
