"","bcubed.precision","bcubed.recall","bcubed.f1"
"majority-vote",0.954697986577181,0.830777132703362,0.888437197832093
