"","bcubed.precision","bcubed.recall","bcubed.f1"
"majority-vote",0.993520518358531,0.365840025843896,0.534765517011505
