"","bcubed.precision","bcubed.recall","bcubed.f1"
"majority-vote",0.9340963446848,0.822180353616363,0.874572513235049
