"","bcubed.precision","bcubed.recall","bcubed.f1"
"majority-vote",0.86315873015873,0.98469387755102,0.919929558662635
