"","bcubed.precision","bcubed.recall","bcubed.f1"
"majority-vote",0.949751934531566,0.30843653701024,0.465650742049355
