"","bcubed.precision","bcubed.recall","bcubed.f1"
"majority-vote",0.99534821903243,0.517559472417335,0.681009029202973
