"","bcubed.precision","bcubed.recall","bcubed.f1"
"majority-vote",0.694665607538343,0.788494488077967,0.738612108322276
