"","bcubed.precision","bcubed.recall","bcubed.f1"
"majority-vote",0.970014992503748,0.79054399624203,0.871131877421378
