"","bcubed.precision","bcubed.recall","bcubed.f1"
"majority-vote",0.995098039215686,0.387805568674437,0.558107678341552
