"","bcubed.precision","bcubed.recall","bcubed.f1"
"majority-vote",0.981351981351981,0.682462350173578,0.805060717233859
