"","bcubed.precision","bcubed.recall","bcubed.f1"
"majority-vote",0.98458904109589,0.719086213707211,0.831149485353162
