"","bcubed.precision","bcubed.recall","bcubed.f1"
"majority-vote",0.980962270681897,0.547993145741241,0.703173676341748
