"","bcubed.precision","bcubed.recall","bcubed.f1"
"majority-vote",0.992231638418079,0.489180804606007,0.655294443519131
