"","bcubed.precision","bcubed.recall","bcubed.f1"
"majority-vote",0.994634606980084,0.444503249231323,0.614421075357524
