"","bcubed.precision","bcubed.recall","bcubed.f1"
"majority-vote",0.998867453542482,0.389652599487323,0.560613149182594
