"","bcubed.precision","bcubed.recall","bcubed.f1"
"majority-vote",0.859681239252829,0.45744408435159,0.59714302090567
