"","bcubed.precision","bcubed.recall","bcubed.f1"
"majority-vote",0.992758620689655,0.560153345150901,0.71619908216201
