"","bcubed.precision","bcubed.recall","bcubed.f1"
"majority-vote",0.989296636085627,0.63010889242092,0.769868444520549
