"","bcubed.precision","bcubed.recall","bcubed.f1"
"majority-vote",0.969022027278567,0.858112740418274,0.910201220024784
