"","bcubed.precision","bcubed.recall","bcubed.f1"
"majority-vote",0.989507154213037,0.766697074743052,0.863968128608152
