"","bcubed.precision","bcubed.recall","bcubed.f1"
"majority-vote",0.994982678294111,0.910320781966724,0.950770760290377
