"","bcubed.precision","bcubed.recall","bcubed.f1"
"majority-vote",0.866599749325516,0.579688108381886,0.694685455227485
