"","bcubed.precision","bcubed.recall","bcubed.f1"
"majority-vote",0.973913043478261,0.83996171485919,0.901991349031766
