"","bcubed.precision","bcubed.recall","bcubed.f1"
"majority-vote",0.935840750311035,0.673620178501322,0.783369390319418
