"","bcubed.precision","bcubed.recall","bcubed.f1"
"majority-vote",0.996710526315789,0.53886244597932,0.699530249404055
