"","bcubed.precision","bcubed.recall","bcubed.f1"
"majority-vote",0.980949560754121,0.516636333899538,0.676814847973145
