"","bcubed.precision","bcubed.recall","bcubed.f1"
"majority-vote",0.98997651256024,0.615035860411511,0.758711978104347
