"","bcubed.precision","bcubed.recall","bcubed.f1"
"majority-vote",0.994594594594595,0.741403489123138,0.849535387868946
