"","bcubed.precision","bcubed.recall","bcubed.f1"
"majority-vote",0.985216767119219,0.430431051557491,0.599114954282342
