"","bcubed.precision","bcubed.recall","bcubed.f1"
"majority-vote",0.99322528645493,0.273494216411734,0.428889538409364
