"","bcubed.precision","bcubed.recall","bcubed.f1"
"majority-vote",0.996670583627105,0.809073661503058,0.893127496412922
