"","bcubed.precision","bcubed.recall","bcubed.f1"
"majority-vote",0.858886951666958,0.411326964730726,0.556258057505628
