"","bcubed.precision","bcubed.recall","bcubed.f1"
"majority-vote",0.997891777933942,0.536532937706821,0.697853471298918
