"","bcubed.precision","bcubed.recall","bcubed.f1"
"majority-vote",0.990567891530753,0.756601055344697,0.857918993424241
