"","bcubed.precision","bcubed.recall","bcubed.f1"
"majority-vote",0.996289187460013,0.452268763396211,0.622122820189855
