"","bcubed.precision","bcubed.recall","bcubed.f1"
"majority-vote",0.983935742971888,0.104424955530283,0.188811386419776
