"","bcubed.precision","bcubed.recall","bcubed.f1"
"majority-vote",0.935663239958727,0.553992416211138,0.695933099596232
