"","bcubed.precision","bcubed.recall","bcubed.f1"
"majority-vote",0.967776671460707,0.356290193133264,0.520833722835198
