"","bcubed.precision","bcubed.recall","bcubed.f1"
"majority-vote",0.998563218390805,0.87442550956638,0.932380572335814
