"","bcubed.precision","bcubed.recall","bcubed.f1"
"majority-vote",0.991142857142857,0.899021662522735,0.942837398496667
