"","bcubed.precision","bcubed.recall","bcubed.f1"
"majority-vote",0.99444695940848,0.556615803379942,0.713736292959277
