"","bcubed.precision","bcubed.recall","bcubed.f1"
"majority-vote",0.995081967213115,0.937666912643194,0.965521641997284
