"","bcubed.precision","bcubed.recall","bcubed.f1"
"majority-vote",0.965480043149946,0.494192533982552,0.653753501310788
