"","bcubed.precision","bcubed.recall","bcubed.f1"
"majority-vote",0.749048146500186,0.506447974401381,0.60430918138037
