"","bcubed.precision","bcubed.recall","bcubed.f1"
"majority-vote",0.997300944669366,0.573361471110997,0.728118188900467
