"","bcubed.precision","bcubed.recall","bcubed.f1"
"majority-vote",0.978433835845896,0.563438757472962,0.715088324583132
