"","bcubed.precision","bcubed.recall","bcubed.f1"
"majority-vote",0.994063209359176,0.979095238095238,0.98652245176243
