"","bcubed.precision","bcubed.recall","bcubed.f1"
"majority-vote",0.970408163265306,0.658349860463427,0.784484950583043
