"","bcubed.precision","bcubed.recall","bcubed.f1"
"majority-vote",0.994731296101159,0.696206200779287,0.819117321287729
