"","bcubed.precision","bcubed.recall","bcubed.f1"
"majority-vote",0.972945205479452,0.757484908086547,0.851801299304816
