"","bcubed.precision","bcubed.recall","bcubed.f1"
"majority-vote",0.950773973501246,0.811582491582492,0.875681538478384
