"","bcubed.precision","bcubed.recall","bcubed.f1"
"majority-vote",0.963800904977376,0.516598194359911,0.672653485748064
