"","bcubed.precision","bcubed.recall","bcubed.f1"
"majority-vote",0.983642311886587,0.68598175558037,0.808278573744803
