"","bcubed.precision","bcubed.recall","bcubed.f1"
"majority-vote",0.986569498594614,0.687985391299149,0.810657693731952
