"","bcubed.precision","bcubed.recall","bcubed.f1"
"majority-vote",0.997931034482759,0.446807670298733,0.617251049148688
