"","bcubed.precision","bcubed.recall","bcubed.f1"
"majority-vote",0.891304347826087,0.244508017589322,0.38374482580315
