"","bcubed.precision","bcubed.recall","bcubed.f1"
"majority-vote",0.928309365602084,0.325246791637548,0.481716979435566
