"","bcubed.precision","bcubed.recall","bcubed.f1"
"majority-vote",0.847504781385686,0.634613928254338,0.725769582465003
