"","bcubed.precision","bcubed.recall","bcubed.f1"
"majority-vote",0.975736013788428,0.199686639918302,0.331525762969177
