"","bcubed.precision","bcubed.recall","bcubed.f1"
"majority-vote",0.969901796258313,0.399998468185002,0.5664050776001
