"","bcubed.precision","bcubed.recall","bcubed.f1"
"majority-vote",0.965218292895853,0.843193607718436,0.900089071904721
