"","bcubed.precision","bcubed.recall","bcubed.f1"
"majority-vote",0.964695498676081,0.447907595549105,0.611770486721258
