"","bcubed.precision","bcubed.recall","bcubed.f1"
"majority-vote",0.96969696969697,0.890398344345713,0.928357347945477
