"","bcubed.precision","bcubed.recall","bcubed.f1"
"majority-vote",0.92924499482967,0.823378812391461,0.87311451220864
