"","bcubed.precision","bcubed.recall","bcubed.f1"
"majority-vote",0.990196078431373,0.271460834257121,0.426105466273425
