{
      "avg_bcuded_f1": 0.668488511275819,
      "avg_bcuded_recall": 0.543782230738869,
      "avg_bcuded_precision": 0.9661679536865949,
      "avg_bcuded_f1star": 0.6958970839478573
}