"","bcubed.precision","bcubed.recall","bcubed.f1"
"majority-vote",0.901430697837317,0.270436039239622,0.416053020124467
