"","bcubed.precision","bcubed.recall","bcubed.f1"
"majority-vote",0.963977559791345,0.231743113229716,0.37365777113347
