"","bcubed.precision","bcubed.recall","bcubed.f1"
"majority-vote",0.986728216964801,0.274476197463687,0.429483763019257
