"","bcubed.precision","bcubed.recall","bcubed.f1"
"majority-vote",0.929190195617914,0.392510195943979,0.551890016950384
