"","bcubed.precision","bcubed.recall","bcubed.f1"
"majority-vote",0.907509628620292,0.333846022536717,0.488125187405036
