"","bcubed.precision","bcubed.recall","bcubed.f1"
"majority-vote",0.976668031109292,0.438422979985709,0.605181865051031
