"","bcubed.precision","bcubed.recall","bcubed.f1"
"majority-vote",0.981858054226475,0.190221457937189,0.318699317962742
