"","bcubed.precision","bcubed.recall","bcubed.f1"
"majority-vote",0.977297863670761,0.761808938177507,0.856203019866201
