"","bcubed.precision","bcubed.recall","bcubed.f1"
"majority-vote",0.995687396610111,0.0502879912568099,0.0957405301808414
