"","bcubed.precision","bcubed.recall","bcubed.f1"
"majority-vote",0.964636542239686,0.175076439600842,0.29636431981578
