"","bcubed.precision","bcubed.recall","bcubed.f1"
"majority-vote",0.895220588235294,0.947768399799468,0.920745365151688
