"","bcubed.precision","bcubed.recall","bcubed.f1"
"majority-vote",0.978635418302912,0.179200228435646,0.30293019740598
