"","bcubed.precision","bcubed.recall","bcubed.f1"
"majority-vote",0.959110708326108,0.963112240203378,0.961107309228274
