"","bcubed.precision","bcubed.recall","bcubed.f1"
"majority-vote",0.947456821296918,0.588978250680197,0.726397712966019
