"","bcubed.precision","bcubed.recall","bcubed.f1"
"majority-vote",0.983388704318937,0.485124599620627,0.649726563830715
