"","bcubed.precision","bcubed.recall","bcubed.f1"
"majority-vote",0.800266396849166,0.248707167279167,0.379479512993164
