"","bcubed.precision","bcubed.recall","bcubed.f1"
"majority-vote",0.991248646697943,0.0874509314551684,0.160722446199207
