"","bcubed.precision","bcubed.recall","bcubed.f1"
"majority-vote",0.885213232363491,0.341807528377297,0.493182441115945
