"","bcubed.precision","bcubed.recall","bcubed.f1"
"majority-vote",0.931110296812019,0.404893967699885,0.564370866855233
