"","bcubed.precision","bcubed.recall","bcubed.f1"
"majority-vote",0.996147216980749,0.805646657156174,0.890826289195141
