"","bcubed.precision","bcubed.recall","bcubed.f1"
"majority-vote",0.992109019848293,0.582092503984105,0.733704312752519
