"","bcubed.precision","bcubed.recall","bcubed.f1"
"majority-vote",0.998064516129032,0.355193131036587,0.523929291961357
