"","bcubed.precision","bcubed.recall","bcubed.f1"
"majority-vote",0.990736949846469,0.116777368910767,0.20892850291195
