"","bcubed.precision","bcubed.recall","bcubed.f1"
"majority-vote",0.977148218172539,0.170294135822617,0.290040908469036
