"","bcubed.precision","bcubed.recall","bcubed.f1"
"majority-vote",0.997345313457219,0.460656535830034,0.630223668575066
