"","bcubed.precision","bcubed.recall","bcubed.f1"
"majority-vote",0.998961578400831,0.689674189801076,0.815993632492593
