"","bcubed.precision","bcubed.recall","bcubed.f1"
"majority-vote",0.95422140320997,0.833106467410891,0.889560371572984
