"","bcubed.precision","bcubed.recall","bcubed.f1"
"majority-vote",0.9949252889766,0.173769926547316,0.295865153016865
