"","bcubed.precision","bcubed.recall","bcubed.f1"
"majority-vote",0.997599949070537,0.121297118649227,0.216295140773715
