"","bcubed.precision","bcubed.recall","bcubed.f1"
"majority-vote",0.99082087973381,0.328825876554444,0.493779934265603
