"","bcubed.precision","bcubed.recall","bcubed.f1"
"majority-vote",0.993150684931507,0.63267954642393,0.772954165514853
