"","bcubed.precision","bcubed.recall","bcubed.f1"
"majority-vote",0.996762216517191,0.998405832646067,0.997583347577509
