"","bcubed.precision","bcubed.recall","bcubed.f1"
"majority-vote",0.947701488454008,0.345479721751303,0.506366229188259
