"","bcubed.precision","bcubed.recall","bcubed.f1"
"majority-vote",0.830388692579505,0.172314403532861,0.285404389030099
