"","bcubed.precision","bcubed.recall","bcubed.f1"
"majority-vote",0.986626248216833,0.564693603669178,0.718280670363138
