"","bcubed.precision","bcubed.recall","bcubed.f1"
"majority-vote",0.991862843882629,0.564095722246496,0.719178003153849
