"","bcubed.precision","bcubed.recall","bcubed.f1"
"majority-vote",0.91432789657512,0.79260103254275,0.849124087764567
