"","bcubed.precision","bcubed.recall","bcubed.f1"
"majority-vote",0.990496218049035,0.75342108383152,0.855844177162294
