"","bcubed.precision","bcubed.recall","bcubed.f1"
"majority-vote",0.990979453421105,0.378989568453354,0.548291048047686
