"","bcubed.precision","bcubed.recall","bcubed.f1"
"majority-vote",0.998338035897043,0.168034492925342,0.28765290931434
