"","bcubed.precision","bcubed.recall","bcubed.f1"
"majority-vote",0.982379726786775,0.485148758509835,0.649527841688888
