"","bcubed.precision","bcubed.recall","bcubed.f1"
"majority-vote",0.711703139866794,0.389735847281374,0.503661536345246
