"","bcubed.precision","bcubed.recall","bcubed.f1"
"majority-vote",0.997165251956882,0.245849316412171,0.394448145310528
