"","bcubed.precision","bcubed.recall","bcubed.f1"
"majority-vote",0.984677879133409,0.173411597674484,0.294890105876633
