"","bcubed.precision","bcubed.recall","bcubed.f1"
"majority-vote",0.838207040085314,0.383137430667464,0.525893389450933
