"","bcubed.precision","bcubed.recall","bcubed.f1"
"majority-vote",0.986558121923514,0.493283913011669,0.65770972753479
