"","bcubed.precision","bcubed.recall","bcubed.f1"
"majority-vote",0.914642173594428,0.424219198266865,0.579610074258665
