"","bcubed.precision","bcubed.recall","bcubed.f1"
"majority-vote",0.991315291118679,0.547492553152055,0.705400276888308
