"","bcubed.precision","bcubed.recall","bcubed.f1"
"majority-vote",0.980332998100346,0.48612784040968,0.649955526576593
