"","bcubed.precision","bcubed.recall","bcubed.f1"
"majority-vote",0.997818847102281,0.0527311701820416,0.100168777443671
