"","bcubed.precision","bcubed.recall","bcubed.f1"
"majority-vote",0.950462621926776,0.329863877162133,0.489755208205967
