"","bcubed.precision","bcubed.recall","bcubed.f1"
"majority-vote",0.984817832412078,0.12439487209651,0.220888721889525
