"","bcubed.precision","bcubed.recall","bcubed.f1"
"majority-vote",0.996419803600655,0.527004117311034,0.689390959219732
