"","bcubed.precision","bcubed.recall","bcubed.f1"
"majority-vote",0.982272194616076,0.296052507898011,0.454976964902026
