"","bcubed.precision","bcubed.recall","bcubed.f1"
"majority-vote",0.502513198813915,0.497395620835033,0.499941313828192
