"","bcubed.precision","bcubed.recall","bcubed.f1"
"majority-vote",0.997708174178762,0.786354879948906,0.879512290459931
