"","bcubed.precision","bcubed.recall","bcubed.f1"
"majority-vote",0.910351324070163,0.595654896895404,0.720123484921521
