"","bcubed.precision","bcubed.recall","bcubed.f1"
"majority-vote",0.965112591183,0.709358678557904,0.817704077355832
