"","bcubed.precision","bcubed.recall","bcubed.f1"
"majority-vote",0.978121546961326,0.248389491026213,0.396172730104634
