"","bcubed.precision","bcubed.recall","bcubed.f1"
"majority-vote",0.876896039293722,0.622428032504106,0.728067649569268
