"","bcubed.precision","bcubed.recall","bcubed.f1"
"majority-vote",0.997164729231642,0.401642703944704,0.572636273768492
