"","bcubed.precision","bcubed.recall","bcubed.f1"
"majority-vote",0.996452502956248,0.314245650325112,0.477807745476167
