"","bcubed.precision","bcubed.recall","bcubed.f1"
"majority-vote",0.995739471823258,0.0516586157738713,0.0982215327580025
