"","bcubed.precision","bcubed.recall","bcubed.f1"
"majority-vote",0.954238921001927,0.341248390301617,0.502718155421225
