"","bcubed.precision","bcubed.recall","bcubed.f1"
"majority-vote",0.99109862496134,0.565866597567977,0.720413787855963
