"","bcubed.precision","bcubed.recall","bcubed.f1"
"majority-vote",0.932892800143397,0.617352763724403,0.743009961583398
