"","bcubed.precision","bcubed.recall","bcubed.f1"
"majority-vote",0.92458455789192,0.679664669674866,0.783428718341001
