"","bcubed.precision","bcubed.recall","bcubed.f1"
"majority-vote",0.954857103159335,0.515929209844304,0.669898361701708
