"","bcubed.precision","bcubed.recall","bcubed.f1"
"majority-vote",0.998134328358209,0.67130106224441,0.802724847767373
