"","bcubed.precision","bcubed.recall","bcubed.f1"
"majority-vote",0.980762807482102,0.239128810209576,0.384507344504559
