"","bcubed.precision","bcubed.recall","bcubed.f1"
"majority-vote",0.998344644926337,0.249542750869532,0.399282290774154
