"","bcubed.precision","bcubed.recall","bcubed.f1"
"majority-vote",0.994849445324881,0.565071337151731,0.720755710994339
