"","bcubed.precision","bcubed.recall","bcubed.f1"
"majority-vote",0.999208860759494,0.332346044552681,0.498789965371429
