"","bcubed.precision","bcubed.recall","bcubed.f1"
"majority-vote",0.978962131837307,0.417448986462306,0.585310077190003
