"","bcubed.precision","bcubed.recall","bcubed.f1"
"majority-vote",0.99435373111552,0.300904733562413,0.46200160460253
