"","bcubed.precision","bcubed.recall","bcubed.f1"
"majority-vote",0.959827311974551,0.413896348548869,0.578382728754012
