"","bcubed.precision","bcubed.recall","bcubed.f1"
"majority-vote",0.992143168921868,0.443235433779224,0.612734517597868
