"","bcubed.precision","bcubed.recall","bcubed.f1"
"majority-vote",0.994657184372264,0.289760575836899,0.448783016605254
