"","bcubed.precision","bcubed.recall","bcubed.f1"
"majority-vote",0.996976719962502,0.243443824419908,0.391331515209833
