"","bcubed.precision","bcubed.recall","bcubed.f1"
"majority-vote",0.665899234084527,0.508256815448413,0.57649547393631
