"","bcubed.precision","bcubed.recall","bcubed.f1"
"majority-vote",0.993077407174323,0.799503899581081,0.885839048560464
