"","bcubed.precision","bcubed.recall","bcubed.f1"
"majority-vote",0.997139150860709,0.301861127247865,0.463429536043001
