"","bcubed.precision","bcubed.recall","bcubed.f1"
"majority-vote",0.998677248677249,0.261524042905694,0.414502212267919
