"","bcubed.precision","bcubed.recall","bcubed.f1"
"majority-vote",0.996053670086819,0.459263764560084,0.6286619638264
