"","bcubed.precision","bcubed.recall","bcubed.f1"
"majority-vote",0.954436987248538,0.351248376391867,0.513514896429096
