"","bcubed.precision","bcubed.recall","bcubed.f1"
"majority-vote",0.999741943167945,0.388916192767465,0.559987833182449
