"","bcubed.precision","bcubed.recall","bcubed.f1"
"majority-vote",0.99859943977591,0.125783474724487,0.223424432678705
