"","bcubed.precision","bcubed.recall","bcubed.f1"
"majority-vote",0.994298170068956,0.376567059808794,0.546253461413594
