"","bcubed.precision","bcubed.recall","bcubed.f1"
"majority-vote",0.999069334574221,0.425795815447758,0.597108494087764
