"","bcubed.precision","bcubed.recall","bcubed.f1"
"majority-vote",0.970105263157895,0.347365951953695,0.511558103686675
