"","bcubed.precision","bcubed.recall","bcubed.f1"
"majority-vote",0.996594427244582,0.0914202315021383,0.16747732674372
