"","bcubed.precision","bcubed.recall","bcubed.f1"
"majority-vote",0.945020983454913,0.944323545013699,0.944672135507022
