"","bcubed.precision","bcubed.recall","bcubed.f1"
"majority-vote",0.999390615478367,0.271174348484463,0.426596209907391
