"","bcubed.precision","bcubed.recall","bcubed.f1"
"majority-vote",0.99316874400767,0.49943997067094,0.664645949739467
