"","bcubed.precision","bcubed.recall","bcubed.f1"
"majority-vote",0.236329352608422,0.963459144409235,0.379556357522818
