"","bcubed.precision","bcubed.recall","bcubed.f1"
"majority-vote",0.997200654843514,0.0685173866746171,0.128224502538708
