"","bcubed.precision","bcubed.recall","bcubed.f1"
"majority-vote",0.967331762914034,0.172664451598992,0.293025198209427
