"","bcubed.precision","bcubed.recall","bcubed.f1"
"majority-vote",0.98944365192582,0.44178934054175,0.610837873062004
