"","bcubed.precision","bcubed.recall","bcubed.f1"
"majority-vote",0.95855091383812,0.528900098730606,0.681673102083246
