"","bcubed.precision","bcubed.recall","bcubed.f1"
"majority-vote",0.99003501211958,0.423158319998688,0.592900550755417
