"","bcubed.precision","bcubed.recall","bcubed.f1"
"majority-vote",0.974257042058097,0.134349768700776,0.236136395673067
