"","bcubed.precision","bcubed.recall","bcubed.f1"
"majority-vote",0.996427153632394,0.386955100673959,0.557434603990089
