"","bcubed.precision","bcubed.recall","bcubed.f1"
"majority-vote",0.996394536147212,0.608113344342118,0.755273091554908
