"","bcubed.precision","bcubed.recall","bcubed.f1"
"majority-vote",0.939870490286771,0.212872938262178,0.347124933264823
