"","bcubed.precision","bcubed.recall","bcubed.f1"
"majority-vote",0.99380521439345,0.533219226194397,0.694050511991588
