"","bcubed.precision","bcubed.recall","bcubed.f1"
"majority-vote",0.986153521063406,0.669577123229045,0.79760055172259
