"","bcubed.precision","bcubed.recall","bcubed.f1"
"majority-vote",0.979278162029292,0.269263176696698,0.422386573193921
