"","bcubed.precision","bcubed.recall","bcubed.f1"
"majority-vote",0.969040247678019,0.529990790423731,0.685219176608431
