"","bcubed.precision","bcubed.recall","bcubed.f1"
"majority-vote",0.995832372724368,0.135006691356342,0.237777484095574
