"","bcubed.precision","bcubed.recall","bcubed.f1"
"majority-vote",0.944839857651246,0.564751438130375,0.706945873234064
