"","bcubed.precision","bcubed.recall","bcubed.f1"
"majority-vote",0.985762457849382,0.38649905979802,0.555282296039533
