"","bcubed.precision","bcubed.recall","bcubed.f1"
"majority-vote",0.984598331911474,0.38348168562559,0.551978573103202
