"","bcubed.precision","bcubed.recall","bcubed.f1"
"majority-vote",0.939385882145702,0.703103714546744,0.804249481347659
