"","bcubed.precision","bcubed.recall","bcubed.f1"
"majority-vote",0.987760502811776,0.645840346773488,0.781017695757284
