"","bcubed.precision","bcubed.recall","bcubed.f1"
"majority-vote",0.990020628459112,0.461871712296547,0.629884888899303
