"","bcubed.precision","bcubed.recall","bcubed.f1"
"majority-vote",0.927055372858753,0.769477526796671,0.840948354913488
