"","bcubed.precision","bcubed.recall","bcubed.f1"
"majority-vote",0.989726436506988,0.465951990991035,0.633608350464505
