"","bcubed.precision","bcubed.recall","bcubed.f1"
"majority-vote",0.995393939393939,0.728706717671569,0.841424481097881
