"","bcubed.precision","bcubed.recall","bcubed.f1"
"majority-vote",0.835344203203377,0.410277927321228,0.550284520307524
