"","bcubed.precision","bcubed.recall","bcubed.f1"
"majority-vote",0.982774248951961,0.224939642290858,0.36608817637169
