"","bcubed.precision","bcubed.recall","bcubed.f1"
"majority-vote",0.995937622854148,0.123682591202084,0.220039160286289
