"","bcubed.precision","bcubed.recall","bcubed.f1"
"majority-vote",0.944839857651246,0.54291135527948,0.689583423869665
