"","bcubed.precision","bcubed.recall","bcubed.f1"
"majority-vote",0.991340275280348,0.318431234633929,0.482028667458984
