"","bcubed.precision","bcubed.recall","bcubed.f1"
"majority-vote",0.996399639963996,0.22283358427306,0.364214653485188
