{
      "avg_bcuded_f1": 0.563119412898428,
      "avg_bcuded_recall": 0.4278760368862407,
      "avg_bcuded_precision": 0.984069911089428,
      "avg_bcuded_f1star": 0.5964250036336315
}