"","bcubed.precision","bcubed.recall","bcubed.f1"
"majority-vote",0.608521791157942,0.512065021749108,0.556142050995105
