"","bcubed.precision","bcubed.recall","bcubed.f1"
"majority-vote",0.750024628550587,0.798100070718905,0.773315882589562
