"","bcubed.precision","bcubed.recall","bcubed.f1"
"majority-vote",0.671708857534966,0.478348156018276,0.558773503567906
