"","bcubed.precision","bcubed.recall","bcubed.f1"
"majority-vote",0.840502814835841,0.271481317755338,0.410402999576966
