"","bcubed.precision","bcubed.recall","bcubed.f1"
"majority-vote",0.944904639617769,0.447007196219593,0.60690506794394
