"","bcubed.precision","bcubed.recall","bcubed.f1"
"majority-vote",0.375751660871304,0.955617440749458,0.539406900884313
