"","bcubed.precision","bcubed.recall","bcubed.f1"
"majority-vote",0.628001521300811,0.644925248854844,0.636350883494453
