"","bcubed.precision","bcubed.recall","bcubed.f1"
"majority-vote",0.750070286169898,0.353846011361021,0.480850549258613
