"","bcubed.precision","bcubed.recall","bcubed.f1"
"majority-vote",0.930837983565269,0.605418253045234,0.733661862452849
