"","bcubed.precision","bcubed.recall","bcubed.f1"
"majority-vote",0.847466606821507,0.989457386722576,0.912974186267151
