"","bcubed.precision","bcubed.recall","bcubed.f1"
"majority-vote",0.441288969676025,0.892897277660679,0.590660742414278
