"","bcubed.precision","bcubed.recall","bcubed.f1"
"majority-vote",0.497431936726233,0.772157550002882,0.605070898224394
