"","bcubed.precision","bcubed.recall","bcubed.f1"
"majority-vote",0.6456662738439,0.728542201759849,0.684605192151282
