"","bcubed.precision","bcubed.recall","bcubed.f1"
"majority-vote",0.204777004038681,0.928562875306033,0.335553927170823
