"","bcubed.precision","bcubed.recall","bcubed.f1"
"majority-vote",0.788561925269031,0.603290396740542,0.683595276923017
