"","bcubed.precision","bcubed.recall","bcubed.f1"
"majority-vote",0.940284904916609,0.0185255402912292,0.0363352026009507
