"","bcubed.precision","bcubed.recall","bcubed.f1"
"majority-vote",0.298875156765794,0.891662714316206,0.447689804745597
