"","bcubed.precision","bcubed.recall","bcubed.f1"
"majority-vote",0.96984088996336,0.287136968402032,0.443090021233225
