"","bcubed.precision","bcubed.recall","bcubed.f1"
"majority-vote",0.506868529140255,0.847208357984274,0.634267165136727
