"","bcubed.precision","bcubed.recall","bcubed.f1"
"majority-vote",0.540408655454648,0.616947836569969,0.576147372298732
