"","bcubed.precision","bcubed.recall","bcubed.f1"
"majority-vote",0.810919823763515,0.372186956489405,0.510205479676055
