"","bcubed.precision","bcubed.recall","bcubed.f1"
"majority-vote",0.128120122165475,0.98999603556306,0.226878776669052
