"","bcubed.precision","bcubed.recall","bcubed.f1"
"majority-vote",0.433455251450025,0.626842957877628,0.512513120433954
