"","bcubed.precision","bcubed.recall","bcubed.f1"
"majority-vote",0.719483630905761,0.174608718863735,0.281018208171161
