"","bcubed.precision","bcubed.recall","bcubed.f1"
"majority-vote",0.698512803732925,0.740554501593109,0.718919538106865
