"","bcubed.precision","bcubed.recall","bcubed.f1"
"majority-vote",0.708034090071681,0.494578454563782,0.582362802730071
