"","bcubed.precision","bcubed.recall","bcubed.f1"
"majority-vote",0.728105942578544,0.725901386973689,0.727001993510327
