"","bcubed.precision","bcubed.recall","bcubed.f1"
"majority-vote",0.684032091495052,0.630041798103301,0.655927816993046
