"","bcubed.precision","bcubed.recall","bcubed.f1"
"majority-vote",0.970863104551612,0.231451934538089,0.373792452750582
