"","bcubed.precision","bcubed.recall","bcubed.f1"
"majority-vote",0.837953106922557,0.592813876040544,0.694383131802796
