"","bcubed.precision","bcubed.recall","bcubed.f1"
"majority-vote",0.611949810747977,0.709664022202391,0.657194640755111
