"","bcubed.precision","bcubed.recall","bcubed.f1"
"majority-vote",0.625687013375029,0.538567613427461,0.578867807416687
