"","bcubed.precision","bcubed.recall","bcubed.f1"
"majority-vote",0.873027083207633,0.130087870796962,0.226435133778383
