"","bcubed.precision","bcubed.recall","bcubed.f1"
"majority-vote",0.814889531522664,0.399123905271266,0.535812672790384
