"","bcubed.precision","bcubed.recall","bcubed.f1"
"majority-vote",0.790281551371258,0.460932939397431,0.582261156840227
