"","bcubed.precision","bcubed.recall","bcubed.f1"
"majority-vote",0.481176777517891,0.228002678402235,0.309398680808351
