"","bcubed.precision","bcubed.recall","bcubed.f1"
"majority-vote",0.456074910311425,0.681038364255265,0.54630355276561
