"","bcubed.precision","bcubed.recall","bcubed.f1"
"majority-vote",0.699804156230853,0.474571916634089,0.565589520026216
