"","bcubed.precision","bcubed.recall","bcubed.f1"
"majority-vote",0.755724072850479,0.396946522318366,0.520499167424892
