"","bcubed.precision","bcubed.recall","bcubed.f1"
"majority-vote",0.591836255323044,0.578252577840144,0.584965569451047
