"","bcubed.precision","bcubed.recall","bcubed.f1"
"majority-vote",0.947841384197708,0.400358703205092,0.562938025248975
