"","bcubed.precision","bcubed.recall","bcubed.f1"
"majority-vote",0.843469908845081,0.490024283776118,0.619906318686052
