"","bcubed.precision","bcubed.recall","bcubed.f1"
"majority-vote",0.433853484820191,0.894852163482904,0.584380340403857
