"","bcubed.precision","bcubed.recall","bcubed.f1"
"majority-vote",0.395327790502466,0.614511304308832,0.481132880316135
