"","bcubed.precision","bcubed.recall","bcubed.f1"
"majority-vote",0.930013584709035,0.0328928089682592,0.0635383862451999
