"","bcubed.precision","bcubed.recall","bcubed.f1"
"majority-vote",0.995865816486924,0.145194127516344,0.25343781298795
