"","bcubed.precision","bcubed.recall","bcubed.f1"
"majority-vote",0.80636749221494,0.413450331021332,0.546627373744369
