"","bcubed.precision","bcubed.recall","bcubed.f1"
"majority-vote",0.927324870638361,0.342186553512083,0.499905862103018
