"","bcubed.precision","bcubed.recall","bcubed.f1"
"majority-vote",0.643307998504639,0.36783217665502,0.468044663168847
