"","bcubed.precision","bcubed.recall","bcubed.f1"
"majority-vote",0.501925266754066,0.640861320268483,0.56294761030788
