"","bcubed.precision","bcubed.recall","bcubed.f1"
"majority-vote",0.857034536221942,0.207889957482753,0.334613156800649
