"","bcubed.precision","bcubed.recall","bcubed.f1"
"majority-vote",0.635888425441125,0.346285361315884,0.448390816634462
