"","bcubed.precision","bcubed.recall","bcubed.f1"
"majority-vote",0.337528807365053,0.531818334081436,0.412962784322735
