"","bcubed.precision","bcubed.recall","bcubed.f1"
"majority-vote",0.545910385177707,0.573800345362153,0.559508021148867
