"","bcubed.precision","bcubed.recall","bcubed.f1"
"majority-vote",0.815215911199594,0.450431162017761,0.580254413647177
