"","bcubed.precision","bcubed.recall","bcubed.f1"
"majority-vote",0.797425619514626,0.509943777342047,0.622077025119765
