"","bcubed.precision","bcubed.recall","bcubed.f1"
"majority-vote",0.830322626027715,0.634010282341995,0.719007378108949
