"","bcubed.precision","bcubed.recall","bcubed.f1"
"majority-vote",0.964552521555835,0.246367891010818,0.392486191559344
