"","bcubed.precision","bcubed.recall","bcubed.f1"
"majority-vote",0.854463594477936,0.621140878520626,0.719355731769233
