"","bcubed.precision","bcubed.recall","bcubed.f1"
"majority-vote",0.392180151960838,0.907756065764965,0.54772519906845
