"","bcubed.precision","bcubed.recall","bcubed.f1"
"majority-vote",0.286721147435436,0.871075558783806,0.431432880014019
