"","bcubed.precision","bcubed.recall","bcubed.f1"
"majority-vote",0.34385834050388,0.816178029708794,0.483863489211015
