"","bcubed.precision","bcubed.recall","bcubed.f1"
"majority-vote",0.4628055285087,0.759041191608265,0.575012322017787
