"","bcubed.precision","bcubed.recall","bcubed.f1"
"majority-vote",0.599708104609062,0.513812920166071,0.553447605605234
