"","bcubed.precision","bcubed.recall","bcubed.f1"
"majority-vote",0.953190405184061,0.0257533040285644,0.0501516115192356
