"","bcubed.precision","bcubed.recall","bcubed.f1"
"majority-vote",0.729456309703035,0.799375640779097,0.76281713605649
