"","bcubed.precision","bcubed.recall","bcubed.f1"
"majority-vote",0.536529806555889,0.752017570302444,0.626255345775089
