"","bcubed.precision","bcubed.recall","bcubed.f1"
"majority-vote",0.967345844537679,0.800936586504906,0.876311006762534
