"","bcubed.precision","bcubed.recall","bcubed.f1"
"majority-vote",0.868372154632981,0.0970054730276941,0.174515856201008
