"","bcubed.precision","bcubed.recall","bcubed.f1"
"majority-vote",0.878523883068833,0.776833679118393,0.824555317675287
