"","bcubed.precision","bcubed.recall","bcubed.f1"
"majority-vote",0.464436953572628,0.974462683825001,0.629059134470856
