"","bcubed.precision","bcubed.recall","bcubed.f1"
"majority-vote",0.772752440629802,0.34449629032878,0.47654625467522
