"","bcubed.precision","bcubed.recall","bcubed.f1"
"majority-vote",0.515852252585391,0.801847021549803,0.627813341654636
