"","bcubed.precision","bcubed.recall","bcubed.f1"
"majority-vote",0.398114937389851,0.764402440206728,0.523553514963726
