"","bcubed.precision","bcubed.recall","bcubed.f1"
"majority-vote",0.766829190669917,0.45876279624688,0.57407800884936
