"","bcubed.precision","bcubed.recall","bcubed.f1"
"majority-vote",0.683639373943313,0.434066683643799,0.530989474095731
