"","bcubed.precision","bcubed.recall","bcubed.f1"
"majority-vote",0.86253930297096,0.336562124123469,0.484192668590697
