"","bcubed.precision","bcubed.recall","bcubed.f1"
"majority-vote",0.861621137545111,0.831880516603515,0.846489680434206
