"","bcubed.precision","bcubed.recall","bcubed.f1"
"majority-vote",0.314087746267428,0.528050025551585,0.393888145127873
