"","bcubed.precision","bcubed.recall","bcubed.f1"
"majority-vote",0.874684519320153,0.427625702326461,0.574421632682016
