"","bcubed.precision","bcubed.recall","bcubed.f1"
"majority-vote",0.76618572216436,0.696832234540855,0.729865148137298
