"","bcubed.precision","bcubed.recall","bcubed.f1"
"majority-vote",0.227621501081907,0.97462292810598,0.369051631263008
