"","bcubed.precision","bcubed.recall","bcubed.f1"
"majority-vote",0.239062300816626,0.992157450115148,0.385288560579675
