"","bcubed.precision","bcubed.recall","bcubed.f1"
"majority-vote",0.920836066403129,0.23328861865432,0.372265798868292
