"","bcubed.precision","bcubed.recall","bcubed.f1"
"majority-vote",0.920841907019702,0.157226314590857,0.268592611226833
