"","bcubed.precision","bcubed.recall","bcubed.f1"
"majority-vote",0.84837505755749,0.193303644888457,0.314864824390181
