"","bcubed.precision","bcubed.recall","bcubed.f1"
"majority-vote",0.711353679851544,0.849197117069909,0.774187543704042
