"","bcubed.precision","bcubed.recall","bcubed.f1"
"majority-vote",0.327232637385855,0.62004089610439,0.428382321570305
