"","bcubed.precision","bcubed.recall","bcubed.f1"
"majority-vote",0.955871042890895,0.421594018673353,0.58511758381476
