"","bcubed.precision","bcubed.recall","bcubed.f1"
"majority-vote",0.340852865518846,0.959544417671066,0.50302083614555
