"","bcubed.precision","bcubed.recall","bcubed.f1"
"majority-vote",0.814543169007463,0.197493954286228,0.317908004917001
