"","bcubed.precision","bcubed.recall","bcubed.f1"
"majority-vote",0.945907447875777,0.825142213080303,0.881407429860563
