"","bcubed.precision","bcubed.recall","bcubed.f1"
"majority-vote",0.486098490777826,0.881159367016486,0.626553705286359
