"","bcubed.precision","bcubed.recall","bcubed.f1"
"majority-vote",0.427851377413484,0.870892118176156,0.573804440377268
