"","bcubed.precision","bcubed.recall","bcubed.f1"
"majority-vote",0.866411513864285,0.253234435265817,0.391918946505704
