"","bcubed.precision","bcubed.recall","bcubed.f1"
"majority-vote",0.739288815111471,0.735288636843329,0.737283300210799
