"","bcubed.precision","bcubed.recall","bcubed.f1"
"majority-vote",0.934584020259144,0.247704568118621,0.39161459119977
