"","bcubed.precision","bcubed.recall","bcubed.f1"
"majority-vote",0.948676603164041,0.00199063849390095,0.00397294043966023
