"","bcubed.precision","bcubed.recall","bcubed.f1"
"majority-vote",0.207953366040831,0.759284086968884,0.326487939802374
