"","bcubed.precision","bcubed.recall","bcubed.f1"
"majority-vote",0.3000796799658,0.584693531180905,0.396609312995457
