"","bcubed.precision","bcubed.recall","bcubed.f1"
"majority-vote",0.820336155013666,0.405813447557055,0.543006240876049
