"","bcubed.precision","bcubed.recall","bcubed.f1"
"majority-vote",0.384283466373845,0.634345226745635,0.478620687318343
