"","bcubed.precision","bcubed.recall","bcubed.f1"
"majority-vote",0.798467419431242,0.917428356955644,0.853824180666613
