"","bcubed.precision","bcubed.recall","bcubed.f1"
"majority-vote",0.986440511270939,0.966942538453307,0.976594213957318
