"","bcubed.precision","bcubed.recall","bcubed.f1"
"majority-vote",0.564215855190472,0.684795650722043,0.618685355377208
