"","bcubed.precision","bcubed.recall","bcubed.f1"
"majority-vote",0.622471509589107,0.53788785274553,0.57709684526438
