"","bcubed.precision","bcubed.recall","bcubed.f1"
"majority-vote",0.985027267463786,0.442605458177627,0.610771155918112
