"","bcubed.precision","bcubed.recall","bcubed.f1"
"majority-vote",0.601139614606406,0.983470225989996,0.746181044042979
