"","bcubed.precision","bcubed.recall","bcubed.f1"
"majority-vote",0.354308193568247,0.615156477747761,0.449639861753291
