"","bcubed.precision","bcubed.recall","bcubed.f1"
"majority-vote",0.776270424699554,0.126976745861035,0.218253199454448
