"","bcubed.precision","bcubed.recall","bcubed.f1"
"majority-vote",0.603988057712153,0.763685806523052,0.674513301812826
