"","bcubed.precision","bcubed.recall","bcubed.f1"
"majority-vote",0.538919546946475,0.554919521826835,0.546802515712025
