"","bcubed.precision","bcubed.recall","bcubed.f1"
"majority-vote",0.379945002643171,0.589853201426098,0.462182287479086
