"","bcubed.precision","bcubed.recall","bcubed.f1"
"majority-vote",0.406609006481122,0.957874070660604,0.570883187530925
