"","bcubed.precision","bcubed.recall","bcubed.f1"
"majority-vote",0.723707465888161,0.327606643708828,0.451038127924542
