"","bcubed.precision","bcubed.recall","bcubed.f1"
"majority-vote",0.134887906525041,0.448136235598365,0.207360739600664
