"","bcubed.precision","bcubed.recall","bcubed.f1"
"majority-vote",0.550754064725694,0.615420299477548,0.581294258999663
