"","bcubed.precision","bcubed.recall","bcubed.f1"
"majority-vote",0.583542170558742,0.920171614170605,0.714177054799432
