"","bcubed.precision","bcubed.recall","bcubed.f1"
"majority-vote",0.578732492331355,0.623197096659916,0.600142324919961
