"","bcubed.precision","bcubed.recall","bcubed.f1"
"majority-vote",0.0931876432971821,0.991398351511217,0.170361919457318
