"","bcubed.precision","bcubed.recall","bcubed.f1"
"majority-vote",0.357779034842942,0.887375201322058,0.509951673216644
