"","bcubed.precision","bcubed.recall","bcubed.f1"
"majority-vote",0.887285347731715,0.476135492166178,0.619717747259485
