"","bcubed.precision","bcubed.recall","bcubed.f1"
"majority-vote",0.923049516867045,0.123427224731163,0.217739077473129
