"","bcubed.precision","bcubed.recall","bcubed.f1"
"majority-vote",0.782241612896491,0.410354236667194,0.538315071391354
