"","bcubed.precision","bcubed.recall","bcubed.f1"
"majority-vote",0.533338183654483,0.606233928412984,0.56745457145824
