"","bcubed.precision","bcubed.recall","bcubed.f1"
"majority-vote",0.732524352950853,0.503332236562633,0.596676222849602
