"","bcubed.precision","bcubed.recall","bcubed.f1"
"majority-vote",0.551844982790425,0.912849708157221,0.687858752546366
