"","bcubed.precision","bcubed.recall","bcubed.f1"
"majority-vote",0.856914798772289,0.549025639828616,0.669257648130163
