"","bcubed.precision","bcubed.recall","bcubed.f1"
"majority-vote",0.839154053359292,0.276379879726278,0.415810383638898
