"","bcubed.precision","bcubed.recall","bcubed.f1"
"majority-vote",0.838837758662058,0.376237578101208,0.519477726507994
