"","bcubed.precision","bcubed.recall","bcubed.f1"
"majority-vote",0.0830381503164376,0.585822989382954,0.145458166318556
