"","bcubed.precision","bcubed.recall","bcubed.f1"
"majority-vote",0.936593784512855,0.709597965996188,0.807445480454487
