"","bcubed.precision","bcubed.recall","bcubed.f1"
"majority-vote",0.502132358860839,0.650509394418445,0.566770752059204
