"","bcubed.precision","bcubed.recall","bcubed.f1"
"majority-vote",0.867029813143819,0.390154542158124,0.538147994537087
