"","bcubed.precision","bcubed.recall","bcubed.f1"
"majority-vote",0.968697535999513,0.827801827683378,0.892724603173672
