"","bcubed.precision","bcubed.recall","bcubed.f1"
"majority-vote",0.461947598132105,0.643148827489827,0.537692547386896
