"","bcubed.precision","bcubed.recall","bcubed.f1"
"majority-vote",0.921266159766275,0.27223860562169,0.420281882426657
