"","bcubed.precision","bcubed.recall","bcubed.f1"
"majority-vote",0.860246814938992,0.68459879070392,0.762437265009461
