"","bcubed.precision","bcubed.recall","bcubed.f1"
"majority-vote",0.507710951942901,0.741665268624722,0.602783330365241
