"","bcubed.precision","bcubed.recall","bcubed.f1"
"majority-vote",0.424527924313318,0.826391559212314,0.560909471669064
