"","bcubed.precision","bcubed.recall","bcubed.f1"
"majority-vote",0.341133587481227,0.861290257235562,0.488704605458984
