"","bcubed.precision","bcubed.recall","bcubed.f1"
"majority-vote",0.470203869897667,0.814696696292769,0.596269547184445
