"","bcubed.precision","bcubed.recall","bcubed.f1"
"majority-vote",0.591385475428809,0.594960647923717,0.593167674606623
