"","bcubed.precision","bcubed.recall","bcubed.f1"
"majority-vote",0.719402086948556,0.511346569570879,0.597788650598403
