"","bcubed.precision","bcubed.recall","bcubed.f1"
"majority-vote",0.735189853717021,0.60885362833052,0.666084119935577
