"","bcubed.precision","bcubed.recall","bcubed.f1"
"majority-vote",0.483194784704213,0.46154211370549,0.472120317602197
