"","bcubed.precision","bcubed.recall","bcubed.f1"
"majority-vote",0.682320602060124,0.768761272467669,0.722966310141999
