"","bcubed.precision","bcubed.recall","bcubed.f1"
"majority-vote",0.973008405890653,0.11166849516046,0.200344239577695
