"","bcubed.precision","bcubed.recall","bcubed.f1"
"majority-vote",0.347002457178036,0.740727800351434,0.472606815968922
