"","bcubed.precision","bcubed.recall","bcubed.f1"
"majority-vote",0.138662413954669,0.979606000804529,0.242937260863771
