"","bcubed.precision","bcubed.recall","bcubed.f1"
"majority-vote",0.979334102104839,0.867916591936596,0.920265255828944
