"","bcubed.precision","bcubed.recall","bcubed.f1"
"majority-vote",0.249482083010165,0.92590678450686,0.393056561374434
