"","bcubed.precision","bcubed.recall","bcubed.f1"
"majority-vote",0.663893731850301,0.348834456406129,0.457356695995898
