"","bcubed.precision","bcubed.recall","bcubed.f1"
"majority-vote",0.527536396787031,0.821693192612046,0.642549006486067
