"","bcubed.precision","bcubed.recall","bcubed.f1"
"majority-vote",0.600837077960497,0.665961214958363,0.63172518098149
