"","bcubed.precision","bcubed.recall","bcubed.f1"
"majority-vote",0.954257930150677,0.579115947372349,0.720797443281718
