"","bcubed.precision","bcubed.recall","bcubed.f1"
"majority-vote",0.859168338668498,0.482719012849204,0.61813965508248
