"","bcubed.precision","bcubed.recall","bcubed.f1"
"majority-vote",0.652336790630326,0.652987962496937,0.652662214142441
