"","bcubed.precision","bcubed.recall","bcubed.f1"
"majority-vote",0.626100855458124,0.851413836718885,0.721577841954501
