"","bcubed.precision","bcubed.recall","bcubed.f1"
"majority-vote",0.915614865605912,0.776087718161166,0.84009737714082
