"","bcubed.precision","bcubed.recall","bcubed.f1"
"majority-vote",0.534084243202799,0.67487825723863,0.596282917195048
