"","bcubed.precision","bcubed.recall","bcubed.f1"
"majority-vote",0.840132085566206,0.785202451869119,0.811739070679473
