"","bcubed.precision","bcubed.recall","bcubed.f1"
"majority-vote",0.232949882804673,0.535787420285973,0.32471851245423
