"","bcubed.precision","bcubed.recall","bcubed.f1"
"majority-vote",0.756952002273134,0.520471795052851,0.616822965435033
