"","bcubed.precision","bcubed.recall","bcubed.f1"
"majority-vote",0.296441578751724,0.926394189276605,0.449155582778501
