"","bcubed.precision","bcubed.recall","bcubed.f1"
"majority-vote",0.678370539224401,0.680238956958097,0.679303463327365
