"","bcubed.precision","bcubed.recall","bcubed.f1"
"majority-vote",0.668835822771112,0.623712328921296,0.645486434126804
