"","bcubed.precision","bcubed.recall","bcubed.f1"
"majority-vote",0.408674502738576,0.800844348173624,0.541181587230363
