"","bcubed.precision","bcubed.recall","bcubed.f1"
"majority-vote",0.428190756836744,0.533436948133856,0.475054471424785
