"","bcubed.precision","bcubed.recall","bcubed.f1"
"majority-vote",0.888949646699128,0.384098164233673,0.536419644982729
