"","bcubed.precision","bcubed.recall","bcubed.f1"
"majority-vote",0.596288725815178,0.575470025745718,0.585694432304667
