"","bcubed.precision","bcubed.recall","bcubed.f1"
"majority-vote",0.554820515725657,0.278160000701177,0.370546182053063
