"","bcubed.precision","bcubed.recall","bcubed.f1"
"majority-vote",0.526251052016419,0.996478925644566,0.68876043766887
