"","bcubed.precision","bcubed.recall","bcubed.f1"
"majority-vote",0.57528425650858,0.662811814935756,0.615954142743699
