"","bcubed.precision","bcubed.recall","bcubed.f1"
"majority-vote",0.658798314879191,0.321020119913717,0.431687150458997
