"","bcubed.precision","bcubed.recall","bcubed.f1"
"majority-vote",0.985344726235957,0.0611914667957314,0.115227145509703
