"","bcubed.precision","bcubed.recall","bcubed.f1"
"majority-vote",0.635555276978904,0.699615869178533,0.666048781527771
