"","bcubed.precision","bcubed.recall","bcubed.f1"
"majority-vote",0.124265954163826,0.891692089510871,0.218132961323123
