"","bcubed.precision","bcubed.recall","bcubed.f1"
"majority-vote",0.939383099431657,0.780879272675394,0.852828967652502
