"","bcubed.precision","bcubed.recall","bcubed.f1"
"majority-vote",0.934002306371476,0.18980489103532,0.315495765459855
