"","bcubed.precision","bcubed.recall","bcubed.f1"
"majority-vote",0.506288761455305,0.934783069535991,0.656830773215806
