"","bcubed.precision","bcubed.recall","bcubed.f1"
"majority-vote",0.45614883146643,0.909096307649222,0.607485361483511
