"","bcubed.precision","bcubed.recall","bcubed.f1"
"majority-vote",0.80464499911056,0.72243859667746,0.76132911856865
