"","bcubed.precision","bcubed.recall","bcubed.f1"
"majority-vote",0.864817350961248,0.52087982942715,0.650165015314635
