"","bcubed.precision","bcubed.recall","bcubed.f1"
"majority-vote",0.155431004322894,0.947457912594865,0.267051980755872
