"","bcubed.precision","bcubed.recall","bcubed.f1"
"majority-vote",0.349685431324052,0.807668892446764,0.4880615023791
