"","bcubed.precision","bcubed.recall","bcubed.f1"
"majority-vote",0.525063080762382,0.596545906340158,0.558526607758921
