"","bcubed.precision","bcubed.recall","bcubed.f1"
"majority-vote",0.412723814472151,0.363455562439079,0.38652602886184
