"","bcubed.precision","bcubed.recall","bcubed.f1"
"majority-vote",0.646046713151053,0.852579147213441,0.735081343951192
