"","bcubed.precision","bcubed.recall","bcubed.f1"
"majority-vote",0.800607433494659,0.541311125318869,0.645907619232603
