"","bcubed.precision","bcubed.recall","bcubed.f1"
"majority-vote",0.9474073010407,0.347239365254684,0.508211419247523
