"","bcubed.precision","bcubed.recall","bcubed.f1"
"majority-vote",0.493721832047381,0.936342901255763,0.646534274801333
