"","bcubed.precision","bcubed.recall","bcubed.f1"
"majority-vote",0.673074753096319,0.973112661575727,0.795750907323598
