"","bcubed.precision","bcubed.recall","bcubed.f1"
"majority-vote",0.400351306788418,0.420404133311794,0.41013275313796
