"","bcubed.precision","bcubed.recall","bcubed.f1"
"majority-vote",0.589619401043547,0.316931188724296,0.412263319392895
