"","bcubed.precision","bcubed.recall","bcubed.f1"
"majority-vote",0.539214199344203,0.883946223312127,0.66982800741035
