"","bcubed.precision","bcubed.recall","bcubed.f1"
"majority-vote",0.929876916817426,0.0877704361129161,0.160400756284355
