"","bcubed.precision","bcubed.recall","bcubed.f1"
"majority-vote",0.851303169654183,0.779053599311631,0.813577507756399
