"","bcubed.precision","bcubed.recall","bcubed.f1"
"majority-vote",0.659920318560746,0.982327389946081,0.789476277843099
