"","bcubed.precision","bcubed.recall","bcubed.f1"
"majority-vote",0.587530621892404,0.698040767541289,0.638035864255577
