"","bcubed.precision","bcubed.recall","bcubed.f1"
"majority-vote",0.779161726855118,0.794880875368598,0.786942811613022
