"","bcubed.precision","bcubed.recall","bcubed.f1"
"majority-vote",0.546238393014683,0.751416633244181,0.632606672685789
