"","bcubed.precision","bcubed.recall","bcubed.f1"
"majority-vote",0.124105295040091,0.795330581695543,0.214707167717175
