"","bcubed.precision","bcubed.recall","bcubed.f1"
"majority-vote",0.562339997037282,0.707359853937515,0.626568141851991
