"","bcubed.precision","bcubed.recall","bcubed.f1"
"majority-vote",0.293007647153982,0.975341261827017,0.450636960029761
