"","bcubed.precision","bcubed.recall","bcubed.f1"
"majority-vote",0.495251676181081,0.734222733024185,0.591512985545635
