"","bcubed.precision","bcubed.recall","bcubed.f1"
"majority-vote",0.544800681309459,0.717745870322018,0.619428152812575
