"","bcubed.precision","bcubed.recall","bcubed.f1"
"majority-vote",0.519026173421817,0.466883721506092,0.49157610173689
