"","bcubed.precision","bcubed.recall","bcubed.f1"
"majority-vote",0.551341782390355,0.707363610890513,0.619682915650189
