"","bcubed.precision","bcubed.recall","bcubed.f1"
"majority-vote",0.274028725028992,0.966583043406206,0.427001461308612
