"","bcubed.precision","bcubed.recall","bcubed.f1"
"majority-vote",0.875769504741178,0.675224302726263,0.762531546342361
