"","bcubed.precision","bcubed.recall","bcubed.f1"
"majority-vote",0.591596799800402,0.740960012782531,0.657907517642786
