"","bcubed.precision","bcubed.recall","bcubed.f1"
"majority-vote",0.790898717990754,0.692140861690987,0.73823157207698
