"","bcubed.precision","bcubed.recall","bcubed.f1"
"majority-vote",0.49929171491657,0.905347850197695,0.643628005287556
