"","bcubed.precision","bcubed.recall","bcubed.f1"
"majority-vote",0.886017287991466,0.659108079443899,0.755901320824798
