"","bcubed.precision","bcubed.recall","bcubed.f1"
"majority-vote",0.645669238637249,0.544495060579473,0.590781812960553
