"","bcubed.precision","bcubed.recall","bcubed.f1"
"majority-vote",0.61614212776653,0.410058839453206,0.492407498961307
