"","bcubed.precision","bcubed.recall","bcubed.f1"
"majority-vote",0.591837354204749,0.472268171148503,0.525335012793694
