"","bcubed.precision","bcubed.recall","bcubed.f1"
"majority-vote",0.962731430956778,0.39030858094073,0.555434185744157
