"","bcubed.precision","bcubed.recall","bcubed.f1"
"majority-vote",0.756877766092393,0.291652194283412,0.42105627807918
