"","bcubed.precision","bcubed.recall","bcubed.f1"
"majority-vote",0.656946113227129,0.299661170690973,0.411582150125839
