"","bcubed.precision","bcubed.recall","bcubed.f1"
"majority-vote",0.959879381400884,0.222169583219246,0.360824311834012
