"","bcubed.precision","bcubed.recall","bcubed.f1"
"majority-vote",0.690291439921124,0.376394574458765,0.487157325171617
