"","bcubed.precision","bcubed.recall","bcubed.f1"
"majority-vote",0.674479793731197,0.581488525267619,0.624541645910627
