"","bcubed.precision","bcubed.recall","bcubed.f1"
"majority-vote",0.772902810063949,0.734613403665523,0.753271850521689
