"","bcubed.precision","bcubed.recall","bcubed.f1"
"majority-vote",0.715312371149287,0.107753487445887,0.187293402586471
