"","bcubed.precision","bcubed.recall","bcubed.f1"
"majority-vote",0.347266494113992,0.876845811134624,0.497502017430364
