"","bcubed.precision","bcubed.recall","bcubed.f1"
"majority-vote",0.421436296181609,0.697444434153765,0.525397195881885
