"","bcubed.precision","bcubed.recall","bcubed.f1"
"majority-vote",0.678277107129035,0.619552557785201,0.647586240274004
