"","bcubed.precision","bcubed.recall","bcubed.f1"
"majority-vote",0.728526153971752,0.401469490519853,0.517667524279737
