"","bcubed.precision","bcubed.recall","bcubed.f1"
"majority-vote",0.318534441663304,0.94733293311587,0.476761109309677
