"","bcubed.precision","bcubed.recall","bcubed.f1"
"majority-vote",0.764830372842717,0.759781471662022,0.762297562287431
