"","bcubed.precision","bcubed.recall","bcubed.f1"
"majority-vote",0.779684352735711,0.214285325463248,0.336177086583381
