"","bcubed.precision","bcubed.recall","bcubed.f1"
"majority-vote",0.745685112711242,0.668051211305326,0.704736568391738
