"","bcubed.precision","bcubed.recall","bcubed.f1"
"majority-vote",0.989093879119823,0.365691157644616,0.533963508392989
