"","bcubed.precision","bcubed.recall","bcubed.f1"
"majority-vote",0.917551140093055,0.259888122648915,0.405049586469265
