"","bcubed.precision","bcubed.recall","bcubed.f1"
"majority-vote",0.744766534074144,0.449143974763001,0.560355904246679
