"","bcubed.precision","bcubed.recall","bcubed.f1"
"majority-vote",0.6798705995387,0.74025896171017,0.708780829362078
