"","bcubed.precision","bcubed.recall","bcubed.f1"
"majority-vote",0.830355526823659,0.549807423570597,0.661567726796474
