"","bcubed.precision","bcubed.recall","bcubed.f1"
"majority-vote",0.579288390308326,0.682620894439734,0.626723907827925
