"","bcubed.precision","bcubed.recall","bcubed.f1"
"majority-vote",0.92588520362273,0.700676714175863,0.797690140264005
