"","bcubed.precision","bcubed.recall","bcubed.f1"
"majority-vote",0.309895453536313,0.682542657823875,0.426257041286565
