"","bcubed.precision","bcubed.recall","bcubed.f1"
"majority-vote",0.690995836382769,0.461938287537096,0.553713220437399
