"","bcubed.precision","bcubed.recall","bcubed.f1"
"majority-vote",0.856004662496638,0.465536490796662,0.603085883010445
