"","bcubed.precision","bcubed.recall","bcubed.f1"
"majority-vote",0.739965645426764,0.93501370187576,0.826133192036788
