"","bcubed.precision","bcubed.recall","bcubed.f1"
"majority-vote",0.769292024484655,0.495638730659721,0.602864498268447
