"","bcubed.precision","bcubed.recall","bcubed.f1"
"majority-vote",0.87399844965839,0.475600635843441,0.615996591653215
