"","bcubed.precision","bcubed.recall","bcubed.f1"
"majority-vote",0.969479645673861,0.0467401931626032,0.0891808330722828
