"","bcubed.precision","bcubed.recall","bcubed.f1"
"majority-vote",0.898472081649447,0.0936303073208444,0.169587772510758
