"","bcubed.precision","bcubed.recall","bcubed.f1"
"majority-vote",0.665079850614721,0.549254228823064,0.60164319957861
