"","bcubed.precision","bcubed.recall","bcubed.f1"
"majority-vote",0.890839477563577,0.124938439293602,0.219142574653098
