"","bcubed.precision","bcubed.recall","bcubed.f1"
"majority-vote",0.922793604457477,0.220545332139695,0.356006107160444
