"","bcubed.precision","bcubed.recall","bcubed.f1"
"majority-vote",0.813802332364726,0.132364855643561,0.227695125367013
