"","bcubed.precision","bcubed.recall","bcubed.f1"
"majority-vote",0.524604896321897,0.713040118346986,0.604477589171804
