"","bcubed.precision","bcubed.recall","bcubed.f1"
"majority-vote",0.770215266741379,0.337078269077234,0.468932257855379
