"","bcubed.precision","bcubed.recall","bcubed.f1"
"majority-vote",0.660849792633209,0.56411359493721,0.608662031891788
