"","bcubed.precision","bcubed.recall","bcubed.f1"
"majority-vote",0.653637413571562,0.802632599961844,0.720512943083056
