"","bcubed.precision","bcubed.recall","bcubed.f1"
"majority-vote",0.704658882273584,0.219164782664183,0.33434175080648
