"","bcubed.precision","bcubed.recall","bcubed.f1"
"majority-vote",0.684236618027316,0.484022661126014,0.56697350426776
