"","bcubed.precision","bcubed.recall","bcubed.f1"
"majority-vote",0.605063456386818,0.725319733983768,0.659756479796678
