"","bcubed.precision","bcubed.recall","bcubed.f1"
"majority-vote",0.534133084829904,0.71541721767249,0.611624845595365
