"","bcubed.precision","bcubed.recall","bcubed.f1"
"majority-vote",0.747860543205249,0.431652291374508,0.547371266575738
