"","bcubed.precision","bcubed.recall","bcubed.f1"
"majority-vote",0.739674791979539,0.405434546177469,0.523774811037337
