"","bcubed.precision","bcubed.recall","bcubed.f1"
"majority-vote",0.586231113116334,0.540592258517453,0.562487448220509
