"","bcubed.precision","bcubed.recall","bcubed.f1"
"majority-vote",0.60684120184835,0.484447465226199,0.538780784406644
