"","bcubed.precision","bcubed.recall","bcubed.f1"
"majority-vote",0.396301388380103,0.672050550472483,0.49858956871441
