"","bcubed.precision","bcubed.recall","bcubed.f1"
"majority-vote",0.819493709537013,0.673898457855293,0.739598826266017
