"","bcubed.precision","bcubed.recall","bcubed.f1"
"majority-vote",0.707490779885469,0.301204544561224,0.422524885308774
