"","bcubed.precision","bcubed.recall","bcubed.f1"
"majority-vote",0.607357170466405,0.457323182887446,0.521768836012127
