"","bcubed.precision","bcubed.recall","bcubed.f1"
"majority-vote",0.612801084098799,0.982734047005519,0.754882142856945
