"","bcubed.precision","bcubed.recall","bcubed.f1"
"majority-vote",0.115340137694485,0.724601293653891,0.199003430154591
