"","bcubed.precision","bcubed.recall","bcubed.f1"
"majority-vote",0.991040290735308,0.189988733095591,0.318851587021534
