"","bcubed.precision","bcubed.recall","bcubed.f1"
"majority-vote",0.403613495079933,0.723451004914407,0.518150626896792
