"","bcubed.precision","bcubed.recall","bcubed.f1"
"majority-vote",0.486361600514853,0.704719245429511,0.575524963377216
