"","bcubed.precision","bcubed.recall","bcubed.f1"
"majority-vote",0.550234635079782,0.916367328601434,0.687599028418651
