"","bcubed.precision","bcubed.recall","bcubed.f1"
"majority-vote",0.568539335459659,0.743876963996025,0.644495675571011
