"","bcubed.precision","bcubed.recall","bcubed.f1"
"majority-vote",0.920001857920186,0.477311983679547,0.628531542047864
