"","bcubed.precision","bcubed.recall","bcubed.f1"
"majority-vote",0.282273994432528,0.587229073616008,0.381274091714306
