"","bcubed.precision","bcubed.recall","bcubed.f1"
"majority-vote",0.929468729336269,0.433215587491579,0.590981104958783
