"","bcubed.precision","bcubed.recall","bcubed.f1"
"majority-vote",0.75427018269028,0.634339232551896,0.689125629673317
