"","bcubed.precision","bcubed.recall","bcubed.f1"
"majority-vote",0.630090624388284,0.447563945036114,0.52336964660599
