"","bcubed.precision","bcubed.recall","bcubed.f1"
"majority-vote",0.48349751664461,0.956866744072902,0.642396797999692
