"","bcubed.precision","bcubed.recall","bcubed.f1"
"majority-vote",0.222711013174758,0.876180787747246,0.355148906925545
