"","bcubed.precision","bcubed.recall","bcubed.f1"
"majority-vote",0.85683596060866,0.560763796491498,0.677881868750072
