"","bcubed.precision","bcubed.recall","bcubed.f1"
"majority-vote",0.781317387151292,0.525475636020892,0.628352376646276
