"","bcubed.precision","bcubed.recall","bcubed.f1"
"majority-vote",0.484053682692596,0.488517955001053,0.486275572955175
