"","bcubed.precision","bcubed.recall","bcubed.f1"
"majority-vote",0.891515121776088,0.372870212041982,0.525819817114573
