"","bcubed.precision","bcubed.recall","bcubed.f1"
"majority-vote",0.26376742923793,0.452487362065821,0.333265284096757
