"","bcubed.precision","bcubed.recall","bcubed.f1"
"majority-vote",0.93094573725781,0.460708801892329,0.616381268731729
