"","bcubed.precision","bcubed.recall","bcubed.f1"
"majority-vote",0.881690605937216,0.301064699833788,0.448860244088649
