"","bcubed.precision","bcubed.recall","bcubed.f1"
"majority-vote",0.91770542987836,0.358425107427835,0.515509436809811
