"","bcubed.precision","bcubed.recall","bcubed.f1"
"majority-vote",0.655310123719998,0.840456576458207,0.736424608242042
