"","bcubed.precision","bcubed.recall","bcubed.f1"
"majority-vote",0.588879905083685,0.361446555279174,0.447948409401026
