"","bcubed.precision","bcubed.recall","bcubed.f1"
"majority-vote",0.772763701466032,0.544127787665366,0.638598102785455
