"","bcubed.precision","bcubed.recall","bcubed.f1"
"majority-vote",0.710846661347607,0.624900609520924,0.665108619931074
