"","bcubed.precision","bcubed.recall","bcubed.f1"
"majority-vote",0.46776248857037,0.971450026423363,0.631467385320121
