"","bcubed.precision","bcubed.recall","bcubed.f1"
"majority-vote",0.838070298385015,0.314774705866095,0.457656199569725
