"","bcubed.precision","bcubed.recall","bcubed.f1"
"majority-vote",0.406810391179597,0.854040550947039,0.551108079481624
