"","bcubed.precision","bcubed.recall","bcubed.f1"
"majority-vote",0.553709504805064,0.602599509564245,0.577120945854746
