"","bcubed.precision","bcubed.recall","bcubed.f1"
"majority-vote",0.958446686362014,0.407007217812607,0.571377353779976
