"","bcubed.precision","bcubed.recall","bcubed.f1"
"majority-vote",0.442134946725963,0.698945640615697,0.541641487912609
