"","bcubed.precision","bcubed.recall","bcubed.f1"
"majority-vote",0.613076455484996,0.633199998296707,0.622975760138766
