"","bcubed.precision","bcubed.recall","bcubed.f1"
"majority-vote",0.761767832914807,0.512941432112939,0.613068868130312
