"","bcubed.precision","bcubed.recall","bcubed.f1"
"majority-vote",0.583816026681289,0.53009785564224,0.555661669621669
