"","bcubed.precision","bcubed.recall","bcubed.f1"
"majority-vote",0.879029412699027,0.342405125241312,0.492837179229508
