"","bcubed.precision","bcubed.recall","bcubed.f1"
"majority-vote",0.928235628009045,0.965190290008177,0.946352330417211
