"","bcubed.precision","bcubed.recall","bcubed.f1"
"majority-vote",0.855678234998872,0.53234425439316,0.656351601637882
