"","bcubed.precision","bcubed.recall","bcubed.f1"
"majority-vote",0.575622408653128,0.178788832526271,0.272834901712658
