"","bcubed.precision","bcubed.recall","bcubed.f1"
"majority-vote",0.63954202658213,0.85656624702115,0.732313460445467
