"","bcubed.precision","bcubed.recall","bcubed.f1"
"majority-vote",0.678960630098673,0.533441950933116,0.597468347219094
