"","bcubed.precision","bcubed.recall","bcubed.f1"
"majority-vote",0.726554940989383,0.42017042110755,0.532432447390965
