"","bcubed.precision","bcubed.recall","bcubed.f1"
"majority-vote",0.791732701351687,0.440680715564608,0.566208268391902
