"","bcubed.precision","bcubed.recall","bcubed.f1"
"majority-vote",0.607682940013289,0.570562301611407,0.588537877608351
