"","bcubed.precision","bcubed.recall","bcubed.f1"
"majority-vote",0.928274087072731,0.169524748321851,0.286692654266005
