{
      "avg_bcuded_f1": 0.5168566652720848,
      "avg_bcuded_recall": 0.5818302571016079,
      "avg_bcuded_precision": 0.6627676747818225,
      "avg_bcuded_f1star": 0.6196672463265186
}