"","bcubed.precision","bcubed.recall","bcubed.f1"
"majority-vote",0.712110523024211,0.328874517885253,0.449948838334884
