"","bcubed.precision","bcubed.recall","bcubed.f1"
"majority-vote",0.903253880810407,0.430830198774683,0.583395087264035
