"","bcubed.precision","bcubed.recall","bcubed.f1"
"majority-vote",0.809813805218589,0.320652633447209,0.459401394616744
