"","bcubed.precision","bcubed.recall","bcubed.f1"
"majority-vote",0.813663793404528,0.14004985526287,0.238967947366941
