"","bcubed.precision","bcubed.recall","bcubed.f1"
"majority-vote",0.79589904439387,0.368177845312347,0.503458831357858
