"","bcubed.precision","bcubed.recall","bcubed.f1"
"majority-vote",0.771095952603799,0.166900280878354,0.274406498618812
