"","bcubed.precision","bcubed.recall","bcubed.f1"
"majority-vote",0.348257514652335,0.544010021973463,0.424660923818625
