"","bcubed.precision","bcubed.recall","bcubed.f1"
"majority-vote",0.550237490369615,0.56322702933652,0.556656492677919
