"","bcubed.precision","bcubed.recall","bcubed.f1"
"majority-vote",0.83242687076393,0.0484408644132816,0.0915539883465833
