"","bcubed.precision","bcubed.recall","bcubed.f1"
"majority-vote",0.777355664468108,0.698018040290584,0.735553678055501
