"","bcubed.precision","bcubed.recall","bcubed.f1"
"majority-vote",0.888135016031902,0.292693510795926,0.440286375197092
