"","bcubed.precision","bcubed.recall","bcubed.f1"
"majority-vote",0.515431532493587,0.457547695272715,0.484767820387567
