"","bcubed.precision","bcubed.recall","bcubed.f1"
"majority-vote",0.870998734437405,0.320358788998716,0.46842714180206
