"","bcubed.precision","bcubed.recall","bcubed.f1"
"majority-vote",0.949009264480698,0.279724357540622,0.432088781570519
