"","bcubed.precision","bcubed.recall","bcubed.f1"
"majority-vote",0.410413123834444,0.570884852523779,0.477528011508951
