"","bcubed.precision","bcubed.recall","bcubed.f1"
"majority-vote",0.979140359522419,0.19255787427435,0.321825502177146
