"","bcubed.precision","bcubed.recall","bcubed.f1"
"majority-vote",0.67292736185523,0.468144007461564,0.552159874273359
