"","bcubed.precision","bcubed.recall","bcubed.f1"
"majority-vote",0.796709170263799,0.511822196575677,0.623253592370975
