"","bcubed.precision","bcubed.recall","bcubed.f1"
"majority-vote",0.852347586497006,0.335203051073329,0.481174448532706
