"","bcubed.precision","bcubed.recall","bcubed.f1"
"majority-vote",0.917683479844664,0.359641362372499,0.516762730998321
