"","bcubed.precision","bcubed.recall","bcubed.f1"
"majority-vote",0.719565314549174,0.489921266666872,0.582942143928601
