"","bcubed.precision","bcubed.recall","bcubed.f1"
"majority-vote",0.754669770666233,0.252767667401757,0.378695709295348
