"","bcubed.precision","bcubed.recall","bcubed.f1"
"majority-vote",0.829251121499554,0.577385565825933,0.680769430106608
