"","bcubed.precision","bcubed.recall","bcubed.f1"
"majority-vote",0.536809199476938,0.388430675243389,0.4507223813559
