"","bcubed.precision","bcubed.recall","bcubed.f1"
"majority-vote",0.781300113407973,0.327444623936586,0.46148137294289
