"","bcubed.precision","bcubed.recall","bcubed.f1"
"majority-vote",0.749396041315893,0.264414144354728,0.390903377867107
