"","bcubed.precision","bcubed.recall","bcubed.f1"
"majority-vote",0.775535445278871,0.403712861261677,0.531005441155774
