"","bcubed.precision","bcubed.recall","bcubed.f1"
"majority-vote",0.692872882570464,0.41174202663931,0.516532743663712
