"","bcubed.precision","bcubed.recall","bcubed.f1"
"majority-vote",0.487072284953381,0.48539059747924,0.486229987138828
