"","bcubed.precision","bcubed.recall","bcubed.f1"
"majority-vote",0.581066787263191,0.506841887734485,0.541422261123007
