"","bcubed.precision","bcubed.recall","bcubed.f1"
"majority-vote",0.773449719926514,0.555488617776477,0.646595110777224
