"","bcubed.precision","bcubed.recall","bcubed.f1"
"majority-vote",0.719756447756832,0.47594579187071,0.572993912913273
