"","bcubed.precision","bcubed.recall","bcubed.f1"
"majority-vote",0.998003234577059,0.216917642993193,0.356376309504188
