"","bcubed.precision","bcubed.recall","bcubed.f1"
"majority-vote",0.804527459485973,0.638594827292069,0.712021536566002
