"","bcubed.precision","bcubed.recall","bcubed.f1"
"majority-vote",0.952634009512591,0.131754314670331,0.231492055485851
