"","bcubed.precision","bcubed.recall","bcubed.f1"
"majority-vote",0.96757916506716,0.533487449563144,0.687766067129869
