"","bcubed.precision","bcubed.recall","bcubed.f1"
"majority-vote",0.357747871580901,0.772693374736889,0.489064621619576
