"","bcubed.precision","bcubed.recall","bcubed.f1"
"majority-vote",0.451550657064395,0.245082238390079,0.317719839249495
