"","bcubed.precision","bcubed.recall","bcubed.f1"
"majority-vote",0.815718993394379,0.258972939131789,0.393134327766665
