"","bcubed.precision","bcubed.recall","bcubed.f1"
"majority-vote",0.58850714660472,0.359127602427218,0.446056164123026
