"","bcubed.precision","bcubed.recall","bcubed.f1"
"majority-vote",0.331327886586901,0.74566877359884,0.458795960997208
