"","bcubed.precision","bcubed.recall","bcubed.f1"
"majority-vote",0.998949052767365,0.11026036876591,0.198599991666555
