"","bcubed.precision","bcubed.recall","bcubed.f1"
"majority-vote",0.744048267459882,0.297695950486294,0.425248640450038
