"","bcubed.precision","bcubed.recall","bcubed.f1"
"majority-vote",0.8588311420614,0.313451921011607,0.459278615862717
