"","bcubed.precision","bcubed.recall","bcubed.f1"
"majority-vote",0.965990280202054,0.21957934993637,0.357822117536619
