"","bcubed.precision","bcubed.recall","bcubed.f1"
"majority-vote",0.917163295074739,0.13744388673261,0.239062449446864
