"","bcubed.precision","bcubed.recall","bcubed.f1"
"majority-vote",0.909027833628457,0.0773782402788929,0.142616668715507
