"","bcubed.precision","bcubed.recall","bcubed.f1"
"majority-vote",0.750234082397004,0.529329627564443,0.620713332723891
