"","bcubed.precision","bcubed.recall","bcubed.f1"
"majority-vote",0.944060083563206,0.173823834087922,0.293590668482152
