"","bcubed.precision","bcubed.recall","bcubed.f1"
"majority-vote",0.578783982032319,0.553155832648189,0.565679785006744
