"","bcubed.precision","bcubed.recall","bcubed.f1"
"majority-vote",0.964761493469312,0.657581717200218,0.782090392947594
