"","bcubed.precision","bcubed.recall","bcubed.f1"
"majority-vote",0.98433794738143,0.168612354523463,0.28790753370819
