"","bcubed.precision","bcubed.recall","bcubed.f1"
"majority-vote",0.973793742807513,0.140040018128424,0.24486615180621
