"","bcubed.precision","bcubed.recall","bcubed.f1"
"majority-vote",0.499002544745423,0.282111778890105,0.360445305659269
