"","bcubed.precision","bcubed.recall","bcubed.f1"
"majority-vote",0.818859451309827,0.292272481601422,0.430786078283322
