"","bcubed.precision","bcubed.recall","bcubed.f1"
"majority-vote",0.9913313539113,0.233698325183244,0.378231615224122
