"","bcubed.precision","bcubed.recall","bcubed.f1"
"majority-vote",0.860513776837769,0.155245807765247,0.26303695953903
