"","bcubed.precision","bcubed.recall","bcubed.f1"
"majority-vote",0.924988942595602,0.204515540162601,0.334969211945784
