"","bcubed.precision","bcubed.recall","bcubed.f1"
"majority-vote",0.639425951156092,0.351647150199297,0.453755254138181
