"","bcubed.precision","bcubed.recall","bcubed.f1"
"majority-vote",0.945337139275683,0.258365377073279,0.40581851933178
