"","bcubed.precision","bcubed.recall","bcubed.f1"
"majority-vote",0.792056631358127,0.712136073183001,0.749973188263805
