"","bcubed.precision","bcubed.recall","bcubed.f1"
"majority-vote",0.45130359880211,0.583025780106956,0.508777258235086
