"","bcubed.precision","bcubed.recall","bcubed.f1"
"majority-vote",0.714539483871404,0.551870228294653,0.62275749198921
