"","bcubed.precision","bcubed.recall","bcubed.f1"
"majority-vote",0.779323138808485,0.527781320889703,0.62934862251977
