"","bcubed.precision","bcubed.recall","bcubed.f1"
"majority-vote",0.869263508735209,0.575502858428946,0.692518382729279
