"","bcubed.precision","bcubed.recall","bcubed.f1"
"majority-vote",0.932105033084695,0.214597593610162,0.348874228479681
