"","bcubed.precision","bcubed.recall","bcubed.f1"
"majority-vote",0.69530574293159,0.524831671060519,0.59815963476901
