"","bcubed.precision","bcubed.recall","bcubed.f1"
"majority-vote",0.666238343503421,0.499669203948155,0.571055198099948
