"","bcubed.precision","bcubed.recall","bcubed.f1"
"majority-vote",0.98553842841281,0.222472529708057,0.363002050303526
