"","bcubed.precision","bcubed.recall","bcubed.f1"
"majority-vote",0.805334522587373,0.244664077414823,0.3753079822749
