"","bcubed.precision","bcubed.recall","bcubed.f1"
"majority-vote",0.939911488120373,0.523010131573015,0.672056827175546
