"","bcubed.precision","bcubed.recall","bcubed.f1"
"majority-vote",0.892627222562845,0.409686859421882,0.561612054273307
