"","bcubed.precision","bcubed.recall","bcubed.f1"
"majority-vote",0.952861267505929,0.225974192600235,0.365313163493227
