"","bcubed.precision","bcubed.recall","bcubed.f1"
"majority-vote",0.369536360046899,0.626041710109565,0.464745421230636
