"","bcubed.precision","bcubed.recall","bcubed.f1"
"majority-vote",0.254927639640475,0.523371469531677,0.34285495591738
