"","bcubed.precision","bcubed.recall","bcubed.f1"
"majority-vote",0.970547508626942,0.541072423806579,0.694799640630316
