"","bcubed.precision","bcubed.recall","bcubed.f1"
"majority-vote",0.476656700479089,0.453736638771427,0.464914353960194
