"","bcubed.precision","bcubed.recall","bcubed.f1"
"majority-vote",0.812413372141019,0.845496801856723,0.828624998753163
