"","bcubed.precision","bcubed.recall","bcubed.f1"
"majority-vote",0.914059211423704,0.249419413171671,0.39190081759645
