"","bcubed.precision","bcubed.recall","bcubed.f1"
"majority-vote",0.590943114119926,0.507029818823448,0.545779902395177
