"","bcubed.precision","bcubed.recall","bcubed.f1"
"majority-vote",0.999884182116269,0.201087169056057,0.334835430286365
