"","bcubed.precision","bcubed.recall","bcubed.f1"
"majority-vote",0.857040998570023,0.773050352722858,0.812881861764406
