"","bcubed.precision","bcubed.recall","bcubed.f1"
"majority-vote",0.942105603403235,0.118007016410758,0.209742001601641
