"","bcubed.precision","bcubed.recall","bcubed.f1"
"majority-vote",0.86881299422164,0.780134788471511,0.822089393711903
