"","bcubed.precision","bcubed.recall","bcubed.f1"
"majority-vote",0.541257248263344,0.52254437582971,0.531736227039893
