"","bcubed.precision","bcubed.recall","bcubed.f1"
"majority-vote",0.769779578641251,0.282239443511208,0.41303846285493
