"","bcubed.precision","bcubed.recall","bcubed.f1"
"majority-vote",0.618257033549582,0.78961799193324,0.693508824993329
