"","bcubed.precision","bcubed.recall","bcubed.f1"
"majority-vote",0.65242703415879,0.345993164896566,0.452184951038163
