"","bcubed.precision","bcubed.recall","bcubed.f1"
"majority-vote",0.335020701488473,0.38975440605641,0.360320858611043
