"","bcubed.precision","bcubed.recall","bcubed.f1"
"majority-vote",0.672755525746557,0.382555823951423,0.487754717209291
