"","bcubed.precision","bcubed.recall","bcubed.f1"
"majority-vote",0.915580254880597,0.260650709123841,0.405781942488489
