"","bcubed.precision","bcubed.recall","bcubed.f1"
"majority-vote",0.921732018009482,0.76896921856818,0.838449199993195
