"","bcubed.precision","bcubed.recall","bcubed.f1"
"majority-vote",0.679605971834591,0.409841064176029,0.511324415984474
