"","bcubed.precision","bcubed.recall","bcubed.f1"
"majority-vote",0.986232308248766,0.124306140182991,0.220784308252069
