"","bcubed.precision","bcubed.recall","bcubed.f1"
"majority-vote",0.501251810044066,0.469173350254674,0.484682385949673
