"","bcubed.precision","bcubed.recall","bcubed.f1"
"majority-vote",0.95190815882405,0.180619460745023,0.303627276465025
