"","bcubed.precision","bcubed.recall","bcubed.f1"
"majority-vote",0.874535432073523,0.416622184272059,0.564378596882722
