"","bcubed.precision","bcubed.recall","bcubed.f1"
"majority-vote",0.660427459119476,0.877681626379266,0.753711231394949
