"","bcubed.precision","bcubed.recall","bcubed.f1"
"majority-vote",0.554768278071907,0.457674686491175,0.501565829639363
