"","bcubed.precision","bcubed.recall","bcubed.f1"
"majority-vote",0.875096266293962,0.0953784144131648,0.172009215690579
