"","bcubed.precision","bcubed.recall","bcubed.f1"
"majority-vote",0.735102657817127,0.0692365624549155,0.126553523180222
