"","bcubed.precision","bcubed.recall","bcubed.f1"
"majority-vote",0.919954656585339,0.338259799816551,0.494643304078307
