"","bcubed.precision","bcubed.recall","bcubed.f1"
"majority-vote",0.846051451924176,0.470422789998135,0.604648191088012
