"","bcubed.precision","bcubed.recall","bcubed.f1"
"majority-vote",0.784357594522511,0.315656714887598,0.450153674304264
