"","bcubed.precision","bcubed.recall","bcubed.f1"
"majority-vote",0.78038605957558,0.157332493694155,0.261869799566318
