"","bcubed.precision","bcubed.recall","bcubed.f1"
"majority-vote",0.839240934695067,0.201541951571121,0.32502889516874
