"","bcubed.precision","bcubed.recall","bcubed.f1"
"majority-vote",0.755766883970356,0.307514014526241,0.437154300174716
