"","bcubed.precision","bcubed.recall","bcubed.f1"
"majority-vote",0.743093898009095,0.308964226423845,0.436457693784568
