"","bcubed.precision","bcubed.recall","bcubed.f1"
"majority-vote",0.725938500224985,0.21618039359267,0.333150458466624
