"","bcubed.precision","bcubed.recall","bcubed.f1"
"majority-vote",0.912546047614913,0.377797003974577,0.534365124612516
