"","bcubed.precision","bcubed.recall","bcubed.f1"
"majority-vote",0.816716224479802,0.648806163332618,0.723142170386366
