"","bcubed.precision","bcubed.recall","bcubed.f1"
"majority-vote",0.976656655968301,0.428355836267395,0.59552008387871
