"","bcubed.precision","bcubed.recall","bcubed.f1"
"majority-vote",0.880862207080342,0.898223265515909,0.889458028071723
