"","bcubed.precision","bcubed.recall","bcubed.f1"
"majority-vote",0.578434677221928,0.376614627838199,0.456200448576695
