"","bcubed.precision","bcubed.recall","bcubed.f1"
"majority-vote",0.715283458309289,0.31302843562286,0.435478891769464
