"","bcubed.precision","bcubed.recall","bcubed.f1"
"majority-vote",0.741208628049433,0.390347897842841,0.511382724948584
