"","bcubed.precision","bcubed.recall","bcubed.f1"
"majority-vote",0.892260220300709,0.473983832152178,0.619094250014545
