"","bcubed.precision","bcubed.recall","bcubed.f1"
"majority-vote",0.901151242583938,0.455324287560895,0.604973754993334
