"","bcubed.precision","bcubed.recall","bcubed.f1"
"majority-vote",0.918509424983069,0.483951010044786,0.633905317902794
