"","bcubed.precision","bcubed.recall","bcubed.f1"
"majority-vote",0.832405469814336,0.208780844463009,0.333831350912612
