"","bcubed.precision","bcubed.recall","bcubed.f1"
"majority-vote",0.98909907168372,0.407772929043275,0.577472846996066
