"","bcubed.precision","bcubed.recall","bcubed.f1"
"majority-vote",0.733412920294978,0.261861673279469,0.385929141069467
