"","bcubed.precision","bcubed.recall","bcubed.f1"
"majority-vote",0.584823608301875,0.574077007405117,0.579400480702975
