"","bcubed.precision","bcubed.recall","bcubed.f1"
"majority-vote",0.595344924727417,0.389318769166858,0.470777900641273
