"","bcubed.precision","bcubed.recall","bcubed.f1"
"majority-vote",0.824525414755588,0.310392585955102,0.451004522813856
