"","bcubed.precision","bcubed.recall","bcubed.f1"
"majority-vote",0.798798478288094,0.682304759859427,0.735970308978756
