"","bcubed.precision","bcubed.recall","bcubed.f1"
"majority-vote",0.844966174025943,0.152280004754191,0.258053539308011
