"","bcubed.precision","bcubed.recall","bcubed.f1"
"majority-vote",0.698827110640527,0.371507516714853,0.485118425306962
