"","bcubed.precision","bcubed.recall","bcubed.f1"
"majority-vote",0.912253752079612,0.780025984001196,0.840974001464618
