"","bcubed.precision","bcubed.recall","bcubed.f1"
"majority-vote",0.482325048424598,0.314437907957993,0.380693600191782
