"","bcubed.precision","bcubed.recall","bcubed.f1"
"majority-vote",0.663491205910215,0.435995170092709,0.526207450114091
