"","bcubed.precision","bcubed.recall","bcubed.f1"
"majority-vote",0.889496289269584,0.182530991454056,0.302903932566873
