"","bcubed.precision","bcubed.recall","bcubed.f1"
"majority-vote",0.791424142780075,0.274353910359129,0.407458771898684
