"","bcubed.precision","bcubed.recall","bcubed.f1"
"majority-vote",0.99967037404537,0.25209026745779,0.402644345264135
