"","bcubed.precision","bcubed.recall","bcubed.f1"
"majority-vote",0.982833471572677,0.754226272809302,0.853486851507486
