"","bcubed.precision","bcubed.recall","bcubed.f1"
"majority-vote",0.401133657443178,0.754553881151309,0.523804139053496
