"","bcubed.precision","bcubed.recall","bcubed.f1"
"majority-vote",0.729649711820929,0.575933002607553,0.643742207577738
