"","bcubed.precision","bcubed.recall","bcubed.f1"
"majority-vote",0.723998547897256,0.365996443419353,0.486205708617249
