"","bcubed.precision","bcubed.recall","bcubed.f1"
"majority-vote",0.974366614786156,0.778253238306709,0.865337650851193
