"","bcubed.precision","bcubed.recall","bcubed.f1"
"majority-vote",0.999678372430905,0.164532948765503,0.282560438021041
