"","bcubed.precision","bcubed.recall","bcubed.f1"
"majority-vote",0.907870287201233,0.253915923704396,0.396841898129916
