"","bcubed.precision","bcubed.recall","bcubed.f1"
"majority-vote",0.385294351124399,0.368035048427154,0.376466988436107
