"","bcubed.precision","bcubed.recall","bcubed.f1"
"majority-vote",0.705095853742362,0.249596746024483,0.368683345345777
