"","bcubed.precision","bcubed.recall","bcubed.f1"
"majority-vote",0.668460690387721,0.13840239945132,0.229324069110665
