"","bcubed.precision","bcubed.recall","bcubed.f1"
"majority-vote",0.61224948865997,0.187654715929253,0.287263157796045
