"","bcubed.precision","bcubed.recall","bcubed.f1"
"majority-vote",0.837086638907491,0.181795958002939,0.298717375118786
