"","bcubed.precision","bcubed.recall","bcubed.f1"
"majority-vote",0.699517587415685,0.220340436807998,0.33512130504298
