"","bcubed.precision","bcubed.recall","bcubed.f1"
"majority-vote",0.432238017465478,0.206484782630488,0.279465749672887
