"","bcubed.precision","bcubed.recall","bcubed.f1"
"majority-vote",0.377580551432552,0.629677472245436,0.472081555283982
