"","bcubed.precision","bcubed.recall","bcubed.f1"
"majority-vote",0.315319327860169,0.0559475018496504,0.0950331527999725
