"","bcubed.precision","bcubed.recall","bcubed.f1"
"majority-vote",0.828194788577786,0.48047120794298,0.60813645580763
