"","bcubed.precision","bcubed.recall","bcubed.f1"
"majority-vote",0.956652295943737,0.660417507529271,0.781400930871891
