"","bcubed.precision","bcubed.recall","bcubed.f1"
"majority-vote",0.850750799848163,0.426105523159982,0.567815827224849
