"","bcubed.precision","bcubed.recall","bcubed.f1"
"majority-vote",0.0953923892841902,0.746763527177992,0.169174272115909
