"","bcubed.precision","bcubed.recall","bcubed.f1"
"majority-vote",0.71153936517087,0.623099893771307,0.664389421907872
