"","bcubed.precision","bcubed.recall","bcubed.f1"
"majority-vote",0.983367105852988,0.203347964412625,0.337007095057422
