"","bcubed.precision","bcubed.recall","bcubed.f1"
"majority-vote",0.823920603674367,0.428379706705047,0.56368406783088
