"","bcubed.precision","bcubed.recall","bcubed.f1"
"majority-vote",0.830869415269977,0.33728585355327,0.479800087197216
