"","bcubed.precision","bcubed.recall","bcubed.f1"
"majority-vote",0.789976012352463,0.909498765556685,0.845534417330867
