"","bcubed.precision","bcubed.recall","bcubed.f1"
"majority-vote",0.751594648210972,0.461128653637943,0.571576100966496
