"","bcubed.precision","bcubed.recall","bcubed.f1"
"majority-vote",0.530792347844237,0.20145768178268,0.292064708987907
