"","bcubed.precision","bcubed.recall","bcubed.f1"
"majority-vote",0.796692962230256,0.247703277323968,0.377909169511384
