"","bcubed.precision","bcubed.recall","bcubed.f1"
"majority-vote",0.641260379277427,0.199136205546561,0.303899756383233
