"","bcubed.precision","bcubed.recall","bcubed.f1"
"majority-vote",0.849646853289212,0.532097232862205,0.654382738564118
