"","bcubed.precision","bcubed.recall","bcubed.f1"
"majority-vote",0.758682741450836,0.356266500983635,0.484853005618769
