"","bcubed.precision","bcubed.recall","bcubed.f1"
"majority-vote",0.684828233985739,0.557622775180539,0.614713686961976
