"","bcubed.precision","bcubed.recall","bcubed.f1"
"majority-vote",0.602946309398377,0.314172414902497,0.413096130437506
