"","bcubed.precision","bcubed.recall","bcubed.f1"
"majority-vote",0.981042931595037,0.549109740314075,0.704113046096236
