"","bcubed.precision","bcubed.recall","bcubed.f1"
"majority-vote",0.97141851572012,0.668237934124518,0.791798430917192
