"","bcubed.precision","bcubed.recall","bcubed.f1"
"majority-vote",0.896693310563989,0.0323329513796794,0.0624153318385034
