"","bcubed.precision","bcubed.recall","bcubed.f1"
"majority-vote",0.572911791965306,0.587006365282095,0.579873444565926
