"","bcubed.precision","bcubed.recall","bcubed.f1"
"majority-vote",0.761761498799395,0.431060096385095,0.550568478003006
