"","bcubed.precision","bcubed.recall","bcubed.f1"
"majority-vote",0.452064154814456,0.0884833310104307,0.14799862471789
