"","bcubed.precision","bcubed.recall","bcubed.f1"
"majority-vote",0.554371430047628,0.619752458393445,0.585241574620003
