"","bcubed.precision","bcubed.recall","bcubed.f1"
"majority-vote",0.764754554504207,0.57369506676523,0.655588239158663
