"","bcubed.precision","bcubed.recall","bcubed.f1"
"majority-vote",0.739972375950887,0.32493017215773,0.451570619183385
