"","bcubed.precision","bcubed.recall","bcubed.f1"
"majority-vote",0.797787119442522,0.357412366310977,0.493661892493629
