"","bcubed.precision","bcubed.recall","bcubed.f1"
"majority-vote",0.594946213579476,0.489789467394177,0.537270773310815
