"","bcubed.precision","bcubed.recall","bcubed.f1"
"majority-vote",0.788229731327153,0.48000503672865,0.596662779898896
