"","bcubed.precision","bcubed.recall","bcubed.f1"
"majority-vote",0.434069653430851,0.628017648820993,0.513335208121236
