"","bcubed.precision","bcubed.recall","bcubed.f1"
"majority-vote",0.947010191381887,0.178044621031958,0.299736632877879
