"","bcubed.precision","bcubed.recall","bcubed.f1"
"majority-vote",0.954970986418246,0.394414864963505,0.558261007800739
