"","bcubed.precision","bcubed.recall","bcubed.f1"
"majority-vote",0.411257019620807,0.414668511874452,0.412955720149115
