"","bcubed.precision","bcubed.recall","bcubed.f1"
"majority-vote",0.969589161940286,0.372720644037126,0.538453783590824
