"","bcubed.precision","bcubed.recall","bcubed.f1"
"majority-vote",0.915821709377036,0.228082524368715,0.36521051532853
