"","bcubed.precision","bcubed.recall","bcubed.f1"
"majority-vote",0.947967935283244,0.432652593461703,0.594139775817574
