"","bcubed.precision","bcubed.recall","bcubed.f1"
"majority-vote",0.411798189413118,0.762787838422418,0.534851672546337
