"","bcubed.precision","bcubed.recall","bcubed.f1"
"majority-vote",0.420935124504182,0.12908341795148,0.197577864790665
