"","bcubed.precision","bcubed.recall","bcubed.f1"
"majority-vote",0.636399559265089,0.559193198505457,0.595303547566664
