"","bcubed.precision","bcubed.recall","bcubed.f1"
"majority-vote",0.660611148963563,0.358689440183645,0.464934967611588
