"","bcubed.precision","bcubed.recall","bcubed.f1"
"majority-vote",0.986766309826048,0.366868872854435,0.534876528755331
