"","bcubed.precision","bcubed.recall","bcubed.f1"
"majority-vote",0.756437641743429,0.217066756718465,0.337332765650442
