"","bcubed.precision","bcubed.recall","bcubed.f1"
"majority-vote",0.67949799126138,0.349771628161917,0.461820915047336
