"","bcubed.precision","bcubed.recall","bcubed.f1"
"majority-vote",0.54088282481193,0.312442553987485,0.396085280927591
