"","bcubed.precision","bcubed.recall","bcubed.f1"
"majority-vote",0.36349075265067,0.760401058744435,0.491860071150946
