"","bcubed.precision","bcubed.recall","bcubed.f1"
"majority-vote",0.603556447498498,0.283896585874378,0.386155905459163
