"","bcubed.precision","bcubed.recall","bcubed.f1"
"majority-vote",0.728808633706246,0.20455862808085,0.319454303462456
