"","bcubed.precision","bcubed.recall","bcubed.f1"
"majority-vote",0.348662717757315,0.187791854115319,0.244106478578312
