"","bcubed.precision","bcubed.recall","bcubed.f1"
"majority-vote",0.940521694069598,0.283824921659358,0.436058698915578
