"","bcubed.precision","bcubed.recall","bcubed.f1"
"majority-vote",0.700317802902634,0.408674558059665,0.516147953181941
