"","bcubed.precision","bcubed.recall","bcubed.f1"
"majority-vote",0.974083082818524,0.122705536844008,0.217955192942629
