"","bcubed.precision","bcubed.recall","bcubed.f1"
"majority-vote",0.776145312745471,0.307248312958269,0.440226584860348
