"","bcubed.precision","bcubed.recall","bcubed.f1"
"majority-vote",0.794098610456655,0.420175382570605,0.549564084157933
