"","bcubed.precision","bcubed.recall","bcubed.f1"
"majority-vote",0.50063761843187,0.366884424010015,0.423450091848074
