"","bcubed.precision","bcubed.recall","bcubed.f1"
"majority-vote",0.65155669930439,0.241685437954597,0.352584724018625
