"","bcubed.precision","bcubed.recall","bcubed.f1"
"majority-vote",0.823992962801821,0.440546036838441,0.574133078138952
