"","bcubed.precision","bcubed.recall","bcubed.f1"
"majority-vote",0.595822377900904,0.404924598886395,0.482166107867924
