"","bcubed.precision","bcubed.recall","bcubed.f1"
"majority-vote",0.72342678776646,0.277028396514188,0.40063716228219
