"","bcubed.precision","bcubed.recall","bcubed.f1"
"majority-vote",0.588906372614901,0.28192603003393,0.381308814848851
