"","bcubed.precision","bcubed.recall","bcubed.f1"
"majority-vote",0.854477310073069,0.310539281093175,0.455527881049131
