"","bcubed.precision","bcubed.recall","bcubed.f1"
"majority-vote",0.874601101396574,0.750923478897312,0.808057299987919
