"","bcubed.precision","bcubed.recall","bcubed.f1"
"majority-vote",0.893475676975742,0.400326796133676,0.552916326288111
