"","bcubed.precision","bcubed.recall","bcubed.f1"
"majority-vote",0.531447424371216,0.520583994603407,0.525959620807738
