"","bcubed.precision","bcubed.recall","bcubed.f1"
"majority-vote",0.831192424844947,0.253268006604663,0.38823813657079
