"","bcubed.precision","bcubed.recall","bcubed.f1"
"majority-vote",0.805237240657045,0.0601158921064253,0.111879308565804
