"","bcubed.precision","bcubed.recall","bcubed.f1"
"majority-vote",0.606498895532405,0.523913145788594,0.562189241905747
