"","bcubed.precision","bcubed.recall","bcubed.f1"
"majority-vote",0.699588401205302,0.372708762564779,0.486325500295379
