"","bcubed.precision","bcubed.recall","bcubed.f1"
"majority-vote",0.928855492457444,0.106799933107991,0.191572799239254
