"","bcubed.precision","bcubed.recall","bcubed.f1"
"majority-vote",0.446627032723473,0.398230358774782,0.421042522133991
