"","bcubed.precision","bcubed.recall","bcubed.f1"
"majority-vote",0.768786109379159,0.572596798869819,0.656344228838767
