"","bcubed.precision","bcubed.recall","bcubed.f1"
"majority-vote",0.979448255601085,0.0882108976101453,0.161845678050717
