"","bcubed.precision","bcubed.recall","bcubed.f1"
"majority-vote",0.978664050646395,0.581556095940695,0.729574022969014
