"","bcubed.precision","bcubed.recall","bcubed.f1"
"majority-vote",0.727799746238354,0.571036787705634,0.639958021388468
