"","bcubed.precision","bcubed.recall","bcubed.f1"
"majority-vote",0.780154857530743,0.443850942461128,0.565802006465896
