"","bcubed.precision","bcubed.recall","bcubed.f1"
"majority-vote",0.810682127023556,0.291194815174327,0.428480573652589
