"","bcubed.precision","bcubed.recall","bcubed.f1"
"majority-vote",0.807610799986914,0.503214973663629,0.620069967519911
