"","bcubed.precision","bcubed.recall","bcubed.f1"
"majority-vote",0.546628285468732,0.503585120403539,0.524224637420465
