"","bcubed.precision","bcubed.recall","bcubed.f1"
"majority-vote",0.891914211226288,0.340308464776612,0.492647898542888
