"","bcubed.precision","bcubed.recall","bcubed.f1"
"majority-vote",0.432591882380993,0.578058122682387,0.49485628093598
