"","bcubed.precision","bcubed.recall","bcubed.f1"
"majority-vote",0.897249914324632,0.478752549686267,0.624360341531045
