"","bcubed.precision","bcubed.recall","bcubed.f1"
"majority-vote",0.992917817198424,0.47212207300163,0.639953111600205
