"","bcubed.precision","bcubed.recall","bcubed.f1"
"majority-vote",0.781952238481206,0.249379898517481,0.378157846308262
