"","bcubed.precision","bcubed.recall","bcubed.f1"
"majority-vote",0.731678564591526,0.146447976046396,0.244048755941527
