"","bcubed.precision","bcubed.recall","bcubed.f1"
"majority-vote",0.962095016369282,0.574027488966558,0.719042894658922
