"","bcubed.precision","bcubed.recall","bcubed.f1"
"majority-vote",0.553996877219339,0.316466584007925,0.40282333973554
