"","bcubed.precision","bcubed.recall","bcubed.f1"
"majority-vote",0.0802613811405018,0.860591245386832,0.146829035716498
