"","bcubed.precision","bcubed.recall","bcubed.f1"
"majority-vote",0.580226315625886,0.350317994290373,0.436870586297702
