"","bcubed.precision","bcubed.recall","bcubed.f1"
"majority-vote",0.795300888098843,0.354360557241527,0.490271752651408
