"","bcubed.precision","bcubed.recall","bcubed.f1"
"majority-vote",0.980764300101159,0.194357900693055,0.324424626329966
