"","bcubed.precision","bcubed.recall","bcubed.f1"
"majority-vote",0.884483280640823,0.447428878900976,0.594248441728955
