"","bcubed.precision","bcubed.recall","bcubed.f1"
"majority-vote",0.969843901906797,0.150184013059419,0.260091819647123
