"","bcubed.precision","bcubed.recall","bcubed.f1"
"majority-vote",0.6679260526861,0.404762656481945,0.504063333766987
