"","bcubed.precision","bcubed.recall","bcubed.f1"
"majority-vote",0.500697652824756,0.356671563378739,0.416587419370756
