"","bcubed.precision","bcubed.recall","bcubed.f1"
"majority-vote",0.807883168977591,0.552541107582487,0.656249184427744
