"","bcubed.precision","bcubed.recall","bcubed.f1"
"majority-vote",0.923676644201241,0.30369161625118,0.457096475458052
