"","bcubed.precision","bcubed.recall","bcubed.f1"
"majority-vote",0.999934950706463,0.0878727462540159,0.161548829704858
