"","bcubed.precision","bcubed.recall","bcubed.f1"
"majority-vote",0.961497655247924,0.399448776944094,0.564414665175019
