"","bcubed.precision","bcubed.recall","bcubed.f1"
"majority-vote",0.954509444464764,0.106962336307194,0.192367921703925
