"","bcubed.precision","bcubed.recall","bcubed.f1"
"majority-vote",0.700977764268837,0.265653675452377,0.385291253390462
