"","bcubed.precision","bcubed.recall","bcubed.f1"
"majority-vote",0.901871596754641,0.284326399064067,0.432349244270007
