"","bcubed.precision","bcubed.recall","bcubed.f1"
"majority-vote",0.712307847660873,0.309830528209143,0.43182943111873
