"","bcubed.precision","bcubed.recall","bcubed.f1"
"majority-vote",0.946328324615202,0.25555205484474,0.40242964615474
