"","bcubed.precision","bcubed.recall","bcubed.f1"
"majority-vote",0.61696477283834,0.331084197680573,0.430921383102296
