"","bcubed.precision","bcubed.recall","bcubed.f1"
"majority-vote",0.143014233497095,0.501587593205903,0.222568916817689
