"","bcubed.precision","bcubed.recall","bcubed.f1"
"majority-vote",0.827894293856589,0.361187647678569,0.502951364543501
