"","bcubed.precision","bcubed.recall","bcubed.f1"
"majority-vote",0.629798004533162,0.170397946873901,0.268225018457107
