"","bcubed.precision","bcubed.recall","bcubed.f1"
"majority-vote",0.999373132083441,0.0474521815635074,0.0906023855080528
