"","bcubed.precision","bcubed.recall","bcubed.f1"
"majority-vote",0.683780628644193,0.391865772427566,0.498212468238041
