"","bcubed.precision","bcubed.recall","bcubed.f1"
"majority-vote",0.888137396086064,0.544958454609663,0.675457936211516
