"","bcubed.precision","bcubed.recall","bcubed.f1"
"majority-vote",0.942651758082521,0.648115097744519,0.768116124736663
