"","bcubed.precision","bcubed.recall","bcubed.f1"
"majority-vote",0.935411910629301,0.371314903101905,0.531606728056524
