"","bcubed.precision","bcubed.recall","bcubed.f1"
"majority-vote",0.913432989054906,0.409223302942202,0.565223281451315
