"","bcubed.precision","bcubed.recall","bcubed.f1"
"majority-vote",0.757656468852017,0.34060590781681,0.469946480674966
