"","bcubed.precision","bcubed.recall","bcubed.f1"
"majority-vote",0.96040903980825,0.295234736036399,0.451634635251584
