"","bcubed.precision","bcubed.recall","bcubed.f1"
"majority-vote",0.592916348886019,0.476101390692801,0.528126499342003
