"","bcubed.precision","bcubed.recall","bcubed.f1"
"majority-vote",0.764199409004184,0.305848480763473,0.436857509798041
