"","bcubed.precision","bcubed.recall","bcubed.f1"
"majority-vote",0.95042474854529,0.25914536466166,0.40724909677575
