"","bcubed.precision","bcubed.recall","bcubed.f1"
"majority-vote",0.935965114255838,0.319887701213147,0.476813405404026
