"","bcubed.precision","bcubed.recall","bcubed.f1"
"majority-vote",0.99268425887239,0.0749556206767436,0.139386447031626
