"","bcubed.precision","bcubed.recall","bcubed.f1"
"majority-vote",0.715488808048643,0.43556501054477,0.541489694379709
