"","bcubed.precision","bcubed.recall","bcubed.f1"
"majority-vote",0.940010577705832,0.489073256727363,0.643396872205333
