"","bcubed.precision","bcubed.recall","bcubed.f1"
"majority-vote",0.942352848121261,0.291848182311769,0.445671262685648
