"","bcubed.precision","bcubed.recall","bcubed.f1"
"majority-vote",0.624821263273501,0.151606904746898,0.244007679387679
