"","bcubed.precision","bcubed.recall","bcubed.f1"
"majority-vote",0.195371515839401,0.579367714082226,0.292206575211388
