"","bcubed.precision","bcubed.recall","bcubed.f1"
"majority-vote",0.512898732006168,0.428847140349702,0.467122099424962
