"","bcubed.precision","bcubed.recall","bcubed.f1"
"majority-vote",0.995302232516498,0.0909582605544228,0.166683701327843
