"","bcubed.precision","bcubed.recall","bcubed.f1"
"majority-vote",0.242203607301447,0.0553837815061791,0.0901526890675012
