"","bcubed.precision","bcubed.recall","bcubed.f1"
"majority-vote",0.917224309611198,0.229877078055143,0.367620240863832
