"","bcubed.precision","bcubed.recall","bcubed.f1"
"majority-vote",0.514566449133769,0.262601927197413,0.347739679917379
