"","bcubed.precision","bcubed.recall","bcubed.f1"
"majority-vote",0.770283364809974,0.08048418794167,0.145740469065128
