"","bcubed.precision","bcubed.recall","bcubed.f1"
"majority-vote",0.942908835141538,0.234584605986837,0.37569958327958
