"","bcubed.precision","bcubed.recall","bcubed.f1"
"majority-vote",0.733355552415713,0.505086040868366,0.598183482413967
