"","bcubed.precision","bcubed.recall","bcubed.f1"
"majority-vote",0.636297923585056,0.186569192590882,0.288536478167239
