"","bcubed.precision","bcubed.recall","bcubed.f1"
"majority-vote",0.980288284480451,0.3003722118836,0.459842965608692
