"","bcubed.precision","bcubed.recall","bcubed.f1"
"majority-vote",0.849349196794246,0.367902146725659,0.513414742951495
