"","bcubed.precision","bcubed.recall","bcubed.f1"
"majority-vote",0.766935682428015,0.530654235714638,0.627282414437472
