"","bcubed.precision","bcubed.recall","bcubed.f1"
"majority-vote",0.95342668417552,0.500755555583358,0.656635318309865
