"","bcubed.precision","bcubed.recall","bcubed.f1"
"majority-vote",0.274290115225307,0.319995160289286,0.295385105448851
