"","bcubed.precision","bcubed.recall","bcubed.f1"
"majority-vote",0.965816601141801,0.247803207175491,0.394410917926775
