"","bcubed.precision","bcubed.recall","bcubed.f1"
"majority-vote",0.756974711087857,0.387854652666984,0.512908164206633
