"","bcubed.precision","bcubed.recall","bcubed.f1"
"majority-vote",0.222543978869097,0.572846655527079,0.320555884089912
