"","bcubed.precision","bcubed.recall","bcubed.f1"
"majority-vote",0.947577329502454,0.223569324745506,0.361780863109839
