"","bcubed.precision","bcubed.recall","bcubed.f1"
"majority-vote",0.688275346721917,0.395813566944817,0.502594790135325
