"","bcubed.precision","bcubed.recall","bcubed.f1"
"majority-vote",0.859010104333715,0.246901176754523,0.38355808324031
