"","bcubed.precision","bcubed.recall","bcubed.f1"
"majority-vote",0.966837737907144,0.381350270543261,0.546962041809152
