"","bcubed.precision","bcubed.recall","bcubed.f1"
"majority-vote",0.891769114589804,0.288402396953864,0.435849107797427
