"","bcubed.precision","bcubed.recall","bcubed.f1"
"majority-vote",0.859021806944996,0.445219695571331,0.586476395114406
