"","bcubed.precision","bcubed.recall","bcubed.f1"
"majority-vote",0.972017565505617,0.0706146657955047,0.131664250298274
