"","bcubed.precision","bcubed.recall","bcubed.f1"
"majority-vote",0.756569736324987,0.389031138723618,0.513842460244017
