"","bcubed.precision","bcubed.recall","bcubed.f1"
"majority-vote",0.847056345444971,0.212756512716195,0.340091654376948
