"","bcubed.precision","bcubed.recall","bcubed.f1"
"majority-vote",0.947079156676371,0.371086536268237,0.533238462666689
