"","bcubed.precision","bcubed.recall","bcubed.f1"
"majority-vote",0.274432990251841,0.32909944816015,0.299290443729781
