"","bcubed.precision","bcubed.recall","bcubed.f1"
"majority-vote",0.720152352005224,0.440129712230137,0.546350680097423
