"","bcubed.precision","bcubed.recall","bcubed.f1"
"majority-vote",0.657241171151511,0.61558257593721,0.635730145787788
