"","bcubed.precision","bcubed.recall","bcubed.f1"
"majority-vote",0.735098301558657,0.161093021660447,0.264272156061915
