"","bcubed.precision","bcubed.recall","bcubed.f1"
"majority-vote",0.973808592511905,0.282834681152272,0.438353267850383
