"","bcubed.precision","bcubed.recall","bcubed.f1"
"majority-vote",0.701644741294162,0.411238132903786,0.518550658045706
