"","bcubed.precision","bcubed.recall","bcubed.f1"
"majority-vote",0.446404949923151,0.372951902359344,0.406385996120444
