"","bcubed.precision","bcubed.recall","bcubed.f1"
"majority-vote",0.474995000265809,0.365638847979192,0.413203977107638
