"","bcubed.precision","bcubed.recall","bcubed.f1"
"majority-vote",0.706811736726366,0.373940627729639,0.48911412680771
