"","bcubed.precision","bcubed.recall","bcubed.f1"
"majority-vote",0.975743682610249,0.260439856483861,0.411140476518999
