"","bcubed.precision","bcubed.recall","bcubed.f1"
"majority-vote",0.931997903051883,0.330347137262006,0.487795062958104
