"","bcubed.precision","bcubed.recall","bcubed.f1"
"majority-vote",0.691211850075821,0.453031738801814,0.547332594849706
