"","bcubed.precision","bcubed.recall","bcubed.f1"
"majority-vote",0.709385581931634,0.604740639382263,0.652896629605299
