"","bcubed.precision","bcubed.recall","bcubed.f1"
"majority-vote",0.823934163060568,0.392835261291238,0.532015985534976
