"","bcubed.precision","bcubed.recall","bcubed.f1"
"majority-vote",0.854376572500816,0.525543318766743,0.650779660805067
