"","bcubed.precision","bcubed.recall","bcubed.f1"
"majority-vote",0.809944515701387,0.713777422987244,0.758826258913799
