"","bcubed.precision","bcubed.recall","bcubed.f1"
"majority-vote",0.726358993638516,0.302034980868267,0.426657157053687
