"","bcubed.precision","bcubed.recall","bcubed.f1"
"majority-vote",0.981606399537021,0.759869522253476,0.856621416953342
