"","bcubed.precision","bcubed.recall","bcubed.f1"
"majority-vote",0.887867891409138,0.398759357134456,0.55034685453677
