"","bcubed.precision","bcubed.recall","bcubed.f1"
"majority-vote",0.978998922420991,0.168020474343635,0.286816184261681
