"","bcubed.precision","bcubed.recall","bcubed.f1"
"majority-vote",0.766598885215263,0.0830542702800593,0.149871298887705
