"","bcubed.precision","bcubed.recall","bcubed.f1"
"majority-vote",0.97526480298565,0.292957523476432,0.450569518380023
