"","bcubed.precision","bcubed.recall","bcubed.f1"
"majority-vote",0.852705859755561,0.307404773446247,0.451898024434101
