"","bcubed.precision","bcubed.recall","bcubed.f1"
"majority-vote",0.98077626266134,0.591254900078032,0.737757348484416
