"","bcubed.precision","bcubed.recall","bcubed.f1"
"majority-vote",0.895078156272614,0.220957280075488,0.354422500260631
