"","bcubed.precision","bcubed.recall","bcubed.f1"
"majority-vote",0.862564344345481,0.271222185273612,0.412681894344041
