"","bcubed.precision","bcubed.recall","bcubed.f1"
"majority-vote",0.767418277474988,0.274618669805868,0.404491197926957
