"","bcubed.precision","bcubed.recall","bcubed.f1"
"majority-vote",0.986982051239643,0.362226201484915,0.52995637794592
