"","bcubed.precision","bcubed.recall","bcubed.f1"
"majority-vote",0.926384589736497,0.321364735092268,0.477190942684076
