"","bcubed.precision","bcubed.recall","bcubed.f1"
"majority-vote",0.921834258507971,0.202586021811966,0.332172477621938
