"","bcubed.precision","bcubed.recall","bcubed.f1"
"majority-vote",0.798201009606341,0.58782765944835,0.677048955367158
