"","bcubed.precision","bcubed.recall","bcubed.f1"
"majority-vote",0.475294910466238,0.124545208395603,0.197371605572856
