"","bcubed.precision","bcubed.recall","bcubed.f1"
"majority-vote",0.823582816533901,0.31117649890643,0.4516898234214
