"","bcubed.precision","bcubed.recall","bcubed.f1"
"majority-vote",0.569400068041523,0.486911448273044,0.524934941056354
