"","bcubed.precision","bcubed.recall","bcubed.f1"
"majority-vote",0.93252969894815,0.168007714010111,0.284719412756134
