"","bcubed.precision","bcubed.recall","bcubed.f1"
"majority-vote",0.539471453456724,0.697562296925899,0.608415002554019
