"","bcubed.precision","bcubed.recall","bcubed.f1"
"majority-vote",0.748448282374654,0.417483335683745,0.535991443534023
