"","bcubed.precision","bcubed.recall","bcubed.f1"
"majority-vote",0.982358303640813,0.454485741038894,0.621456230060695
