"","bcubed.precision","bcubed.recall","bcubed.f1"
"majority-vote",0.575148550636072,0.415943815275099,0.482759207375335
