"","bcubed.precision","bcubed.recall","bcubed.f1"
"majority-vote",0.935829161117843,0.54043582075996,0.685182683310021
