"","bcubed.precision","bcubed.recall","bcubed.f1"
"majority-vote",0.656467945729265,0.102985553173489,0.178040432045594
