"","bcubed.precision","bcubed.recall","bcubed.f1"
"majority-vote",0.782044411942143,0.645045928006125,0.70696934780108
