"","bcubed.precision","bcubed.recall","bcubed.f1"
"majority-vote",0.920595137688426,0.346847370756019,0.503858756370569
