"","bcubed.precision","bcubed.recall","bcubed.f1"
"majority-vote",0.427100372211366,0.735962040767833,0.540520711593145
