"","bcubed.precision","bcubed.recall","bcubed.f1"
"majority-vote",0.890406999816212,0.0958655064955309,0.173094793737597
