"","bcubed.precision","bcubed.recall","bcubed.f1"
"majority-vote",0.975702598580283,0.720863568722244,0.829143561600602
