{
      "avg_bcuded_f1": 0.46306569284945603,
      "avg_bcuded_recall": 0.3788783760236771,
      "avg_bcuded_precision": 0.7649955070534601,
      "avg_bcuded_f1star": 0.5067696005054764
}