{
      "avg_bcuded_f1": 0.706933459182667,
      "avg_bcuded_recall": 0.5975957816920652,
      "avg_bcuded_precision": 0.9708680755387439,
      "avg_bcuded_f1star": 0.7398151558886303
}