"","bcubed.precision","bcubed.recall","bcubed.f1"
"majority-vote",0.466679233268037,0.473594472252546,0.470111423712381
