"","bcubed.precision","bcubed.recall","bcubed.f1"
"majority-vote",0.280978893452047,0.432275753338225,0.340580642231243
