"","bcubed.precision","bcubed.recall","bcubed.f1"
"majority-vote",0.184998840958232,0.872206668200362,0.305252330403629
