"","bcubed.precision","bcubed.recall","bcubed.f1"
"majority-vote",0.642569385454059,0.812221162959687,0.717503222858931
