"","bcubed.precision","bcubed.recall","bcubed.f1"
"majority-vote",0.203476015150186,0.176911167135239,0.189265995283912
