"","bcubed.precision","bcubed.recall","bcubed.f1"
"majority-vote",0.777465815023561,0.289654296596519,0.422063667109788
