"","bcubed.precision","bcubed.recall","bcubed.f1"
"majority-vote",0.457816364053677,0.844999934280614,0.593874666800773
