"","bcubed.precision","bcubed.recall","bcubed.f1"
"majority-vote",0.223549007032318,0.788969365841476,0.34838541805851
