"","bcubed.precision","bcubed.recall","bcubed.f1"
"majority-vote",0.41499950219163,0.990964800603834,0.585007596739598
