"","bcubed.precision","bcubed.recall","bcubed.f1"
"majority-vote",0.30928525520343,0.980071010281955,0.470190467362294
