"","bcubed.precision","bcubed.recall","bcubed.f1"
"majority-vote",0.159391685292658,0.941147243061814,0.272613791870966
