"","bcubed.precision","bcubed.recall","bcubed.f1"
"majority-vote",0.321164649490848,0.265316637065225,0.290581563983105
