"","bcubed.precision","bcubed.recall","bcubed.f1"
"majority-vote",0.245842003215197,0.777608733199653,0.373577118830554
