"","bcubed.precision","bcubed.recall","bcubed.f1"
"majority-vote",0.46624627590113,0.672324073442271,0.55063544491899
