"","bcubed.precision","bcubed.recall","bcubed.f1"
"majority-vote",0.0885246837484677,0.975567970233508,0.162320162096559
