"","bcubed.precision","bcubed.recall","bcubed.f1"
"majority-vote",0.32548018771007,0.397495345679936,0.357901073412931
