"","bcubed.precision","bcubed.recall","bcubed.f1"
"majority-vote",0.384181374155967,0.19108950038989,0.255229423545979
