"","bcubed.precision","bcubed.recall","bcubed.f1"
"majority-vote",0.224179777200868,0.124409200838432,0.160016688321989
