"","bcubed.precision","bcubed.recall","bcubed.f1"
"majority-vote",0.362265255187279,0.371225787582867,0.366690789196041
