"","bcubed.precision","bcubed.recall","bcubed.f1"
"majority-vote",0.43484697484562,0.893417696326465,0.584973749513772
