"","bcubed.precision","bcubed.recall","bcubed.f1"
"majority-vote",0.491388215016276,0.799245129099085,0.608599861671245
