"","bcubed.precision","bcubed.recall","bcubed.f1"
"majority-vote",0.245342823889891,0.800153603846616,0.375538240983598
