"","bcubed.precision","bcubed.recall","bcubed.f1"
"majority-vote",0.315622524676118,0.386125410088093,0.347332341817448
