"","bcubed.precision","bcubed.recall","bcubed.f1"
"majority-vote",0.151584586640722,0.973155992861917,0.262310174636264
