"","bcubed.precision","bcubed.recall","bcubed.f1"
"majority-vote",0.349206144264689,0.710315889645675,0.468223718043213
