"","bcubed.precision","bcubed.recall","bcubed.f1"
"majority-vote",0.257200001654612,0.962028347239207,0.405885727191627
