"","bcubed.precision","bcubed.recall","bcubed.f1"
"majority-vote",0.420877715538969,0.542132039288055,0.473871200312033
