"","bcubed.precision","bcubed.recall","bcubed.f1"
"majority-vote",0.380136178182533,0.898427016602588,0.534231884446885
