"","bcubed.precision","bcubed.recall","bcubed.f1"
"majority-vote",0.97960723618349,0.093033413967241,0.16992868117828
