"","bcubed.precision","bcubed.recall","bcubed.f1"
"majority-vote",0.443344849572406,0.863433004953351,0.585866334314053
