"","bcubed.precision","bcubed.recall","bcubed.f1"
"majority-vote",0.0781353047840688,0.947642859144818,0.144367205755532
