"","bcubed.precision","bcubed.recall","bcubed.f1"
"majority-vote",0.188367519430475,0.839017528144706,0.307661963561412
