"","bcubed.precision","bcubed.recall","bcubed.f1"
"majority-vote",0.198444847564557,0.926118548146833,0.326852989906269
