"","bcubed.precision","bcubed.recall","bcubed.f1"
"majority-vote",0.297122306959377,0.837606735217002,0.43864506193489
