"","bcubed.precision","bcubed.recall","bcubed.f1"
"majority-vote",0.203373419935652,0.7963572782013,0.324003060944837
