"","bcubed.precision","bcubed.recall","bcubed.f1"
"majority-vote",0.978158648971358,0.0491656437353489,0.0936253527603593
