"","bcubed.precision","bcubed.recall","bcubed.f1"
"majority-vote",0.306591407816058,0.723877508017998,0.430744917890095
