"","bcubed.precision","bcubed.recall","bcubed.f1"
"majority-vote",0.269250056917332,0.633249815870043,0.377845037117404
