"","bcubed.precision","bcubed.recall","bcubed.f1"
"majority-vote",0.508319142118315,0.935618678981483,0.65874427181012
