"","bcubed.precision","bcubed.recall","bcubed.f1"
"majority-vote",0.193089664190425,0.275205595823234,0.226948084331599
