"","bcubed.precision","bcubed.recall","bcubed.f1"
"majority-vote",0.249369240542227,0.729258382121677,0.371652311251368
