"","bcubed.precision","bcubed.recall","bcubed.f1"
"majority-vote",0.249771341625712,0.62481442059824,0.356879205769537
