"","bcubed.precision","bcubed.recall","bcubed.f1"
"majority-vote",0.347433523911347,0.996117992320006,0.515179031279723
