"","bcubed.precision","bcubed.recall","bcubed.f1"
"majority-vote",0.403565478561064,0.571322891682733,0.473010455827212
