"","bcubed.precision","bcubed.recall","bcubed.f1"
"majority-vote",0.318882252455005,0.541409499001419,0.401365886049305
