"","bcubed.precision","bcubed.recall","bcubed.f1"
"majority-vote",0.0545695768731674,0.679189759565649,0.101022490496586
