"","bcubed.precision","bcubed.recall","bcubed.f1"
"majority-vote",0.573104880138236,0.393587501915,0.466677760778054
