"","bcubed.precision","bcubed.recall","bcubed.f1"
"majority-vote",0.328472187446903,0.550140020207456,0.411343467038908
