"","bcubed.precision","bcubed.recall","bcubed.f1"
"majority-vote",0.559638654768922,0.813448581763792,0.663085720862908
