"","bcubed.precision","bcubed.recall","bcubed.f1"
"majority-vote",0.761166408267946,0.880680339646779,0.816573522239544
