"","bcubed.precision","bcubed.recall","bcubed.f1"
"majority-vote",0.131245987972522,0.623499395358373,0.21684609393153
