"","bcubed.precision","bcubed.recall","bcubed.f1"
"majority-vote",0.27898412278971,0.739051856164965,0.405061781804608
