"","bcubed.precision","bcubed.recall","bcubed.f1"
"majority-vote",0.281392785943115,0.838441327300919,0.421368376170613
