"","bcubed.precision","bcubed.recall","bcubed.f1"
"majority-vote",0.487142443805423,0.691693146361481,0.571671049792935
