"","bcubed.precision","bcubed.recall","bcubed.f1"
"majority-vote",0.109094731727607,0.426970601762612,0.17378569493234
