"","bcubed.precision","bcubed.recall","bcubed.f1"
"majority-vote",0.32685135458041,0.941314718998007,0.485220346768647
