"","bcubed.precision","bcubed.recall","bcubed.f1"
"majority-vote",0.148972972013149,0.907468072214251,0.255931396197629
