"","bcubed.precision","bcubed.recall","bcubed.f1"
"majority-vote",0.460044160980407,0.494504687656912,0.476652388107251
