"","bcubed.precision","bcubed.recall","bcubed.f1"
"majority-vote",0.31605798531903,0.361934736100237,0.337444222909514
