"","bcubed.precision","bcubed.recall","bcubed.f1"
"majority-vote",0.195526928448581,0.930711344407522,0.323162753087336
