"","bcubed.precision","bcubed.recall","bcubed.f1"
"majority-vote",0.33583362118797,0.873229801675529,0.485102635445542
