"","bcubed.precision","bcubed.recall","bcubed.f1"
"majority-vote",0.691634492542413,0.992816285185392,0.81529955837392
