"","bcubed.precision","bcubed.recall","bcubed.f1"
"majority-vote",0.162936395874102,0.493688659805475,0.24500999532943
