"","bcubed.precision","bcubed.recall","bcubed.f1"
"majority-vote",0.527910446180527,0.953934205588741,0.679682356039074
