"","bcubed.precision","bcubed.recall","bcubed.f1"
"majority-vote",0.610178342968929,0.904355208403307,0.728696914002173
