"","bcubed.precision","bcubed.recall","bcubed.f1"
"majority-vote",0.50154540854818,0.604155446196119,0.548089275302431
