"","bcubed.precision","bcubed.recall","bcubed.f1"
"majority-vote",0.247392205500415,0.813986013033706,0.379457184054554
