"","bcubed.precision","bcubed.recall","bcubed.f1"
"majority-vote",0.711013668792561,0.583258276431057,0.640830713374106
