"","bcubed.precision","bcubed.recall","bcubed.f1"
"majority-vote",0.603488761532729,0.950032171565977,0.738108803582079
