"","bcubed.precision","bcubed.recall","bcubed.f1"
"majority-vote",0.396826138582448,0.713397929168033,0.509978037276868
