"","bcubed.precision","bcubed.recall","bcubed.f1"
"majority-vote",0.741077622372067,0.807172762118991,0.772714384425966
