"","bcubed.precision","bcubed.recall","bcubed.f1"
"majority-vote",0.316669007268405,0.702803678973652,0.436610311053153
