"","bcubed.precision","bcubed.recall","bcubed.f1"
"majority-vote",0.689725166329426,0.583861688690094,0.632393619262005
