"","bcubed.precision","bcubed.recall","bcubed.f1"
"majority-vote",0.232876666912326,0.963978991794486,0.375129971520811
