"","bcubed.precision","bcubed.recall","bcubed.f1"
"majority-vote",0.344882174096578,0.806740237495513,0.483197138641988
