"","bcubed.precision","bcubed.recall","bcubed.f1"
"majority-vote",0.190549839463819,0.783959449159973,0.306581679471802
