"","bcubed.precision","bcubed.recall","bcubed.f1"
"majority-vote",0.448230160885098,0.693137232900282,0.544408426436554
