"","bcubed.precision","bcubed.recall","bcubed.f1"
"majority-vote",0.623908510533926,0.917501865678699,0.742744737237623
