"","bcubed.precision","bcubed.recall","bcubed.f1"
"majority-vote",0.0657216132454121,0.927649031437424,0.122746914654554
