"","bcubed.precision","bcubed.recall","bcubed.f1"
"majority-vote",0.240705710317248,0.982653979690619,0.386689909941336
