"","bcubed.precision","bcubed.recall","bcubed.f1"
"majority-vote",0.291524307907419,0.667428663178004,0.405800252936927
