"","bcubed.precision","bcubed.recall","bcubed.f1"
"majority-vote",0.689725166329426,0.519922374063838,0.59290584067651
