"","bcubed.precision","bcubed.recall","bcubed.f1"
"majority-vote",0.158285454055686,0.997723227193075,0.273224719848235
