"","bcubed.precision","bcubed.recall","bcubed.f1"
"majority-vote",0.352617947546187,0.15849128455069,0.218688561867457
