"","bcubed.precision","bcubed.recall","bcubed.f1"
"majority-vote",0.0849941810332027,0.984232457602992,0.156475771660467
