"","bcubed.precision","bcubed.recall","bcubed.f1"
"majority-vote",0.101115126755952,0.934000282093681,0.182475415024407
