"","bcubed.precision","bcubed.recall","bcubed.f1"
"majority-vote",0.385687522407174,0.73322059632158,0.505482140025004
