"","bcubed.precision","bcubed.recall","bcubed.f1"
"majority-vote",0.221654199704531,0.68148634240411,0.334508977932651
