"","bcubed.precision","bcubed.recall","bcubed.f1"
"majority-vote",0.0879997003412321,0.838387337613857,0.159280800480025
