"","bcubed.precision","bcubed.recall","bcubed.f1"
"majority-vote",0.073730188628175,0.969328716105111,0.137036918541837
