"","bcubed.precision","bcubed.recall","bcubed.f1"
"majority-vote",0.321008524309824,0.74950185954469,0.449498649482708
