"","bcubed.precision","bcubed.recall","bcubed.f1"
"majority-vote",0.290928076025505,0.937455802552004,0.444050459716597
