"","bcubed.precision","bcubed.recall","bcubed.f1"
"majority-vote",0.400768219877514,0.790762763552463,0.531941828624666
