"","bcubed.precision","bcubed.recall","bcubed.f1"
"majority-vote",0.0682851915372717,0.987736777358251,0.127739378567774
