"","bcubed.precision","bcubed.recall","bcubed.f1"
"majority-vote",0.614676143226908,0.777109764953301,0.686414239974637
