"","bcubed.precision","bcubed.recall","bcubed.f1"
"majority-vote",0.202190936304466,0.759736936161576,0.319383452469859
