"","bcubed.precision","bcubed.recall","bcubed.f1"
"majority-vote",0.157018216295376,0.7497857295805,0.259659253574911
