"","bcubed.precision","bcubed.recall","bcubed.f1"
"majority-vote",0.213008618350942,0.700648371356635,0.326696217976248
