"","bcubed.precision","bcubed.recall","bcubed.f1"
"majority-vote",0.368461251378085,0.564085052772461,0.445754775935847
