"","bcubed.precision","bcubed.recall","bcubed.f1"
"majority-vote",0.330185109629423,0.876798201478274,0.479717834726802
