"","bcubed.precision","bcubed.recall","bcubed.f1"
"majority-vote",0.237781327294291,0.700082095569459,0.354990813888812
