"","bcubed.precision","bcubed.recall","bcubed.f1"
"majority-vote",0.277980790963424,0.530647319703911,0.364839559020967
