"","bcubed.precision","bcubed.recall","bcubed.f1"
"majority-vote",0.203627208656721,0.058543760790289,0.090941438856775
