"","bcubed.precision","bcubed.recall","bcubed.f1"
"majority-vote",0.115239149767118,0.967252846671281,0.20594220747491
