"","bcubed.precision","bcubed.recall","bcubed.f1"
"majority-vote",0.0941380821977599,0.960021795608844,0.171462816237532
