"","bcubed.precision","bcubed.recall","bcubed.f1"
"majority-vote",0.128111868131249,0.984764419232643,0.226727823837307
