"","bcubed.precision","bcubed.recall","bcubed.f1"
"majority-vote",0.316182153382924,0.185452169825388,0.233782513245519
