"","bcubed.precision","bcubed.recall","bcubed.f1"
"majority-vote",0.467765577048027,0.377424377825881,0.417766753775616
