"","bcubed.precision","bcubed.recall","bcubed.f1"
"majority-vote",0.489827825872562,0.520076379552197,0.504499101826358
