"","bcubed.precision","bcubed.recall","bcubed.f1"
"majority-vote",0.229642099576428,0.986016055194306,0.372523799132645
