"","bcubed.precision","bcubed.recall","bcubed.f1"
"majority-vote",0.252261724789225,0.474691741285891,0.329447655147726
