"","bcubed.precision","bcubed.recall","bcubed.f1"
"majority-vote",0.423203514734247,0.709546572789089,0.530183324246789
