"","bcubed.precision","bcubed.recall","bcubed.f1"
"majority-vote",0.434359710342508,0.530339851663777,0.477575140332169
