"","bcubed.precision","bcubed.recall","bcubed.f1"
"majority-vote",0.318578914069552,0.24350757024406,0.276030039721733
