"","bcubed.precision","bcubed.recall","bcubed.f1"
"majority-vote",0.268315436230145,0.847442715888558,0.40758288265593
