"","bcubed.precision","bcubed.recall","bcubed.f1"
"majority-vote",0.173780910112634,0.810790912452242,0.28621575277251
