"","bcubed.precision","bcubed.recall","bcubed.f1"
"majority-vote",0.400348370806567,0.350150760046793,0.373570815896934
