"","bcubed.precision","bcubed.recall","bcubed.f1"
"majority-vote",0.413105173353556,0.746556789539275,0.531890295326342
