"","bcubed.precision","bcubed.recall","bcubed.f1"
"majority-vote",0.224392263935767,0.964022233193435,0.364046604805379
