"","bcubed.precision","bcubed.recall","bcubed.f1"
"majority-vote",0.366286129600927,0.871958854313562,0.51586953804261
