"","bcubed.precision","bcubed.recall","bcubed.f1"
"majority-vote",0.227617763757536,0.483764186012588,0.30957581153627
