"","bcubed.precision","bcubed.recall","bcubed.f1"
"majority-vote",0.841321180334672,0.637339996609946,0.72526099499055
