"","bcubed.precision","bcubed.recall","bcubed.f1"
"majority-vote",0.127326508072709,0.979207874525265,0.225350646670145
