"","bcubed.precision","bcubed.recall","bcubed.f1"
"majority-vote",0.0524329023778145,0.997758461044116,0.0996301699037036
