"","bcubed.precision","bcubed.recall","bcubed.f1"
"majority-vote",0.326379500040097,0.225232124923075,0.266532266539052
