"","bcubed.precision","bcubed.recall","bcubed.f1"
"majority-vote",0.529901203859777,0.850286076267034,0.652907937823785
