"","bcubed.precision","bcubed.recall","bcubed.f1"
"majority-vote",0.165505415605369,0.837075428539925,0.276367771242725
