"","bcubed.precision","bcubed.recall","bcubed.f1"
"majority-vote",0.332744037700437,0.971424094424645,0.495696172197751
