"","bcubed.precision","bcubed.recall","bcubed.f1"
"majority-vote",0.263946927068802,0.963927607227945,0.41441649409289
