"","bcubed.precision","bcubed.recall","bcubed.f1"
"majority-vote",0.291413924167887,0.559377978220232,0.383197186688535
