"","bcubed.precision","bcubed.recall","bcubed.f1"
"majority-vote",0.191261384566934,0.593552247139655,0.289300848034168
