"","bcubed.precision","bcubed.recall","bcubed.f1"
"majority-vote",0.228366182450286,0.843101388761789,0.359387163443989
