"","bcubed.precision","bcubed.recall","bcubed.f1"
"majority-vote",0.233562418918747,0.93881049012995,0.374063316012598
