"","bcubed.precision","bcubed.recall","bcubed.f1"
"majority-vote",0.157966885111802,0.674396825239131,0.255975517643359
