"","bcubed.precision","bcubed.recall","bcubed.f1"
"majority-vote",0.172033442338503,0.638430184383867,0.271033365819353
