"","bcubed.precision","bcubed.recall","bcubed.f1"
"majority-vote",0.396874234934573,0.937588866689565,0.55768475531128
