"","bcubed.precision","bcubed.recall","bcubed.f1"
"majority-vote",0.497960582211616,0.769050431128536,0.604504296178597
