"","bcubed.precision","bcubed.recall","bcubed.f1"
"majority-vote",0.0465244063577881,0.863818622373438,0.088293417620254
