"","bcubed.precision","bcubed.recall","bcubed.f1"
"majority-vote",0.219773466203703,0.96448166760749,0.357976035954125
