"","bcubed.precision","bcubed.recall","bcubed.f1"
"majority-vote",0.96370622432276,0.47428921072964,0.635711982622014
