"","bcubed.precision","bcubed.recall","bcubed.f1"
"majority-vote",0.242642112306497,0.74634386890066,0.366222487069059
