"","bcubed.precision","bcubed.recall","bcubed.f1"
"majority-vote",0.571456718645903,0.5831770614259,0.577257405185704
