"","bcubed.precision","bcubed.recall","bcubed.f1"
"majority-vote",0.451223153883923,0.666604855891714,0.538164266487059
