"","bcubed.precision","bcubed.recall","bcubed.f1"
"majority-vote",0.204347317999157,0.925189073942093,0.334756643966588
