"","bcubed.precision","bcubed.recall","bcubed.f1"
"majority-vote",0.196507157421196,0.822932918186986,0.317256918519274
