"","bcubed.precision","bcubed.recall","bcubed.f1"
"majority-vote",0.172951562354624,0.0550502114214843,0.0835170702018088
