"","bcubed.precision","bcubed.recall","bcubed.f1"
"majority-vote",0.0248630254815874,0.681503260851709,0.0479757691389757
