"","bcubed.precision","bcubed.recall","bcubed.f1"
"majority-vote",0.0668499137648935,0.827109405839522,0.123701808889853
