"","bcubed.precision","bcubed.recall","bcubed.f1"
"majority-vote",0.254220543753191,0.603007740115516,0.357657250616403
