"","bcubed.precision","bcubed.recall","bcubed.f1"
"majority-vote",0.214413849773171,0.863144575381318,0.34349905675287
