"","bcubed.precision","bcubed.recall","bcubed.f1"
"majority-vote",0.622725129652194,0.74252704440011,0.677369732540861
