"","bcubed.precision","bcubed.recall","bcubed.f1"
"majority-vote",0.0751118794618121,0.820359210161311,0.137623029538468
