"","bcubed.precision","bcubed.recall","bcubed.f1"
"majority-vote",0.231994343794715,0.669649677620524,0.344603710204983
