"","bcubed.precision","bcubed.recall","bcubed.f1"
"majority-vote",0.632550567503987,0.935715463782322,0.754830284951453
