"","bcubed.precision","bcubed.recall","bcubed.f1"
"majority-vote",0.562245249533552,0.709625903494231,0.627396560155918
