"","bcubed.precision","bcubed.recall","bcubed.f1"
"majority-vote",0.550529088373782,0.564818079432882,0.557582053987185
