"","bcubed.precision","bcubed.recall","bcubed.f1"
"majority-vote",0.391595048806823,0.282812063511842,0.328430118221376
