"","bcubed.precision","bcubed.recall","bcubed.f1"
"majority-vote",0.19755910227498,0.42371265714145,0.269473997163624
