"","bcubed.precision","bcubed.recall","bcubed.f1"
"majority-vote",0.956519901826476,0.516491322869616,0.670781350695273
