"","bcubed.precision","bcubed.recall","bcubed.f1"
"majority-vote",0.0815547956905627,0.983414426868335,0.150618742708244
