"","bcubed.precision","bcubed.recall","bcubed.f1"
"majority-vote",0.48074869063037,0.830924305391113,0.609093536333174
