"","bcubed.precision","bcubed.recall","bcubed.f1"
"majority-vote",0.274497638281085,0.105788750521649,0.152720491870998
