"","bcubed.precision","bcubed.recall","bcubed.f1"
"majority-vote",0.630172455586331,0.932621302518122,0.752130283720632
