"","bcubed.precision","bcubed.recall","bcubed.f1"
"majority-vote",0.0804649067541211,0.976209097493941,0.148675132891666
