"","bcubed.precision","bcubed.recall","bcubed.f1"
"majority-vote",0.478607472892786,0.242929972345244,0.322278769927778
