"","bcubed.precision","bcubed.recall","bcubed.f1"
"majority-vote",0.467294297667075,0.625983967098117,0.535122205724614
