"","bcubed.precision","bcubed.recall","bcubed.f1"
"majority-vote",0.311172738441972,0.997687962334185,0.47438706833511
