"","bcubed.precision","bcubed.recall","bcubed.f1"
"majority-vote",0.978158648971358,0.859988673203657,0.915275232364064
