"","bcubed.precision","bcubed.recall","bcubed.f1"
"majority-vote",0.276101008275439,0.832757408269767,0.414706073636499
