"","bcubed.precision","bcubed.recall","bcubed.f1"
"majority-vote",0.829295953931702,0.14033999500234,0.240055848090576
