"","bcubed.precision","bcubed.recall","bcubed.f1"
"majority-vote",0.252983300308279,0.952820657316196,0.399812445407191
