"","bcubed.precision","bcubed.recall","bcubed.f1"
"majority-vote",0.460956692364077,0.917140108777803,0.613544521148803
