"","bcubed.precision","bcubed.recall","bcubed.f1"
"majority-vote",0.133543168051547,0.830293836442433,0.230080540205879
