"","bcubed.precision","bcubed.recall","bcubed.f1"
"majority-vote",0.583464743780415,0.999957459437113,0.736935381702031
