"","bcubed.precision","bcubed.recall","bcubed.f1"
"majority-vote",0.278238321564167,0.734317747440222,0.40356350388269
