"","bcubed.precision","bcubed.recall","bcubed.f1"
"majority-vote",0.519788211348622,0.866363910345434,0.649749389388944
