"","bcubed.precision","bcubed.recall","bcubed.f1"
"majority-vote",0.153238113185336,0.707596083378461,0.251920030935279
