"","bcubed.precision","bcubed.recall","bcubed.f1"
"majority-vote",0.0616051755012311,0.833789989033506,0.114733205270925
