"","bcubed.precision","bcubed.recall","bcubed.f1"
"majority-vote",0.139126453665045,0.834148448360832,0.23847756725069
