"","bcubed.precision","bcubed.recall","bcubed.f1"
"majority-vote",0.084069117574802,0.935655260176102,0.154276417811483
