"","bcubed.precision","bcubed.recall","bcubed.f1"
"majority-vote",0.674669946317043,0.0516753120067156,0.0959978180567876
