"","bcubed.precision","bcubed.recall","bcubed.f1"
"majority-vote",0.197253088901075,0.906615075266314,0.324010837246037
