"","bcubed.precision","bcubed.recall","bcubed.f1"
"majority-vote",0.108660513477951,0.846240425875918,0.192591535753849
