"","bcubed.precision","bcubed.recall","bcubed.f1"
"majority-vote",0.597544060187784,0.983876757882626,0.743520897046142
