"","bcubed.precision","bcubed.recall","bcubed.f1"
"majority-vote",0.385169575427369,0.937641256085273,0.546035571989642
