"","bcubed.precision","bcubed.recall","bcubed.f1"
"majority-vote",0.0938554795956316,0.999187339712535,0.171592924482062
