"","bcubed.precision","bcubed.recall","bcubed.f1"
"majority-vote",0.399082396113858,0.91258232665567,0.555318040122204
