"","bcubed.precision","bcubed.recall","bcubed.f1"
"majority-vote",0.479435144029809,0.543462544913434,0.509444974432503
