"","bcubed.precision","bcubed.recall","bcubed.f1"
"majority-vote",0.791620649190045,0.789198723331217,0.790407830980715
