"","bcubed.precision","bcubed.recall","bcubed.f1"
"majority-vote",0.304608309837501,0.964469538893571,0.462990409021598
