"","bcubed.precision","bcubed.recall","bcubed.f1"
"majority-vote",0.356292594643099,0.935376604411495,0.516026483558098
