"","bcubed.precision","bcubed.recall","bcubed.f1"
"majority-vote",0.300124084177047,0.890651616250395,0.448961127695172
