"","bcubed.precision","bcubed.recall","bcubed.f1"
"majority-vote",0.650162320302458,0.464534895480907,0.541892598691164
