"","bcubed.precision","bcubed.recall","bcubed.f1"
"majority-vote",0.0722520308018871,0.488192223918766,0.125874712079623
