"","bcubed.precision","bcubed.recall","bcubed.f1"
"majority-vote",0.246868847331826,0.898293248907842,0.387299963301315
