"","bcubed.precision","bcubed.recall","bcubed.f1"
"majority-vote",0.68252279042212,0.890186863642541,0.772644614471786
