"","bcubed.precision","bcubed.recall","bcubed.f1"
"majority-vote",0.218401962055832,0.893250253796498,0.350986765922014
