"","bcubed.precision","bcubed.recall","bcubed.f1"
"majority-vote",0.249339925013027,0.943419730248402,0.394433536980069
