"","bcubed.precision","bcubed.recall","bcubed.f1"
"majority-vote",0.179581078133805,0.893288236050069,0.299044184400306
