"","bcubed.precision","bcubed.recall","bcubed.f1"
"majority-vote",0.468098560440635,0.874731615459742,0.609847197832101
