"","bcubed.precision","bcubed.recall","bcubed.f1"
"majority-vote",0.534426222370986,0.537682832643528,0.536049581410394
