"","bcubed.precision","bcubed.recall","bcubed.f1"
"majority-vote",0.253958262179439,0.964936364385832,0.402091463646385
