"","bcubed.precision","bcubed.recall","bcubed.f1"
"majority-vote",0.42813284355374,0.848404462954529,0.569086094635109
