"","bcubed.precision","bcubed.recall","bcubed.f1"
"majority-vote",0.245854999051114,0.858214820342326,0.382215689867934
