"","bcubed.precision","bcubed.recall","bcubed.f1"
"majority-vote",0.163181754467967,0.600015077107039,0.256582598194229
