"","bcubed.precision","bcubed.recall","bcubed.f1"
"majority-vote",0.586124212927381,0.590666315144209,0.588386498375273
