"","bcubed.precision","bcubed.recall","bcubed.f1"
"majority-vote",0.262113471492637,0.997130501094891,0.415108339388947
