"","bcubed.precision","bcubed.recall","bcubed.f1"
"majority-vote",0.22962258159794,0.782618996788846,0.355067403448582
