"","bcubed.precision","bcubed.recall","bcubed.f1"
"majority-vote",0.218140602019512,0.971326192480999,0.356270021769044
