"","bcubed.precision","bcubed.recall","bcubed.f1"
"majority-vote",0.408742866454752,0.669671252107678,0.507640511112224
