"","bcubed.precision","bcubed.recall","bcubed.f1"
"majority-vote",0.174670700795325,0.95489779935912,0.295321032375046
