"","bcubed.precision","bcubed.recall","bcubed.f1"
"majority-vote",0.0861545740608969,0.97705574328063,0.158346509666264
