"","bcubed.precision","bcubed.recall","bcubed.f1"
"majority-vote",0.419927638871453,0.972609701716171,0.58659209154534
