"","bcubed.precision","bcubed.recall","bcubed.f1"
"majority-vote",0.15825337306844,0.912145560553199,0.269712734482172
