"","bcubed.precision","bcubed.recall","bcubed.f1"
"majority-vote",0.32033452376296,0.99997822498445,0.485229804495368
