"","bcubed.precision","bcubed.recall","bcubed.f1"
"majority-vote",0.548004361683487,0.94945658150832,0.694918088196184
