"","bcubed.precision","bcubed.recall","bcubed.f1"
"majority-vote",0.156120100431293,0.710678871744418,0.256002280557955
