"","bcubed.precision","bcubed.recall","bcubed.f1"
"majority-vote",0.364067998383073,0.996283063284925,0.533266435251435
