"","bcubed.precision","bcubed.recall","bcubed.f1"
"majority-vote",0.354171099304924,0.34748269115802,0.350795017114267
