"","bcubed.precision","bcubed.recall","bcubed.f1"
"majority-vote",0.540041211517606,0.67233497077171,0.598970183455093
