"","bcubed.precision","bcubed.recall","bcubed.f1"
"majority-vote",0.228981985109539,0.587984901963477,0.329604423866941
