"","bcubed.precision","bcubed.recall","bcubed.f1"
"majority-vote",0.354989666435444,0.266675413555346,0.304559542272983
