{
      "avg_bcuded_f1": 0.39256594567709285,
      "avg_bcuded_recall": 0.7611201251695249,
      "avg_bcuded_precision": 0.3206034903720313,
      "avg_bcuded_f1star": 0.4511647249183545
}