"","bcubed.precision","bcubed.recall","bcubed.f1"
"majority-vote",0.97050606334426,0.273419900184134,0.426642225900653
