"","bcubed.precision","bcubed.recall","bcubed.f1"
"majority-vote",0.986728216964801,0.303264578065909,0.463940136001199
