"","bcubed.precision","bcubed.recall","bcubed.f1"
"majority-vote",0.968754130280859,0.126901010048743,0.224406153170696
