"","bcubed.precision","bcubed.recall","bcubed.f1"
"majority-vote",0.981817163029165,0.180120003830831,0.304396685483247
