"","bcubed.precision","bcubed.recall","bcubed.f1"
"majority-vote",0.976668031109292,0.343677602800246,0.508441000663429
