"","bcubed.precision","bcubed.recall","bcubed.f1"
"majority-vote",0.995522388059702,0.519782784328523,0.682971863563967
