"","bcubed.precision","bcubed.recall","bcubed.f1"
"majority-vote",0.955305001262278,0.578616982674673,0.720709010174958
