"","bcubed.precision","bcubed.recall","bcubed.f1"
"majority-vote",0.897973233296217,0.411810880245359,0.56466580074877
