"","bcubed.precision","bcubed.recall","bcubed.f1"
"majority-vote",0.95042194092827,0.616736642251632,0.748054527297436
