"","bcubed.precision","bcubed.recall","bcubed.f1"
"majority-vote",0.978493815656983,0.349273487932084,0.514791932277104
