"","bcubed.precision","bcubed.recall","bcubed.f1"
"majority-vote",0.988772156449561,0.0777919069030099,0.144236008291957
