"","bcubed.precision","bcubed.recall","bcubed.f1"
"majority-vote",0.992372517188694,0.725335755918106,0.838097226609399
