"","bcubed.precision","bcubed.recall","bcubed.f1"
"majority-vote",0.982560296846011,0.68726271006426,0.808800752675484
