"","bcubed.precision","bcubed.recall","bcubed.f1"
"majority-vote",0.816652640032564,0.226189418191415,0.354259178668023
