"","bcubed.precision","bcubed.recall","bcubed.f1"
"majority-vote",0.996493112538593,0.538176744448491,0.698898745850427
