"","bcubed.precision","bcubed.recall","bcubed.f1"
"majority-vote",0.983388704318937,0.564911393921809,0.717596652425443
