"","bcubed.precision","bcubed.recall","bcubed.f1"
"majority-vote",0.927219653918984,0.502799475299868,0.652027019712464
