"","bcubed.precision","bcubed.recall","bcubed.f1"
"majority-vote",0.883804460262397,0.379247140962165,0.530746826810808
