"","bcubed.precision","bcubed.recall","bcubed.f1"
"majority-vote",0.815179422038742,0.6622509509184,0.730800391403526
