"","bcubed.precision","bcubed.recall","bcubed.f1"
"majority-vote",0.998467502188017,0.144530967991187,0.252510354762507
