"","bcubed.precision","bcubed.recall","bcubed.f1"
"majority-vote",0.887597669250481,0.314980566846863,0.46496104552792
