"","bcubed.precision","bcubed.recall","bcubed.f1"
"majority-vote",0.998247628557164,0.11289413906298,0.202847755132086
