"","bcubed.precision","bcubed.recall","bcubed.f1"
"majority-vote",0.829646017699115,0.697787578958237,0.758025340478976
