"","bcubed.precision","bcubed.recall","bcubed.f1"
"majority-vote",0.902439024390244,0.46995394009106,0.618051514661353
