"","bcubed.precision","bcubed.recall","bcubed.f1"
"majority-vote",0.972262654467681,0.444575932252413,0.610153591320233
