"","bcubed.precision","bcubed.recall","bcubed.f1"
"majority-vote",0.81362045726158,0.90131079747249,0.855223672844054
