"","bcubed.precision","bcubed.recall","bcubed.f1"
"majority-vote",0.998320455662823,0.200875224973843,0.334453916679873
