"","bcubed.precision","bcubed.recall","bcubed.f1"
"majority-vote",0.98494105228623,0.721087548455315,0.832610576935658
