"","bcubed.precision","bcubed.recall","bcubed.f1"
"majority-vote",0.991014879878855,0.520517031676699,0.682539508003001
