"","bcubed.precision","bcubed.recall","bcubed.f1"
"majority-vote",0.994095779575771,0.0696906104366442,0.130250099759819
