"","bcubed.precision","bcubed.recall","bcubed.f1"
"majority-vote",0.990161272965226,0.264847444491002,0.417912129423824
