"","bcubed.precision","bcubed.recall","bcubed.f1"
"majority-vote",0.936389515671819,0.748435191518015,0.831928524678662
