"","bcubed.precision","bcubed.recall","bcubed.f1"
"majority-vote",0.998129967274427,0.359436035888887,0.528539869005346
