"","bcubed.precision","bcubed.recall","bcubed.f1"
"majority-vote",0.997808783593969,0.6708172730431,0.802273660496414
