"","bcubed.precision","bcubed.recall","bcubed.f1"
"majority-vote",0.998589982544223,0.0197384336864283,0.0387116805074332
