"","bcubed.precision","bcubed.recall","bcubed.f1"
"majority-vote",0.685393171035234,0.281873284191514,0.399463918216514
