"","bcubed.precision","bcubed.recall","bcubed.f1"
"majority-vote",0.992843758788589,0.64803184343791,0.784208590072975
