"","bcubed.precision","bcubed.recall","bcubed.f1"
"majority-vote",0.999819167721438,0.0257238498263604,0.050157229260808
