"","bcubed.precision","bcubed.recall","bcubed.f1"
"majority-vote",0.99166175427805,0.145910660952574,0.254390876696435
