"","bcubed.precision","bcubed.recall","bcubed.f1"
"majority-vote",0.894158848776998,0.809150247773336,0.849533247373518
