"","bcubed.precision","bcubed.recall","bcubed.f1"
"majority-vote",0.947521865889213,0.282507867102045,0.435245383400523
