"","bcubed.precision","bcubed.recall","bcubed.f1"
"majority-vote",0.996575342465753,0.405267617935461,0.576212495326466
