"","bcubed.precision","bcubed.recall","bcubed.f1"
"majority-vote",0.993085032735328,0.337976782396083,0.504318702849212
