"","bcubed.precision","bcubed.recall","bcubed.f1"
"majority-vote",0.962608299133607,0.312785046199453,0.472151563936308
