"","bcubed.precision","bcubed.recall","bcubed.f1"
"majority-vote",0.861473683612408,0.919461281248371,0.889523438558508
