"","bcubed.precision","bcubed.recall","bcubed.f1"
"majority-vote",0.928069298683991,0.707667661790486,0.80301985765331
