"","bcubed.precision","bcubed.recall","bcubed.f1"
"majority-vote",0.995323460639127,0.688024329633693,0.813624802589293
