"","bcubed.precision","bcubed.recall","bcubed.f1"
"majority-vote",0.911144311417749,0.571920368502935,0.702736701103638
