"","bcubed.precision","bcubed.recall","bcubed.f1"
"majority-vote",0.997703788748565,0.299629871086736,0.460855779604812
