"","bcubed.precision","bcubed.recall","bcubed.f1"
"majority-vote",0.682688377178304,0.538421629278655,0.602032882191273
