"","bcubed.precision","bcubed.recall","bcubed.f1"
"majority-vote",0.985634477254589,0.249484436128997,0.398181032000425
