"","bcubed.precision","bcubed.recall","bcubed.f1"
"majority-vote",0.99118716263357,0.453136260532923,0.621942200977847
