"","bcubed.precision","bcubed.recall","bcubed.f1"
"majority-vote",0.98597556289864,0.170637956146367,0.290926661487069
