"","bcubed.precision","bcubed.recall","bcubed.f1"
"majority-vote",0.959778370613585,0.28859166893747,0.443753106867369
