"","bcubed.precision","bcubed.recall","bcubed.f1"
"majority-vote",0.956542732979237,0.36304937540818,0.526332704707855
