"","bcubed.precision","bcubed.recall","bcubed.f1"
"majority-vote",0.997783687943262,0.479856360548075,0.648050720606192
