"","bcubed.precision","bcubed.recall","bcubed.f1"
"majority-vote",0.988743011178841,0.149287010934226,0.259407020645946
