"","bcubed.precision","bcubed.recall","bcubed.f1"
"majority-vote",0.649721254355401,0.260007235984862,0.371390429780604
