"","bcubed.precision","bcubed.recall","bcubed.f1"
"majority-vote",0.97947720890041,0.254882795183871,0.40450417705917
