"","bcubed.precision","bcubed.recall","bcubed.f1"
"majority-vote",0.99715766594215,0.329202497088803,0.494988921967098
