"","bcubed.precision","bcubed.recall","bcubed.f1"
"majority-vote",0.993224977299257,0.0515258566831485,0.0979693265988946
