"","bcubed.precision","bcubed.recall","bcubed.f1"
"majority-vote",0.974358974358974,0.379896539263049,0.546655485077359
