"","bcubed.precision","bcubed.recall","bcubed.f1"
"majority-vote",0.969992975595945,0.141635214592851,0.247178264215766
