"","bcubed.precision","bcubed.recall","bcubed.f1"
"majority-vote",0.993553321878381,0.282938709785397,0.44044880504089
