"","bcubed.precision","bcubed.recall","bcubed.f1"
"majority-vote",0.997910004568296,0.0421685758654183,0.0809178162614416
