"","bcubed.precision","bcubed.recall","bcubed.f1"
"majority-vote",0.983402056474764,0.524510473080862,0.684130767216685
