"","bcubed.precision","bcubed.recall","bcubed.f1"
"majority-vote",0.97585281717133,0.303337092615053,0.462812212817395
