"","bcubed.precision","bcubed.recall","bcubed.f1"
"majority-vote",0.985890652557319,0.780556152498799,0.871289203096296
