"","bcubed.precision","bcubed.recall","bcubed.f1"
"majority-vote",0.98002630306911,0.454631024885721,0.621124437031143
