"","bcubed.precision","bcubed.recall","bcubed.f1"
"majority-vote",0.855845173311877,0.43888202447643,0.580222710920316
