"","bcubed.precision","bcubed.recall","bcubed.f1"
"majority-vote",0.975209763539283,0.505840299381705,0.666149526067695
