"","bcubed.precision","bcubed.recall","bcubed.f1"
"majority-vote",0.909547165507015,0.374204123686311,0.530252709983709
