"","bcubed.precision","bcubed.recall","bcubed.f1"
"majority-vote",0.973191273182323,0.352632258684745,0.51768373172754
