"","bcubed.precision","bcubed.recall","bcubed.f1"
"majority-vote",0.977369894108184,0.494307937605604,0.656559046040427
