"","bcubed.precision","bcubed.recall","bcubed.f1"
"majority-vote",0.990510083036773,0.540000601947958,0.698951070806428
