"","bcubed.precision","bcubed.recall","bcubed.f1"
"majority-vote",0.983120244177651,0.848027697609287,0.91059075907266
