"","bcubed.precision","bcubed.recall","bcubed.f1"
"majority-vote",0.987038995522153,0.402163913424656,0.571480901149091
