"","bcubed.precision","bcubed.recall","bcubed.f1"
"majority-vote",0.990461538461539,0.828423164624248,0.902224622307145
