"","bcubed.precision","bcubed.recall","bcubed.f1"
"majority-vote",0.976958788087843,0.268399215490922,0.421107780310908
