"","bcubed.precision","bcubed.recall","bcubed.f1"
"majority-vote",0.991937260536398,0.292405745800777,0.451667744556674
