"","bcubed.precision","bcubed.recall","bcubed.f1"
"majority-vote",0.99651154702667,0.191050044293746,0.320629391502958
