"","bcubed.precision","bcubed.recall","bcubed.f1"
"majority-vote",0.932607970340363,0.635045783695683,0.755586184616145
