"","bcubed.precision","bcubed.recall","bcubed.f1"
"majority-vote",0.976569926746072,0.206278099841615,0.340610094151789
