"","bcubed.precision","bcubed.recall","bcubed.f1"
"majority-vote",0.954352442987164,0.405911817210755,0.56957011328972
