"","bcubed.precision","bcubed.recall","bcubed.f1"
"majority-vote",0.999360613810742,0.218840245880782,0.359054618472839
