"","bcubed.precision","bcubed.recall","bcubed.f1"
"majority-vote",0.991266916494327,0.742479003779595,0.849022759369603
