"","bcubed.precision","bcubed.recall","bcubed.f1"
"majority-vote",0.995369836252182,0.200788591951494,0.334167954979344
