"","bcubed.precision","bcubed.recall","bcubed.f1"
"majority-vote",0.996072270227808,0.535039665648817,0.696145281004051
