"","bcubed.precision","bcubed.recall","bcubed.f1"
"majority-vote",0.997106771268013,0.202698235866017,0.336907718011395
