"","bcubed.precision","bcubed.recall","bcubed.f1"
"majority-vote",0.994657813207765,0.241243157151799,0.388306825382838
