"","bcubed.precision","bcubed.recall","bcubed.f1"
"majority-vote",0.568766368488709,0.5415956107259,0.554848552937451
