"","bcubed.precision","bcubed.recall","bcubed.f1"
"majority-vote",0.992638036809816,0.458646027113933,0.62740231669617
