"","bcubed.precision","bcubed.recall","bcubed.f1"
"majority-vote",0.934588749392247,0.286302529263325,0.438327519329481
