"","bcubed.precision","bcubed.recall","bcubed.f1"
"majority-vote",0.969156626506024,0.274419733475258,0.427727177357354
