"","bcubed.precision","bcubed.recall","bcubed.f1"
"majority-vote",0.958544509421702,0.232493352627434,0.374220222108904
