"","bcubed.precision","bcubed.recall","bcubed.f1"
"majority-vote",0.992086098271967,0.115640433972558,0.207136443161383
