"","bcubed.precision","bcubed.recall","bcubed.f1"
"majority-vote",0.958862144420131,0.453205990623274,0.615497308165975
