"","bcubed.precision","bcubed.recall","bcubed.f1"
"majority-vote",0.972600654539919,0.527791151539616,0.684261294107063
