"","bcubed.precision","bcubed.recall","bcubed.f1"
"majority-vote",0.991986936350643,0.817856084564691,0.896544664180589
