"","bcubed.precision","bcubed.recall","bcubed.f1"
"majority-vote",0.989413447782546,0.51682965582113,0.678984966581862
