"","bcubed.precision","bcubed.recall","bcubed.f1"
"majority-vote",0.966462855905236,0.61510173574785,0.751753021458047
