"","bcubed.precision","bcubed.recall","bcubed.f1"
"majority-vote",0.9744334953313,0.388925927551188,0.555953836747477
