"","bcubed.precision","bcubed.recall","bcubed.f1"
"majority-vote",0.978048409568892,0.0947356574287615,0.17273943923678
