"","bcubed.precision","bcubed.recall","bcubed.f1"
"majority-vote",0.992619290490763,0.335967852259125,0.50201926604063
