"","bcubed.precision","bcubed.recall","bcubed.f1"
"majority-vote",0.951067525917624,0.236002504384383,0.3781652509551
