"","bcubed.precision","bcubed.recall","bcubed.f1"
"majority-vote",0.973808255241747,0.131551391845133,0.23179031676242
