"","bcubed.precision","bcubed.recall","bcubed.f1"
"majority-vote",0.97451489064491,0.264112122286222,0.415591123527456
