"","bcubed.precision","bcubed.recall","bcubed.f1"
"majority-vote",0.994353955652888,0.395980381214324,0.566402839922104
