"","bcubed.precision","bcubed.recall","bcubed.f1"
"majority-vote",0.991748024174802,0.115839221125052,0.20744789028627
