"","bcubed.precision","bcubed.recall","bcubed.f1"
"majority-vote",0.976616805442979,0.282784135127642,0.438576357666023
