"","bcubed.precision","bcubed.recall","bcubed.f1"
"majority-vote",0.988425423781338,0.272015877728133,0.426624244852488
