"","bcubed.precision","bcubed.recall","bcubed.f1"
"majority-vote",0.996342239185751,0.222746928229321,0.364095062405205
