"","bcubed.precision","bcubed.recall","bcubed.f1"
"majority-vote",0.976367026043438,0.29564500807451,0.453860544642507
