"","bcubed.precision","bcubed.recall","bcubed.f1"
"majority-vote",0.999914126234435,0.0877618401484329,0.161361115664951
