"","bcubed.precision","bcubed.recall","bcubed.f1"
"majority-vote",0.944839857651246,0.373186434615975,0.535044588759154
