"","bcubed.precision","bcubed.recall","bcubed.f1"
"majority-vote",0.940146494593652,0.222675546872627,0.360068226020286
