"","bcubed.precision","bcubed.recall","bcubed.f1"
"majority-vote",0.950390172347376,0.601797054887519,0.736949765694908
