"","bcubed.precision","bcubed.recall","bcubed.f1"
"majority-vote",0.993410697494949,0.460577534905886,0.629362246551147
