"","bcubed.precision","bcubed.recall","bcubed.f1"
"majority-vote",0.845169702155401,0.617458506036159,0.713588345578457
