"","bcubed.precision","bcubed.recall","bcubed.f1"
"majority-vote",0.929324350169732,0.60983695426126,0.736422270488211
