"","bcubed.precision","bcubed.recall","bcubed.f1"
"majority-vote",0.980416908813085,0.136453098050423,0.239564002554352
