"","bcubed.precision","bcubed.recall","bcubed.f1"
"majority-vote",0.91698530793315,0.552487128176081,0.689529884209392
