"","bcubed.precision","bcubed.recall","bcubed.f1"
"majority-vote",0.988227788882746,0.397479883356105,0.566931502399402
