"","bcubed.precision","bcubed.recall","bcubed.f1"
"majority-vote",0.990069779924852,0.493096136774597,0.658320931085891
