"","bcubed.precision","bcubed.recall","bcubed.f1"
"majority-vote",0.990238589367239,0.592141611925604,0.741113259657549
