"","bcubed.precision","bcubed.recall","bcubed.f1"
"majority-vote",0.987760502811776,0.601532748810931,0.747716369923011
