"","bcubed.precision","bcubed.recall","bcubed.f1"
"majority-vote",0.949604421805571,0.466286671815668,0.6254547223017
