{
      "avg_bcuded_f1": 0.5274731817653997,
      "avg_bcuded_recall": 0.39205048140223375,
      "avg_bcuded_precision": 0.9819846211390081,
      "avg_bcuded_f1star": 0.5603751210360113
}