"","bcubed.precision","bcubed.recall","bcubed.f1"
"majority-vote",0.969041218637993,0.599515842993234,0.740751582837261
