"","bcubed.precision","bcubed.recall","bcubed.f1"
"majority-vote",0.919318149200609,0.548359410419485,0.68695846029569
