"","bcubed.precision","bcubed.recall","bcubed.f1"
"majority-vote",0.964872685185185,0.222191535811042,0.361204625649486
