"","bcubed.precision","bcubed.recall","bcubed.f1"
"majority-vote",0.970363798722008,0.376790585480147,0.542809269875544
