"","bcubed.precision","bcubed.recall","bcubed.f1"
"majority-vote",0.985585585585586,0.496729081185374,0.66054668867838
