"","bcubed.precision","bcubed.recall","bcubed.f1"
"majority-vote",0.843666383867389,0.679320742428776,0.752626288634228
