"","bcubed.precision","bcubed.recall","bcubed.f1"
"majority-vote",0.847171914182223,0.53330047981256,0.654554470313894
