"","bcubed.precision","bcubed.recall","bcubed.f1"
"majority-vote",0.860061292443427,0.832992213570634,0.846310358478323
