"","bcubed.precision","bcubed.recall","bcubed.f1"
"majority-vote",0.900311526479751,0.224137931034483,0.358920468115596
