"","bcubed.precision","bcubed.recall","bcubed.f1"
"majority-vote",0.970720338983051,0.640208572059955,0.771559164193688
