"","bcubed.precision","bcubed.recall","bcubed.f1"
"majority-vote",0.839060764216395,0.830322580645161,0.834668802952549
