"","bcubed.precision","bcubed.recall","bcubed.f1"
"majority-vote",0.959775055519736,0.330524828665057,0.491714352098979
