"","bcubed.precision","bcubed.recall","bcubed.f1"
"majority-vote",0.928581755339179,0.538731447836363,0.681866955746951
