"","bcubed.precision","bcubed.recall","bcubed.f1"
"majority-vote",0.99096389149484,0.823059955690153,0.899241427162019
