"","bcubed.precision","bcubed.recall","bcubed.f1"
"majority-vote",0.979545454545454,0.470532281084191,0.635700757039471
