"","bcubed.precision","bcubed.recall","bcubed.f1"
"majority-vote",0.896467741809263,0.378662470987459,0.53242984421099
