"","bcubed.precision","bcubed.recall","bcubed.f1"
"majority-vote",0.913494809688581,0.69091792803047,0.78676755218724
