"","bcubed.precision","bcubed.recall","bcubed.f1"
"majority-vote",0.968206157965194,0.592975573082094,0.735497463188843
