"","bcubed.precision","bcubed.recall","bcubed.f1"
"majority-vote",0.967538606996533,0.360902584891024,0.525709660885712
