"","bcubed.precision","bcubed.recall","bcubed.f1"
"majority-vote",0.858209053576078,0.529886654938596,0.655219264562172
