"","bcubed.precision","bcubed.recall","bcubed.f1"
"majority-vote",0.989961139896373,0.448914409980808,0.617715439057175
