"","bcubed.precision","bcubed.recall","bcubed.f1"
"majority-vote",0.993959731543624,0.452554695605409,0.621937998419167
