"","bcubed.precision","bcubed.recall","bcubed.f1"
"majority-vote",0.983549326903757,0.543322603205075,0.699973023455685
