"","bcubed.precision","bcubed.recall","bcubed.f1"
"majority-vote",0.9471232531789,0.267880957484169,0.417638526172059
