"","bcubed.precision","bcubed.recall","bcubed.f1"
"majority-vote",0.841127575588484,0.792128131270454,0.815892835167052
