"","bcubed.precision","bcubed.recall","bcubed.f1"
"majority-vote",0.992093441150045,0.311561535498668,0.47420239468185
