"","bcubed.precision","bcubed.recall","bcubed.f1"
"majority-vote",0.983935742971888,0.518067296861774,0.678753527294563
