"","bcubed.precision","bcubed.recall","bcubed.f1"
"majority-vote",0.89216246231953,0.437349312072501,0.58696229197486
