"","bcubed.precision","bcubed.recall","bcubed.f1"
"majority-vote",0.901636121058914,0.765935478895481,0.828264398592072
