"","bcubed.precision","bcubed.recall","bcubed.f1"
"majority-vote",0.954166666666667,0.738603802493835,0.832659998567172
