"","bcubed.precision","bcubed.recall","bcubed.f1"
"majority-vote",0.974144102719315,0.758394401180323,0.85283580339748
