"","bcubed.precision","bcubed.recall","bcubed.f1"
"majority-vote",0.906663676236045,0.396070455073506,0.551306189367199
