"","bcubed.precision","bcubed.recall","bcubed.f1"
"majority-vote",0.992850759606792,0.467964901574611,0.636109428922632
