"","bcubed.precision","bcubed.recall","bcubed.f1"
"majority-vote",0.931920918692177,0.919263651406509,0.925549013725206
