"","bcubed.precision","bcubed.recall","bcubed.f1"
"majority-vote",0.961601884570082,0.409204527969247,0.574102720370152
