"","bcubed.precision","bcubed.recall","bcubed.f1"
"majority-vote",0.878370245695134,0.182194315091325,0.301790331731151
