"","bcubed.precision","bcubed.recall","bcubed.f1"
"majority-vote",0.994897959183674,0.383815629873505,0.55393286886376
