"","bcubed.precision","bcubed.recall","bcubed.f1"
"majority-vote",0.973868090932431,0.784679346216695,0.86909702945859
