"","bcubed.precision","bcubed.recall","bcubed.f1"
"majority-vote",0.913219000471476,0.727265357965048,0.80970298785579
