"","bcubed.precision","bcubed.recall","bcubed.f1"
"majority-vote",0.999203821656051,0.39467404904617,0.565845582894184
