"","bcubed.precision","bcubed.recall","bcubed.f1"
"majority-vote",0.994724480578139,0.542325885504144,0.701948155592592
