"","bcubed.precision","bcubed.recall","bcubed.f1"
"majority-vote",0.983679156092949,0.293284604318005,0.451849866088204
