"","bcubed.precision","bcubed.recall","bcubed.f1"
"majority-vote",0.975409836065574,0.159132438277863,0.273624613279662
