"","bcubed.precision","bcubed.recall","bcubed.f1"
"majority-vote",0.969094843130184,0.341162774497709,0.504662718209985
