"","bcubed.precision","bcubed.recall","bcubed.f1"
"majority-vote",0.978287548381006,0.892857659355121,0.933622390194427
