"","bcubed.precision","bcubed.recall","bcubed.f1"
"majority-vote",0.921708185053381,0.724836206134795,0.811502523215151
