"","bcubed.precision","bcubed.recall","bcubed.f1"
"majority-vote",0.958762179223274,0.705601585341797,0.812928192776993
