"","bcubed.precision","bcubed.recall","bcubed.f1"
"majority-vote",0.960271019402525,0.417633788561327,0.582103526398676
