"","bcubed.precision","bcubed.recall","bcubed.f1"
"majority-vote",0.878623590921644,0.653105193176922,0.749262710260272
