"","bcubed.precision","bcubed.recall","bcubed.f1"
"majority-vote",0.930308294717687,0.661369128018735,0.773117940704649
