"","bcubed.precision","bcubed.recall","bcubed.f1"
"majority-vote",0.925586405440915,0.724409614931609,0.812733707563736
