"","bcubed.precision","bcubed.recall","bcubed.f1"
"majority-vote",0.917211820437627,0.518852820423571,0.662780666578502
