"","bcubed.precision","bcubed.recall","bcubed.f1"
"majority-vote",0.970847457627119,0.453771766642877,0.618471460279425
