"","bcubed.precision","bcubed.recall","bcubed.f1"
"majority-vote",0.935091949437587,0.709283093661661,0.806683260657069
