"","bcubed.precision","bcubed.recall","bcubed.f1"
"majority-vote",0.987693389592124,0.687154212647028,0.810459020336513
