"","bcubed.precision","bcubed.recall","bcubed.f1"
"majority-vote",0.880143916540975,0.668759585176799,0.760027567720065
