"","bcubed.precision","bcubed.recall","bcubed.f1"
"majority-vote",0.586910994764398,0.862262521588946,0.698427550024912
