"","bcubed.precision","bcubed.recall","bcubed.f1"
"majority-vote",0.929709531866892,0.457978722610168,0.61366403070602
