"","bcubed.precision","bcubed.recall","bcubed.f1"
"majority-vote",0.900414614121511,0.426322597795313,0.57866334634656
