"","bcubed.precision","bcubed.recall","bcubed.f1"
"majority-vote",0.95416380952381,0.375711017440783,0.539133230305003
