"","bcubed.precision","bcubed.recall","bcubed.f1"
"majority-vote",0.961507936507937,0.403815964919393,0.568762115352557
