"","bcubed.precision","bcubed.recall","bcubed.f1"
"majority-vote",0.931260798880847,0.872016497016497,0.900665451172064
