"","bcubed.precision","bcubed.recall","bcubed.f1"
"majority-vote",0.92646729390681,0.525790694911115,0.67085584796429
