"","bcubed.precision","bcubed.recall","bcubed.f1"
"majority-vote",0.992551210428305,0.407011865585526,0.577294623971066
