"","bcubed.precision","bcubed.recall","bcubed.f1"
"majority-vote",0.934457235636481,0.77092172069572,0.844848445371707
