"","bcubed.precision","bcubed.recall","bcubed.f1"
"majority-vote",0.976680384087792,0.623647130896467,0.761224078991358
