"","bcubed.precision","bcubed.recall","bcubed.f1"
"majority-vote",0.997725284339458,0.427804655768637,0.598839084061807
