"","bcubed.precision","bcubed.recall","bcubed.f1"
"majority-vote",0.951329937747595,0.486510251198943,0.643787495362416
