"","bcubed.precision","bcubed.recall","bcubed.f1"
"majority-vote",0.985641757893067,0.798324607497785,0.882148996493008
