"","bcubed.precision","bcubed.recall","bcubed.f1"
"majority-vote",0.725029949368681,0.60078645394105,0.65708671456301
