"","bcubed.precision","bcubed.recall","bcubed.f1"
"majority-vote",0.979375189566272,0.355821292776758,0.521994404079659
