"","bcubed.precision","bcubed.recall","bcubed.f1"
"majority-vote",0.961797888072346,0.205116977642944,0.338124196890469
