"","bcubed.precision","bcubed.recall","bcubed.f1"
"majority-vote",0.947248372849837,0.402611869119715,0.56505618293821
