"","bcubed.precision","bcubed.recall","bcubed.f1"
"majority-vote",0.944444444444444,0.633442017350376,0.758293842617476
