"","bcubed.precision","bcubed.recall","bcubed.f1"
"majority-vote",0.990501861121807,0.744122328295506,0.849814680984679
