"","bcubed.precision","bcubed.recall","bcubed.f1"
"majority-vote",0.98743961352657,0.507799148486682,0.670690203691183
