"","bcubed.precision","bcubed.recall","bcubed.f1"
"majority-vote",0.920872577499899,0.698502652751999,0.794419880227752
