"","bcubed.precision","bcubed.recall","bcubed.f1"
"majority-vote",0.990232558139535,0.591595236091128,0.740683487993201
