"","bcubed.precision","bcubed.recall","bcubed.f1"
"majority-vote",0.98501872659176,0.441858674287132,0.610058114890244
