"","bcubed.precision","bcubed.recall","bcubed.f1"
"majority-vote",0.882221744687793,0.463715469972218,0.607903350173656
