"","bcubed.precision","bcubed.recall","bcubed.f1"
"majority-vote",0.961302681992337,0.647547509818608,0.773831101335053
