"","bcubed.precision","bcubed.recall","bcubed.f1"
"majority-vote",0.989384288747346,0.398562515635765,0.568222773103916
