"","bcubed.precision","bcubed.recall","bcubed.f1"
"majority-vote",0.945615763546798,0.485673018630618,0.641743396671912
