"","bcubed.precision","bcubed.recall","bcubed.f1"
"majority-vote",0.944645643669701,0.249328001383868,0.394525643556525
