"","bcubed.precision","bcubed.recall","bcubed.f1"
"majority-vote",0.57807486631016,0.785312007208831,0.665943236503788
