"","bcubed.precision","bcubed.recall","bcubed.f1"
"majority-vote",0.929259634888438,0.616222161867956,0.741038014617058
