"","bcubed.precision","bcubed.recall","bcubed.f1"
"majority-vote",0.969094843130184,0.324632346687316,0.486346017250062
