"","bcubed.precision","bcubed.recall","bcubed.f1"
"majority-vote",0.971190476190476,0.718615870025621,0.82602706584813
