"","bcubed.precision","bcubed.recall","bcubed.f1"
"majority-vote",0.780461972212179,0.666282353239446,0.718866534067241
