"","bcubed.precision","bcubed.recall","bcubed.f1"
"majority-vote",0.949579831932773,0.177009409186146,0.298395473506493
