"","bcubed.precision","bcubed.recall","bcubed.f1"
"majority-vote",0.843764864436341,0.783482142857143,0.812506891815622
