"","bcubed.precision","bcubed.recall","bcubed.f1"
"majority-vote",0.994366197183099,0.646479282366379,0.783543793216674
