"","bcubed.precision","bcubed.recall","bcubed.f1"
"majority-vote",0.940731046224447,0.230811135490403,0.37067585676226
