"","bcubed.precision","bcubed.recall","bcubed.f1"
"majority-vote",0.984790874524715,0.434619652575042,0.60308058813618
