"","bcubed.precision","bcubed.recall","bcubed.f1"
"majority-vote",0.951717809801642,0.382568530144348,0.54575584371605
