"","bcubed.precision","bcubed.recall","bcubed.f1"
"majority-vote",0.990751606513419,0.484794173893306,0.65102772545728
