"","bcubed.precision","bcubed.recall","bcubed.f1"
"majority-vote",0.86455617628802,0.222111844218746,0.353425633445047
