"","bcubed.precision","bcubed.recall","bcubed.f1"
"majority-vote",0.933266147563953,0.535825445378637,0.68078498519432
