"","bcubed.precision","bcubed.recall","bcubed.f1"
"majority-vote",0.923433299802795,0.737398260486875,0.81999659114314
