"","bcubed.precision","bcubed.recall","bcubed.f1"
"majority-vote",0.940548718396322,0.290495896203989,0.443892186576458
