"","bcubed.precision","bcubed.recall","bcubed.f1"
"majority-vote",0.971461187214612,0.411356715009048,0.577974991629458
