"","bcubed.precision","bcubed.recall","bcubed.f1"
"majority-vote",0.988973290860083,0.51163236029203,0.674382025257653
