"","bcubed.precision","bcubed.recall","bcubed.f1"
"majority-vote",0.937859582883855,0.65491574449333,0.771256305138798
