"","bcubed.precision","bcubed.recall","bcubed.f1"
"majority-vote",0.836682269213738,0.548045438807251,0.662281687175627
