"","bcubed.precision","bcubed.recall","bcubed.f1"
"majority-vote",0.867622301445831,0.747100227396692,0.802863411052139
