"","bcubed.precision","bcubed.recall","bcubed.f1"
"majority-vote",0.991464806038266,0.875553020995221,0.929910784533366
