"","bcubed.precision","bcubed.recall","bcubed.f1"
"majority-vote",0.953982800381768,0.515257231878957,0.669116721831355
