"","bcubed.precision","bcubed.recall","bcubed.f1"
"majority-vote",0.911392405063291,0.542931780862815,0.68048638169454
