"","bcubed.precision","bcubed.recall","bcubed.f1"
"majority-vote",0.954545454545455,0.731247538693526,0.828107622948823
