"","bcubed.precision","bcubed.recall","bcubed.f1"
"majority-vote",0.958076048098798,0.348684336310792,0.511289008990781
