"","bcubed.precision","bcubed.recall","bcubed.f1"
"majority-vote",0.869558823529412,0.117831195789162,0.207539379537578
