"","bcubed.precision","bcubed.recall","bcubed.f1"
"majority-vote",0.990074015331747,0.888828873613803,0.936723634860635
