"","bcubed.precision","bcubed.recall","bcubed.f1"
"majority-vote",0.993775933609959,0.716886520716936,0.832922438457551
