"","bcubed.precision","bcubed.recall","bcubed.f1"
"majority-vote",0.807639677774267,0.601195256800098,0.689291742510832
