"","bcubed.precision","bcubed.recall","bcubed.f1"
"majority-vote",0.916045321637427,0.498774671828443,0.645877506382172
