"","bcubed.precision","bcubed.recall","bcubed.f1"
"majority-vote",0.859242816623505,0.441878406904315,0.583621018684356
