"","bcubed.precision","bcubed.recall","bcubed.f1"
"majority-vote",0.882350014748437,0.36239685850032,0.513776544154679
