"","bcubed.precision","bcubed.recall","bcubed.f1"
"majority-vote",0.820241803886664,0.783482142857143,0.801440681203214
