"","bcubed.precision","bcubed.recall","bcubed.f1"
"majority-vote",0.845613710745054,0.5499068697568,0.666430571066203
