"","bcubed.precision","bcubed.recall","bcubed.f1"
"majority-vote",0.993775933609959,0.706463291277219,0.825844041913301
