"","bcubed.precision","bcubed.recall","bcubed.f1"
"majority-vote",0.809149986805647,0.720127865194013,0.762047853970024
