"","bcubed.precision","bcubed.recall","bcubed.f1"
"majority-vote",0.975783475783476,0.37104349601797,0.537646067077194
