"","bcubed.precision","bcubed.recall","bcubed.f1"
"majority-vote",0.996938775510204,0.624595095702455,0.768017345741427
