"","bcubed.precision","bcubed.recall","bcubed.f1"
"majority-vote",0.968273176891508,0.572966453220973,0.719924451815507
