"","bcubed.precision","bcubed.recall","bcubed.f1"
"majority-vote",0.897968445455641,0.680535158173002,0.774276468748925
