"","bcubed.precision","bcubed.recall","bcubed.f1"
"majority-vote",0.997524752475248,0.86771958137287,0.928105497944248
