"","bcubed.precision","bcubed.recall","bcubed.f1"
"majority-vote",0.979061399208056,0.671269870166766,0.796463631911488
