"","bcubed.precision","bcubed.recall","bcubed.f1"
"majority-vote",0.997950819672131,0.322783744855967,0.487792644195615
