"","bcubed.precision","bcubed.recall","bcubed.f1"
"majority-vote",0.985124029176893,0.706277979045909,0.822715599312411
