"","bcubed.precision","bcubed.recall","bcubed.f1"
"majority-vote",0.9897016107737,0.949547920433996,0.969209058697143
