"","bcubed.precision","bcubed.recall","bcubed.f1"
"majority-vote",0.977871148459384,0.364782716049383,0.531351382378588
