"","bcubed.precision","bcubed.recall","bcubed.f1"
"majority-vote",0.989855072463768,0.781697423637865,0.873546972638409
