"","bcubed.precision","bcubed.recall","bcubed.f1"
"majority-vote",0.962382445141066,0.37842383107089,0.543237987928513
