"","bcubed.precision","bcubed.recall","bcubed.f1"
"majority-vote",0.895730706075534,0.799172974311826,0.844701419721048
