"","bcubed.precision","bcubed.recall","bcubed.f1"
"majority-vote",0.947300447300447,0.484656989061997,0.641242219729652
