"","bcubed.precision","bcubed.recall","bcubed.f1"
"majority-vote",0.99748322147651,0.889062249238469,0.94015722412187
