"","bcubed.precision","bcubed.recall","bcubed.f1"
"majority-vote",0.971404431691376,0.308714448297276,0.468529271602948
