"","bcubed.precision","bcubed.recall","bcubed.f1"
"majority-vote",0.977297592997812,0.39756310870118,0.565202669213329
