"","bcubed.precision","bcubed.recall","bcubed.f1"
"majority-vote",0.971264367816092,0.693158795018335,0.808977493071117
