"","bcubed.precision","bcubed.recall","bcubed.f1"
"majority-vote",0.962666181941477,0.57495765548012,0.719931985325108
