"","bcubed.precision","bcubed.recall","bcubed.f1"
"majority-vote",0.917692794239284,0.465714671862003,0.617870018793121
