"","bcubed.precision","bcubed.recall","bcubed.f1"
"majority-vote",0.909420289855072,0.496461836127763,0.642290642393165
