"","bcubed.precision","bcubed.recall","bcubed.f1"
"majority-vote",0.963960691342918,0.633165477165477,0.764306093203549
