"","bcubed.precision","bcubed.recall","bcubed.f1"
"majority-vote",0.969996808171082,0.570490757846903,0.718440351496011
