"","bcubed.precision","bcubed.recall","bcubed.f1"
"majority-vote",0.960687960687961,0.310677361853832,0.469517291213459
