"","bcubed.precision","bcubed.recall","bcubed.f1"
"majority-vote",0.981533281533282,0.715445436853483,0.827627948169427
