"","bcubed.precision","bcubed.recall","bcubed.f1"
"majority-vote",0.995356037151703,0.241339927163327,0.388485384345569
