"","bcubed.precision","bcubed.recall","bcubed.f1"
"majority-vote",0.99412915851272,0.304352490972422,0.466029975643682
