"","bcubed.precision","bcubed.recall","bcubed.f1"
"majority-vote",0.997451146983857,0.835986556295513,0.909609034382321
