"","bcubed.precision","bcubed.recall","bcubed.f1"
"majority-vote",0.979535370914681,0.334638138855547,0.498853296051262
