"","bcubed.precision","bcubed.recall","bcubed.f1"
"majority-vote",0.979504048582996,0.504434934136427,0.665925035984783
