"","bcubed.precision","bcubed.recall","bcubed.f1"
"majority-vote",0.883682135274492,0.135784539109351,0.235398320459931
