"","bcubed.precision","bcubed.recall","bcubed.f1"
"majority-vote",0.994338624338624,0.364057471420958,0.532976215763479
