"","bcubed.precision","bcubed.recall","bcubed.f1"
"majority-vote",0.860003216030002,0.541523742391621,0.664578240489749
