"","bcubed.precision","bcubed.recall","bcubed.f1"
"majority-vote",0.997440273037543,0.792431471840364,0.883195196413261
