"","bcubed.precision","bcubed.recall","bcubed.f1"
"majority-vote",0.988828502415459,0.219947824049991,0.359852642218516
