"","bcubed.precision","bcubed.recall","bcubed.f1"
"majority-vote",0.954387273179219,0.635338864384233,0.762847527000855
