"","bcubed.precision","bcubed.recall","bcubed.f1"
"majority-vote",0.739652688860435,0.817644859031744,0.776695782169963
