"","bcubed.precision","bcubed.recall","bcubed.f1"
"majority-vote",0.995427526291724,0.560097809210012,0.716846924930994
