"","bcubed.precision","bcubed.recall","bcubed.f1"
"majority-vote",0.924388458889206,0.624302119698774,0.74527175704237
