"","bcubed.precision","bcubed.recall","bcubed.f1"
"majority-vote",0.82793107289065,0.492835663623596,0.617874373213757
