"","bcubed.precision","bcubed.recall","bcubed.f1"
"majority-vote",0.986904761904762,0.439351074664692,0.608022286909596
