"","bcubed.precision","bcubed.recall","bcubed.f1"
"majority-vote",0.862751649556254,0.491022676929019,0.625851172092895
