"","bcubed.precision","bcubed.recall","bcubed.f1"
"majority-vote",0.952257031481074,0.996128872755697,0.973699020589564
