"","bcubed.precision","bcubed.recall","bcubed.f1"
"majority-vote",0.99749373433584,0.755930736162979,0.860072601473321
