"","bcubed.precision","bcubed.recall","bcubed.f1"
"majority-vote",0.785232311194271,0.61446332117792,0.689430534286823
