"","bcubed.precision","bcubed.recall","bcubed.f1"
"majority-vote",0.919172702910664,0.558882706046351,0.695115655899731
