"","bcubed.precision","bcubed.recall","bcubed.f1"
"majority-vote",0.88327430145612,0.489403852176971,0.629831318459365
