"","bcubed.precision","bcubed.recall","bcubed.f1"
"majority-vote",0.996347941567065,0.720890307010997,0.836526409868637
