"","bcubed.precision","bcubed.recall","bcubed.f1"
"majority-vote",0.897263157894737,0.383414710854267,0.537252813746907
