"","bcubed.precision","bcubed.recall","bcubed.f1"
"majority-vote",0.953447050461976,0.386401099817762,0.549932451434277
