"","bcubed.precision","bcubed.recall","bcubed.f1"
"majority-vote",0.851366120218579,0.501865838154455,0.631483122839494
