"","bcubed.precision","bcubed.recall","bcubed.f1"
"majority-vote",0.977768339586135,0.930878485620645,0.953747439517152
