"","bcubed.precision","bcubed.recall","bcubed.f1"
"majority-vote",0.976943346508564,0.252580471987528,0.401385980253773
