"","bcubed.precision","bcubed.recall","bcubed.f1"
"majority-vote",0.975259854856913,0.902661558960693,0.937557423329348
