"","bcubed.precision","bcubed.recall","bcubed.f1"
"majority-vote",0.731769256388519,0.820333031074754,0.773524395897416
