"","bcubed.precision","bcubed.recall","bcubed.f1"
"majority-vote",0.939932841489802,0.692015952925287,0.797143296671226
