"","bcubed.precision","bcubed.recall","bcubed.f1"
"majority-vote",0.990328892902837,0.380955026123515,0.550244575951192
