"","bcubed.precision","bcubed.recall","bcubed.f1"
"majority-vote",0.784163780941388,0.346541771846397,0.480665378170652
