"","bcubed.precision","bcubed.recall","bcubed.f1"
"majority-vote",0.997470489038786,0.884216802287759,0.937435428574859
