"","bcubed.precision","bcubed.recall","bcubed.f1"
"majority-vote",0.893748356607327,0.572564377782833,0.697979987070264
