"","bcubed.precision","bcubed.recall","bcubed.f1"
"majority-vote",0.981337535014006,0.604114875370792,0.74785039119248
