"","bcubed.precision","bcubed.recall","bcubed.f1"
"majority-vote",0.987265692649856,0.692293221659251,0.813877192607289
