"","bcubed.precision","bcubed.recall","bcubed.f1"
"majority-vote",0.994413116123643,0.348507775322401,0.516129736396452
