"","bcubed.precision","bcubed.recall","bcubed.f1"
"majority-vote",0.995327102803738,0.230970942421543,0.374935995123518
