"","bcubed.precision","bcubed.recall","bcubed.f1"
"majority-vote",0.994609363461822,0.89714675018032,0.943367436948044
