"","bcubed.precision","bcubed.recall","bcubed.f1"
"majority-vote",0.990489130434783,0.677040066148349,0.804304749521493
