"","bcubed.precision","bcubed.recall","bcubed.f1"
"majority-vote",0.98982498982499,0.692517507804898,0.814900813695563
