"","bcubed.precision","bcubed.recall","bcubed.f1"
"majority-vote",0.897222554924637,0.599506503285655,0.718755012634112
