"","bcubed.precision","bcubed.recall","bcubed.f1"
"majority-vote",0.981126369417083,0.629961214400999,0.767272450445027
