"","bcubed.precision","bcubed.recall","bcubed.f1"
"majority-vote",0.890680038125233,0.431376341549711,0.581243435975535
