"","bcubed.precision","bcubed.recall","bcubed.f1"
"majority-vote",0.997229916897507,0.591251986678531,0.742361833916471
