"","bcubed.precision","bcubed.recall","bcubed.f1"
"majority-vote",0.980099502487562,0.468695319794585,0.634138171511854
