"","bcubed.precision","bcubed.recall","bcubed.f1"
"majority-vote",0.994174757281553,0.315768842079047,0.479302180772128
