"","bcubed.precision","bcubed.recall","bcubed.f1"
"majority-vote",0.718034143764644,0.427254065464532,0.535730665161156
