"","bcubed.precision","bcubed.recall","bcubed.f1"
"majority-vote",0.985714285714286,0.936366533793004,0.9604069294663
