"","bcubed.precision","bcubed.recall","bcubed.f1"
"majority-vote",0.997446808510638,0.685965641306287,0.812889603784644
