"","bcubed.precision","bcubed.recall","bcubed.f1"
"majority-vote",0.974186917636454,0.751080502370425,0.848207983314455
