"","bcubed.precision","bcubed.recall","bcubed.f1"
"majority-vote",0.99748743718593,0.765840536498431,0.866448358383113
