"","bcubed.precision","bcubed.recall","bcubed.f1"
"majority-vote",0.980769230769231,0.498424486461251,0.660953862214088
