"","bcubed.precision","bcubed.recall","bcubed.f1"
"majority-vote",0.951861744261765,0.998675180018002,0.974706694315849
