"","bcubed.precision","bcubed.recall","bcubed.f1"
"majority-vote",0.992929292929293,0.282563225914115,0.439932496615712
