"","bcubed.precision","bcubed.recall","bcubed.f1"
"majority-vote",0.997489539748954,0.815370168555729,0.897282024010859
