"","bcubed.precision","bcubed.recall","bcubed.f1"
"majority-vote",0.70777033236539,0.675389144475797,0.69120069994141
