"","bcubed.precision","bcubed.recall","bcubed.f1"
"majority-vote",0.763067293405357,0.124964111117304,0.214758229399203
