"","bcubed.precision","bcubed.recall","bcubed.f1"
"majority-vote",0.976778610025875,0.338524586979913,0.502794452689782
