"","bcubed.precision","bcubed.recall","bcubed.f1"
"majority-vote",0.985495918012854,0.73532410700969,0.842225096566973
