"","bcubed.precision","bcubed.recall","bcubed.f1"
"majority-vote",0.985152916073969,0.696372216922284,0.81596534801887
