"","bcubed.precision","bcubed.recall","bcubed.f1"
"majority-vote",0.814392350020537,0.311065974240539,0.450180596317514
