"","bcubed.precision","bcubed.recall","bcubed.f1"
"majority-vote",0.927808911481112,0.599110723478911,0.728080581951758
