"","bcubed.precision","bcubed.recall","bcubed.f1"
"majority-vote",0.972198412698413,0.305220690862214,0.464585303839359
