"","bcubed.precision","bcubed.recall","bcubed.f1"
"majority-vote",0.997442455242967,0.749270459271769,0.855726387921836
