"","bcubed.precision","bcubed.recall","bcubed.f1"
"majority-vote",0.951639055226116,0.359926967404927,0.522307765375804
