"","bcubed.precision","bcubed.recall","bcubed.f1"
"majority-vote",0.995110024449878,0.4759469137952,0.643917353176823
