"","bcubed.precision","bcubed.recall","bcubed.f1"
"majority-vote",0.996932515337423,0.625416990992995,0.768636513319126
