"","bcubed.precision","bcubed.recall","bcubed.f1"
"majority-vote",0.953054412713779,0.917955016716169,0.935175489329997
