"","bcubed.precision","bcubed.recall","bcubed.f1"
"majority-vote",0.996296296296296,0.28271077178253,0.440441185791231
