"","bcubed.precision","bcubed.recall","bcubed.f1"
"majority-vote",0.92224049744457,0.415773171821166,0.573152375961722
