"","bcubed.precision","bcubed.recall","bcubed.f1"
"majority-vote",0.994307400379507,0.347671717244286,0.515198123158211
