"","bcubed.precision","bcubed.recall","bcubed.f1"
"majority-vote",0.974605451936872,0.492076512391642,0.653966522274024
