"","bcubed.precision","bcubed.recall","bcubed.f1"
"majority-vote",0.962043004395604,0.561386110600282,0.709028828649263
