"","bcubed.precision","bcubed.recall","bcubed.f1"
"majority-vote",0.933118732381475,0.431564990024547,0.590175393492555
