"","bcubed.precision","bcubed.recall","bcubed.f1"
"majority-vote",0.983301627562883,0.23356229827757,0.377465685614833
