"","bcubed.precision","bcubed.recall","bcubed.f1"
"majority-vote",0.581561482232492,0.570619153979075,0.576038358133605
