"","bcubed.precision","bcubed.recall","bcubed.f1"
"majority-vote",0.989110707803993,0.278174839848459,0.434228439273939
