"","bcubed.precision","bcubed.recall","bcubed.f1"
"majority-vote",0.986868686868687,0.281667305996203,0.4382510956974
