"","bcubed.precision","bcubed.recall","bcubed.f1"
"majority-vote",0.96464540781513,0.593185714516507,0.734628891780569
