"","bcubed.precision","bcubed.recall","bcubed.f1"
"majority-vote",0.981518723994452,0.599650294925819,0.744471951164842
