"","bcubed.precision","bcubed.recall","bcubed.f1"
"majority-vote",0.994513031550069,0.727949311085837,0.840604822831577
