"","bcubed.precision","bcubed.recall","bcubed.f1"
"majority-vote",0.946197472885667,0.409945472781002,0.572047912214182
