"","bcubed.precision","bcubed.recall","bcubed.f1"
"majority-vote",0.98204867389994,0.955540025974687,0.96861301413192
