"","bcubed.precision","bcubed.recall","bcubed.f1"
"majority-vote",0.99512987012987,0.717202183293101,0.833610880659052
