"","bcubed.precision","bcubed.recall","bcubed.f1"
"majority-vote",0.977862331373227,0.170321678321678,0.290112302628728
