"","bcubed.precision","bcubed.recall","bcubed.f1"
"majority-vote",0.714023953285856,0.359432185156057,0.478162415011778
