"","bcubed.precision","bcubed.recall","bcubed.f1"
"majority-vote",0.982192543127435,0.673502309378176,0.799071090967361
