"","bcubed.precision","bcubed.recall","bcubed.f1"
"majority-vote",0.822938689217759,0.686390137213865,0.748487658777734
