"","bcubed.precision","bcubed.recall","bcubed.f1"
"majority-vote",0.989906832298137,0.969484629294756,0.979589303269409
