"","bcubed.precision","bcubed.recall","bcubed.f1"
"majority-vote",0.996815286624204,0.988531814964936,0.992656270213589
