"","bcubed.precision","bcubed.recall","bcubed.f1"
"majority-vote",0.817020005622189,0.715420712585484,0.762852393145051
