"","bcubed.precision","bcubed.recall","bcubed.f1"
"majority-vote",0.936758893280632,0.498061389584515,0.650344076766657
