"","bcubed.precision","bcubed.recall","bcubed.f1"
"majority-vote",0.889376686303142,0.741496913663895,0.808732286783882
