"","bcubed.precision","bcubed.recall","bcubed.f1"
"majority-vote",0.291557507496169,0.860702503704958,0.435568837304946
