"","bcubed.precision","bcubed.recall","bcubed.f1"
"majority-vote",0.95193800407292,0.663442202921389,0.781928419987076
