"","bcubed.precision","bcubed.recall","bcubed.f1"
"majority-vote",0.718682101751444,0.690022133649907,0.70406057539146
