"","bcubed.precision","bcubed.recall","bcubed.f1"
"majority-vote",0.939393939393939,0.158400362524074,0.271089657311832
