"","bcubed.precision","bcubed.recall","bcubed.f1"
"majority-vote",0.984158415841584,0.657109546502536,0.788049124405836
