"","bcubed.precision","bcubed.recall","bcubed.f1"
"majority-vote",0.924890350877193,0.627462869238012,0.747683382585939
