"","bcubed.precision","bcubed.recall","bcubed.f1"
"majority-vote",0.975552398989899,0.419144956231104,0.586360712659379
