"","bcubed.precision","bcubed.recall","bcubed.f1"
"majority-vote",0.955257320319432,0.860731120371942,0.905534071845758
