"","bcubed.precision","bcubed.recall","bcubed.f1"
"majority-vote",0.938462438050856,0.818792566810224,0.874552715890415
