"","bcubed.precision","bcubed.recall","bcubed.f1"
"majority-vote",0.976683937823834,0.486162736145764,0.649182643692325
