"","bcubed.precision","bcubed.recall","bcubed.f1"
"majority-vote",0.835349341036288,0.552734044092618,0.665271300626097
