"","bcubed.precision","bcubed.recall","bcubed.f1"
"majority-vote",0.974137931034483,0.479852720524362,0.642979012102613
