"","bcubed.precision","bcubed.recall","bcubed.f1"
"majority-vote",0.942307692307692,0.469633097435677,0.626851895618599
