"","bcubed.precision","bcubed.recall","bcubed.f1"
"majority-vote",0.908445242060673,0.545988515097718,0.682053295750448
