"","bcubed.precision","bcubed.recall","bcubed.f1"
"majority-vote",0.989002036659878,0.6369467729648,0.774860379339415
