"","bcubed.precision","bcubed.recall","bcubed.f1"
"majority-vote",0.996516335561623,0.674089582180227,0.804188795383288
