"","bcubed.precision","bcubed.recall","bcubed.f1"
"majority-vote",0.942260015117158,0.406952189127284,0.568412848138695
