"","bcubed.precision","bcubed.recall","bcubed.f1"
"majority-vote",0.994949494949495,0.934389004481434,0.963718775496758
