"","bcubed.precision","bcubed.recall","bcubed.f1"
"majority-vote",0.980385944700461,0.65024776484628,0.781896958827601
