"","bcubed.precision","bcubed.recall","bcubed.f1"
"majority-vote",0.889685314685315,0.796324311044706,0.840419929342472
