"","bcubed.precision","bcubed.recall","bcubed.f1"
"majority-vote",0.92304932735426,0.540758076747487,0.681983678460006
