"","bcubed.precision","bcubed.recall","bcubed.f1"
"majority-vote",0.946802210817213,0.729371492059071,0.823984459371449
