"","bcubed.precision","bcubed.recall","bcubed.f1"
"majority-vote",0.397045454545455,0.691759722757027,0.504516435601037
