"","bcubed.precision","bcubed.recall","bcubed.f1"
"majority-vote",0.968917510578615,0.556441718473956,0.706910364951534
