"","bcubed.precision","bcubed.recall","bcubed.f1"
"majority-vote",0.485650078036759,0.827937672858408,0.612198149928315
