"","bcubed.precision","bcubed.recall","bcubed.f1"
"majority-vote",0.958576051779935,0.527341235001463,0.680383334234437
