"","bcubed.precision","bcubed.recall","bcubed.f1"
"majority-vote",0.931841534421738,0.393150377540268,0.552990320556937
