"","bcubed.precision","bcubed.recall","bcubed.f1"
"majority-vote",0.853814884302689,0.451976594833738,0.591065802145846
