"","bcubed.precision","bcubed.recall","bcubed.f1"
"majority-vote",0.912280701754386,0.520948253217757,0.663189278132403
