"","bcubed.precision","bcubed.recall","bcubed.f1"
"majority-vote",0.776584650016384,0.39228892422401,0.521263485868066
