"","bcubed.precision","bcubed.recall","bcubed.f1"
"majority-vote",0.782511296141026,0.585966080602439,0.670124453672787
