"","bcubed.precision","bcubed.recall","bcubed.f1"
"majority-vote",0.982163949917316,0.591237880945371,0.738136337583463
