"","bcubed.precision","bcubed.recall","bcubed.f1"
"majority-vote",0.842656621877401,0.575639782798587,0.684013120518503
