"","bcubed.precision","bcubed.recall","bcubed.f1"
"majority-vote",0.978927203065134,0.882799948589422,0.928381888581962
