"","bcubed.precision","bcubed.recall","bcubed.f1"
"majority-vote",0.740553331611647,0.743672652221526,0.742109714059585
