"","bcubed.precision","bcubed.recall","bcubed.f1"
"majority-vote",0.718597155191639,0.675494298085034,0.696379394352034
