"","bcubed.precision","bcubed.recall","bcubed.f1"
"majority-vote",0.929449838187702,0.630258644394409,0.751158054970628
