"","bcubed.precision","bcubed.recall","bcubed.f1"
"majority-vote",0.993040748637764,0.785659006727595,0.877260376138653
