"","bcubed.precision","bcubed.recall","bcubed.f1"
"majority-vote",0.972762863534676,0.768198937708882,0.858462716271218
