"","bcubed.precision","bcubed.recall","bcubed.f1"
"majority-vote",0.944447758226464,0.74907200402857,0.835489954971602
