"","bcubed.precision","bcubed.recall","bcubed.f1"
"majority-vote",0.990508885298869,0.611169951256857,0.755918419262364
