"","bcubed.precision","bcubed.recall","bcubed.f1"
"majority-vote",0.95774970389706,0.599523000152639,0.737434072250125
