"","bcubed.precision","bcubed.recall","bcubed.f1"
"majority-vote",0.986928104575163,0.460700241049586,0.628169539579117
