"","bcubed.precision","bcubed.recall","bcubed.f1"
"majority-vote",0.994982618356449,0.570602240100314,0.725274401867556
