"","bcubed.precision","bcubed.recall","bcubed.f1"
"majority-vote",0.898192517864649,0.631348543349873,0.741493709690044
