"","bcubed.precision","bcubed.recall","bcubed.f1"
"majority-vote",0.969116038580094,0.667171405445772,0.790284753281159
