"","bcubed.precision","bcubed.recall","bcubed.f1"
"majority-vote",0.924133387720045,0.559102481477643,0.696700074506832
