"","bcubed.precision","bcubed.recall","bcubed.f1"
"majority-vote",0.953108886866849,0.682804954234052,0.79562560512262
