"","bcubed.precision","bcubed.recall","bcubed.f1"
"majority-vote",0.798457913900193,0.300140792340567,0.436282674587604
