"","bcubed.precision","bcubed.recall","bcubed.f1"
"majority-vote",0.991869918699187,0.224048528303847,0.365529441717328
