"","bcubed.precision","bcubed.recall","bcubed.f1"
"majority-vote",0.934782608695652,0.797367739119761,0.860624478936461
