"","bcubed.precision","bcubed.recall","bcubed.f1"
"majority-vote",0.96780303030303,0.882799948589422,0.923349281440721
