"","bcubed.precision","bcubed.recall","bcubed.f1"
"majority-vote",0.984466019417476,0.536130138726303,0.6942039156615
