"","bcubed.precision","bcubed.recall","bcubed.f1"
"majority-vote",0.550231405438734,0.439140456551171,0.488449045047985
