"","bcubed.precision","bcubed.recall","bcubed.f1"
"majority-vote",0.959876543209877,0.914424537621875,0.936599432370029
