"","bcubed.precision","bcubed.recall","bcubed.f1"
"majority-vote",0.432984200248535,0.635155949172122,0.514937091044753
