"","bcubed.precision","bcubed.recall","bcubed.f1"
"majority-vote",0.99740932642487,0.663900792989482,0.797179087769609
