"","bcubed.precision","bcubed.recall","bcubed.f1"
"majority-vote",0.98588504577823,0.698254169615005,0.817507647448246
