"","bcubed.precision","bcubed.recall","bcubed.f1"
"majority-vote",0.983100495718792,0.65420819776075,0.785621436059305
