"","bcubed.precision","bcubed.recall","bcubed.f1"
"majority-vote",0.916190155307406,0.915174382233344,0.91568198706924
