"","bcubed.precision","bcubed.recall","bcubed.f1"
"majority-vote",0.983105872622002,0.528673273263454,0.687589587484596
