"","bcubed.precision","bcubed.recall","bcubed.f1"
"majority-vote",0.996146435452794,0.214241060134257,0.352639909381845
