"","bcubed.precision","bcubed.recall","bcubed.f1"
"majority-vote",0.994903737259343,0.920980606651271,0.956516034397404
