"","bcubed.precision","bcubed.recall","bcubed.f1"
"majority-vote",0.977964551172098,0.535803561325308,0.692308002846525
