"","bcubed.precision","bcubed.recall","bcubed.f1"
"majority-vote",0.967895219837506,0.606600641248663,0.745795369204612
