"","bcubed.precision","bcubed.recall","bcubed.f1"
"majority-vote",0.943589743589744,0.447772204145441,0.607337666498591
