"","bcubed.precision","bcubed.recall","bcubed.f1"
"majority-vote",0.797161167191288,0.359145740231438,0.495192125268533
