"","bcubed.precision","bcubed.recall","bcubed.f1"
"majority-vote",0.543450893089182,0.261669978187835,0.353250768708187
