"","bcubed.precision","bcubed.recall","bcubed.f1"
"majority-vote",0.991538764266037,0.558550476424161,0.714571051312144
