"","bcubed.precision","bcubed.recall","bcubed.f1"
"majority-vote",0.992344706911636,0.659428183859118,0.792336611767009
