"","bcubed.precision","bcubed.recall","bcubed.f1"
"majority-vote",0.924242424242424,0.619201459548682,0.741578315969635
