"","bcubed.precision","bcubed.recall","bcubed.f1"
"majority-vote",0.838342757460404,0.583434353924822,0.688037472469817
