"","bcubed.precision","bcubed.recall","bcubed.f1"
"majority-vote",0.97957383737968,0.862373765583806,0.917245178363784
