"","bcubed.precision","bcubed.recall","bcubed.f1"
"majority-vote",0.992063492063492,0.222867881834473,0.363969675772107
