"","bcubed.precision","bcubed.recall","bcubed.f1"
"majority-vote",0.941818181818182,0.471132049755926,0.628076942247384
