"","bcubed.precision","bcubed.recall","bcubed.f1"
"majority-vote",0.469931789554625,0.772657887444148,0.584418992820078
