"","bcubed.precision","bcubed.recall","bcubed.f1"
"majority-vote",0.952107279693487,0.939694349776933,0.945860091430316
