"","bcubed.precision","bcubed.recall","bcubed.f1"
"majority-vote",0.482721025609998,0.579401802556696,0.52666118259263
