"","bcubed.precision","bcubed.recall","bcubed.f1"
"majority-vote",0.988962236416602,0.653680049155059,0.787103667051068
