"","bcubed.precision","bcubed.recall","bcubed.f1"
"majority-vote",0.987089885459134,0.485660674189394,0.651014166814537
