"","bcubed.precision","bcubed.recall","bcubed.f1"
"majority-vote",0.937496378886352,0.690918387647437,0.795538704066436
