"","bcubed.precision","bcubed.recall","bcubed.f1"
"majority-vote",0.991998171010517,0.574424481961218,0.727553364231734
