"","bcubed.precision","bcubed.recall","bcubed.f1"
"majority-vote",0.977466036098269,0.583507187988666,0.730772891266922
