"","bcubed.precision","bcubed.recall","bcubed.f1"
"majority-vote",0.993377483443709,0.562105549472147,0.717954467324094
