"","bcubed.precision","bcubed.recall","bcubed.f1"
"majority-vote",0.982773851590106,0.392931390645471,0.561403248806082
