"","bcubed.precision","bcubed.recall","bcubed.f1"
"majority-vote",0.996491228070175,0.635667909068791,0.776195753145886
