"","bcubed.precision","bcubed.recall","bcubed.f1"
"majority-vote",0.832876758658009,0.681346103116611,0.749529475764173
