"","bcubed.precision","bcubed.recall","bcubed.f1"
"majority-vote",0.970072285565243,0.584458599668561,0.729438179690421
