"","bcubed.precision","bcubed.recall","bcubed.f1"
"majority-vote",0.982402489403938,0.70153274660923,0.818543970015127
