"","bcubed.precision","bcubed.recall","bcubed.f1"
"majority-vote",0.963809523809524,0.256185355862775,0.404778560886088
