"","bcubed.precision","bcubed.recall","bcubed.f1"
"majority-vote",0.979555565926203,0.485854693537254,0.649540517697809
