"","bcubed.precision","bcubed.recall","bcubed.f1"
"majority-vote",0.260555741144273,0.906069512834146,0.404725703716162
