"","bcubed.precision","bcubed.recall","bcubed.f1"
"majority-vote",0.99645390070922,0.692057214108154,0.816817969938696
