"","bcubed.precision","bcubed.recall","bcubed.f1"
"majority-vote",0.997422680412371,0.658544947454425,0.79330979133712
