"","bcubed.precision","bcubed.recall","bcubed.f1"
"majority-vote",0.992247281514297,0.382049224574695,0.551681973736079
