"","bcubed.precision","bcubed.recall","bcubed.f1"
"majority-vote",0.97353961827646,0.411746752550932,0.578727669233603
