"","bcubed.precision","bcubed.recall","bcubed.f1"
"majority-vote",0.972169573513551,0.595642771119528,0.738692715040743
