"","bcubed.precision","bcubed.recall","bcubed.f1"
"majority-vote",0.944193712528484,0.320675008608838,0.478752176939334
