"","bcubed.precision","bcubed.recall","bcubed.f1"
"majority-vote",0.992185914349503,0.315994694619303,0.479330579984038
