"","bcubed.precision","bcubed.recall","bcubed.f1"
"majority-vote",0.986453201970443,0.673416987171257,0.800417222505664
