"","bcubed.precision","bcubed.recall","bcubed.f1"
"majority-vote",0.506126639882167,0.47528016602581,0.490218637134329
