"","bcubed.precision","bcubed.recall","bcubed.f1"
"majority-vote",0.816145048468051,0.669238877623572,0.735427368804182
