"","bcubed.precision","bcubed.recall","bcubed.f1"
"majority-vote",0.995201045070252,0.33452103287396,0.500729719444595
