"","bcubed.precision","bcubed.recall","bcubed.f1"
"majority-vote",0.984086021505376,0.579914006206492,0.72977654356938
