"","bcubed.precision","bcubed.recall","bcubed.f1"
"majority-vote",0.95959595959596,0.557257115972712,0.705067202033441
