"","bcubed.precision","bcubed.recall","bcubed.f1"
"majority-vote",0.853754176293358,0.779062124915123,0.814699782511957
