"","bcubed.precision","bcubed.recall","bcubed.f1"
"majority-vote",0.89503065936187,0.658057945059275,0.758465466539484
