"","bcubed.precision","bcubed.recall","bcubed.f1"
"majority-vote",0.938986286484089,0.342743095856105,0.502182553088362
