"","bcubed.precision","bcubed.recall","bcubed.f1"
"majority-vote",0.941399258439617,0.540688139728396,0.686873681560993
