"","bcubed.precision","bcubed.recall","bcubed.f1"
"majority-vote",0.983106558630179,0.517835846631197,0.678357564330776
