"","bcubed.precision","bcubed.recall","bcubed.f1"
"majority-vote",0.966561514195584,0.725995688658263,0.829182601268443
