"","bcubed.precision","bcubed.recall","bcubed.f1"
"majority-vote",0.941159620521323,0.713033536648162,0.811366399216707
