"","bcubed.precision","bcubed.recall","bcubed.f1"
"majority-vote",0.969072164948454,0.211306219553642,0.346958192963348
