"","bcubed.precision","bcubed.recall","bcubed.f1"
"majority-vote",0.949981597350018,0.558142084815769,0.703158123636263
