"","bcubed.precision","bcubed.recall","bcubed.f1"
"majority-vote",0.996908809891808,0.547233560357049,0.706595412313544
