"","bcubed.precision","bcubed.recall","bcubed.f1"
"majority-vote",0.984969744290455,0.569061588129385,0.721360548210481
