"","bcubed.precision","bcubed.recall","bcubed.f1"
"majority-vote",0.968011078414402,0.447739862689707,0.612278805187822
