"","bcubed.precision","bcubed.recall","bcubed.f1"
"majority-vote",0.978820414766877,0.38163650937375,0.54915903586049
