"","bcubed.precision","bcubed.recall","bcubed.f1"
"majority-vote",0.793011482386307,0.456395636314991,0.579357960574132
