"","bcubed.precision","bcubed.recall","bcubed.f1"
"majority-vote",0.9108858709737,0.568404194490318,0.699999765902587
