"","bcubed.precision","bcubed.recall","bcubed.f1"
"majority-vote",0.985656732976477,0.414593175976953,0.58367660334749
