"","bcubed.precision","bcubed.recall","bcubed.f1"
"majority-vote",0.953452150090806,0.703948098123062,0.809920027984887
