"","bcubed.precision","bcubed.recall","bcubed.f1"
"majority-vote",0.965429520645467,0.47847136729156,0.639836690490377
