"","bcubed.precision","bcubed.recall","bcubed.f1"
"majority-vote",0.953706509926375,0.620979148828918,0.752190576543139
