"","bcubed.precision","bcubed.recall","bcubed.f1"
"majority-vote",0.948494983277592,0.827756299160112,0.884022103057738
