"","bcubed.precision","bcubed.recall","bcubed.f1"
"majority-vote",0.99774276871524,0.677469987384525,0.806990966936334
