"","bcubed.precision","bcubed.recall","bcubed.f1"
"majority-vote",0.921850208077734,0.409527110741511,0.567115943638499
