"","bcubed.precision","bcubed.recall","bcubed.f1"
"majority-vote",0.984835031775232,0.444359070013276,0.612401602117578
