"","bcubed.precision","bcubed.recall","bcubed.f1"
"majority-vote",0.940241576605213,0.655216438267951,0.772269443873377
