"","bcubed.precision","bcubed.recall","bcubed.f1"
"majority-vote",0.974337410805301,0.784541659015661,0.869199368882165
