"","bcubed.precision","bcubed.recall","bcubed.f1"
"majority-vote",0.980496453900709,0.705334429824561,0.820459411360224
