"","bcubed.precision","bcubed.recall","bcubed.f1"
"majority-vote",0.989455184534271,0.685946969366144,0.810209994746425
