"","bcubed.precision","bcubed.recall","bcubed.f1"
"majority-vote",0.977032227032227,0.51771367859845,0.676801249577826
