"","bcubed.precision","bcubed.recall","bcubed.f1"
"majority-vote",0.941920056839412,0.556076515497582,0.699306837888696
