"","bcubed.precision","bcubed.recall","bcubed.f1"
"majority-vote",0.877671146366277,0.653989955714612,0.749497540107617
