"","bcubed.precision","bcubed.recall","bcubed.f1"
"majority-vote",0.97791266228292,0.647607997713567,0.779201491245463
