"","bcubed.precision","bcubed.recall","bcubed.f1"
"majority-vote",0.914032442832668,0.351096290648285,0.507321336901044
