"","bcubed.precision","bcubed.recall","bcubed.f1"
"majority-vote",0.990196078431373,0.587734770537318,0.737640265191827
