"","bcubed.precision","bcubed.recall","bcubed.f1"
"majority-vote",0.985312979227659,0.184634180513216,0.310992599886352
