"","bcubed.precision","bcubed.recall","bcubed.f1"
"majority-vote",0.98062015503876,0.407109904116768,0.575357108767588
