"","bcubed.precision","bcubed.recall","bcubed.f1"
"majority-vote",0.84241321798054,0.65909202033594,0.73956162872802
