"","bcubed.precision","bcubed.recall","bcubed.f1"
"majority-vote",0.945910290237467,0.818177420064213,0.87741945750116
