"","bcubed.precision","bcubed.recall","bcubed.f1"
"majority-vote",0.993894165535957,0.558137644851949,0.714843271988976
