"","bcubed.precision","bcubed.recall","bcubed.f1"
"majority-vote",0.947681539807524,0.606786085904537,0.739854549187387
