"","bcubed.precision","bcubed.recall","bcubed.f1"
"majority-vote",0.983630517392575,0.598176070591264,0.743939546436576
