"","bcubed.precision","bcubed.recall","bcubed.f1"
"majority-vote",0.989437878583928,0.369885644025869,0.538472057396541
