"","bcubed.precision","bcubed.recall","bcubed.f1"
"majority-vote",0.925931677018634,0.637455271760256,0.755078618593254
