"","bcubed.precision","bcubed.recall","bcubed.f1"
"majority-vote",0.956500956022945,0.626077206868304,0.756794780764151
