"","bcubed.precision","bcubed.recall","bcubed.f1"
"majority-vote",0.99001924001924,0.589064539149532,0.738637474546274
