"","bcubed.precision","bcubed.recall","bcubed.f1"
"majority-vote",0.965842402089737,0.633104494428922,0.764852375028082
