"","bcubed.precision","bcubed.recall","bcubed.f1"
"majority-vote",0.98378691372322,0.63278819024714,0.770182268915048
