"","bcubed.precision","bcubed.recall","bcubed.f1"
"majority-vote",0.942710265924552,0.694032048911997,0.799479712180996
