"","bcubed.precision","bcubed.recall","bcubed.f1"
"majority-vote",0.973308095902238,0.701985284747788,0.815675592992739
