"","bcubed.precision","bcubed.recall","bcubed.f1"
"majority-vote",0.935416666666667,0.514149961378225,0.663569971513334
