"","bcubed.precision","bcubed.recall","bcubed.f1"
"majority-vote",0.99737532808399,0.585044394911075,0.737489348544921
