"","bcubed.precision","bcubed.recall","bcubed.f1"
"majority-vote",0.548458381701049,0.525030140057726,0.536488607234577
