"","bcubed.precision","bcubed.recall","bcubed.f1"
"majority-vote",0.959231411862991,0.914965986394558,0.936575961264096
