"","bcubed.precision","bcubed.recall","bcubed.f1"
"majority-vote",0.984042553191489,0.689917763157895,0.811140420139274
