"","bcubed.precision","bcubed.recall","bcubed.f1"
"majority-vote",0.976553913786787,0.509255281136452,0.669420056908566
