"","bcubed.precision","bcubed.recall","bcubed.f1"
"majority-vote",0.943995832247981,0.62476400429497,0.751899178516308
