"","bcubed.precision","bcubed.recall","bcubed.f1"
"majority-vote",0.960462287104623,0.37905565811787,0.543581615512237
