"","bcubed.precision","bcubed.recall","bcubed.f1"
"majority-vote",0.959626009349766,0.475765033267047,0.636142328755072
