"","bcubed.precision","bcubed.recall","bcubed.f1"
"majority-vote",0.959988144635448,0.797372107327562,0.871156348326872
