"","bcubed.precision","bcubed.recall","bcubed.f1"
"majority-vote",0.984457059005252,0.345124367206092,0.511078318082267
