"","bcubed.precision","bcubed.recall","bcubed.f1"
"majority-vote",0.969958576719902,0.599285287393523,0.740843303838955
