"","bcubed.precision","bcubed.recall","bcubed.f1"
"majority-vote",0.775013602697356,0.722075334719956,0.747608498858635
