"","bcubed.precision","bcubed.recall","bcubed.f1"
"majority-vote",0.974019704143831,0.670706849554984,0.794395500822462
