"","bcubed.precision","bcubed.recall","bcubed.f1"
"majority-vote",0.989130434782609,0.325451065876598,0.4897582297173
