"","bcubed.precision","bcubed.recall","bcubed.f1"
"majority-vote",0.962825278810409,0.531697291364099,0.685077098220875
