"","bcubed.precision","bcubed.recall","bcubed.f1"
"majority-vote",0.983227401129943,0.44192126984471,0.609773717651927
