"","bcubed.precision","bcubed.recall","bcubed.f1"
"majority-vote",0.974745279452519,0.623779405992157,0.760733990468732
