"","bcubed.precision","bcubed.recall","bcubed.f1"
"majority-vote",0.99144157814871,0.360088068414026,0.5282995955418
