"","bcubed.precision","bcubed.recall","bcubed.f1"
"majority-vote",0.923354217795325,0.688035336497793,0.78851240937348
