"","bcubed.precision","bcubed.recall","bcubed.f1"
"majority-vote",0.960464620630861,0.497023841093693,0.655063594007051
