"","bcubed.precision","bcubed.recall","bcubed.f1"
"majority-vote",0.981818181818182,0.473008610242217,0.638438137415162
