"","bcubed.precision","bcubed.recall","bcubed.f1"
"majority-vote",0.910913866484306,0.760412837922063,0.828887130792201
