"","bcubed.precision","bcubed.recall","bcubed.f1"
"majority-vote",0.96698035331022,0.63651592671672,0.767695445721614
