"","bcubed.precision","bcubed.recall","bcubed.f1"
"majority-vote",0.991178546224418,0.396065026859368,0.565972933880867
