"","bcubed.precision","bcubed.recall","bcubed.f1"
"majority-vote",0.949914366411602,0.265297165606347,0.414758389527898
