"","bcubed.precision","bcubed.recall","bcubed.f1"
"majority-vote",0.898046667226561,0.600805346661062,0.719952649389866
