"","bcubed.precision","bcubed.recall","bcubed.f1"
"majority-vote",0.980861244019139,0.348004034568142,0.513737059385087
