"","bcubed.precision","bcubed.recall","bcubed.f1"
"majority-vote",0.92291857693013,0.604227345783924,0.730320048423539
