"","bcubed.precision","bcubed.recall","bcubed.f1"
"majority-vote",0.95552999808319,0.172079326635941,0.29163816766335
