"","bcubed.precision","bcubed.recall","bcubed.f1"
"majority-vote",0.988668555240793,0.487379882136268,0.652901560305639
