"","bcubed.precision","bcubed.recall","bcubed.f1"
"majority-vote",0.987431264728987,0.195515071813294,0.326401441334155
