"","bcubed.precision","bcubed.recall","bcubed.f1"
"majority-vote",0.982414418924839,0.657981911643602,0.788115536891509
