"","bcubed.precision","bcubed.recall","bcubed.f1"
"majority-vote",0.99009900990099,0.751922097510333,0.854728247666257
