"","bcubed.precision","bcubed.recall","bcubed.f1"
"majority-vote",0.577743771328964,0.54081565570278,0.558670141198682
