"","bcubed.precision","bcubed.recall","bcubed.f1"
"majority-vote",0.918818071626503,0.263040511986571,0.408993731287692
