"","bcubed.precision","bcubed.recall","bcubed.f1"
"majority-vote",0.513869463869464,0.43955004457416,0.473813140488049
