"","bcubed.precision","bcubed.recall","bcubed.f1"
"majority-vote",0.975688073394495,0.760311939058806,0.854639730043291
