"","bcubed.precision","bcubed.recall","bcubed.f1"
"majority-vote",0.977426207513417,0.519960542529755,0.678813354167618
