"","bcubed.precision","bcubed.recall","bcubed.f1"
"majority-vote",0.915094339622642,0.119839556475409,0.211925612267597
