"","bcubed.precision","bcubed.recall","bcubed.f1"
"majority-vote",0.986918485814733,0.276795338069845,0.432335914611977
