"","bcubed.precision","bcubed.recall","bcubed.f1"
"majority-vote",0.98469387755102,0.0654869487646899,0.122806655562957
