"","bcubed.precision","bcubed.recall","bcubed.f1"
"majority-vote",0.94860049617028,0.528390432917385,0.678719709059649
