"","bcubed.precision","bcubed.recall","bcubed.f1"
"majority-vote",0.941594885800894,0.585871336561467,0.722311820932356
