"","bcubed.precision","bcubed.recall","bcubed.f1"
"majority-vote",0.803313256791518,0.678591256886081,0.7357037482079
