"","bcubed.precision","bcubed.recall","bcubed.f1"
"majority-vote",0.940865837080414,0.630742657835916,0.75520617337807
