"","bcubed.precision","bcubed.recall","bcubed.f1"
"majority-vote",0.974093264248705,0.591467981112852,0.736023554655317
