"","bcubed.precision","bcubed.recall","bcubed.f1"
"majority-vote",0.993492407809111,0.347760541360822,0.515186129195664
