"","bcubed.precision","bcubed.recall","bcubed.f1"
"majority-vote",0.980869464944649,0.48318448137324,0.647436393865259
