"","bcubed.precision","bcubed.recall","bcubed.f1"
"majority-vote",0.982323232323232,0.562413372146979,0.715295695111345
