"","bcubed.precision","bcubed.recall","bcubed.f1"
"majority-vote",0.926258564194221,0.716843169770718,0.808205738523587
