"","bcubed.precision","bcubed.recall","bcubed.f1"
"majority-vote",0.854651419002292,0.850406176123817,0.852523512672049
