"","bcubed.precision","bcubed.recall","bcubed.f1"
"majority-vote",0.992015688471775,0.506659961140944,0.670745041199808
