"","bcubed.precision","bcubed.recall","bcubed.f1"
"majority-vote",0.97571364994596,0.613388803436962,0.753245112627419
