"","bcubed.precision","bcubed.recall","bcubed.f1"
"majority-vote",0.995348837209302,0.346856346315919,0.51444155516887
