"","bcubed.precision","bcubed.recall","bcubed.f1"
"majority-vote",0.955656108597285,0.714704413752033,0.817801462265085
