"","bcubed.precision","bcubed.recall","bcubed.f1"
"majority-vote",0.974129736673089,0.739148703592663,0.840525060107907
