"","bcubed.precision","bcubed.recall","bcubed.f1"
"majority-vote",0.949453551912568,0.625596919748607,0.754230074791728
