"","bcubed.precision","bcubed.recall","bcubed.f1"
"majority-vote",0.990112794677702,0.48143597521507,0.647856093703659
