"","bcubed.precision","bcubed.recall","bcubed.f1"
"majority-vote",0.821184087919625,0.390756205946574,0.529535621850686
