"","bcubed.precision","bcubed.recall","bcubed.f1"
"majority-vote",0.983180428134557,0.756362246126802,0.854983977081824
