"","bcubed.precision","bcubed.recall","bcubed.f1"
"majority-vote",0.98638963544897,0.716645282798988,0.830155003484662
