"","bcubed.precision","bcubed.recall","bcubed.f1"
"majority-vote",0.955687929180111,0.234349539168511,0.376399956722466
