"","bcubed.precision","bcubed.recall","bcubed.f1"
"majority-vote",0.972022684310019,0.556687720573699,0.707934074034948
