"","bcubed.precision","bcubed.recall","bcubed.f1"
"majority-vote",0.953146374829001,0.303814241812741,0.460761362561881
