"","bcubed.precision","bcubed.recall","bcubed.f1"
"majority-vote",0.985604781083539,0.860475261345797,0.918799306741314
