"","bcubed.precision","bcubed.recall","bcubed.f1"
"majority-vote",0.96570095516624,0.463518434492464,0.626384162103236
