"","bcubed.precision","bcubed.recall","bcubed.f1"
"majority-vote",0.943110795454545,0.566803443144722,0.70806464693849
