"","bcubed.precision","bcubed.recall","bcubed.f1"
"majority-vote",0.96891495601173,0.607875812628017,0.747061662164811
