"","bcubed.precision","bcubed.recall","bcubed.f1"
"majority-vote",0.841749958354156,0.869005673066761,0.855160697037619
