"","bcubed.precision","bcubed.recall","bcubed.f1"
"majority-vote",0.719548699055952,0.469617288103017,0.568318489357429
