"","bcubed.precision","bcubed.recall","bcubed.f1"
"majority-vote",0.994512574424598,0.655764470373291,0.790371548465665
