"","bcubed.precision","bcubed.recall","bcubed.f1"
"majority-vote",0.994773519163763,0.706846569229054,0.826450338682763
