"","bcubed.precision","bcubed.recall","bcubed.f1"
"majority-vote",0.983100810827504,0.242291072433477,0.388767957450043
