"","bcubed.precision","bcubed.recall","bcubed.f1"
"majority-vote",0.940562562155321,0.357903507938098,0.51850510103266
