"","bcubed.precision","bcubed.recall","bcubed.f1"
"majority-vote",0.973214285714286,0.813181883905568,0.886029918513949
