"","bcubed.precision","bcubed.recall","bcubed.f1"
"majority-vote",0.991121872477805,0.61768678259076,0.761063633810515
