"","bcubed.precision","bcubed.recall","bcubed.f1"
"majority-vote",0.951273106197898,0.734948896760353,0.829234962764567
