"","bcubed.precision","bcubed.recall","bcubed.f1"
"majority-vote",0.951178451178451,0.230345911949686,0.370876935933023
