"","bcubed.precision","bcubed.recall","bcubed.f1"
"majority-vote",0.923115178038592,0.314483090286184,0.469141111958109
