"","bcubed.precision","bcubed.recall","bcubed.f1"
"majority-vote",0.408302364263478,0.69781679497994,0.515170982858586
