"","bcubed.precision","bcubed.recall","bcubed.f1"
"majority-vote",0.981858529819695,0.5610016435112,0.714030031295914
