"","bcubed.precision","bcubed.recall","bcubed.f1"
"majority-vote",0.992786672542107,0.886129470500992,0.936430858521821
