"","bcubed.precision","bcubed.recall","bcubed.f1"
"majority-vote",0.935293312653955,0.61338788791631,0.740885328006575
