"","bcubed.precision","bcubed.recall","bcubed.f1"
"majority-vote",0.490816362516413,0.923512535421515,0.640975467636653
