"","bcubed.precision","bcubed.recall","bcubed.f1"
"majority-vote",0.992132867132867,0.182970715992435,0.30896214370503
