"","bcubed.precision","bcubed.recall","bcubed.f1"
"majority-vote",0.964878518422362,0.623995615245781,0.75786993064128
