"","bcubed.precision","bcubed.recall","bcubed.f1"
"majority-vote",0.975307508118214,0.824032537403073,0.893310992175561
