"","bcubed.precision","bcubed.recall","bcubed.f1"
"majority-vote",0.998857142857143,0.43246158650003,0.603593505523246
