"","bcubed.precision","bcubed.recall","bcubed.f1"
"majority-vote",0.99019670306799,0.55328174279889,0.709900107843066
