"","bcubed.precision","bcubed.recall","bcubed.f1"
"majority-vote",0.992475184117836,0.943929733678688,0.967593944445349
