"","bcubed.precision","bcubed.recall","bcubed.f1"
"majority-vote",0.980466486719512,0.710324927222756,0.823815143701894
