"","bcubed.precision","bcubed.recall","bcubed.f1"
"majority-vote",0.937169638794561,0.399118887637483,0.559822368245603
