"","bcubed.precision","bcubed.recall","bcubed.f1"
"majority-vote",0.969250480461243,0.825342968435074,0.891526790307838
