"","bcubed.precision","bcubed.recall","bcubed.f1"
"majority-vote",0.937583823377695,0.543598971302838,0.688192711566332
