"","bcubed.precision","bcubed.recall","bcubed.f1"
"majority-vote",0.955264015645372,0.718225733729521,0.819957455728171
