"","bcubed.precision","bcubed.recall","bcubed.f1"
"majority-vote",0.987860661505982,0.796133746293152,0.88169470242974
