"","bcubed.precision","bcubed.recall","bcubed.f1"
"majority-vote",0.890579710144928,0.105487317110933,0.18863161158027
