"","bcubed.precision","bcubed.recall","bcubed.f1"
"majority-vote",0.943110795454545,0.571068682912814,0.711383356458906
