"","bcubed.precision","bcubed.recall","bcubed.f1"
"majority-vote",0.98242872938801,0.636111391768641,0.772219481242035
