"","bcubed.precision","bcubed.recall","bcubed.f1"
"majority-vote",0.942186293655479,0.776865400133318,0.851576406533263
