"","bcubed.precision","bcubed.recall","bcubed.f1"
"majority-vote",0.98796252682263,0.788279719077609,0.876897084167975
