"","bcubed.precision","bcubed.recall","bcubed.f1"
"majority-vote",0.945628425628426,0.772317648151487,0.850231020464617
