"","bcubed.precision","bcubed.recall","bcubed.f1"
"majority-vote",0.835962074992408,0.398171026049472,0.539416497065299
