"","bcubed.precision","bcubed.recall","bcubed.f1"
"majority-vote",0.946258503401361,0.566912659768716,0.709035353103322
