"","bcubed.precision","bcubed.recall","bcubed.f1"
"majority-vote",0.956661860741243,0.577916261039186,0.720550407687196
