"","bcubed.precision","bcubed.recall","bcubed.f1"
"majority-vote",0.961255081300813,0.74102854379909,0.836896322813436
