"","bcubed.precision","bcubed.recall","bcubed.f1"
"majority-vote",0.966200466200466,0.286360145231113,0.441785097341213
