"","bcubed.precision","bcubed.recall","bcubed.f1"
"majority-vote",0.960193452380952,0.740373515373515,0.836076220763756
