"","bcubed.precision","bcubed.recall","bcubed.f1"
"majority-vote",0.832532320670623,0.46777686059851,0.59899500967915
