"","bcubed.precision","bcubed.recall","bcubed.f1"
"majority-vote",0.758644677457667,0.225360369017874,0.347495056204584
