"","bcubed.precision","bcubed.recall","bcubed.f1"
"majority-vote",0.949172320217096,0.396597536697942,0.559440980440589
