"","bcubed.precision","bcubed.recall","bcubed.f1"
"majority-vote",0.97212543554007,0.42930967067693,0.595593543699558
