"","bcubed.precision","bcubed.recall","bcubed.f1"
"majority-vote",0.964766175528507,0.735986790986791,0.83498917898073
