"","bcubed.precision","bcubed.recall","bcubed.f1"
"majority-vote",0.97119341563786,0.14699621821393,0.255344451300749
