"","bcubed.precision","bcubed.recall","bcubed.f1"
"majority-vote",0.921526031930807,0.375062290378884,0.533137092526088
