"","bcubed.precision","bcubed.recall","bcubed.f1"
"majority-vote",0.974613686534216,0.515212609970675,0.674082961658592
