"","bcubed.precision","bcubed.recall","bcubed.f1"
"majority-vote",0.836092876764232,0.84946269728129,0.842724762339562
