"","bcubed.precision","bcubed.recall","bcubed.f1"
"majority-vote",0.645921305174423,0.359187036801365,0.461654828486261
