"","bcubed.precision","bcubed.recall","bcubed.f1"
"majority-vote",0.94788679635227,0.783804658517302,0.858072129002806
