"","bcubed.precision","bcubed.recall","bcubed.f1"
"majority-vote",0.982332851701038,0.477972315588999,0.643054504392416
