"","bcubed.precision","bcubed.recall","bcubed.f1"
"majority-vote",0.9813023623746,0.222556385393758,0.362825135678575
