"","bcubed.precision","bcubed.recall","bcubed.f1"
"majority-vote",0.798749933055499,0.549466284278344,0.651061976767344
