"","bcubed.precision","bcubed.recall","bcubed.f1"
"majority-vote",0.498631610367606,0.911820552452729,0.644704673324961
