"","bcubed.precision","bcubed.recall","bcubed.f1"
"majority-vote",0.993577503905572,0.280544012542821,0.437544168463527
