"","bcubed.precision","bcubed.recall","bcubed.f1"
"majority-vote",0.984345479082321,0.590070796319848,0.737839832794639
