"","bcubed.precision","bcubed.recall","bcubed.f1"
"majority-vote",0.771743621920018,0.706927612871541,0.737915046368859
