"","bcubed.precision","bcubed.recall","bcubed.f1"
"majority-vote",0.951178451178451,0.311295394603368,0.469075018523572
