"","bcubed.precision","bcubed.recall","bcubed.f1"
"majority-vote",0.968771796335045,0.367827893288107,0.533205703531659
