"","bcubed.precision","bcubed.recall","bcubed.f1"
"majority-vote",0.917345497990659,0.440008955614222,0.594745511662462
