"","bcubed.precision","bcubed.recall","bcubed.f1"
"majority-vote",0.997946611909651,0.77096481349602,0.869892875900741
