"","bcubed.precision","bcubed.recall","bcubed.f1"
"majority-vote",0.986818181818182,0.699156530472623,0.818446885564317
