"","bcubed.precision","bcubed.recall","bcubed.f1"
"majority-vote",0.992798353909465,0.59583858467743,0.744723418794082
