"","bcubed.precision","bcubed.recall","bcubed.f1"
"majority-vote",0.997275204359673,0.979689366786141,0.988404069279182
