"","bcubed.precision","bcubed.recall","bcubed.f1"
"majority-vote",0.951178451178451,0.349031243659972,0.510673007708402
