"","bcubed.precision","bcubed.recall","bcubed.f1"
"majority-vote",0.992107534837835,0.324203760333069,0.488706576672559
