"","bcubed.precision","bcubed.recall","bcubed.f1"
"majority-vote",0.965507941264609,0.957876735073388,0.961677199411617
