"","bcubed.precision","bcubed.recall","bcubed.f1"
"majority-vote",0.992577319587629,0.804361268740352,0.888612173273313
