"","bcubed.precision","bcubed.recall","bcubed.f1"
"majority-vote",0.927617498457738,0.389285562529096,0.54842016910243
