"","bcubed.precision","bcubed.recall","bcubed.f1"
"majority-vote",0.985402462936983,0.352573807075916,0.519332226805976
