"","bcubed.precision","bcubed.recall","bcubed.f1"
"majority-vote",0.971021938453543,0.854955766856328,0.909300046337624
