"","bcubed.precision","bcubed.recall","bcubed.f1"
"majority-vote",0.993536145030613,0.798059282297399,0.885133697870829
