"","bcubed.precision","bcubed.recall","bcubed.f1"
"majority-vote",0.96643974739737,0.91076323097739,0.937775826082118
