"","bcubed.precision","bcubed.recall","bcubed.f1"
"majority-vote",0.667385529698676,0.411473580969359,0.509077619268017
