"","bcubed.precision","bcubed.recall","bcubed.f1"
"majority-vote",0.996363636363636,0.178256137273605,0.30240923424624
