"","bcubed.precision","bcubed.recall","bcubed.f1"
"majority-vote",0.956541276853777,0.710428151593966,0.815316513478416
