"","bcubed.precision","bcubed.recall","bcubed.f1"
"majority-vote",0.947411115746535,0.66032198585962,0.778234134447127
