"","bcubed.precision","bcubed.recall","bcubed.f1"
"majority-vote",0.94036539463623,0.306760725965843,0.462611064536927
