"","bcubed.precision","bcubed.recall","bcubed.f1"
"majority-vote",0.995804195804196,0.515870734944204,0.679651731865007
