"","bcubed.precision","bcubed.recall","bcubed.f1"
"majority-vote",0.946258503401361,0.56219567863664,0.705334570741397
