"","bcubed.precision","bcubed.recall","bcubed.f1"
"majority-vote",0.995238095238095,0.410965606530824,0.581720311129316
