"","bcubed.precision","bcubed.recall","bcubed.f1"
"majority-vote",0.954306891025641,0.909572550112271,0.931402893665674
