"","bcubed.precision","bcubed.recall","bcubed.f1"
"majority-vote",0.957642124883504,0.984275184275184,0.970776020682109
