"","bcubed.precision","bcubed.recall","bcubed.f1"
"majority-vote",0.529822954822955,0.977242302543507,0.687117431419478
