"","bcubed.precision","bcubed.recall","bcubed.f1"
"majority-vote",0.997998544395924,0.281898712607333,0.439620451266406
