"","bcubed.precision","bcubed.recall","bcubed.f1"
"majority-vote",0.987265415549598,0.829168651770967,0.901336908703656
