"","bcubed.precision","bcubed.recall","bcubed.f1"
"majority-vote",0.999370845204179,0.0618874525621389,0.116556951130057
