"","bcubed.precision","bcubed.recall","bcubed.f1"
"majority-vote",0.946258503401361,0.520627721335268,0.671692732690872
