"","bcubed.precision","bcubed.recall","bcubed.f1"
"majority-vote",0.456672815857149,0.688337498663506,0.54906933114629
