"","bcubed.precision","bcubed.recall","bcubed.f1"
"majority-vote",0.963699725862781,0.833287678788882,0.893761531700155
