"","bcubed.precision","bcubed.recall","bcubed.f1"
"majority-vote",0.934625382683459,0.592013594112929,0.724874630297616
