"","bcubed.precision","bcubed.recall","bcubed.f1"
"majority-vote",0.99545159194282,0.314168438303638,0.477603373229854
