"","bcubed.precision","bcubed.recall","bcubed.f1"
"majority-vote",0.989248382279741,0.576845907567066,0.728747795819151
