"","bcubed.precision","bcubed.recall","bcubed.f1"
"majority-vote",0.975289416465887,0.182990199482261,0.308161176998594
