"","bcubed.precision","bcubed.recall","bcubed.f1"
"majority-vote",0.973124715735997,0.664920853328162,0.790027980420074
