"","bcubed.precision","bcubed.recall","bcubed.f1"
"majority-vote",0.970674486803519,0.621254325534649,0.757616444829709
