"","bcubed.precision","bcubed.recall","bcubed.f1"
"majority-vote",0.969740092986173,0.744307588315987,0.842199336433302
