"","bcubed.precision","bcubed.recall","bcubed.f1"
"majority-vote",0.949730031651462,0.659193038620429,0.778229160860509
