"","bcubed.precision","bcubed.recall","bcubed.f1"
"majority-vote",0.997950819672131,0.774484888192565,0.872130735762011
