"","bcubed.precision","bcubed.recall","bcubed.f1"
"majority-vote",0.968955810106507,0.818963092350748,0.887667830465281
