"","bcubed.precision","bcubed.recall","bcubed.f1"
"majority-vote",0.954682159945318,0.759070282367909,0.84571241309875
