"","bcubed.precision","bcubed.recall","bcubed.f1"
"majority-vote",0.931069859666537,0.178589642237618,0.299694515030499
