"","bcubed.precision","bcubed.recall","bcubed.f1"
"majority-vote",0.985623525632466,0.654309855414703,0.786499249302566
