"","bcubed.precision","bcubed.recall","bcubed.f1"
"majority-vote",0.98492685911341,0.704724284850004,0.821591934995652
