"","bcubed.precision","bcubed.recall","bcubed.f1"
"majority-vote",0.993788819875776,0.740681571153817,0.848767518093803
