"","bcubed.precision","bcubed.recall","bcubed.f1"
"majority-vote",0.527056105461052,0.623562425276295,0.571262107463823
