"","bcubed.precision","bcubed.recall","bcubed.f1"
"majority-vote",0.991015824400204,0.853809423151014,0.917310352823728
