"","bcubed.precision","bcubed.recall","bcubed.f1"
"majority-vote",0.92275494672755,0.260645565323199,0.406476053196547
