"","bcubed.precision","bcubed.recall","bcubed.f1"
"majority-vote",0.988919667590028,0.698604446926871,0.818789694901178
