"","bcubed.precision","bcubed.recall","bcubed.f1"
"majority-vote",0.974260869565218,0.672554347962131,0.795770377758939
