{
      "avg_bcuded_f1": 0.6661084892060737,
      "avg_bcuded_recall": 0.5489677358531425,
      "avg_bcuded_precision": 0.9446838760201114,
      "avg_bcuded_f1star": 0.6944068675630874
}