"","bcubed.precision","bcubed.recall","bcubed.f1"
"majority-vote",0.975349719985405,0.178665289616213,0.302008446594541
