"","bcubed.precision","bcubed.recall","bcubed.f1"
"majority-vote",0.914907536100206,0.214798519079982,0.347914898655818
