"","bcubed.precision","bcubed.recall","bcubed.f1"
"majority-vote",0.962911186556732,0.168790943400344,0.287232273028981
