"","bcubed.precision","bcubed.recall","bcubed.f1"
"majority-vote",0.961946680781124,0.428128499216378,0.592538870839689
