"","bcubed.precision","bcubed.recall","bcubed.f1"
"majority-vote",0.96342485414261,0.345056644672454,0.508125102059976
