"","bcubed.precision","bcubed.recall","bcubed.f1"
"majority-vote",0.963851980365606,0.423879266163571,0.588812669815586
