"","bcubed.precision","bcubed.recall","bcubed.f1"
"majority-vote",0.948985306274834,0.417699000577735,0.58007575269058
