"","bcubed.precision","bcubed.recall","bcubed.f1"
"majority-vote",0.973449559789965,0.154974656575265,0.26738173292262
