"","bcubed.precision","bcubed.recall","bcubed.f1"
"majority-vote",0.958680722948338,0.451904801017546,0.614258992429308
