"","bcubed.precision","bcubed.recall","bcubed.f1"
"majority-vote",0.920141780144598,0.446630609282457,0.601363456082838
