"","bcubed.precision","bcubed.recall","bcubed.f1"
"majority-vote",0.994620226045723,0.254758904475573,0.40562284572647
