"","bcubed.precision","bcubed.recall","bcubed.f1"
"majority-vote",0.932964172275462,0.540359123942393,0.684351770035222
