"","bcubed.precision","bcubed.recall","bcubed.f1"
"majority-vote",0.920151735821163,0.543352515850123,0.683246065122581
