"","bcubed.precision","bcubed.recall","bcubed.f1"
"majority-vote",0.96668811438297,0.44398641673796,0.608498108585016
