"","bcubed.precision","bcubed.recall","bcubed.f1"
"majority-vote",0.931326281204261,0.463884911851546,0.619301525119267
