"","bcubed.precision","bcubed.recall","bcubed.f1"
"majority-vote",0.660462382983277,0.569947645210226,0.611875669582974
