"","bcubed.precision","bcubed.recall","bcubed.f1"
"majority-vote",0.958511319974018,0.401170441646236,0.565612366674207
