"","bcubed.precision","bcubed.recall","bcubed.f1"
"majority-vote",0.974061838732286,0.157523546368457,0.27119062730848
