"","bcubed.precision","bcubed.recall","bcubed.f1"
"majority-vote",0.993724545061492,0.491959042396491,0.658110219055194
