"","bcubed.precision","bcubed.recall","bcubed.f1"
"majority-vote",0.928598114837812,0.633994938936421,0.753525050800763
