"","bcubed.precision","bcubed.recall","bcubed.f1"
"majority-vote",0.905292638630898,0.36368506313764,0.518908110015904
