"","bcubed.precision","bcubed.recall","bcubed.f1"
"majority-vote",0.97374795874757,0.0351585891254573,0.0678667503259521
