"","bcubed.precision","bcubed.recall","bcubed.f1"
"majority-vote",0.897685210761836,0.692801203738389,0.782046786346645
