"","bcubed.precision","bcubed.recall","bcubed.f1"
"majority-vote",0.973166089425567,0.496393840903943,0.657439881147427
