"","bcubed.precision","bcubed.recall","bcubed.f1"
"majority-vote",0.924989509996694,0.493069159631434,0.64325096010529
