"","bcubed.precision","bcubed.recall","bcubed.f1"
"majority-vote",0.993288062972317,0.130920035921586,0.231347397359555
