"","bcubed.precision","bcubed.recall","bcubed.f1"
"majority-vote",0.995658402203857,0.384132197852286,0.554380426034358
