"","bcubed.precision","bcubed.recall","bcubed.f1"
"majority-vote",0.9729525945083,0.126585125050567,0.224023830475809
