"","bcubed.precision","bcubed.recall","bcubed.f1"
"majority-vote",0.871359700767933,0.868268647158926,0.869811427798588
