"","bcubed.precision","bcubed.recall","bcubed.f1"
"majority-vote",0.989386546615071,0.286851211265625,0.444755262182076
