"","bcubed.precision","bcubed.recall","bcubed.f1"
"majority-vote",0.962027311634467,0.466993860469262,0.628767238592648
