"","bcubed.precision","bcubed.recall","bcubed.f1"
"majority-vote",0.975205838777478,0.52235932273466,0.680314786378076
