"","bcubed.precision","bcubed.recall","bcubed.f1"
"majority-vote",0.879709472838619,0.716586891545053,0.789813584330947
