"","bcubed.precision","bcubed.recall","bcubed.f1"
"majority-vote",0.832588015588482,0.635380081934964,0.720737518008942
