"","bcubed.precision","bcubed.recall","bcubed.f1"
"majority-vote",0.944341553757676,0.559727493121955,0.702858597658485
