"","bcubed.precision","bcubed.recall","bcubed.f1"
"majority-vote",0.974973283490734,0.663591530782111,0.789695968115113
