"","bcubed.precision","bcubed.recall","bcubed.f1"
"majority-vote",0.988273724126357,0.0948848715128848,0.173145882257341
