"","bcubed.precision","bcubed.recall","bcubed.f1"
"majority-vote",0.999557067185724,0.119297374863154,0.213154686900659
