"","bcubed.precision","bcubed.recall","bcubed.f1"
"majority-vote",0.956410719129122,0.196613468186259,0.326173952926898
