"","bcubed.precision","bcubed.recall","bcubed.f1"
"majority-vote",0.94595721540104,0.295845849032372,0.450727693551485
