"","bcubed.precision","bcubed.recall","bcubed.f1"
"majority-vote",0.954271940566949,0.179493936367875,0.302154140395988
