"","bcubed.precision","bcubed.recall","bcubed.f1"
"majority-vote",0.944913602702352,0.387861403103838,0.549973572672674
