"","bcubed.precision","bcubed.recall","bcubed.f1"
"majority-vote",0.999992060735374,0.181445980138701,0.307158790073848
