"","bcubed.precision","bcubed.recall","bcubed.f1"
"majority-vote",0.948601001780957,0.640702021034467,0.764826556385356
