"","bcubed.precision","bcubed.recall","bcubed.f1"
"majority-vote",0.997790883652828,0.131817311182122,0.232870320889213
