"","bcubed.precision","bcubed.recall","bcubed.f1"
"majority-vote",0.910496270636489,0.268709394769266,0.41495543822412
