"","bcubed.precision","bcubed.recall","bcubed.f1"
"majority-vote",0.997991227173541,0.138744872754714,0.243620600829432
