"","bcubed.precision","bcubed.recall","bcubed.f1"
"majority-vote",0.927208711757587,0.320524458411653,0.476372797126739
