"","bcubed.precision","bcubed.recall","bcubed.f1"
"majority-vote",0.943633685901727,0.383250961250715,0.545109204430855
