"","bcubed.precision","bcubed.recall","bcubed.f1"
"majority-vote",0.935723489729402,0.565328771156548,0.704827439224293
