"","bcubed.precision","bcubed.recall","bcubed.f1"
"majority-vote",0.969716429512962,0.329548854155462,0.491922538404832
