"","bcubed.precision","bcubed.recall","bcubed.f1"
"majority-vote",0.971324868931566,0.225790667221628,0.366407558204061
