"","bcubed.precision","bcubed.recall","bcubed.f1"
"majority-vote",0.988316498842005,0.271617672929708,0.426124211165758
