"","bcubed.precision","bcubed.recall","bcubed.f1"
"majority-vote",0.930214353554241,0.327407731411653,0.484341639455244
