"","bcubed.precision","bcubed.recall","bcubed.f1"
"majority-vote",0.874988552326948,0.55549049946288,0.679559518677678
