"","bcubed.precision","bcubed.recall","bcubed.f1"
"majority-vote",0.914554316060801,0.579154411314924,0.709198730416849
