"","bcubed.precision","bcubed.recall","bcubed.f1"
"majority-vote",0.994932519778686,0.323125416815199,0.487820719000062
