"","bcubed.precision","bcubed.recall","bcubed.f1"
"majority-vote",0.911886262192098,0.674286969174634,0.775291136940557
