"","bcubed.precision","bcubed.recall","bcubed.f1"
"majority-vote",0.609177429590324,0.397574238815046,0.481138021367867
