"","bcubed.precision","bcubed.recall","bcubed.f1"
"majority-vote",0.993747326362211,0.16462629624243,0.282459715151275
