"","bcubed.precision","bcubed.recall","bcubed.f1"
"majority-vote",0.926308419394364,0.665139954141864,0.77429434701441
