"","bcubed.precision","bcubed.recall","bcubed.f1"
"majority-vote",0.999696015633482,0.22681455434234,0.369740973807003
