"","bcubed.precision","bcubed.recall","bcubed.f1"
"majority-vote",0.990886710003571,0.234243453889172,0.378912759157949
