"","bcubed.precision","bcubed.recall","bcubed.f1"
"majority-vote",0.892434492200273,0.714006438763035,0.793311426923258
