"","bcubed.precision","bcubed.recall","bcubed.f1"
"majority-vote",0.602239382661542,0.549947973097742,0.574907068991556
