"","bcubed.precision","bcubed.recall","bcubed.f1"
"majority-vote",0.954579576439746,0.24983702623711,0.39602463492173
