"","bcubed.precision","bcubed.recall","bcubed.f1"
"majority-vote",0.855626276905197,0.20859939947335,0.335423456692762
