"","bcubed.precision","bcubed.recall","bcubed.f1"
"majority-vote",0.885558339666682,0.727373651696226,0.798709191413728
