"","bcubed.precision","bcubed.recall","bcubed.f1"
"majority-vote",0.986408055853315,0.172191454834391,0.293200604058477
