"","bcubed.precision","bcubed.recall","bcubed.f1"
"majority-vote",0.934853926989043,0.650396705226524,0.767103827780174
