"","bcubed.precision","bcubed.recall","bcubed.f1"
"majority-vote",0.892319954476933,0.572541195961846,0.6975267707302
