"","bcubed.precision","bcubed.recall","bcubed.f1"
"majority-vote",0.966196952151068,0.730856926667296,0.832208975587884
