"","bcubed.precision","bcubed.recall","bcubed.f1"
"majority-vote",0.855142194343724,0.327609995307404,0.473730901075307
