"","bcubed.precision","bcubed.recall","bcubed.f1"
"majority-vote",0.950389350297903,0.752358995163243,0.839858665562619
