"","bcubed.precision","bcubed.recall","bcubed.f1"
"majority-vote",0.997833161435076,0.557358695470471,0.715218494342216
