"","bcubed.precision","bcubed.recall","bcubed.f1"
"majority-vote",0.974346803174849,0.20034211891579,0.332347908345753
