"","bcubed.precision","bcubed.recall","bcubed.f1"
"majority-vote",0.959417032554375,0.439479031284737,0.602823439087991
