"","bcubed.precision","bcubed.recall","bcubed.f1"
"majority-vote",0.999979066810995,0.308800259409411,0.471880612795092
