"","bcubed.precision","bcubed.recall","bcubed.f1"
"majority-vote",0.887914246794453,0.535631284064041,0.668183261918504
