"","bcubed.precision","bcubed.recall","bcubed.f1"
"majority-vote",0.985741799204771,0.347573374995534,0.513933405474467
