"","bcubed.precision","bcubed.recall","bcubed.f1"
"majority-vote",0.909822924615307,0.609675414502032,0.730105001642195
