"","bcubed.precision","bcubed.recall","bcubed.f1"
"majority-vote",0.95811710342431,0.478161223268606,0.637946612009127
