"","bcubed.precision","bcubed.recall","bcubed.f1"
"majority-vote",0.678491188784931,0.500135727199853,0.575818657285822
