"","bcubed.precision","bcubed.recall","bcubed.f1"
"majority-vote",0.952886903041352,0.56971324461578,0.713085822458252
