"","bcubed.precision","bcubed.recall","bcubed.f1"
"majority-vote",0.919313499659345,0.322484965011559,0.47747648303119
