"","bcubed.precision","bcubed.recall","bcubed.f1"
"majority-vote",0.921172468683776,0.281697673951344,0.43145495517541
