"","bcubed.precision","bcubed.recall","bcubed.f1"
"majority-vote",0.94877902713586,0.218105120535984,0.35467713652354
