"","bcubed.precision","bcubed.recall","bcubed.f1"
"majority-vote",0.97559716495318,0.0411280990590352,0.0789288085230982
