"","bcubed.precision","bcubed.recall","bcubed.f1"
"majority-vote",0.903784528685035,0.232659436236998,0.370056079162702
