"","bcubed.precision","bcubed.recall","bcubed.f1"
"majority-vote",0.970462981283441,0.403390441054753,0.569894114877228
