"","bcubed.precision","bcubed.recall","bcubed.f1"
"majority-vote",0.982094245005635,0.349912498907172,0.515983951286615
