"","bcubed.precision","bcubed.recall","bcubed.f1"
"majority-vote",0.998648587774224,0.301656338005934,0.463350818673592
