"","bcubed.precision","bcubed.recall","bcubed.f1"
"majority-vote",0.969131799777374,0.678059709882331,0.797878356148818
