"","bcubed.precision","bcubed.recall","bcubed.f1"
"majority-vote",0.998041801349751,0.157184559622004,0.271594842931996
