"","bcubed.precision","bcubed.recall","bcubed.f1"
"majority-vote",0.997364184763899,0.2801487590816,0.43742858349908
