"","bcubed.precision","bcubed.recall","bcubed.f1"
"majority-vote",0.998787690833729,0.354877356217317,0.52368514045278
