"","bcubed.precision","bcubed.recall","bcubed.f1"
"majority-vote",0.993661787767904,0.463130708022432,0.631792501174466
