"","bcubed.precision","bcubed.recall","bcubed.f1"
"majority-vote",0.886670434812899,0.420471765373181,0.570435080401982
