"","bcubed.precision","bcubed.recall","bcubed.f1"
"majority-vote",0.915106355146033,0.944208616473708,0.929429729451397
