"","bcubed.precision","bcubed.recall","bcubed.f1"
"majority-vote",0.96689075077865,0.394132000183132,0.559994438437805
