"","bcubed.precision","bcubed.recall","bcubed.f1"
"majority-vote",0.911006135832542,0.419561554206711,0.57452642673215
