"","bcubed.precision","bcubed.recall","bcubed.f1"
"majority-vote",0.958759040162765,0.16418975438635,0.280366143290129
