"","bcubed.precision","bcubed.recall","bcubed.f1"
"majority-vote",0.98368846662362,0.348707520184987,0.514891322440118
