"","bcubed.precision","bcubed.recall","bcubed.f1"
"majority-vote",0.92440592814394,0.720897769092256,0.810065852831978
