"","bcubed.precision","bcubed.recall","bcubed.f1"
"majority-vote",0.884241121654951,0.376925678772941,0.528547349748912
