"","bcubed.precision","bcubed.recall","bcubed.f1"
"majority-vote",0.852129384423935,0.307786572816493,0.452229286425286
