"","bcubed.precision","bcubed.recall","bcubed.f1"
"majority-vote",0.935383937088381,0.414324838364274,0.574276178078056
