"","bcubed.precision","bcubed.recall","bcubed.f1"
"majority-vote",0.946072878727561,0.789466700265781,0.860704120862762
