"","bcubed.precision","bcubed.recall","bcubed.f1"
"majority-vote",0.911723404384208,0.257350329888937,0.401398666323848
