"","bcubed.precision","bcubed.recall","bcubed.f1"
"majority-vote",0.981045816010924,0.87819185381477,0.92677386847549
