"","bcubed.precision","bcubed.recall","bcubed.f1"
"majority-vote",0.979450844859151,0.270559774678519,0.423996397713469
