"","bcubed.precision","bcubed.recall","bcubed.f1"
"majority-vote",0.971769491075638,0.294441969052763,0.451946189759958
