"","bcubed.precision","bcubed.recall","bcubed.f1"
"majority-vote",0.980104188127263,0.704915466051817,0.820038625471892
