"","bcubed.precision","bcubed.recall","bcubed.f1"
"majority-vote",0.940534343535041,0.380256146003972,0.541560478349351
