"","bcubed.precision","bcubed.recall","bcubed.f1"
"majority-vote",0.794841783348448,0.737869237994738,0.765296644753986
