"","bcubed.precision","bcubed.recall","bcubed.f1"
"majority-vote",0.895205620996074,0.313114287856076,0.463952747032391
