"","bcubed.precision","bcubed.recall","bcubed.f1"
"majority-vote",0.954836193685416,0.0740966068076194,0.137521365778777
