"","bcubed.precision","bcubed.recall","bcubed.f1"
"majority-vote",0.924688265572958,0.294576291840583,0.44681236524879
