"","bcubed.precision","bcubed.recall","bcubed.f1"
"majority-vote",0.901027526307494,0.113479901187414,0.201572727574788
