"","bcubed.precision","bcubed.recall","bcubed.f1"
"majority-vote",0.907505576792219,0.291440854645213,0.441194358581188
