"","bcubed.precision","bcubed.recall","bcubed.f1"
"majority-vote",0.87319281254352,0.877054706964505,0.875119499148483
