"","bcubed.precision","bcubed.recall","bcubed.f1"
"majority-vote",0.794177206513896,0.320744582176891,0.456943327974294
