"","bcubed.precision","bcubed.recall","bcubed.f1"
"majority-vote",0.998403796816837,0.398752203205585,0.569894433639688
