"","bcubed.precision","bcubed.recall","bcubed.f1"
"majority-vote",0.985425397299227,0.180053854352592,0.304474988652421
