"","bcubed.precision","bcubed.recall","bcubed.f1"
"majority-vote",0.930016543042839,0.803158575768706,0.861944940294104
