"","bcubed.precision","bcubed.recall","bcubed.f1"
"majority-vote",0.974414496617239,0.882562326238523,0.926216756472515
