"","bcubed.precision","bcubed.recall","bcubed.f1"
"majority-vote",0.973879858433425,0.803578198952328,0.88057056467132
