"","bcubed.precision","bcubed.recall","bcubed.f1"
"majority-vote",0.822317827675428,0.31474131473657,0.455239986312173
