"","bcubed.precision","bcubed.recall","bcubed.f1"
"majority-vote",0.919080424883065,0.621442922238737,0.741509080117295
