"","bcubed.precision","bcubed.recall","bcubed.f1"
"majority-vote",0.934158938221225,0.291810209515086,0.444704690955825
