"","bcubed.precision","bcubed.recall","bcubed.f1"
"majority-vote",0.993893064448388,0.348121269281176,0.515635796771234
