"","bcubed.precision","bcubed.recall","bcubed.f1"
"majority-vote",0.989310497563856,0.402229622927633,0.571927438574909
