"","bcubed.precision","bcubed.recall","bcubed.f1"
"majority-vote",0.917971042841906,0.825829532136405,0.869465932862567
