"","bcubed.precision","bcubed.recall","bcubed.f1"
"majority-vote",0.973516716658132,0.78148031364173,0.866991950339056
