"","bcubed.precision","bcubed.recall","bcubed.f1"
"majority-vote",0.900663535564784,0.267098707508684,0.412012064401745
