"","bcubed.precision","bcubed.recall","bcubed.f1"
"majority-vote",0.998649971812598,0.337146861619924,0.504106156605066
