"","bcubed.precision","bcubed.recall","bcubed.f1"
"majority-vote",0.832287069820863,0.399517344509193,0.539879734373274
