"","bcubed.precision","bcubed.recall","bcubed.f1"
"majority-vote",0.97392395489549,0.591322388734885,0.735862494486585
