"","bcubed.precision","bcubed.recall","bcubed.f1"
"majority-vote",0.99994325609529,0.173974193798662,0.296382546897659
