"","bcubed.precision","bcubed.recall","bcubed.f1"
"majority-vote",0.91220267657417,0.31384016856503,0.467007891145934
