"","bcubed.precision","bcubed.recall","bcubed.f1"
"majority-vote",0.923079309572954,0.292567047260113,0.444311104904249
