"","bcubed.precision","bcubed.recall","bcubed.f1"
"majority-vote",0.969120862612876,0.497730352303313,0.657682065457959
