"","bcubed.precision","bcubed.recall","bcubed.f1"
"majority-vote",0.936656060911622,0.46195362197152,0.618745408637148
