"","bcubed.precision","bcubed.recall","bcubed.f1"
"majority-vote",0.911881122396151,0.459186145836479,0.610798883112256
