"","bcubed.precision","bcubed.recall","bcubed.f1"
"majority-vote",0.418613201391536,0.199919026958684,0.270604311492302
