"","bcubed.precision","bcubed.recall","bcubed.f1"
"majority-vote",0.812335543626987,0.253206259356208,0.386072970141604
