"","bcubed.precision","bcubed.recall","bcubed.f1"
"majority-vote",0.929710913825607,0.279066237106144,0.429278343188133
