"","bcubed.precision","bcubed.recall","bcubed.f1"
"majority-vote",0.950687530916186,0.385009811994099,0.548064319339983
