"","bcubed.precision","bcubed.recall","bcubed.f1"
"majority-vote",0.992230530731351,0.286091319644221,0.444126871248923
