"","bcubed.precision","bcubed.recall","bcubed.f1"
"majority-vote",0.933358517932951,0.380051406355817,0.540157662607412
