"","bcubed.precision","bcubed.recall","bcubed.f1"
"majority-vote",0.860568009282236,0.750800352251817,0.801945451989183
