"","bcubed.precision","bcubed.recall","bcubed.f1"
"majority-vote",0.804892467425623,0.628108736106705,0.705596044400126
