"","bcubed.precision","bcubed.recall","bcubed.f1"
"majority-vote",0.946933458582875,0.202499950512574,0.333649565054202
