"","bcubed.precision","bcubed.recall","bcubed.f1"
"majority-vote",0.971336914783178,0.079892681988239,0.147641792952836
