"","bcubed.precision","bcubed.recall","bcubed.f1"
"majority-vote",0.975304690141374,0.625327434624865,0.762054903718459
