"","bcubed.precision","bcubed.recall","bcubed.f1"
"majority-vote",0.920783896596319,0.322506712456043,0.477698432227501
