"","bcubed.precision","bcubed.recall","bcubed.f1"
"majority-vote",0.834650148142887,0.549531776356594,0.662726149542964
