"","bcubed.precision","bcubed.recall","bcubed.f1"
"majority-vote",0.789368034075831,0.243859293775125,0.372608672127879
