"","bcubed.precision","bcubed.recall","bcubed.f1"
"majority-vote",0.958428746541912,0.624078733425546,0.755933233545044
