"","bcubed.precision","bcubed.recall","bcubed.f1"
"majority-vote",0.996719772152474,0.581248011732705,0.734287976896309
