"","bcubed.precision","bcubed.recall","bcubed.f1"
"majority-vote",0.868574970493811,0.375906444136749,0.524721261058666
