"","bcubed.precision","bcubed.recall","bcubed.f1"
"majority-vote",0.970658297936223,0.259775554049763,0.40986079297541
