"","bcubed.precision","bcubed.recall","bcubed.f1"
"majority-vote",0.9551244433705,0.575891239139579,0.718539732164392
