"","bcubed.precision","bcubed.recall","bcubed.f1"
"majority-vote",0.784390311003259,0.561452140846443,0.654456424326209
