"","bcubed.precision","bcubed.recall","bcubed.f1"
"majority-vote",0.959061358187482,0.382094309249993,0.546471816929618
