"","bcubed.precision","bcubed.recall","bcubed.f1"
"majority-vote",0.9878824955281,0.373317905085431,0.541866169793796
