"","bcubed.precision","bcubed.recall","bcubed.f1"
"majority-vote",0.975173924669164,0.483435817930719,0.646415542318872
