"","bcubed.precision","bcubed.recall","bcubed.f1"
"majority-vote",0.623199825023908,0.277416921854907,0.383928408521838
