"","bcubed.precision","bcubed.recall","bcubed.f1"
"majority-vote",0.970855119401722,0.331624178384196,0.494378731161384
