"","bcubed.precision","bcubed.recall","bcubed.f1"
"majority-vote",0.998767010685907,0.725349173976535,0.840378197990032
