"","bcubed.precision","bcubed.recall","bcubed.f1"
"majority-vote",0.966916501969279,0.22298770268207,0.362399743805743
