"","bcubed.precision","bcubed.recall","bcubed.f1"
"majority-vote",0.998419802316209,0.186655073171934,0.314511977449318
