"","bcubed.precision","bcubed.recall","bcubed.f1"
"majority-vote",0.919029503670771,0.626324142160481,0.744956168524319
