"","bcubed.precision","bcubed.recall","bcubed.f1"
"majority-vote",0.99984692159324,0.435627794242441,0.606853055966493
