"","bcubed.precision","bcubed.recall","bcubed.f1"
"majority-vote",0.9796943041404,0.253048820187825,0.402209483735807
