"","bcubed.precision","bcubed.recall","bcubed.f1"
"majority-vote",0.951954128696671,0.623198516962146,0.753268456685509
