"","bcubed.precision","bcubed.recall","bcubed.f1"
"majority-vote",0.965317359211963,0.145690355450834,0.253170931813261
