"","bcubed.precision","bcubed.recall","bcubed.f1"
"majority-vote",0.832940391532527,0.287231493818115,0.427160717118771
