"","bcubed.precision","bcubed.recall","bcubed.f1"
"majority-vote",0.9944250765606,0.96174121312829,0.977810101868883
