"","bcubed.precision","bcubed.recall","bcubed.f1"
"majority-vote",0.900119772685788,0.364469397766428,0.518850104261335
