"","bcubed.precision","bcubed.recall","bcubed.f1"
"majority-vote",0.924728020407984,0.485114091157969,0.636381321721558
