"","bcubed.precision","bcubed.recall","bcubed.f1"
"majority-vote",0.974931959276384,0.58268458980489,0.729419354350987
