"","bcubed.precision","bcubed.recall","bcubed.f1"
"majority-vote",0.902112187281381,0.450174034344297,0.600623560730223
