"","bcubed.precision","bcubed.recall","bcubed.f1"
"majority-vote",0.892551646627185,0.410549955019915,0.562407471393744
