"","bcubed.precision","bcubed.recall","bcubed.f1"
"majority-vote",0.826220947230535,0.421240631774678,0.557993672357278
