"","bcubed.precision","bcubed.recall","bcubed.f1"
"majority-vote",0.904760669426568,0.245993073021679,0.386815787273274
