"","bcubed.precision","bcubed.recall","bcubed.f1"
"majority-vote",0.964137463291884,0.352567642217424,0.516324681637539
