"","bcubed.precision","bcubed.recall","bcubed.f1"
"majority-vote",0.999566451757269,0.215571881014488,0.354656608869841
