"","bcubed.precision","bcubed.recall","bcubed.f1"
"majority-vote",0.979767975420518,0.366511252295577,0.533464351581309
