"","bcubed.precision","bcubed.recall","bcubed.f1"
"majority-vote",0.933399556751293,0.613431794939204,0.740322420886603
