"","bcubed.precision","bcubed.recall","bcubed.f1"
"majority-vote",0.824784215497064,0.636507215552427,0.718516639847249
