"","bcubed.precision","bcubed.recall","bcubed.f1"
"majority-vote",0.989236872184459,0.320371545847949,0.483997111789614
