"","bcubed.precision","bcubed.recall","bcubed.f1"
"majority-vote",0.916980998189936,0.404005630544912,0.560892106419328
