"","bcubed.precision","bcubed.recall","bcubed.f1"
"majority-vote",0.88622050567742,0.299273990365731,0.447446610613979
