"","bcubed.precision","bcubed.recall","bcubed.f1"
"majority-vote",0.827631953573181,0.265953938281496,0.402550872574069
