"","bcubed.precision","bcubed.recall","bcubed.f1"
"majority-vote",0.991644277695492,0.51786461791103,0.680403390092107
