"","bcubed.precision","bcubed.recall","bcubed.f1"
"majority-vote",0.964740738193106,0.556037946512734,0.705470775434803
