"","bcubed.precision","bcubed.recall","bcubed.f1"
"majority-vote",0.978356833426773,0.0921998068010897,0.168518521365249
