"","bcubed.precision","bcubed.recall","bcubed.f1"
"majority-vote",0.889886364130646,0.31166955307971,0.46165223179001
