"","bcubed.precision","bcubed.recall","bcubed.f1"
"majority-vote",0.972412623963778,0.513138780280426,0.671781032099561
