"","bcubed.precision","bcubed.recall","bcubed.f1"
"majority-vote",0.925621202803079,0.765635465775035,0.838061346815202
