"","bcubed.precision","bcubed.recall","bcubed.f1"
"majority-vote",0.913975275655345,0.509590631673543,0.654347277716317
