"","bcubed.precision","bcubed.recall","bcubed.f1"
"majority-vote",0.975539929939184,0.0397886583134998,0.0764588437528872
