"","bcubed.precision","bcubed.recall","bcubed.f1"
"majority-vote",0.910548695663246,0.575771103963861,0.705457369062043
