"","bcubed.precision","bcubed.recall","bcubed.f1"
"majority-vote",0.947000532620538,0.288605178955308,0.442389114305977
