"","bcubed.precision","bcubed.recall","bcubed.f1"
"majority-vote",0.803485420514116,0.481935400400421,0.602492291319617
