"","bcubed.precision","bcubed.recall","bcubed.f1"
"majority-vote",0.930473551353606,0.573558286518193,0.709666913062198
