"","bcubed.precision","bcubed.recall","bcubed.f1"
"majority-vote",0.959895201397933,0.273078495272835,0.425194370204568
