"","bcubed.precision","bcubed.recall","bcubed.f1"
"majority-vote",0.968967921896792,0.0798731957402144,0.147581102972046
