"","bcubed.precision","bcubed.recall","bcubed.f1"
"majority-vote",0.967809686718656,0.316201844384748,0.476667382715615
