"","bcubed.precision","bcubed.recall","bcubed.f1"
"majority-vote",0.791251275076478,0.517900560086331,0.626038122583649
