"","bcubed.precision","bcubed.recall","bcubed.f1"
"majority-vote",0.850086373820714,0.257493844086429,0.395261678859165
