"","bcubed.precision","bcubed.recall","bcubed.f1"
"majority-vote",0.681936558703046,0.248347513224982,0.3640979215738
