"","bcubed.precision","bcubed.recall","bcubed.f1"
"majority-vote",0.835195682690409,0.150016155363245,0.254347015441307
