"","bcubed.precision","bcubed.recall","bcubed.f1"
"majority-vote",0.913523691728231,0.735445401885086,0.81486887922493
