"","bcubed.precision","bcubed.recall","bcubed.f1"
"majority-vote",0.984986719208144,0.31776864753217,0.48051676560441
