"","bcubed.precision","bcubed.recall","bcubed.f1"
"majority-vote",0.93382343432776,0.185993103913182,0.310202096729736
