"","bcubed.precision","bcubed.recall","bcubed.f1"
"majority-vote",0.898012354498466,0.283841685209814,0.431344872507257
