"","bcubed.precision","bcubed.recall","bcubed.f1"
"majority-vote",0.998135635452236,0.660923976087321,0.795259878872421
