"","bcubed.precision","bcubed.recall","bcubed.f1"
"majority-vote",0.989252601138837,0.720685877015442,0.833878396854492
