"","bcubed.precision","bcubed.recall","bcubed.f1"
"majority-vote",0.918135596236639,0.29478961700468,0.446287764188992
