"","bcubed.precision","bcubed.recall","bcubed.f1"
"majority-vote",0.942087985066827,0.508375216456362,0.660387913083681
