"","bcubed.precision","bcubed.recall","bcubed.f1"
"majority-vote",0.929750916301839,0.67845047178337,0.78446636407527
