"","bcubed.precision","bcubed.recall","bcubed.f1"
"majority-vote",0.999557304484004,0.305567181467091,0.468050230508762
