"","bcubed.precision","bcubed.recall","bcubed.f1"
"majority-vote",0.990233252901298,0.351081201533521,0.518375507067092
