"","bcubed.precision","bcubed.recall","bcubed.f1"
"majority-vote",0.951614351110473,0.447950886156317,0.609155587047132
