"","bcubed.precision","bcubed.recall","bcubed.f1"
"majority-vote",0.910191725529768,0.285785857406129,0.434991301502398
