"","bcubed.precision","bcubed.recall","bcubed.f1"
"majority-vote",0.968235830618976,0.608850114659084,0.747594635859188
