"","bcubed.precision","bcubed.recall","bcubed.f1"
"majority-vote",0.944451488075895,0.69237467182277,0.799002734840892
