"","bcubed.precision","bcubed.recall","bcubed.f1"
"majority-vote",0.632656256490469,0.47178444110429,0.540504128523169
