"","bcubed.precision","bcubed.recall","bcubed.f1"
"majority-vote",0.933422989949965,0.464020411930058,0.61988531302072
