"","bcubed.precision","bcubed.recall","bcubed.f1"
"majority-vote",0.974002589469036,0.687832230693374,0.806277935312651
