"","bcubed.precision","bcubed.recall","bcubed.f1"
"majority-vote",0.95872394930277,0.173151107625861,0.293325862625988
