"","bcubed.precision","bcubed.recall","bcubed.f1"
"majority-vote",0.943377345657096,0.294617471458903,0.4490090658967
