"","bcubed.precision","bcubed.recall","bcubed.f1"
"majority-vote",0.972659091479168,0.179189885034852,0.302627643613024
