"","bcubed.precision","bcubed.recall","bcubed.f1"
"majority-vote",0.979074691299986,0.362187976450205,0.528769031990379
