"","bcubed.precision","bcubed.recall","bcubed.f1"
"majority-vote",0.970372006845953,0.28943883382677,0.445881767281282
