"","bcubed.precision","bcubed.recall","bcubed.f1"
"majority-vote",0.903271467142339,0.468440612107183,0.616935646143189
