"","bcubed.precision","bcubed.recall","bcubed.f1"
"majority-vote",0.994548362085676,0.0978759756112981,0.178213516254992
