"","bcubed.precision","bcubed.recall","bcubed.f1"
"majority-vote",0.948908316030125,0.536332879000963,0.685317281458437
