"","bcubed.precision","bcubed.recall","bcubed.f1"
"majority-vote",0.99871139809096,0.0576395186719898,0.10898886603818
