"","bcubed.precision","bcubed.recall","bcubed.f1"
"majority-vote",0.989106379970921,0.40764830973635,0.577349117802625
