"","bcubed.precision","bcubed.recall","bcubed.f1"
"majority-vote",0.990509257897579,0.380699121064196,0.550005396222961
