"","bcubed.precision","bcubed.recall","bcubed.f1"
"majority-vote",0.902661772480257,0.309272394309259,0.460698898135601
