"","bcubed.precision","bcubed.recall","bcubed.f1"
"majority-vote",0.862486828773109,0.208321921240118,0.335587308587255
