"","bcubed.precision","bcubed.recall","bcubed.f1"
"majority-vote",0.929676968570118,0.220528483529316,0.356493271139835
