"","bcubed.precision","bcubed.recall","bcubed.f1"
"majority-vote",0.89728089984299,0.212846098751899,0.344073676719699
