"","bcubed.precision","bcubed.recall","bcubed.f1"
"majority-vote",0.974585753798325,0.737012384407739,0.839311231045802
