"","bcubed.precision","bcubed.recall","bcubed.f1"
"majority-vote",0.982346829434891,0.409910842615724,0.578448407472524
