"","bcubed.precision","bcubed.recall","bcubed.f1"
"majority-vote",0.986088581634717,0.282655762282712,0.439369241023988
