"","bcubed.precision","bcubed.recall","bcubed.f1"
"majority-vote",0.976285762947854,0.556221046276026,0.70868290471904
