"","bcubed.precision","bcubed.recall","bcubed.f1"
"majority-vote",0.948011901739255,0.189124191009532,0.315339536097995
