"","bcubed.precision","bcubed.recall","bcubed.f1"
"majority-vote",0.941758172430716,0.375226556002563,0.53663898752847
