"","bcubed.precision","bcubed.recall","bcubed.f1"
"majority-vote",0.978679471083854,0.287858593898821,0.444868266044091
