"","bcubed.precision","bcubed.recall","bcubed.f1"
"majority-vote",0.937638561109919,0.240984451120992,0.383424236001057
