"","bcubed.precision","bcubed.recall","bcubed.f1"
"majority-vote",0.979879671597817,0.561435147655733,0.71385661285577
