"","bcubed.precision","bcubed.recall","bcubed.f1"
"majority-vote",0.890446127209348,0.507085164469522,0.646185203230435
