"","bcubed.precision","bcubed.recall","bcubed.f1"
"majority-vote",0.837065016475127,0.263089203338186,0.400348904472823
