"","bcubed.precision","bcubed.recall","bcubed.f1"
"majority-vote",0.999066168018866,0.10638903747324,0.192300307528589
