"","bcubed.precision","bcubed.recall","bcubed.f1"
"majority-vote",0.831268082501153,0.52720194127702,0.645205472546806
