"","bcubed.precision","bcubed.recall","bcubed.f1"
"majority-vote",0.987629833454215,0.153575703023292,0.265817052496392
