"","bcubed.precision","bcubed.recall","bcubed.f1"
"majority-vote",0.927661806938386,0.53103544905799,0.675426380897636
