"","bcubed.precision","bcubed.recall","bcubed.f1"
"majority-vote",0.989168620919674,0.330454180660655,0.495406574923968
