"","bcubed.precision","bcubed.recall","bcubed.f1"
"majority-vote",0.993946249708761,0.330049032795403,0.495547080419394
