"","bcubed.precision","bcubed.recall","bcubed.f1"
"majority-vote",0.766164298097794,0.567050103474708,0.651738451073663
