"","bcubed.precision","bcubed.recall","bcubed.f1"
"majority-vote",0.966227882550929,0.366641975345451,0.531574327971435
