"","bcubed.precision","bcubed.recall","bcubed.f1"
"majority-vote",0.857315900610805,0.833599862776957,0.845291566356738
