"","bcubed.precision","bcubed.recall","bcubed.f1"
"majority-vote",0.848669072059754,0.499870925921046,0.629161901740054
