"","bcubed.precision","bcubed.recall","bcubed.f1"
"majority-vote",0.935460301997077,0.352068723809766,0.511594392200084
