"","bcubed.precision","bcubed.recall","bcubed.f1"
"majority-vote",0.94776957564094,0.439575899424128,0.600595412097554
