"","bcubed.precision","bcubed.recall","bcubed.f1"
"majority-vote",0.866562130018466,0.515121151323364,0.646145883266141
