"","bcubed.precision","bcubed.recall","bcubed.f1"
"majority-vote",0.875903190346999,0.567016227300366,0.688397863937106
