"","bcubed.precision","bcubed.recall","bcubed.f1"
"majority-vote",0.994596152835356,0.16793993292729,0.287358669107177
