"","bcubed.precision","bcubed.recall","bcubed.f1"
"majority-vote",0.867262107509331,0.37110557178961,0.519790375150802
