"","bcubed.precision","bcubed.recall","bcubed.f1"
"majority-vote",0.983229519979811,0.103213823887529,0.186816697049243
