"","bcubed.precision","bcubed.recall","bcubed.f1"
"majority-vote",0.954985826265121,0.632828482969469,0.761225324873192
