"","bcubed.precision","bcubed.recall","bcubed.f1"
"majority-vote",0.989305387543822,0.252790932659522,0.402686051853612
