"","bcubed.precision","bcubed.recall","bcubed.f1"
"majority-vote",0.983983871870975,0.396330678322612,0.565063949144692
