"","bcubed.precision","bcubed.recall","bcubed.f1"
"majority-vote",0.993808648172494,0.727680871879675,0.840174203978664
