"","bcubed.precision","bcubed.recall","bcubed.f1"
"majority-vote",0.976070896008192,0.639311776604961,0.772589218887617
