"","bcubed.precision","bcubed.recall","bcubed.f1"
"majority-vote",0.964015416142704,0.333332527919701,0.495376274479151
