"","bcubed.precision","bcubed.recall","bcubed.f1"
"majority-vote",0.916622846662678,0.504683646685944,0.650956796516798
