"","bcubed.precision","bcubed.recall","bcubed.f1"
"majority-vote",0.918005678438105,0.30318527937623,0.455826840684056
