"","bcubed.precision","bcubed.recall","bcubed.f1"
"majority-vote",0.996068701444452,0.0876646519362677,0.161146680120792
