"","bcubed.precision","bcubed.recall","bcubed.f1"
"majority-vote",0.99875724294347,0.694194574415546,0.819080439384478
