"","bcubed.precision","bcubed.recall","bcubed.f1"
"majority-vote",0.947219139669691,0.483358805957262,0.640086356329162
