"","bcubed.precision","bcubed.recall","bcubed.f1"
"majority-vote",0.977949613108091,0.321962872674863,0.484437945186604
