"","bcubed.precision","bcubed.recall","bcubed.f1"
"majority-vote",0.944268506326534,0.122571504618307,0.216978010567151
