"","bcubed.precision","bcubed.recall","bcubed.f1"
"majority-vote",0.879569373865671,0.577761806319938,0.697414008754831
