"","bcubed.precision","bcubed.recall","bcubed.f1"
"majority-vote",0.988041923601216,0.217705631999114,0.356794903576854
