"","bcubed.precision","bcubed.recall","bcubed.f1"
"majority-vote",0.962782176578651,0.20597458702802,0.339349755900902
