"","bcubed.precision","bcubed.recall","bcubed.f1"
"majority-vote",0.997194940530033,0.763872945536297,0.865077652625912
