"","bcubed.precision","bcubed.recall","bcubed.f1"
"majority-vote",0.989075018208303,0.378036028259222,0.547001638967104
