"","bcubed.precision","bcubed.recall","bcubed.f1"
"majority-vote",0.950555003777713,0.389728903041147,0.552806397238386
