"","bcubed.precision","bcubed.recall","bcubed.f1"
"majority-vote",0.867028537448786,0.701223573121533,0.775361110538628
