"","bcubed.precision","bcubed.recall","bcubed.f1"
"majority-vote",0.978142253818785,0.331578998347391,0.495267872039296
