"","bcubed.precision","bcubed.recall","bcubed.f1"
"majority-vote",0.916139731903156,0.431975818001606,0.587116156505421
