"","bcubed.precision","bcubed.recall","bcubed.f1"
"majority-vote",0.918546006861432,0.432172139829828,0.587791012195805
