"","bcubed.precision","bcubed.recall","bcubed.f1"
"majority-vote",0.952490410827482,0.257468184154501,0.405362592600085
