"","bcubed.precision","bcubed.recall","bcubed.f1"
"majority-vote",0.989712949113707,0.435709068486444,0.60505155919132
