"","bcubed.precision","bcubed.recall","bcubed.f1"
"majority-vote",0.885962276789503,0.712019798971192,0.789524102659822
