"","bcubed.precision","bcubed.recall","bcubed.f1"
"majority-vote",0.98731762480594,0.258164659992522,0.409304125837318
