"","bcubed.precision","bcubed.recall","bcubed.f1"
"majority-vote",0.857384554811126,0.657364379091274,0.744168294694017
