"","bcubed.precision","bcubed.recall","bcubed.f1"
"majority-vote",0.666226273547267,0.232864703808364,0.345105418175205
