"","bcubed.precision","bcubed.recall","bcubed.f1"
"majority-vote",0.960659789991272,0.448587018821269,0.611588415313523
