"","bcubed.precision","bcubed.recall","bcubed.f1"
"majority-vote",0.921471917959886,0.423804589399462,0.580585516357059
