"","bcubed.precision","bcubed.recall","bcubed.f1"
"majority-vote",0.936433099425734,0.424548403934069,0.584227157783974
