"","bcubed.precision","bcubed.recall","bcubed.f1"
"majority-vote",0.954871842539446,0.639705777650661,0.766142741318032
