"","bcubed.precision","bcubed.recall","bcubed.f1"
"majority-vote",0.501909934294537,0.472267620374948,0.48663779857307
