"","bcubed.precision","bcubed.recall","bcubed.f1"
"majority-vote",0.989510958175444,0.337952255889197,0.503829344571484
