"","bcubed.precision","bcubed.recall","bcubed.f1"
"majority-vote",0.963594994311718,0.676367720411663,0.794828496832793
