"","bcubed.precision","bcubed.recall","bcubed.f1"
"majority-vote",0.963218117750056,0.17378705463595,0.294448686287833
