"","bcubed.precision","bcubed.recall","bcubed.f1"
"majority-vote",0.663094559810149,0.232491612728553,0.344274908052199
