"","bcubed.precision","bcubed.recall","bcubed.f1"
"majority-vote",0.8705221887266,0.60959908759552,0.717062230600488
