"","bcubed.precision","bcubed.recall","bcubed.f1"
"majority-vote",0.995662961298767,0.494208203579511,0.660546784277581
