"","bcubed.precision","bcubed.recall","bcubed.f1"
"majority-vote",0.812656204357986,0.238345045464446,0.368586773816668
