"","bcubed.precision","bcubed.recall","bcubed.f1"
"majority-vote",0.99068213687087,0.771385514897377,0.867387639155502
