"","bcubed.precision","bcubed.recall","bcubed.f1"
"majority-vote",0.969885993574599,0.186341313051839,0.31261989492464
