"","bcubed.precision","bcubed.recall","bcubed.f1"
"majority-vote",0.998391711388376,0.0428118318064729,0.0821030206904261
