"","bcubed.precision","bcubed.recall","bcubed.f1"
"majority-vote",0.984643470790378,0.409698614056419,0.578634281653837
