"","bcubed.precision","bcubed.recall","bcubed.f1"
"majority-vote",0.990445386332583,0.249889587453366,0.399088946480762
