"","bcubed.precision","bcubed.recall","bcubed.f1"
"majority-vote",0.950364842889823,0.647139625093086,0.769974369969586
