"","bcubed.precision","bcubed.recall","bcubed.f1"
"majority-vote",0.980542881806598,0.595720412553319,0.741157155871283
