"","bcubed.precision","bcubed.recall","bcubed.f1"
"majority-vote",0.991811686306425,0.0630984455894366,0.118648544233626
