"","bcubed.precision","bcubed.recall","bcubed.f1"
"majority-vote",0.996757598738447,0.399994509319294,0.570892378565404
