"","bcubed.precision","bcubed.recall","bcubed.f1"
"majority-vote",0.976538427678493,0.273944436551256,0.427862351405855
