"","bcubed.precision","bcubed.recall","bcubed.f1"
"majority-vote",0.994836227108029,0.453918246289893,0.623396612533529
