"","bcubed.precision","bcubed.recall","bcubed.f1"
"majority-vote",0.930334660323148,0.182350283657297,0.304932299342989
