"","bcubed.precision","bcubed.recall","bcubed.f1"
"majority-vote",0.997413491786089,0.373196864287844,0.543161790487564
