"","bcubed.precision","bcubed.recall","bcubed.f1"
"majority-vote",0.967603933299261,0.436275416251242,0.601393287680507
