"","bcubed.precision","bcubed.recall","bcubed.f1"
"majority-vote",0.740353619224382,0.553002572564078,0.633108587777454
