"","bcubed.precision","bcubed.recall","bcubed.f1"
"majority-vote",0.960526690168172,0.549204935387273,0.698834136984419
