"","bcubed.precision","bcubed.recall","bcubed.f1"
"majority-vote",0.687054703102268,0.741498966206364,0.713239359532229
