"","bcubed.precision","bcubed.recall","bcubed.f1"
"majority-vote",0.977357126154737,0.316328354480555,0.477961260420964
