"","bcubed.precision","bcubed.recall","bcubed.f1"
"majority-vote",0.976517254498698,0.441696091904486,0.608263708818253
