"","bcubed.precision","bcubed.recall","bcubed.f1"
"majority-vote",0.675237023943436,0.276322689331567,0.392163114493627
