"","bcubed.precision","bcubed.recall","bcubed.f1"
"majority-vote",0.964742169422941,0.278458799506272,0.432176217754999
