"","bcubed.precision","bcubed.recall","bcubed.f1"
"majority-vote",0.930042496743754,0.560338809841611,0.699336342216348
