"","bcubed.precision","bcubed.recall","bcubed.f1"
"majority-vote",0.860545409933752,0.498784602602289,0.631526996912605
