{
      "avg_bcuded_f1": 0.5248540397814486,
      "avg_bcuded_recall": 0.39580315865456,
      "avg_bcuded_precision": 0.9347318313032702,
      "avg_bcuded_f1star": 0.5561218819754923
}