"","bcubed.precision","bcubed.recall","bcubed.f1"
"majority-vote",0.613084090610737,0.672911885372679,0.641606317608237
