"","bcubed.precision","bcubed.recall","bcubed.f1"
"majority-vote",0.6583695901667,0.468025711569511,0.547115023364433
