"","bcubed.precision","bcubed.recall","bcubed.f1"
"majority-vote",0.894153741146125,0.302724615039277,0.452313880814234
