"","bcubed.precision","bcubed.recall","bcubed.f1"
"majority-vote",0.984152818951294,0.522950566058721,0.682983369127587
