"","bcubed.precision","bcubed.recall","bcubed.f1"
"majority-vote",0.336824157884419,0.945312723220663,0.496677330835055
