"","bcubed.precision","bcubed.recall","bcubed.f1"
"majority-vote",0.87042251341972,0.816706753797228,0.842709517498556
