"","bcubed.precision","bcubed.recall","bcubed.f1"
"majority-vote",0.833753993716608,0.318583945858185,0.461011701638966
