"","bcubed.precision","bcubed.recall","bcubed.f1"
"majority-vote",0.904625906650823,0.38663107620276,0.541730255857156
