"","bcubed.precision","bcubed.recall","bcubed.f1"
"majority-vote",0.720808744427871,0.453010640134366,0.556361626025619
