"","bcubed.precision","bcubed.recall","bcubed.f1"
"majority-vote",0.843199658695359,0.427557674920747,0.567404139293627
