"","bcubed.precision","bcubed.recall","bcubed.f1"
"majority-vote",0.828486325058662,0.599275620819827,0.69548240618611
