"","bcubed.precision","bcubed.recall","bcubed.f1"
"majority-vote",0.652243405347099,0.721423708519573,0.685091535777438
