"","bcubed.precision","bcubed.recall","bcubed.f1"
"majority-vote",0.558116515828629,0.74935815216808,0.639751073168602
