"","bcubed.precision","bcubed.recall","bcubed.f1"
"majority-vote",0.853886572142139,0.420709954502612,0.563689878964241
