"","bcubed.precision","bcubed.recall","bcubed.f1"
"majority-vote",0.94055734943845,0.549259201287201,0.693521330885662
