"","bcubed.precision","bcubed.recall","bcubed.f1"
"majority-vote",0.276259539835964,0.879860300324027,0.420492397490232
