"","bcubed.precision","bcubed.recall","bcubed.f1"
"majority-vote",0.346763558383482,0.924840117187205,0.504403779468007
