"","bcubed.precision","bcubed.recall","bcubed.f1"
"majority-vote",0.972425438715754,0.285864708906545,0.441841041983968
