"","bcubed.precision","bcubed.recall","bcubed.f1"
"majority-vote",0.798176866134839,0.626679413839808,0.702107317965818
