"","bcubed.precision","bcubed.recall","bcubed.f1"
"majority-vote",0.677926601596191,0.706682153910645,0.692005780122275
