"","bcubed.precision","bcubed.recall","bcubed.f1"
"majority-vote",0.585841910252795,0.615945703232052,0.600516769093854
