"","bcubed.precision","bcubed.recall","bcubed.f1"
"majority-vote",0.572935059939961,0.557701977136248,0.565215900808411
