"","bcubed.precision","bcubed.recall","bcubed.f1"
"majority-vote",0.961525323183671,0.0249983047808957,0.0487297058116848
