"","bcubed.precision","bcubed.recall","bcubed.f1"
"majority-vote",0.326361557345127,0.939203805365501,0.484400135488917
