"","bcubed.precision","bcubed.recall","bcubed.f1"
"majority-vote",0.395369884149284,0.653418614284715,0.492648502946929
