"","bcubed.precision","bcubed.recall","bcubed.f1"
"majority-vote",0.567363581793985,0.412942595094588,0.477990642825051
