"","bcubed.precision","bcubed.recall","bcubed.f1"
"majority-vote",0.968020029365305,0.789080147127183,0.869438632370316
