"","bcubed.precision","bcubed.recall","bcubed.f1"
"majority-vote",0.83572488728136,0.54018286668184,0.656212982401838
