"","bcubed.precision","bcubed.recall","bcubed.f1"
"majority-vote",0.376542565424514,0.891708947673913,0.529494932671247
