"","bcubed.precision","bcubed.recall","bcubed.f1"
"majority-vote",0.916059431558135,0.765849958320083,0.834247173717622
