"","bcubed.precision","bcubed.recall","bcubed.f1"
"majority-vote",0.777905466412026,0.295177282073426,0.427963307787117
