"","bcubed.precision","bcubed.recall","bcubed.f1"
"majority-vote",0.834396545643261,0.474215958437201,0.604738463640081
