"","bcubed.precision","bcubed.recall","bcubed.f1"
"majority-vote",0.934059174847775,0.0205805421289909,0.040273715532816
