"","bcubed.precision","bcubed.recall","bcubed.f1"
"majority-vote",0.750533298265215,0.730287866419174,0.740272186997636
