"","bcubed.precision","bcubed.recall","bcubed.f1"
"majority-vote",0.587766453312839,0.671696307769976,0.626934862578804
