"","bcubed.precision","bcubed.recall","bcubed.f1"
"majority-vote",0.601199893034044,0.714518653861896,0.652979376609146
