"","bcubed.precision","bcubed.recall","bcubed.f1"
"majority-vote",0.42285928341733,0.282026683094123,0.338374167691164
