"","bcubed.precision","bcubed.recall","bcubed.f1"
"majority-vote",0.957596113510921,0.0105858552471502,0.0209402243998892
