"","bcubed.precision","bcubed.recall","bcubed.f1"
"majority-vote",0.607837058208245,0.55054481828923,0.577774133988616
