"","bcubed.precision","bcubed.recall","bcubed.f1"
"majority-vote",0.389084328020601,0.874554636136348,0.538564435840154
