"","bcubed.precision","bcubed.recall","bcubed.f1"
"majority-vote",0.861245123877525,0.992853816754878,0.922378509219871
