"","bcubed.precision","bcubed.recall","bcubed.f1"
"majority-vote",0.996490829464772,0.26556184643657,0.419364341414321
