"","bcubed.precision","bcubed.recall","bcubed.f1"
"majority-vote",0.841211342568613,0.411098006341142,0.552292141143208
