"","bcubed.precision","bcubed.recall","bcubed.f1"
"majority-vote",0.992438150479468,0.11468406485846,0.205608449800381
