"","bcubed.precision","bcubed.recall","bcubed.f1"
"majority-vote",0.450060606624398,0.427198796280774,0.438331806456843
