"","bcubed.precision","bcubed.recall","bcubed.f1"
"majority-vote",0.458725159720159,0.761322979656821,0.572498730451803
