"","bcubed.precision","bcubed.recall","bcubed.f1"
"majority-vote",0.879763643857248,0.173093573501364,0.289272715124418
