"","bcubed.precision","bcubed.recall","bcubed.f1"
"majority-vote",0.902279519764865,0.0892276495178705,0.16239576122273
