"","bcubed.precision","bcubed.recall","bcubed.f1"
"majority-vote",0.806123521304992,0.592459234259054,0.682970417375058
