"","bcubed.precision","bcubed.recall","bcubed.f1"
"majority-vote",0.511881087134251,0.658032011021,0.575827626345402
