"","bcubed.precision","bcubed.recall","bcubed.f1"
"majority-vote",0.668323875554667,0.684812192293494,0.676467576699068
