"","bcubed.precision","bcubed.recall","bcubed.f1"
"majority-vote",0.880283493962084,0.635779585015457,0.738315288127218
