"","bcubed.precision","bcubed.recall","bcubed.f1"
"majority-vote",0.962011712911403,0.631956509059452,0.762812652581113
