"","bcubed.precision","bcubed.recall","bcubed.f1"
"majority-vote",0.766616168199414,0.484242486450926,0.593557262544803
