"","bcubed.precision","bcubed.recall","bcubed.f1"
"majority-vote",0.297235714751406,0.816493180938124,0.43581689433592
