"","bcubed.precision","bcubed.recall","bcubed.f1"
"majority-vote",0.772673431062434,0.508412538259276,0.613287273046865
