"","bcubed.precision","bcubed.recall","bcubed.f1"
"majority-vote",0.685540579925787,0.194166717340918,0.302621484263587
