"","bcubed.precision","bcubed.recall","bcubed.f1"
"majority-vote",0.737974979032227,0.10174358116958,0.178831862814227
