"","bcubed.precision","bcubed.recall","bcubed.f1"
"majority-vote",0.525602452087179,0.751068938110745,0.618426446442605
