"","bcubed.precision","bcubed.recall","bcubed.f1"
"majority-vote",0.484765149695197,0.889542749203597,0.627543979516507
