"","bcubed.precision","bcubed.recall","bcubed.f1"
"majority-vote",0.96557616071161,0.265947098787276,0.417031796385072
