"","bcubed.precision","bcubed.recall","bcubed.f1"
"majority-vote",0.785756590335984,0.634930639096014,0.702337465615702
