"","bcubed.precision","bcubed.recall","bcubed.f1"
"majority-vote",0.786459814501655,0.415009994560971,0.543315663659329
