"","bcubed.precision","bcubed.recall","bcubed.f1"
"majority-vote",0.278982048828715,0.802133191346067,0.413981327502262
