"","bcubed.precision","bcubed.recall","bcubed.f1"
"majority-vote",0.690695990058067,0.665410310572199,0.677817414522605
