"","bcubed.precision","bcubed.recall","bcubed.f1"
"majority-vote",0.592522542382589,0.539857599504271,0.564965395542573
