"","bcubed.precision","bcubed.recall","bcubed.f1"
"majority-vote",0.676451779098516,0.601353316037087,0.636695724643218
