"","bcubed.precision","bcubed.recall","bcubed.f1"
"majority-vote",0.562440324670156,0.666160006445309,0.609922105372053
