"","bcubed.precision","bcubed.recall","bcubed.f1"
"majority-vote",0.569609433706338,0.660926506823187,0.611879687335359
