"","bcubed.precision","bcubed.recall","bcubed.f1"
"majority-vote",0.165803922451702,0.988722341232493,0.283984951314748
