"","bcubed.precision","bcubed.recall","bcubed.f1"
"majority-vote",0.620153427506066,0.372641748528278,0.465544279747126
