"","bcubed.precision","bcubed.recall","bcubed.f1"
"majority-vote",0.62583210769069,0.728451943433889,0.673254055871139
