"","bcubed.precision","bcubed.recall","bcubed.f1"
"majority-vote",0.903713378688685,0.339891249892605,0.493990232534886
