"","bcubed.precision","bcubed.recall","bcubed.f1"
"majority-vote",0.799810537651242,0.41458675942225,0.546099468033531
