"","bcubed.precision","bcubed.recall","bcubed.f1"
"majority-vote",0.606416054738554,0.670754047434755,0.636964524072621
