"","bcubed.precision","bcubed.recall","bcubed.f1"
"majority-vote",0.662421875147462,0.760548139234703,0.708101673878926
