"","bcubed.precision","bcubed.recall","bcubed.f1"
"majority-vote",0.370443896869616,0.602980054064191,0.458937302185571
