"","bcubed.precision","bcubed.recall","bcubed.f1"
"majority-vote",0.562345460852704,0.6482195922378,0.602236690048354
