"","bcubed.precision","bcubed.recall","bcubed.f1"
"majority-vote",0.471328278397161,0.480202543639007,0.475724028972564
