"","bcubed.precision","bcubed.recall","bcubed.f1"
"majority-vote",0.873791389362481,0.384347904626591,0.533867579188961
