"","bcubed.precision","bcubed.recall","bcubed.f1"
"majority-vote",0.907698269517096,0.171225451900834,0.288103863697452
