"","bcubed.precision","bcubed.recall","bcubed.f1"
"majority-vote",0.68237685796142,0.714279804619131,0.697963961852634
