"","bcubed.precision","bcubed.recall","bcubed.f1"
"majority-vote",0.968121904700275,0.568192831203493,0.716103169651851
