"","bcubed.precision","bcubed.recall","bcubed.f1"
"majority-vote",0.43581614129369,0.752164659960595,0.551870029171189
