"","bcubed.precision","bcubed.recall","bcubed.f1"
"majority-vote",0.551926715894554,0.808440446285801,0.655999193334973
