"","bcubed.precision","bcubed.recall","bcubed.f1"
"majority-vote",0.226643826492997,0.991153873493788,0.368926475283089
