"","bcubed.precision","bcubed.recall","bcubed.f1"
"majority-vote",0.513877632404796,0.98707377076906,0.675884817135449
