"","bcubed.precision","bcubed.recall","bcubed.f1"
"majority-vote",0.847629053566534,0.248026417295629,0.383760046735057
