"","bcubed.precision","bcubed.recall","bcubed.f1"
"majority-vote",0.819734674602105,0.40819736807111,0.545003347189722
