"","bcubed.precision","bcubed.recall","bcubed.f1"
"majority-vote",0.883429696850578,0.296590966864101,0.444089287590182
