"","bcubed.precision","bcubed.recall","bcubed.f1"
"majority-vote",0.799958369942954,0.116624169579042,0.20357027669555
