"","bcubed.precision","bcubed.recall","bcubed.f1"
"majority-vote",0.784517709146424,0.936555468108442,0.853821162329563
