"","bcubed.precision","bcubed.recall","bcubed.f1"
"majority-vote",0.865884886013335,0.555240611531855,0.676610833394672
