"","bcubed.precision","bcubed.recall","bcubed.f1"
"majority-vote",0.533930091382157,0.575951733649743,0.554145414121869
