"","bcubed.precision","bcubed.recall","bcubed.f1"
"majority-vote",0.213601526681545,0.990129464362385,0.351396062365678
