"","bcubed.precision","bcubed.recall","bcubed.f1"
"majority-vote",0.514234354963443,0.800879219785402,0.626317934659937
