"","bcubed.precision","bcubed.recall","bcubed.f1"
"majority-vote",0.788849785357619,0.239972087347829,0.367997482593086
