"","bcubed.precision","bcubed.recall","bcubed.f1"
"majority-vote",0.918293443325566,0.00388449958654724,0.00773627373836931
