"","bcubed.precision","bcubed.recall","bcubed.f1"
"majority-vote",0.799554791410093,0.45115785624628,0.576831818755425
