"","bcubed.precision","bcubed.recall","bcubed.f1"
"majority-vote",0.918927901855609,0.26030969651123,0.40569575389899
