"","bcubed.precision","bcubed.recall","bcubed.f1"
"majority-vote",0.812145737455451,0.637934243997545,0.71457517332297
