"","bcubed.precision","bcubed.recall","bcubed.f1"
"majority-vote",0.385374747864359,0.86649387989096,0.533482272956609
