"","bcubed.precision","bcubed.recall","bcubed.f1"
"majority-vote",0.426800966453063,0.922953798327202,0.583687619997701
