"","bcubed.precision","bcubed.recall","bcubed.f1"
"majority-vote",0.607578169977288,0.669179981372624,0.636892974660768
