"","bcubed.precision","bcubed.recall","bcubed.f1"
"majority-vote",0.946168160758864,0.421711879086444,0.58339962771956
