"","bcubed.precision","bcubed.recall","bcubed.f1"
"majority-vote",0.889387702303031,0.721018296052094,0.796401412189484
