"","bcubed.precision","bcubed.recall","bcubed.f1"
"majority-vote",0.383818265422209,0.596373740473303,0.467049584642743
