"","bcubed.precision","bcubed.recall","bcubed.f1"
"majority-vote",0.756427913892225,0.813604885978625,0.783975273235003
