"","bcubed.precision","bcubed.recall","bcubed.f1"
"majority-vote",0.0807571893505782,0.492625505978691,0.13876613852952
