"","bcubed.precision","bcubed.recall","bcubed.f1"
"majority-vote",0.908203405903594,0.407602419399207,0.562675583941446
