"","bcubed.precision","bcubed.recall","bcubed.f1"
"majority-vote",0.935605337035054,0.987904596791718,0.96104397173655
