"","bcubed.precision","bcubed.recall","bcubed.f1"
"majority-vote",0.81645936760066,0.230216662717846,0.359160896799269
