"","bcubed.precision","bcubed.recall","bcubed.f1"
"majority-vote",0.855037303204409,0.230183553073366,0.362719760357209
