"","bcubed.precision","bcubed.recall","bcubed.f1"
"majority-vote",0.334232419303807,0.859266720834067,0.48126518951399
