"","bcubed.precision","bcubed.recall","bcubed.f1"
"majority-vote",0.612675834569156,0.808015378829036,0.69691639097938
