"","bcubed.precision","bcubed.recall","bcubed.f1"
"majority-vote",0.788602772614366,0.807882623797853,0.79812628227694
