"","bcubed.precision","bcubed.recall","bcubed.f1"
"majority-vote",0.347165097542561,0.623823081557888,0.446080818736602
