"","bcubed.precision","bcubed.recall","bcubed.f1"
"majority-vote",0.767215650720853,0.501026252883812,0.606185904348273
