"","bcubed.precision","bcubed.recall","bcubed.f1"
"majority-vote",0.62418093387002,0.598100791698655,0.610862623405702
