"","bcubed.precision","bcubed.recall","bcubed.f1"
"majority-vote",0.350437457220509,0.552328291278123,0.428807854680692
