"","bcubed.precision","bcubed.recall","bcubed.f1"
"majority-vote",0.38458787558241,0.659424940651547,0.485830888448411
