"","bcubed.precision","bcubed.recall","bcubed.f1"
"majority-vote",0.758442878448199,0.546062275550803,0.634964212768517
