"","bcubed.precision","bcubed.recall","bcubed.f1"
"majority-vote",0.21067949492334,0.952581487750859,0.345046192903873
