"","bcubed.precision","bcubed.recall","bcubed.f1"
"majority-vote",0.126724243095301,0.98681979591736,0.224605381247369
