"","bcubed.precision","bcubed.recall","bcubed.f1"
"majority-vote",0.630244750620018,0.475291068361973,0.541908630563499
