"","bcubed.precision","bcubed.recall","bcubed.f1"
"majority-vote",0.838771925763264,0.552119088310578,0.665906942049358
