"","bcubed.precision","bcubed.recall","bcubed.f1"
"majority-vote",0.781381601113258,0.298583041455699,0.432064691382753
