"","bcubed.precision","bcubed.recall","bcubed.f1"
"majority-vote",0.802913516889104,0.500741587158509,0.616807601258601
