"","bcubed.precision","bcubed.recall","bcubed.f1"
"majority-vote",0.739753040347754,0.650684131147859,0.692365788530969
