"","bcubed.precision","bcubed.recall","bcubed.f1"
"majority-vote",0.760689302819352,0.350398721146043,0.479790175302398
