"","bcubed.precision","bcubed.recall","bcubed.f1"
"majority-vote",0.310101276222115,0.621183000183965,0.413686016192407
