"","bcubed.precision","bcubed.recall","bcubed.f1"
"majority-vote",0.55139766245808,0.736968718786341,0.630818740319835
