"","bcubed.precision","bcubed.recall","bcubed.f1"
"majority-vote",0.868199241557242,0.576441349858577,0.69285875770522
