"","bcubed.precision","bcubed.recall","bcubed.f1"
"majority-vote",0.527854447472624,0.835000805903711,0.646816876476888
