"","bcubed.precision","bcubed.recall","bcubed.f1"
"majority-vote",0.906338241078405,0.132138362772281,0.230649493402028
