"","bcubed.precision","bcubed.recall","bcubed.f1"
"majority-vote",0.926787782992535,0.220295896233511,0.355976724227066
