"","bcubed.precision","bcubed.recall","bcubed.f1"
"majority-vote",0.928342848407444,0.239347895506535,0.380574922312191
