"","bcubed.precision","bcubed.recall","bcubed.f1"
"majority-vote",0.583769430617957,0.601529487151259,0.59251640400565
