"","bcubed.precision","bcubed.recall","bcubed.f1"
"majority-vote",0.357814211709014,0.633795567940083,0.457399808233838
