"","bcubed.precision","bcubed.recall","bcubed.f1"
"majority-vote",0.545123141719673,0.616302850333511,0.578531819200424
