"","bcubed.precision","bcubed.recall","bcubed.f1"
"majority-vote",0.946945194984394,0.108853226512929,0.195260833329873
