"","bcubed.precision","bcubed.recall","bcubed.f1"
"majority-vote",0.463581297016977,0.903828011634796,0.612834444321655
