"","bcubed.precision","bcubed.recall","bcubed.f1"
"majority-vote",0.553557222289194,0.511990152874146,0.531962920599352
