"","bcubed.precision","bcubed.recall","bcubed.f1"
"majority-vote",0.364356375252923,0.821070123731602,0.504733333306768
