"","bcubed.precision","bcubed.recall","bcubed.f1"
"majority-vote",0.625531439905688,0.619784857578242,0.622644889777751
