"","bcubed.precision","bcubed.recall","bcubed.f1"
"majority-vote",0.925724627395895,0.183320019621505,0.306036113721333
