"","bcubed.precision","bcubed.recall","bcubed.f1"
"majority-vote",0.67753980494477,0.596372540027808,0.6343703882602
