"","bcubed.precision","bcubed.recall","bcubed.f1"
"majority-vote",0.824792253321624,0.774044386395475,0.798612938641489
