"","bcubed.precision","bcubed.recall","bcubed.f1"
"majority-vote",0.916195253721305,0.241565328850703,0.38232603715868
