"","bcubed.precision","bcubed.recall","bcubed.f1"
"majority-vote",0.509824060678675,0.500347577599296,0.505041369399876
