"","bcubed.precision","bcubed.recall","bcubed.f1"
"majority-vote",0.263413394477114,0.780892302890363,0.393941147202262
