"","bcubed.precision","bcubed.recall","bcubed.f1"
"majority-vote",0.927259751950313,0.522445733866091,0.668332852888884
