"","bcubed.precision","bcubed.recall","bcubed.f1"
"majority-vote",0.475858063583279,0.916166456240655,0.626375742062036
