"","bcubed.precision","bcubed.recall","bcubed.f1"
"majority-vote",0.990128001352823,0.88669147616516,0.935559407421572
