"","bcubed.precision","bcubed.recall","bcubed.f1"
"majority-vote",0.672657887615797,0.494883430872163,0.570236338458047
