"","bcubed.precision","bcubed.recall","bcubed.f1"
"majority-vote",0.84113905109921,0.488117223025318,0.61775064115625
