"","bcubed.precision","bcubed.recall","bcubed.f1"
"majority-vote",0.314230714163833,0.886769386909204,0.464030231967745
