"","bcubed.precision","bcubed.recall","bcubed.f1"
"majority-vote",0.41263466654195,0.928143416654881,0.571286410531622
