"","bcubed.precision","bcubed.recall","bcubed.f1"
"majority-vote",0.791885965096029,0.951959872294098,0.864576037676038
