"","bcubed.precision","bcubed.recall","bcubed.f1"
"majority-vote",0.695446378468254,0.81401956209306,0.750075826486577
