"","bcubed.precision","bcubed.recall","bcubed.f1"
"majority-vote",0.865837124797644,0.686297503461422,0.765683396702954
