"","bcubed.precision","bcubed.recall","bcubed.f1"
"majority-vote",0.406197927281391,0.737830668971095,0.523947197478193
