"","bcubed.precision","bcubed.recall","bcubed.f1"
"majority-vote",0.102021243499691,0.888384326323804,0.183024159876932
