"","bcubed.precision","bcubed.recall","bcubed.f1"
"majority-vote",0.781546852175118,0.682902714548687,0.7289024887233
