"","bcubed.precision","bcubed.recall","bcubed.f1"
"majority-vote",0.263960532828528,0.921913532534268,0.410412529251372
