"","bcubed.precision","bcubed.recall","bcubed.f1"
"majority-vote",0.40150560691349,0.973540434152623,0.568536516153611
