"","bcubed.precision","bcubed.recall","bcubed.f1"
"majority-vote",0.981355056494723,0.0539941841469885,0.102356699660325
