"","bcubed.precision","bcubed.recall","bcubed.f1"
"majority-vote",0.477448006397516,0.498380605672365,0.487689792371895
