"","bcubed.precision","bcubed.recall","bcubed.f1"
"majority-vote",0.639961824679902,0.961359833068202,0.768407259050601
