"","bcubed.precision","bcubed.recall","bcubed.f1"
"majority-vote",0.973480109068416,0.104170215488601,0.188201368151973
