"","bcubed.precision","bcubed.recall","bcubed.f1"
"majority-vote",0.603175978179717,0.591610621415242,0.597337324329921
