"","bcubed.precision","bcubed.recall","bcubed.f1"
"majority-vote",0.481221818156454,0.393938359190126,0.433227512764144
