"","bcubed.precision","bcubed.recall","bcubed.f1"
"majority-vote",0.685479253616796,0.721975451997229,0.703254167953919
