"","bcubed.precision","bcubed.recall","bcubed.f1"
"majority-vote",0.222322615979934,0.927962070914902,0.358705905566523
