"","bcubed.precision","bcubed.recall","bcubed.f1"
"majority-vote",0.979681443706587,0.732518511497706,0.838260497209565
