"","bcubed.precision","bcubed.recall","bcubed.f1"
"majority-vote",0.733656405318975,0.714276410024838,0.723836710971334
