"","bcubed.precision","bcubed.recall","bcubed.f1"
"majority-vote",0.611418143208929,0.67470127648074,0.641502795729633
