"","bcubed.precision","bcubed.recall","bcubed.f1"
"majority-vote",0.899274468944926,0.394655662223367,0.548567117362949
