"","bcubed.precision","bcubed.recall","bcubed.f1"
"majority-vote",0.605876941970921,0.994868446796292,0.753108965908075
