"","bcubed.precision","bcubed.recall","bcubed.f1"
"majority-vote",0.668320459258455,0.787304467889644,0.722949536989766
