"","bcubed.precision","bcubed.recall","bcubed.f1"
"majority-vote",0.304456828600584,0.665240548428179,0.417732444015777
