"","bcubed.precision","bcubed.recall","bcubed.f1"
"majority-vote",0.190138038750908,0.974838978566517,0.31821052042621
