"","bcubed.precision","bcubed.recall","bcubed.f1"
"majority-vote",0.452067484528286,0.565544944063831,0.50247908352366
