"","bcubed.precision","bcubed.recall","bcubed.f1"
"majority-vote",0.56456371290955,0.616553604172721,0.589414424706585
