"","bcubed.precision","bcubed.recall","bcubed.f1"
"majority-vote",0.497322312849449,0.285627143466611,0.362855483085116
