"","bcubed.precision","bcubed.recall","bcubed.f1"
"majority-vote",0.221025646673081,0.952661010420739,0.358805332949514
