"","bcubed.precision","bcubed.recall","bcubed.f1"
"majority-vote",0.603060651989046,0.825900360881309,0.697105107312342
