"","bcubed.precision","bcubed.recall","bcubed.f1"
"majority-vote",0.574200571939092,0.582230372382503,0.578187594276918
