"","bcubed.precision","bcubed.recall","bcubed.f1"
"majority-vote",0.523600013964466,0.906302873473334,0.66373765851608
