"","bcubed.precision","bcubed.recall","bcubed.f1"
"majority-vote",0.600056505292228,0.595960573006003,0.598001525594879
