"","bcubed.precision","bcubed.recall","bcubed.f1"
"majority-vote",0.771637050181561,0.580781348611562,0.662742250538766
