"","bcubed.precision","bcubed.recall","bcubed.f1"
"majority-vote",0.680458129286182,0.951902404313504,0.793611112214053
