"","bcubed.precision","bcubed.recall","bcubed.f1"
"majority-vote",0.513076715639736,0.97963886572114,0.673443619150813
