"","bcubed.precision","bcubed.recall","bcubed.f1"
"majority-vote",0.496548662066062,0.416970572036505,0.453293531075013
