"","bcubed.precision","bcubed.recall","bcubed.f1"
"majority-vote",0.87967568295652,0.529873675192009,0.661370223625891
