"","bcubed.precision","bcubed.recall","bcubed.f1"
"majority-vote",0.64539820768189,0.848692066063426,0.733214515797784
