"","bcubed.precision","bcubed.recall","bcubed.f1"
"majority-vote",0.948895115509779,0.411047953744589,0.573614299549146
