"","bcubed.precision","bcubed.recall","bcubed.f1"
"majority-vote",0.885603258334308,0.310655521309672,0.459963256400536
