"","bcubed.precision","bcubed.recall","bcubed.f1"
"majority-vote",0.349820333723034,0.713765314153781,0.469524237931652
