"","bcubed.precision","bcubed.recall","bcubed.f1"
"majority-vote",0.442625931461158,0.623631011519401,0.517764989347173
