"","bcubed.precision","bcubed.recall","bcubed.f1"
"majority-vote",0.845884735337451,0.36456925159641,0.509533725738641
