"","bcubed.precision","bcubed.recall","bcubed.f1"
"majority-vote",0.593317363447999,0.639633924080465,0.615605688961265
