"","bcubed.precision","bcubed.recall","bcubed.f1"
"majority-vote",0.800164182143407,0.83824298603565,0.818761082575245
