"","bcubed.precision","bcubed.recall","bcubed.f1"
"majority-vote",0.746035800781489,0.791630738033398,0.768157278140635
