"","bcubed.precision","bcubed.recall","bcubed.f1"
"majority-vote",0.668097195785319,0.35979774304893,0.46771290352591
