"","bcubed.precision","bcubed.recall","bcubed.f1"
"majority-vote",0.721962697639006,0.564249694907413,0.633436956816819
