"","bcubed.precision","bcubed.recall","bcubed.f1"
"majority-vote",0.699103663045356,0.492037318840065,0.577572423730433
