"","bcubed.precision","bcubed.recall","bcubed.f1"
"majority-vote",0.791849605068329,0.509996872591028,0.620412359026189
