"","bcubed.precision","bcubed.recall","bcubed.f1"
"majority-vote",0.827164304207813,0.690644866980488,0.752764961096337
