"","bcubed.precision","bcubed.recall","bcubed.f1"
"majority-vote",0.544243737422781,0.777228057687783,0.640197550202661
