"","bcubed.precision","bcubed.recall","bcubed.f1"
"majority-vote",0.715989867557522,0.625800360816347,0.667864034158846
