"","bcubed.precision","bcubed.recall","bcubed.f1"
"majority-vote",0.261529093528063,0.999371016122985,0.414568281728829
