"","bcubed.precision","bcubed.recall","bcubed.f1"
"majority-vote",0.781196428407872,0.942451899653772,0.854281057184897
