"","bcubed.precision","bcubed.recall","bcubed.f1"
"majority-vote",0.508338818511386,0.754752571362332,0.607509533309569
