"","bcubed.precision","bcubed.recall","bcubed.f1"
"majority-vote",0.801146274273458,0.58094322785825,0.673502695513102
