"","bcubed.precision","bcubed.recall","bcubed.f1"
"majority-vote",0.670139312181506,0.662740857408881,0.666419551391564
