"","bcubed.precision","bcubed.recall","bcubed.f1"
"majority-vote",0.895148309436998,0.617351119984905,0.73073853865154
