"","bcubed.precision","bcubed.recall","bcubed.f1"
"majority-vote",0.947511059256632,0.241229132227209,0.384553785995664
