"","bcubed.precision","bcubed.recall","bcubed.f1"
"majority-vote",0.847337527348391,0.154845686550078,0.261841466395185
