"","bcubed.precision","bcubed.recall","bcubed.f1"
"majority-vote",0.786558655833969,0.39799643807373,0.528548726805565
