"","bcubed.precision","bcubed.recall","bcubed.f1"
"majority-vote",0.698739566862044,0.314792740946997,0.434042687669434
