"","bcubed.precision","bcubed.recall","bcubed.f1"
"majority-vote",0.540906100646369,0.618545178692341,0.577126208995879
