"","bcubed.precision","bcubed.recall","bcubed.f1"
"majority-vote",0.46738296123153,0.617351965355036,0.532000551688174
