"","bcubed.precision","bcubed.recall","bcubed.f1"
"majority-vote",0.727760963351339,0.144549062336881,0.241192149029411
