"","bcubed.precision","bcubed.recall","bcubed.f1"
"majority-vote",0.806302266213171,0.696088721532206,0.747152929210686
