"","bcubed.precision","bcubed.recall","bcubed.f1"
"majority-vote",0.339981195408031,0.576208499691267,0.427640816257103
