"","bcubed.precision","bcubed.recall","bcubed.f1"
"majority-vote",0.78194086490287,0.734417719486283,0.757434597181953
