"","bcubed.precision","bcubed.recall","bcubed.f1"
"majority-vote",0.8094907262882,0.283011412729874,0.419395268634371
