"","bcubed.precision","bcubed.recall","bcubed.f1"
"majority-vote",0.940379844638932,0.0615291051747061,0.115500975164909
