"","bcubed.precision","bcubed.recall","bcubed.f1"
"majority-vote",0.564989595191791,0.559153604786787,0.562056451214646
