"","bcubed.precision","bcubed.recall","bcubed.f1"
"majority-vote",0.57513482821711,0.746135108937722,0.649569441698974
