"","bcubed.precision","bcubed.recall","bcubed.f1"
"majority-vote",0.825714949589713,0.950223369992782,0.883604608787327
