"","bcubed.precision","bcubed.recall","bcubed.f1"
"majority-vote",0.517780031380076,0.468743045916509,0.492042800841397
