"","bcubed.precision","bcubed.recall","bcubed.f1"
"majority-vote",0.728650068815129,0.455408339968256,0.560501603291362
