"","bcubed.precision","bcubed.recall","bcubed.f1"
"majority-vote",0.877527611404813,0.121046614001804,0.212746821119663
