"","bcubed.precision","bcubed.recall","bcubed.f1"
"majority-vote",0.882396039229866,0.637257513672139,0.740054869690459
