"","bcubed.precision","bcubed.recall","bcubed.f1"
"majority-vote",0.369864534483172,0.86575583502397,0.518302201549098
