"","bcubed.precision","bcubed.recall","bcubed.f1"
"majority-vote",0.747478084933979,0.674027049326922,0.708854911433781
