"","bcubed.precision","bcubed.recall","bcubed.f1"
"majority-vote",0.239070927381209,0.967151740308524,0.383375092621594
