"","bcubed.precision","bcubed.recall","bcubed.f1"
"majority-vote",0.879615188677109,0.428783114751205,0.576528018104548
