"","bcubed.precision","bcubed.recall","bcubed.f1"
"majority-vote",0.911671896492414,0.295640666855637,0.446491315695619
