"","bcubed.precision","bcubed.recall","bcubed.f1"
"majority-vote",0.311466886569279,0.96689371195736,0.471158723843438
