"","bcubed.precision","bcubed.recall","bcubed.f1"
"majority-vote",0.9243447303086,0.639709650720286,0.756127474521528
