"","bcubed.precision","bcubed.recall","bcubed.f1"
"majority-vote",0.814585892581153,0.397160706442864,0.533975517350735
