"","bcubed.precision","bcubed.recall","bcubed.f1"
"majority-vote",0.648130030839428,0.532881870330012,0.584882747936359
