"","bcubed.precision","bcubed.recall","bcubed.f1"
"majority-vote",0.303305008787071,0.721660455207854,0.427103621335642
