"","bcubed.precision","bcubed.recall","bcubed.f1"
"majority-vote",0.91366070567965,0.380257963283959,0.537014833169703
