"","bcubed.precision","bcubed.recall","bcubed.f1"
"majority-vote",0.9457230759758,0.260447962037969,0.408419104799239
