"","bcubed.precision","bcubed.recall","bcubed.f1"
"majority-vote",0.722741920426298,0.668063030375942,0.694327637043874
