"","bcubed.precision","bcubed.recall","bcubed.f1"
"majority-vote",0.547551583451979,0.69310152192506,0.611788797655423
