"","bcubed.precision","bcubed.recall","bcubed.f1"
"majority-vote",0.715242235922787,0.337923740184384,0.458991910077191
