"","bcubed.precision","bcubed.recall","bcubed.f1"
"majority-vote",0.51060863478303,0.909448418277582,0.65401909629117
