"","bcubed.precision","bcubed.recall","bcubed.f1"
"majority-vote",0.757948806768758,0.514999174073444,0.613289805004609
