"","bcubed.precision","bcubed.recall","bcubed.f1"
"majority-vote",0.639660828292628,0.876746995362804,0.739670028745878
