"","bcubed.precision","bcubed.recall","bcubed.f1"
"majority-vote",0.750110307784664,0.27310072289189,0.400417237818865
