"","bcubed.precision","bcubed.recall","bcubed.f1"
"majority-vote",0.647229379582109,0.710119121427924,0.67721732193196
