"","bcubed.precision","bcubed.recall","bcubed.f1"
"majority-vote",0.619539350364299,0.709490972607296,0.661471102142571
