"","bcubed.precision","bcubed.recall","bcubed.f1"
"majority-vote",0.76670863406583,0.617581540009048,0.684112490043575
