"","bcubed.precision","bcubed.recall","bcubed.f1"
"majority-vote",0.601619534009348,0.525648294672928,0.561073906391182
