"","bcubed.precision","bcubed.recall","bcubed.f1"
"majority-vote",0.87223411416482,0.915817024668338,0.893494412883439
