"","bcubed.precision","bcubed.recall","bcubed.f1"
"majority-vote",0.800738256012267,0.454328913290939,0.579727604358435
