"","bcubed.precision","bcubed.recall","bcubed.f1"
"majority-vote",0.776799538842885,0.404890763704565,0.53232045291295
