"","bcubed.precision","bcubed.recall","bcubed.f1"
"majority-vote",0.553217973625368,0.812532987596049,0.65825742124999
