"","bcubed.precision","bcubed.recall","bcubed.f1"
"majority-vote",0.145129642866404,0.688492422870253,0.239726522495747
