"","bcubed.precision","bcubed.recall","bcubed.f1"
"majority-vote",0.660949722008571,0.665035965996805,0.662986547784681
