"","bcubed.precision","bcubed.recall","bcubed.f1"
"majority-vote",0.608153163647132,0.164150140114795,0.258521299954729
