"","bcubed.precision","bcubed.recall","bcubed.f1"
"majority-vote",0.902148072867701,0.346774980006017,0.500979430576331
