"","bcubed.precision","bcubed.recall","bcubed.f1"
"majority-vote",0.595599116732901,0.598226674835391,0.596910004214191
