"","bcubed.precision","bcubed.recall","bcubed.f1"
"majority-vote",0.979043510248422,0.419177342766772,0.587021508360421
