"","bcubed.precision","bcubed.recall","bcubed.f1"
"majority-vote",0.861172568987043,0.132562616681391,0.229757969337412
