"","bcubed.precision","bcubed.recall","bcubed.f1"
"majority-vote",0.606353719827324,0.982827541172077,0.749997687694426
