"","bcubed.precision","bcubed.recall","bcubed.f1"
"majority-vote",0.642276296352128,0.771779088378587,0.701097594674792
