"","bcubed.precision","bcubed.recall","bcubed.f1"
"majority-vote",0.942723986423255,0.402067498142009,0.563713674588284
