"","bcubed.precision","bcubed.recall","bcubed.f1"
"majority-vote",0.950238935919448,0.175641292433493,0.296481260834788
