"","bcubed.precision","bcubed.recall","bcubed.f1"
"majority-vote",0.734964563150894,0.423461786755188,0.537331367054722
