"","bcubed.precision","bcubed.recall","bcubed.f1"
"majority-vote",0.418690858973601,0.577406130784083,0.485403874041265
