"","bcubed.precision","bcubed.recall","bcubed.f1"
"majority-vote",0.593238705486736,0.371637243917391,0.456990554336784
