"","bcubed.precision","bcubed.recall","bcubed.f1"
"majority-vote",0.763571468065722,0.667085770579836,0.712075048317836
