"","bcubed.precision","bcubed.recall","bcubed.f1"
"majority-vote",0.789227095369749,0.461223316993385,0.582206115794028
