"","bcubed.precision","bcubed.recall","bcubed.f1"
"majority-vote",0.542523424852529,0.957374524297948,0.692577926495418
