"","bcubed.precision","bcubed.recall","bcubed.f1"
"majority-vote",0.901051303714718,0.320354158120596,0.47266127562792
