"","bcubed.precision","bcubed.recall","bcubed.f1"
"majority-vote",0.546586525557318,0.473055677642986,0.507169786473125
