"","bcubed.precision","bcubed.recall","bcubed.f1"
"majority-vote",0.512390934356182,0.666180459603134,0.579251846592272
