"","bcubed.precision","bcubed.recall","bcubed.f1"
"majority-vote",0.692268896882525,0.544265297648282,0.609409653013891
