"","bcubed.precision","bcubed.recall","bcubed.f1"
"majority-vote",0.700594532176097,0.821895494999527,0.756412823123752
