"","bcubed.precision","bcubed.recall","bcubed.f1"
"majority-vote",0.282152841893307,0.82367979850606,0.420323270390463
