"","bcubed.precision","bcubed.recall","bcubed.f1"
"majority-vote",0.327548610616598,0.486168866081038,0.391398590223627
