"","bcubed.precision","bcubed.recall","bcubed.f1"
"majority-vote",0.680072423800371,0.60172784061002,0.638505892679081
