"","bcubed.precision","bcubed.recall","bcubed.f1"
"majority-vote",0.622910381134207,0.195353424799967,0.297428959745066
