"","bcubed.precision","bcubed.recall","bcubed.f1"
"majority-vote",0.354971029704185,0.906488337794307,0.510166410385097
