"","bcubed.precision","bcubed.recall","bcubed.f1"
"majority-vote",0.905732676620316,0.957709970388133,0.930996418159871
