"","bcubed.precision","bcubed.recall","bcubed.f1"
"majority-vote",0.742782767687963,0.64094305109014,0.688115299950831
