"","bcubed.precision","bcubed.recall","bcubed.f1"
"majority-vote",0.26410882706832,0.918686791812044,0.410270865322132
