"","bcubed.precision","bcubed.recall","bcubed.f1"
"majority-vote",0.513232155478406,0.756400337133472,0.611529679164062
