"","bcubed.precision","bcubed.recall","bcubed.f1"
"majority-vote",0.569316281324491,0.360652808541469,0.441574925544369
