"","bcubed.precision","bcubed.recall","bcubed.f1"
"majority-vote",0.923695684196486,0.259330156270235,0.404965196760729
