"","bcubed.precision","bcubed.recall","bcubed.f1"
"majority-vote",0.569209618638938,0.590965131932805,0.57988339637733
