"","bcubed.precision","bcubed.recall","bcubed.f1"
"majority-vote",0.504992886753014,0.610679139609962,0.552830248145255
