"","bcubed.precision","bcubed.recall","bcubed.f1"
"majority-vote",0.697865008511337,0.210946895976089,0.323966833244382
