"","bcubed.precision","bcubed.recall","bcubed.f1"
"majority-vote",0.748752997302351,0.356603430140213,0.483116360545446
