"","bcubed.precision","bcubed.recall","bcubed.f1"
"majority-vote",0.992148299813394,0.157940385376269,0.27250121984653
