"","bcubed.precision","bcubed.recall","bcubed.f1"
"majority-vote",0.697768582457289,0.456446149776545,0.551879600914924
