"","bcubed.precision","bcubed.recall","bcubed.f1"
"majority-vote",0.532801728416354,0.761398175190133,0.62691128723451
