"","bcubed.precision","bcubed.recall","bcubed.f1"
"majority-vote",0.916263245297241,0.31443543217533,0.468198487241536
