"","bcubed.precision","bcubed.recall","bcubed.f1"
"majority-vote",0.926844878997431,0.291734112887718,0.443782914951687
