"","bcubed.precision","bcubed.recall","bcubed.f1"
"majority-vote",0.822678301144641,0.53598207621932,0.649081744421796
