"","bcubed.precision","bcubed.recall","bcubed.f1"
"majority-vote",0.671205107151061,0.537155597082857,0.596744960066157
