"","bcubed.precision","bcubed.recall","bcubed.f1"
"majority-vote",0.426799048515376,0.876351745119257,0.57403347764304
