"","bcubed.precision","bcubed.recall","bcubed.f1"
"majority-vote",0.899762958649295,0.347066779101111,0.500914956642475
