"","bcubed.precision","bcubed.recall","bcubed.f1"
"majority-vote",0.62204509888908,0.631861216132621,0.626914735119726
