"","bcubed.precision","bcubed.recall","bcubed.f1"
"majority-vote",0.49697941474754,0.51664115205628,0.506619588813294
