"","bcubed.precision","bcubed.recall","bcubed.f1"
"majority-vote",0.865013387357275,0.340087796783469,0.488225388815456
