"","bcubed.precision","bcubed.recall","bcubed.f1"
"majority-vote",0.381948443761079,0.769827211823653,0.510575656110216
