"","bcubed.precision","bcubed.recall","bcubed.f1"
"majority-vote",0.797006255445037,0.480386268855299,0.599456868619587
