"","bcubed.precision","bcubed.recall","bcubed.f1"
"majority-vote",0.864058620400568,0.555611186077227,0.676327175136722
