"","bcubed.precision","bcubed.recall","bcubed.f1"
"majority-vote",0.902015398745964,0.486781779531963,0.632323665160736
