"","bcubed.precision","bcubed.recall","bcubed.f1"
"majority-vote",0.421867806096242,0.837010213382179,0.560987890702845
