"","bcubed.precision","bcubed.recall","bcubed.f1"
"majority-vote",0.792699028589854,0.54223627004444,0.643971531759106
