{
      "avg_bcuded_f1": 0.5192950349078944,
      "avg_bcuded_recall": 0.5791546767318676,
      "avg_bcuded_precision": 0.6691552726540004,
      "avg_bcuded_f1star": 0.6209105451863344
}