"","bcubed.precision","bcubed.recall","bcubed.f1"
"majority-vote",0.35329078138177,0.976290606834648,0.518831678002029
