"","bcubed.precision","bcubed.recall","bcubed.f1"
"majority-vote",0.930065071174771,0.361865003769645,0.521015815041157
