"","bcubed.precision","bcubed.recall","bcubed.f1"
"majority-vote",0.658098342636544,0.578454787223594,0.61571173541905
