"","bcubed.precision","bcubed.recall","bcubed.f1"
"majority-vote",0.429396603811018,0.960233918128655,0.593425629041403
