"","bcubed.precision","bcubed.recall","bcubed.f1"
"majority-vote",0.844606621573514,0.463171036204744,0.598262742558525
