"","bcubed.precision","bcubed.recall","bcubed.f1"
"majority-vote",0.961397376807818,0.601582467711048,0.740073275313429
