"","bcubed.precision","bcubed.recall","bcubed.f1"
"majority-vote",0.739988503521366,0.861715660594937,0.79622653974479
