"","bcubed.precision","bcubed.recall","bcubed.f1"
"majority-vote",0.839691790617849,0.643080095855232,0.728350843613302
