"","bcubed.precision","bcubed.recall","bcubed.f1"
"majority-vote",0.830496682331439,0.856350900936762,0.84322565855251
