"","bcubed.precision","bcubed.recall","bcubed.f1"
"majority-vote",0.627413640594006,0.577086852490662,0.601198862331476
