"","bcubed.precision","bcubed.recall","bcubed.f1"
"majority-vote",0.659365263273262,0.251503422685689,0.364119709173423
