"","bcubed.precision","bcubed.recall","bcubed.f1"
"majority-vote",0.771118640877218,0.774399049556771,0.772755363832999
