"","bcubed.precision","bcubed.recall","bcubed.f1"
"majority-vote",0.0420597529445562,0.0363412969283276,0.0389919770964413
