"","bcubed.precision","bcubed.recall","bcubed.f1"
"majority-vote",0.675387267180622,0.869224233710215,0.760143219747011
