"","bcubed.precision","bcubed.recall","bcubed.f1"
"majority-vote",0.562030131997702,0.953684545848778,0.707256397291214
