"","bcubed.precision","bcubed.recall","bcubed.f1"
"majority-vote",0.561754826905521,0.85074167753318,0.676685913631872
