"","bcubed.precision","bcubed.recall","bcubed.f1"
"majority-vote",0.994224733207784,0.55256993799122,0.710344701087067
