"","bcubed.precision","bcubed.recall","bcubed.f1"
"majority-vote",0.561358392707903,0.713498293493763,0.628350244495062
