"","bcubed.precision","bcubed.recall","bcubed.f1"
"majority-vote",0.598204720737746,0.47949300775258,0.532310634448755
