"","bcubed.precision","bcubed.recall","bcubed.f1"
"majority-vote",0.899357984776837,0.997664433370575,0.945964017816855
