"","bcubed.precision","bcubed.recall","bcubed.f1"
"majority-vote",0.807923169267707,0.797970958130409,0.802916225269291
