"","bcubed.precision","bcubed.recall","bcubed.f1"
"majority-vote",0.325871370146755,0.903836797877046,0.479031600134168
