"","bcubed.precision","bcubed.recall","bcubed.f1"
"majority-vote",0.636599090369112,0.00888121060853246,0.0175180267661308
