"","bcubed.precision","bcubed.recall","bcubed.f1"
"majority-vote",0.282826797903717,0.357713491243511,0.315892576968277
