"","bcubed.precision","bcubed.recall","bcubed.f1"
"majority-vote",0.47282089347795,0.478642025607643,0.475713652448798
