"","bcubed.precision","bcubed.recall","bcubed.f1"
"majority-vote",0.994850543145092,0.36987694791068,0.539261185749428
