"","bcubed.precision","bcubed.recall","bcubed.f1"
"majority-vote",0.880112554358639,0.715195858028476,0.789129987140591
