"","bcubed.precision","bcubed.recall","bcubed.f1"
"majority-vote",0.720401827721648,0.65841657545632,0.68801591749532
