"","bcubed.precision","bcubed.recall","bcubed.f1"
"majority-vote",0.976225903030564,0.364095375072156,0.530379308492671
