"","bcubed.precision","bcubed.recall","bcubed.f1"
"majority-vote",0.993295019157088,0.940009762746832,0.965918073585841
