"","bcubed.precision","bcubed.recall","bcubed.f1"
"majority-vote",0.7402213381085,0.670586830393553,0.703685578229811
