"","bcubed.precision","bcubed.recall","bcubed.f1"
"majority-vote",0.433137630571673,0.795848125223115,0.560969514298597
