"","bcubed.precision","bcubed.recall","bcubed.f1"
"majority-vote",0.287430645983286,0.894764477794133,0.435093541975541
