"","bcubed.precision","bcubed.recall","bcubed.f1"
"majority-vote",0.818545721972426,0.683045208297445,0.74468181965531
