"","bcubed.precision","bcubed.recall","bcubed.f1"
"majority-vote",0.592963555256292,0.656626506024096,0.623173310275232
