"","bcubed.precision","bcubed.recall","bcubed.f1"
"majority-vote",0.865255436365931,0.739066664475757,0.797198329361651
