"","bcubed.precision","bcubed.recall","bcubed.f1"
"majority-vote",0.951089829431833,0.563470880071733,0.707679025151639
