"","bcubed.precision","bcubed.recall","bcubed.f1"
"majority-vote",0.431525782938709,0.550248608446244,0.483708810607177
