"","bcubed.precision","bcubed.recall","bcubed.f1"
"majority-vote",0.957593713941788,0.921398527865405,0.939147505442086
