"","bcubed.precision","bcubed.recall","bcubed.f1"
"majority-vote",0.697564724475265,0.726091596612831,0.711542353351013
