"","bcubed.precision","bcubed.recall","bcubed.f1"
"majority-vote",0.690721649484536,0.0242700661441771,0.0468924597411981
