"","bcubed.precision","bcubed.recall","bcubed.f1"
"majority-vote",0.591626983401365,0.543516432764814,0.566552178282014
