"","bcubed.precision","bcubed.recall","bcubed.f1"
"majority-vote",0.890284074581578,0.94941887787699,0.918901071448959
