"","bcubed.precision","bcubed.recall","bcubed.f1"
"majority-vote",0.30456227611787,0.839971882380616,0.447035584693195
