"","bcubed.precision","bcubed.recall","bcubed.f1"
"majority-vote",0.973119138109078,0.47006474443265,0.63391644611793
