"","bcubed.precision","bcubed.recall","bcubed.f1"
"majority-vote",0.684235453816517,0.818280739934712,0.745278747433247
