"","bcubed.precision","bcubed.recall","bcubed.f1"
"majority-vote",0.674783904378599,0.538409887952162,0.598932056271769
