"","bcubed.precision","bcubed.recall","bcubed.f1"
"majority-vote",0.980579740666374,0.339971499668019,0.504893948521085
