"","bcubed.precision","bcubed.recall","bcubed.f1"
"majority-vote",0.722987872347676,0.979678854600422,0.831984227402076
