"","bcubed.precision","bcubed.recall","bcubed.f1"
"majority-vote",0.70373981300935,0.629449493126866,0.664524785119558
