"","bcubed.precision","bcubed.recall","bcubed.f1"
"majority-vote",0.690920296537743,0.774253790416198,0.730217198397186
