"","bcubed.precision","bcubed.recall","bcubed.f1"
"majority-vote",0.598348314187702,0.659088859240631,0.627251549675939
