"","bcubed.precision","bcubed.recall","bcubed.f1"
"majority-vote",0.961613011510682,0.209550966031337,0.344113957352546
