"","bcubed.precision","bcubed.recall","bcubed.f1"
"majority-vote",0.993897881003401,0.36972121451439,0.538955684730013
