"","bcubed.precision","bcubed.recall","bcubed.f1"
"majority-vote",0.538250966531826,0.922524093746746,0.679843870025259
