"","bcubed.precision","bcubed.recall","bcubed.f1"
"majority-vote",0.959223664837371,0.0525361848163574,0.0996164292413203
