"","bcubed.precision","bcubed.recall","bcubed.f1"
"majority-vote",0.275250889767019,0.785884426184726,0.407705566499543
