"","bcubed.precision","bcubed.recall","bcubed.f1"
"majority-vote",0.504223814782981,0.659854840291344,0.57163581399656
