"","bcubed.precision","bcubed.recall","bcubed.f1"
"majority-vote",0.545797975894858,0.649685922781559,0.59322800083573
