"","bcubed.precision","bcubed.recall","bcubed.f1"
"majority-vote",0.906687340498533,0.382830445375516,0.53835243248564
