"","bcubed.precision","bcubed.recall","bcubed.f1"
"majority-vote",0.585757185757186,0.0329103944159448,0.0623194123404629
