"","bcubed.precision","bcubed.recall","bcubed.f1"
"majority-vote",0.488747792330371,0.909597184223271,0.635842546943911
