"","bcubed.precision","bcubed.recall","bcubed.f1"
"majority-vote",0.635919234856536,0.300755674320071,0.40837288672653
