"","bcubed.precision","bcubed.recall","bcubed.f1"
"majority-vote",0.484108784921793,0.962504281362104,0.644203745966702
