"","bcubed.precision","bcubed.recall","bcubed.f1"
"majority-vote",0.710402974870355,0.488189881548985,0.578697832707038
