"","bcubed.precision","bcubed.recall","bcubed.f1"
"majority-vote",0.686219204147357,0.387301145413571,0.495143820757124
