"","bcubed.precision","bcubed.recall","bcubed.f1"
"majority-vote",0.246911515580181,0.998393641384657,0.395910810713622
