"","bcubed.precision","bcubed.recall","bcubed.f1"
"majority-vote",0.974875981206871,0.646723347199092,0.777596594455753
