"","bcubed.precision","bcubed.recall","bcubed.f1"
"majority-vote",0.733003451858765,0.646586669611911,0.687088510384739
