"","bcubed.precision","bcubed.recall","bcubed.f1"
"majority-vote",0.992003592483193,0.870630332105044,0.927362490043733
