"","bcubed.precision","bcubed.recall","bcubed.f1"
"majority-vote",0.747458634396837,0.655483904519216,0.698456409368818
