"","bcubed.precision","bcubed.recall","bcubed.f1"
"majority-vote",0.525970858082394,0.565485997539523,0.545013124114677
