"","bcubed.precision","bcubed.recall","bcubed.f1"
"majority-vote",0.803674418924643,0.404920568145787,0.538516717008752
