"","bcubed.precision","bcubed.recall","bcubed.f1"
"majority-vote",0.924302178377498,0.686107584977274,0.787589282959547
