"","bcubed.precision","bcubed.recall","bcubed.f1"
"majority-vote",0.507844079134516,0.817012740004668,0.626354601636766
