"","bcubed.precision","bcubed.recall","bcubed.f1"
"majority-vote",0.290308184083619,0.807927413468578,0.427135927478968
