"","bcubed.precision","bcubed.recall","bcubed.f1"
"majority-vote",0.490499180043348,0.820404810946731,0.613939525455355
