"","bcubed.precision","bcubed.recall","bcubed.f1"
"majority-vote",0.953865952173971,0.936581737028083,0.945144830488413
