"","bcubed.precision","bcubed.recall","bcubed.f1"
"majority-vote",0.551309014563652,0.996264855687606,0.709820456899236
