"","bcubed.precision","bcubed.recall","bcubed.f1"
"majority-vote",0.327131463816339,0.887975774622329,0.478122104447182
