"","bcubed.precision","bcubed.recall","bcubed.f1"
"majority-vote",0.720236672133557,0.561916128953201,0.631301670740629
