"","bcubed.precision","bcubed.recall","bcubed.f1"
"majority-vote",0.529570949528066,0.791998618309814,0.634729295423206
