"","bcubed.precision","bcubed.recall","bcubed.f1"
"majority-vote",0.266649629745703,0.83684237169783,0.404431945635921
