"","bcubed.precision","bcubed.recall","bcubed.f1"
"majority-vote",0.919602825667703,0.486218352590061,0.636109027020693
