"","bcubed.precision","bcubed.recall","bcubed.f1"
"majority-vote",0.936046710006696,0.814171619166432,0.870865826049954
