"","bcubed.precision","bcubed.recall","bcubed.f1"
"majority-vote",0.630283710215278,0.590948453849217,0.609982597900846
