"","bcubed.precision","bcubed.recall","bcubed.f1"
"majority-vote",0.275649105806475,0.623619921778908,0.382311118315789
