"","bcubed.precision","bcubed.recall","bcubed.f1"
"majority-vote",0.996109322191835,0.999323715058611,0.997713929632932
