"","bcubed.precision","bcubed.recall","bcubed.f1"
"majority-vote",0.95632663283609,0.367148397142864,0.530593751204185
