"","bcubed.precision","bcubed.recall","bcubed.f1"
"majority-vote",0.5164333020052,0.829500712464377,0.636556900038619
