"","bcubed.precision","bcubed.recall","bcubed.f1"
"majority-vote",0.913217109540711,0.416232559794605,0.571831644205687
