"","bcubed.precision","bcubed.recall","bcubed.f1"
"majority-vote",0.580024451463205,0.895309516556002,0.703978112735247
