"","bcubed.precision","bcubed.recall","bcubed.f1"
"majority-vote",0.258306250963698,0.996724754779419,0.410285058252148
