"","bcubed.precision","bcubed.recall","bcubed.f1"
"majority-vote",0.22055896874932,0.846598154899383,0.349948122636817
