"","bcubed.precision","bcubed.recall","bcubed.f1"
"majority-vote",0.540000000374227,0.928635953026197,0.682896825207905
