"","bcubed.precision","bcubed.recall","bcubed.f1"
"majority-vote",0.861406206087057,0.826405618638433,0.843543004275539
