"","bcubed.precision","bcubed.recall","bcubed.f1"
"majority-vote",0.617652889770436,0.988180245829199,0.760169124574146
