"","bcubed.precision","bcubed.recall","bcubed.f1"
"majority-vote",0.977770357316377,0.921308620503725,0.948700153695156
