"","bcubed.precision","bcubed.recall","bcubed.f1"
"majority-vote",0.935548668743893,0.188003504038243,0.313089916397271
