"","bcubed.precision","bcubed.recall","bcubed.f1"
"majority-vote",0.474398029120726,0.72224377088472,0.572654275407851
