"","bcubed.precision","bcubed.recall","bcubed.f1"
"majority-vote",0.947740784780024,0.289448757259381,0.443460574208234
