"","bcubed.precision","bcubed.recall","bcubed.f1"
"majority-vote",0.981588549715845,0.92511458529541,0.952515226336728
