"","bcubed.precision","bcubed.recall","bcubed.f1"
"majority-vote",0.19897701026776,0.56029106029106,0.293664502379023
