"","bcubed.precision","bcubed.recall","bcubed.f1"
"majority-vote",0.763651044612095,0.561041269476985,0.64685172088616
