"","bcubed.precision","bcubed.recall","bcubed.f1"
"majority-vote",0.516054984972063,0.948858786426565,0.668521678654798
