"","bcubed.precision","bcubed.recall","bcubed.f1"
"majority-vote",0.963818381199595,0.511887811931931,0.668651909910449
