"","bcubed.precision","bcubed.recall","bcubed.f1"
"majority-vote",0.901309040468196,0.44565572022046,0.596412825775344
