"","bcubed.precision","bcubed.recall","bcubed.f1"
"majority-vote",0.981374656145909,0.188898171564777,0.316814803824195
