"","bcubed.precision","bcubed.recall","bcubed.f1"
"majority-vote",0.970195389255784,0.415961317022165,0.582277241896121
