"","bcubed.precision","bcubed.recall","bcubed.f1"
"majority-vote",0.874559090619941,0.921579191111345,0.89745368439642
