"","bcubed.precision","bcubed.recall","bcubed.f1"
"majority-vote",0.670844938429503,0.467290551275434,0.550864996188331
