"","bcubed.precision","bcubed.recall","bcubed.f1"
"majority-vote",0.140556591981206,0.923611111111111,0.243983405466104
