"","bcubed.precision","bcubed.recall","bcubed.f1"
"majority-vote",0.614343753825672,0.747026170711444,0.674219187083817
