"","bcubed.precision","bcubed.recall","bcubed.f1"
"majority-vote",0.979717614608953,0.518395699386052,0.678028014678917
