"","bcubed.precision","bcubed.recall","bcubed.f1"
"majority-vote",0.616464037549656,0.752961999018464,0.677910280134057
