"","bcubed.precision","bcubed.recall","bcubed.f1"
"majority-vote",0.5074004510313,0.331334848759716,0.400887983956219
