"","bcubed.precision","bcubed.recall","bcubed.f1"
"majority-vote",0.638592755408838,0.507569768644655,0.565592348936178
