"","bcubed.precision","bcubed.recall","bcubed.f1"
"majority-vote",0.971049851927383,0.465681241798558,0.629484115529426
