"","bcubed.precision","bcubed.recall","bcubed.f1"
"majority-vote",0.821428571428571,0.00557267298109475,0.0110702440578958
