"","bcubed.precision","bcubed.recall","bcubed.f1"
"majority-vote",0.671104576404252,0.600968333387395,0.634102960146169
