"","bcubed.precision","bcubed.recall","bcubed.f1"
"majority-vote",0.805571115156607,0.304567697042187,0.442018487509684
