"","bcubed.precision","bcubed.recall","bcubed.f1"
"majority-vote",0.770773326350703,0.739616520882813,0.754873567336211
