"","bcubed.precision","bcubed.recall","bcubed.f1"
"majority-vote",0.672230754214863,0.830541947816593,0.743047620219738
