"","bcubed.precision","bcubed.recall","bcubed.f1"
"majority-vote",0.914964653777361,0.144953644211517,0.250259781610354
