"","bcubed.precision","bcubed.recall","bcubed.f1"
"majority-vote",0.765877804208027,0.597869846384438,0.671524889450297
