"","bcubed.precision","bcubed.recall","bcubed.f1"
"majority-vote",0.977910074951567,0.764167040926887,0.857926025727633
