"","bcubed.precision","bcubed.recall","bcubed.f1"
"majority-vote",0.587540723461459,0.911097497494052,0.714391072289983
