"","bcubed.precision","bcubed.recall","bcubed.f1"
"majority-vote",0.924136174293506,0.466849426665074,0.620326253315724
