"","bcubed.precision","bcubed.recall","bcubed.f1"
"majority-vote",0.626538654624032,0.979917676883716,0.764361023546527
