"","bcubed.precision","bcubed.recall","bcubed.f1"
"majority-vote",0.346181954868932,0.549392073569399,0.424732330278483
