"","bcubed.precision","bcubed.recall","bcubed.f1"
"majority-vote",0.581317467318536,0.69004822526871,0.631033366685454
