"","bcubed.precision","bcubed.recall","bcubed.f1"
"majority-vote",0.730883817493867,0.176138608313314,0.283866980108074
