"","bcubed.precision","bcubed.recall","bcubed.f1"
"majority-vote",0.134168837544719,0.987981416644223,0.236254133868638
