"","bcubed.precision","bcubed.recall","bcubed.f1"
"majority-vote",0.914708790841115,0.228570658687076,0.365747133678812
