"","bcubed.precision","bcubed.recall","bcubed.f1"
"majority-vote",0.942827857428067,0.418074477070239,0.5792807514094
