"","bcubed.precision","bcubed.recall","bcubed.f1"
"majority-vote",0.923252713585039,0.27975130089949,0.429393658831752
