"","bcubed.precision","bcubed.recall","bcubed.f1"
"majority-vote",0.523205904367987,0.461366860411869,0.49034438912432
