"","bcubed.precision","bcubed.recall","bcubed.f1"
"majority-vote",0.891267894021499,0.810922809425085,0.849199167997892
