"","bcubed.precision","bcubed.recall","bcubed.f1"
"majority-vote",0.534142559542271,0.785505552308591,0.635884585408619
