"","bcubed.precision","bcubed.recall","bcubed.f1"
"majority-vote",0.975716818508961,0.485275802960967,0.64817817093158
