"","bcubed.precision","bcubed.recall","bcubed.f1"
"majority-vote",0.819306587335954,0.67864739769402,0.742372982035209
