"","bcubed.precision","bcubed.recall","bcubed.f1"
"majority-vote",0.946277771348928,0.686052827433637,0.795422864774722
