"","bcubed.precision","bcubed.recall","bcubed.f1"
"majority-vote",0.727002008486383,0.758049303150004,0.742201109959617
