"","bcubed.precision","bcubed.recall","bcubed.f1"
"majority-vote",0.357166889653165,0.854604697103773,0.503785539920842
