"","bcubed.precision","bcubed.recall","bcubed.f1"
"majority-vote",0.906727435155883,0.931106015940605,0.918755036467897
