"","bcubed.precision","bcubed.recall","bcubed.f1"
"majority-vote",0.941009633336693,0.216556108622706,0.352086066449988
