"","bcubed.precision","bcubed.recall","bcubed.f1"
"majority-vote",0.770585663410507,0.722115503697273,0.745563635558405
