"","bcubed.precision","bcubed.recall","bcubed.f1"
"majority-vote",0.956301484931388,0.364079986499241,0.527378245236633
