"","bcubed.precision","bcubed.recall","bcubed.f1"
"majority-vote",0.604320757438859,0.626338175925648,0.615132512553177
