"","bcubed.precision","bcubed.recall","bcubed.f1"
"majority-vote",0.246827764247896,0.965165871485884,0.393120437539262
