"","bcubed.precision","bcubed.recall","bcubed.f1"
"majority-vote",0.659472634249539,0.972694452924141,0.786029050862167
