"","bcubed.precision","bcubed.recall","bcubed.f1"
"majority-vote",0.684435674713982,0.0323133452931589,0.0617131120396056
