"","bcubed.precision","bcubed.recall","bcubed.f1"
"majority-vote",0.577996940102708,0.853073437620274,0.689097956750333
