"","bcubed.precision","bcubed.recall","bcubed.f1"
"majority-vote",0.454820194349688,0.792947979338901,0.578070128212967
