"","bcubed.precision","bcubed.recall","bcubed.f1"
"majority-vote",0.532108476064998,0.998263888888889,0.694190105351766
