"","bcubed.precision","bcubed.recall","bcubed.f1"
"majority-vote",0.490426056712515,0.626175706205057,0.550049073182397
