"","bcubed.precision","bcubed.recall","bcubed.f1"
"majority-vote",0.832830446535881,0.923004703563926,0.875602039724706
