"","bcubed.precision","bcubed.recall","bcubed.f1"
"majority-vote",0.562874015748032,0.998603351955307,0.71994367703358
