"","bcubed.precision","bcubed.recall","bcubed.f1"
"majority-vote",0.575621368186717,0.628355016391669,0.60083333672532
