"","bcubed.precision","bcubed.recall","bcubed.f1"
"majority-vote",0.880288312155554,0.88171628024959,0.881001717573865
