"","bcubed.precision","bcubed.recall","bcubed.f1"
"majority-vote",0.962282878411911,0.821377006047969,0.886264288979669
