"","bcubed.precision","bcubed.recall","bcubed.f1"
"majority-vote",0.937173413519953,0.461448441748569,0.618404767075432
