"","bcubed.precision","bcubed.recall","bcubed.f1"
"majority-vote",0.983547671612143,0.646750121506356,0.780359979394526
