"","bcubed.precision","bcubed.recall","bcubed.f1"
"majority-vote",0.99763990702664,0.255680805505708,0.407042463246018
