"","bcubed.precision","bcubed.recall","bcubed.f1"
"majority-vote",0.762660448897726,0.498599728397091,0.602987868046712
