"","bcubed.precision","bcubed.recall","bcubed.f1"
"majority-vote",0.79309228972667,0.272623263515929,0.405765699180682
