"","bcubed.precision","bcubed.recall","bcubed.f1"
"majority-vote",0.742237566489395,0.599402502652732,0.663216707892594
