"","bcubed.precision","bcubed.recall","bcubed.f1"
"majority-vote",0.94658903029145,0.751941626274884,0.838112273216449
