"","bcubed.precision","bcubed.recall","bcubed.f1"
"majority-vote",0.36045780762306,0.915848342276267,0.517312692723696
