"","bcubed.precision","bcubed.recall","bcubed.f1"
"majority-vote",0.363212753933303,0.709509864575255,0.480465364314806
