"","bcubed.precision","bcubed.recall","bcubed.f1"
"majority-vote",0.848220247800133,0.830880910339415,0.839461051222652
