"","bcubed.precision","bcubed.recall","bcubed.f1"
"majority-vote",0.666292497196272,0.85149780238705,0.747595497566902
