"","bcubed.precision","bcubed.recall","bcubed.f1"
"majority-vote",0.468604773354075,0.518133257667918,0.49212599523545
