"","bcubed.precision","bcubed.recall","bcubed.f1"
"majority-vote",0.89627856108303,0.163463151711179,0.276498540421694
