"","bcubed.precision","bcubed.recall","bcubed.f1"
"majority-vote",0.650283974519206,0.994276211470782,0.786303708521197
