"","bcubed.precision","bcubed.recall","bcubed.f1"
"majority-vote",0.590870951070286,0.81204316045945,0.684022935670109
