"","bcubed.precision","bcubed.recall","bcubed.f1"
"majority-vote",0.945343078736632,0.702590394674998,0.806087111535896
