"","bcubed.precision","bcubed.recall","bcubed.f1"
"majority-vote",0.742867713613553,0.798867464498188,0.769850562220243
