"","bcubed.precision","bcubed.recall","bcubed.f1"
"majority-vote",0.462655119940584,0.73649368208573,0.568307406462102
