"","bcubed.precision","bcubed.recall","bcubed.f1"
"majority-vote",0.785897467966929,0.652003484049392,0.712716528216356
