"","bcubed.precision","bcubed.recall","bcubed.f1"
"majority-vote",0.510340059986176,0.717882263157676,0.596576157816651
