"","bcubed.precision","bcubed.recall","bcubed.f1"
"majority-vote",0.226010309391668,0.995485419539349,0.368384370630392
