"","bcubed.precision","bcubed.recall","bcubed.f1"
"majority-vote",0.6728909252152,0.980298536777742,0.798013784341795
