"","bcubed.precision","bcubed.recall","bcubed.f1"
"majority-vote",0.755621905530498,0.831466811113368,0.791732093625401
