"","bcubed.precision","bcubed.recall","bcubed.f1"
"majority-vote",0.836531176986315,0.903523743532008,0.868737844650063
