"","bcubed.precision","bcubed.recall","bcubed.f1"
"majority-vote",0.598816809201786,0.163016815579554,0.25626910174673
