"","bcubed.precision","bcubed.recall","bcubed.f1"
"majority-vote",0.131288825848045,0.897116134060795,0.229056312409499
