"","bcubed.precision","bcubed.recall","bcubed.f1"
"majority-vote",0.898047354832224,0.104298746617619,0.186891959527328
