"","bcubed.precision","bcubed.recall","bcubed.f1"
"majority-vote",0.634436177622148,0.907493061979648,0.7467870958977
