"","bcubed.precision","bcubed.recall","bcubed.f1"
"majority-vote",0.910060745262776,0.815709908069459,0.860306165738247
