"","bcubed.precision","bcubed.recall","bcubed.f1"
"majority-vote",0.549713769318262,0.711130863528291,0.620089767263598
