"","bcubed.precision","bcubed.recall","bcubed.f1"
"majority-vote",0.906773206048975,0.563287361149139,0.69490182621467
