"","bcubed.precision","bcubed.recall","bcubed.f1"
"majority-vote",0.611681886186808,0.816769783403417,0.699503234625939
