"","bcubed.precision","bcubed.recall","bcubed.f1"
"majority-vote",0.435006730173088,0.660397385459506,0.524513835878175
