"","bcubed.precision","bcubed.recall","bcubed.f1"
"majority-vote",0.787175711254089,0.553153789350785,0.649734602377393
