"","bcubed.precision","bcubed.recall","bcubed.f1"
"majority-vote",0.806276727859706,0.613188479174004,0.696599815338685
