"","bcubed.precision","bcubed.recall","bcubed.f1"
"majority-vote",0.918953711905981,0.77694090382387,0.842001290502672
