"","bcubed.precision","bcubed.recall","bcubed.f1"
"majority-vote",0.770130755724844,0.453805696417365,0.571091290438235
