"","bcubed.precision","bcubed.recall","bcubed.f1"
"majority-vote",0.830189466176774,0.979554922649747,0.898708329580988
