"","bcubed.precision","bcubed.recall","bcubed.f1"
"majority-vote",0.569283503607937,0.884819674431659,0.692816372220283
