"","bcubed.precision","bcubed.recall","bcubed.f1"
"majority-vote",0.612545667691071,0.92281632971665,0.736330775148657
