"","bcubed.precision","bcubed.recall","bcubed.f1"
"majority-vote",0.870476889044801,0.935921942357313,0.902013892623699
