"","bcubed.precision","bcubed.recall","bcubed.f1"
"majority-vote",0.645534171802169,0.463725988783727,0.539730863415363
