"","bcubed.precision","bcubed.recall","bcubed.f1"
"majority-vote",0.741853275750298,0.90288540093057,0.814486218150056
