"","bcubed.precision","bcubed.recall","bcubed.f1"
"majority-vote",0.402341344719813,0.661310485813582,0.500300084109516
