"","bcubed.precision","bcubed.recall","bcubed.f1"
"majority-vote",0.501110356855257,0.744439824688025,0.599006787096226
