"","bcubed.precision","bcubed.recall","bcubed.f1"
"majority-vote",0.711537230092486,0.925739859677456,0.804626632421344
