"","bcubed.precision","bcubed.recall","bcubed.f1"
"majority-vote",0.675547200687596,0.770595621370826,0.719947859836143
