"","bcubed.precision","bcubed.recall","bcubed.f1"
"majority-vote",0.662795031824229,0.667470309192913,0.665124454772281
