"","bcubed.precision","bcubed.recall","bcubed.f1"
"majority-vote",0.847110546498251,0.957574006709391,0.898961581617506
