"","bcubed.precision","bcubed.recall","bcubed.f1"
"majority-vote",0.796393395568028,0.778778983250285,0.787487702562424
