"","bcubed.precision","bcubed.recall","bcubed.f1"
"majority-vote",0.889471651874055,0.664284863651759,0.76056003509315
