"","bcubed.precision","bcubed.recall","bcubed.f1"
"majority-vote",0.555444919416767,0.60732126688076,0.580225871921522
