"","bcubed.precision","bcubed.recall","bcubed.f1"
"majority-vote",0.482701391062258,0.718647676020997,0.577504477930317
