"","bcubed.precision","bcubed.recall","bcubed.f1"
"majority-vote",0.743237191201362,0.699300516014822,0.720599744087838
