"","bcubed.precision","bcubed.recall","bcubed.f1"
"majority-vote",0.693135912648108,0.496888515267119,0.578830596137262
