"","bcubed.precision","bcubed.recall","bcubed.f1"
"majority-vote",0.778788010940623,0.931277767045674,0.848233990957671
