"","bcubed.precision","bcubed.recall","bcubed.f1"
"majority-vote",0.484149134379149,0.75171161702493,0.588966885260969
