"","bcubed.precision","bcubed.recall","bcubed.f1"
"majority-vote",0.626771789526259,0.930761554886753,0.749101247136985
