"","bcubed.precision","bcubed.recall","bcubed.f1"
"majority-vote",0.740843486588647,0.550135807495978,0.63140366633311
