"","bcubed.precision","bcubed.recall","bcubed.f1"
"majority-vote",0.532247439914758,0.860732738683332,0.657759246906272
