"","bcubed.precision","bcubed.recall","bcubed.f1"
"majority-vote",0.925809998612755,0.281621493280311,0.431872112088753
