"","bcubed.precision","bcubed.recall","bcubed.f1"
"majority-vote",0.870206029277371,0.718968670901951,0.787390929656528
