"","bcubed.precision","bcubed.recall","bcubed.f1"
"majority-vote",0.984808092443585,0.696447831085905,0.815898936526366
