"","bcubed.precision","bcubed.recall","bcubed.f1"
"majority-vote",0.744594137109855,0.149356200028882,0.248805210451535
