"","bcubed.precision","bcubed.recall","bcubed.f1"
"majority-vote",0.615148397555805,0.450097370983447,0.519836238137276
