"","bcubed.precision","bcubed.recall","bcubed.f1"
"majority-vote",0.632259812827458,0.529018533726844,0.576049936880056
