"","bcubed.precision","bcubed.recall","bcubed.f1"
"majority-vote",0.71721983289093,0.914703660906221,0.804012699508851
