"","bcubed.precision","bcubed.recall","bcubed.f1"
"majority-vote",0.948906385364114,0.554984324404951,0.700354308706003
