"","bcubed.precision","bcubed.recall","bcubed.f1"
"majority-vote",0.490876668281416,0.870177359364215,0.627674955295515
