"","bcubed.precision","bcubed.recall","bcubed.f1"
"majority-vote",0.847832269860843,0.60190173698355,0.704007374443444
