"","bcubed.precision","bcubed.recall","bcubed.f1"
"majority-vote",0.861779174020426,0.343828625634453,0.491543517035405
