"","bcubed.precision","bcubed.recall","bcubed.f1"
"majority-vote",0.743938603209885,0.740253174272359,0.742091313056679
