"","bcubed.precision","bcubed.recall","bcubed.f1"
"majority-vote",0.259552630042499,0.763189197134517,0.3873661134659
