"","bcubed.precision","bcubed.recall","bcubed.f1"
"majority-vote",0.960272453667036,0.0817616788100562,0.15069273736788
