"","bcubed.precision","bcubed.recall","bcubed.f1"
"majority-vote",0.775170918479248,0.611797498650088,0.683862189066229
