"","bcubed.precision","bcubed.recall","bcubed.f1"
"majority-vote",0.862624129740438,0.742045857363402,0.797804741261332
