"","bcubed.precision","bcubed.recall","bcubed.f1"
"majority-vote",0.991201148645994,0.41871845766013,0.588734583639639
