"","bcubed.precision","bcubed.recall","bcubed.f1"
"majority-vote",0.832947610534803,0.286177748973186,0.425995301009426
