"","bcubed.precision","bcubed.recall","bcubed.f1"
"majority-vote",0.8872860094451,0.445081235653542,0.592801053785569
