"","bcubed.precision","bcubed.recall","bcubed.f1"
"majority-vote",0.644971260187013,0.697733885860642,0.670315899158322
