"","bcubed.precision","bcubed.recall","bcubed.f1"
"majority-vote",0.929046086193124,0.438539229602022,0.595828501810172
