"","bcubed.precision","bcubed.recall","bcubed.f1"
"majority-vote",0.69928131564374,0.818315034574806,0.754129929089664
