"","bcubed.precision","bcubed.recall","bcubed.f1"
"majority-vote",0.791749853329468,0.596988434163066,0.680712139133756
