"","bcubed.precision","bcubed.recall","bcubed.f1"
"majority-vote",0.962537726056812,0.955936518189622,0.959225765195847
