"","bcubed.precision","bcubed.recall","bcubed.f1"
"majority-vote",0.450209695472175,0.425915940728168,0.437726001954646
