"","bcubed.precision","bcubed.recall","bcubed.f1"
"majority-vote",0.516948469288604,0.993346365609139,0.680011440560625
