"","bcubed.precision","bcubed.recall","bcubed.f1"
"majority-vote",0.994800692810662,0.488210842300338,0.65498139786445
