"","bcubed.precision","bcubed.recall","bcubed.f1"
"majority-vote",0.548564392545512,0.601019204352321,0.573595057607662
