"","bcubed.precision","bcubed.recall","bcubed.f1"
"majority-vote",0.787388084998145,0.961276529612527,0.865686512417692
