"","bcubed.precision","bcubed.recall","bcubed.f1"
"majority-vote",0.646401427396099,0.759644280211232,0.698462566878309
