"","bcubed.precision","bcubed.recall","bcubed.f1"
"majority-vote",0.619627523166952,0.785217323754772,0.692663345040638
