"","bcubed.precision","bcubed.recall","bcubed.f1"
"majority-vote",0.908037238001148,0.665822240252742,0.768291447098692
