"","bcubed.precision","bcubed.recall","bcubed.f1"
"majority-vote",0.950499037033,0.996828001093793,0.973112411604577
