"","bcubed.precision","bcubed.recall","bcubed.f1"
"majority-vote",0.461455105971774,0.370979487801918,0.411300491684104
