"","bcubed.precision","bcubed.recall","bcubed.f1"
"majority-vote",0.595653087933149,0.195831685840877,0.294756771706581
