"","bcubed.precision","bcubed.recall","bcubed.f1"
"majority-vote",0.828166978265335,0.891631071660803,0.858728047024502
