"","bcubed.precision","bcubed.recall","bcubed.f1"
"majority-vote",0.807746677975686,0.0647240845796802,0.119845080312216
