"","bcubed.precision","bcubed.recall","bcubed.f1"
"majority-vote",0.751720393204113,0.87505053162193,0.808710457834923
