"","bcubed.precision","bcubed.recall","bcubed.f1"
"majority-vote",0.576347866949078,0.861270138277948,0.690574554935466
