"","bcubed.precision","bcubed.recall","bcubed.f1"
"majority-vote",0.797648621856971,0.722683946263823,0.758318102055807
