"","bcubed.precision","bcubed.recall","bcubed.f1"
"majority-vote",0.779259002770083,0.486571366688326,0.599077296817027
