"","bcubed.precision","bcubed.recall","bcubed.f1"
"majority-vote",0.552038845919595,0.749638295661505,0.63584040369864
