"","bcubed.precision","bcubed.recall","bcubed.f1"
"majority-vote",0.721845198491905,0.336147386087488,0.458692017637009
