"","bcubed.precision","bcubed.recall","bcubed.f1"
"majority-vote",0.395523318387514,0.748991101477051,0.517675340314153
