"","bcubed.precision","bcubed.recall","bcubed.f1"
"majority-vote",0.837379007864489,0.596618357487923,0.696787456292431
