"","bcubed.precision","bcubed.recall","bcubed.f1"
"majority-vote",0.700448385488538,0.905370310587038,0.789834087583821
