"","bcubed.precision","bcubed.recall","bcubed.f1"
"majority-vote",0.674039525309005,0.864744806629311,0.757574881516552
