"","bcubed.precision","bcubed.recall","bcubed.f1"
"majority-vote",0.957560409989275,0.554165761731857,0.702041419845001
