"","bcubed.precision","bcubed.recall","bcubed.f1"
"majority-vote",0.894007648431423,0.0479912640592122,0.0910925831398012
