"","bcubed.precision","bcubed.recall","bcubed.f1"
"majority-vote",0.770393291685203,0.61538337790887,0.684218801712753
