"","bcubed.precision","bcubed.recall","bcubed.f1"
"majority-vote",0.795858706276539,0.832001986272139,0.813529102883299
