"","bcubed.precision","bcubed.recall","bcubed.f1"
"majority-vote",0.900570520081274,0.830223198234385,0.863967241740496
