"","bcubed.precision","bcubed.recall","bcubed.f1"
"majority-vote",0.929658778427119,0.389449748838625,0.548939484933108
