"","bcubed.precision","bcubed.recall","bcubed.f1"
"majority-vote",0.936259684372235,0.186054642150483,0.310421878112368
