"","bcubed.precision","bcubed.recall","bcubed.f1"
"majority-vote",0.224957409549433,0.750847457627119,0.346193598159239
