"","bcubed.precision","bcubed.recall","bcubed.f1"
"majority-vote",0.910403207302736,0.62016345142858,0.737764398579686
