"","bcubed.precision","bcubed.recall","bcubed.f1"
"majority-vote",0.991961334179706,0.968576700845844,0.98012955552163
