"","bcubed.precision","bcubed.recall","bcubed.f1"
"majority-vote",0.412038065202326,0.908028228505206,0.566853643950815
