"","bcubed.precision","bcubed.recall","bcubed.f1"
"majority-vote",0.510545922288345,0.809317468828157,0.626115909158463
