"","bcubed.precision","bcubed.recall","bcubed.f1"
"majority-vote",0.516547399855893,0.715294182412878,0.599887770271426
