"","bcubed.precision","bcubed.recall","bcubed.f1"
"majority-vote",0.919707084903045,0.61207091403609,0.734996789994295
