"","bcubed.precision","bcubed.recall","bcubed.f1"
"majority-vote",0.961200180931799,0.149870801033592,0.259309879221325
