"","bcubed.precision","bcubed.recall","bcubed.f1"
"majority-vote",0.732930209120685,0.152426121987798,0.252367788061331
