"","bcubed.precision","bcubed.recall","bcubed.f1"
"majority-vote",0.73270124649293,0.333868423817672,0.458715107142695
