"","bcubed.precision","bcubed.recall","bcubed.f1"
"majority-vote",0.882579724916204,0.771468506552338,0.823292149939252
