"","bcubed.precision","bcubed.recall","bcubed.f1"
"majority-vote",0.816625228275403,0.646341731283818,0.72157332112626
