"","bcubed.precision","bcubed.recall","bcubed.f1"
"majority-vote",0.907182946050935,0.318614504682528,0.471597725773545
