"","bcubed.precision","bcubed.recall","bcubed.f1"
"majority-vote",0.621725970487942,0.81796997225623,0.70647302632757
