"","bcubed.precision","bcubed.recall","bcubed.f1"
"majority-vote",0.897732124254999,0.58826320272769,0.710773129654573
