"","bcubed.precision","bcubed.recall","bcubed.f1"
"majority-vote",0.738996435594887,0.487419122933142,0.587404476376179
