"","bcubed.precision","bcubed.recall","bcubed.f1"
"majority-vote",0.617495661904626,0.680318236832574,0.647386440178331
