"","bcubed.precision","bcubed.recall","bcubed.f1"
"majority-vote",0.86295358649789,0.889493333333333,0.876022495722597
