"","bcubed.precision","bcubed.recall","bcubed.f1"
"majority-vote",0.890039569896391,0.529002889099542,0.663593257415639
