"","bcubed.precision","bcubed.recall","bcubed.f1"
"majority-vote",0.797247345202466,0.990789150168054,0.883543508951928
