"","bcubed.precision","bcubed.recall","bcubed.f1"
"majority-vote",0.849326991912562,0.975016576678981,0.907842042905297
