"","bcubed.precision","bcubed.recall","bcubed.f1"
"majority-vote",0.538473495321887,0.644130757747626,0.586582264808264
