"","bcubed.precision","bcubed.recall","bcubed.f1"
"majority-vote",0.872662867703681,0.47802961016388,0.617696029686171
