"","bcubed.precision","bcubed.recall","bcubed.f1"
"majority-vote",0.578198577903018,0.749123818703282,0.652655794485161
