"","bcubed.precision","bcubed.recall","bcubed.f1"
"majority-vote",0.493005178230927,0.588313110819376,0.536458900200115
