"","bcubed.precision","bcubed.recall","bcubed.f1"
"majority-vote",0.685316568466663,0.924378565024132,0.787095559856333
