"","bcubed.precision","bcubed.recall","bcubed.f1"
"majority-vote",0.885272545946601,0.533575285922148,0.665835392933357
