{
      "avg_bcuded_f1": 0.6009680141332894,
      "avg_bcuded_recall": 0.6404733076182285,
      "avg_bcuded_precision": 0.7158272693307306,
      "avg_bcuded_f1star": 0.6760570137084456
}