"","bcubed.precision","bcubed.recall","bcubed.f1"
"majority-vote",0.982153582153582,0.292634575873348,0.450917425214945
