"","bcubed.precision","bcubed.recall","bcubed.f1"
"majority-vote",0.892857142857143,0.394987920236946,0.547686668268229
