"","bcubed.precision","bcubed.recall","bcubed.f1"
"majority-vote",0.955159981973862,0.305057078547116,0.462425597580159
