"","bcubed.precision","bcubed.recall","bcubed.f1"
"majority-vote",0.912408759124088,0.247782666416443,0.389727195393044
