"","bcubed.precision","bcubed.recall","bcubed.f1"
"majority-vote",0.990952475641281,0.515609445505303,0.678292009529417
