"","bcubed.precision","bcubed.recall","bcubed.f1"
"majority-vote",0.937019969278034,0.234913793103448,0.375650778674516
