"","bcubed.precision","bcubed.recall","bcubed.f1"
"majority-vote",0.995670995670996,0.484533684085819,0.651850574812563
