"","bcubed.precision","bcubed.recall","bcubed.f1"
"majority-vote",0.973595039722564,0.589811828650921,0.734598116920964
