"","bcubed.precision","bcubed.recall","bcubed.f1"
"majority-vote",0.957446808510638,0.2498515482432,0.396289063310088
