"","bcubed.precision","bcubed.recall","bcubed.f1"
"majority-vote",0.916955017301038,0.914060298675683,0.915505369805447
