"","bcubed.precision","bcubed.recall","bcubed.f1"
"majority-vote",0.933229813664596,0.398342204858958,0.55835481137169
