"","bcubed.precision","bcubed.recall","bcubed.f1"
"majority-vote",0.955983521002024,0.534540629334391,0.685680983879922
