"","bcubed.precision","bcubed.recall","bcubed.f1"
"majority-vote",0.998248686514886,0.105875767788248,0.191446436525273
