"","bcubed.precision","bcubed.recall","bcubed.f1"
"majority-vote",0.996623794212219,0.388376174013677,0.558938548746602
