"","bcubed.precision","bcubed.recall","bcubed.f1"
"majority-vote",0.981566820276498,0.211642891231476,0.348206417994472
