"","bcubed.precision","bcubed.recall","bcubed.f1"
"majority-vote",0.915782803607701,0.552156583316804,0.688932401983867
