"","bcubed.precision","bcubed.recall","bcubed.f1"
"majority-vote",0.994490358126722,0.657661557443238,0.791740846134326
