"","bcubed.precision","bcubed.recall","bcubed.f1"
"majority-vote",0.917757009345794,0.33073136132497,0.486237648979289
