"","bcubed.precision","bcubed.recall","bcubed.f1"
"majority-vote",0.949612403100775,0.50433605624857,0.658790579906656
