"","bcubed.precision","bcubed.recall","bcubed.f1"
"majority-vote",0.990899681528662,0.187289723182253,0.315034792050981
