"","bcubed.precision","bcubed.recall","bcubed.f1"
"majority-vote",0.947725768321513,0.160252980239907,0.274149443788288
