"","bcubed.precision","bcubed.recall","bcubed.f1"
"majority-vote",0.960085287846482,0.358507171107804,0.522067994899699
