"","bcubed.precision","bcubed.recall","bcubed.f1"
"majority-vote",0.941358584131327,0.552947319734397,0.696673558817924
