"","bcubed.precision","bcubed.recall","bcubed.f1"
"majority-vote",0.970200085142614,0.186737189520496,0.313193188843938
