"","bcubed.precision","bcubed.recall","bcubed.f1"
"majority-vote",0.930826881606392,0.48262960317237,0.635668113351483
