"","bcubed.precision","bcubed.recall","bcubed.f1"
"majority-vote",0.939271150850098,0.245018211604304,0.388652545381059
