"","bcubed.precision","bcubed.recall","bcubed.f1"
"majority-vote",0.980132450331126,0.243709964164445,0.390357519101121
