"","bcubed.precision","bcubed.recall","bcubed.f1"
"majority-vote",0.998396150761828,0.77425547095918,0.872155219265745
