"","bcubed.precision","bcubed.recall","bcubed.f1"
"majority-vote",0.983522727272727,0.14605690467863,0.254342909810408
