"","bcubed.precision","bcubed.recall","bcubed.f1"
"majority-vote",0.908928571428571,0.255788567829567,0.399227468556312
