"","bcubed.precision","bcubed.recall","bcubed.f1"
"majority-vote",0.976744186046512,0.300839563055034,0.459998484409999
