"","bcubed.precision","bcubed.recall","bcubed.f1"
"majority-vote",0.963314961482253,0.488088314361107,0.647900943279187
