"","bcubed.precision","bcubed.recall","bcubed.f1"
"majority-vote",0.996936274509804,0.256055309050807,0.407458165278601
