"","bcubed.precision","bcubed.recall","bcubed.f1"
"majority-vote",0.928998327522347,0.827941500791264,0.87556358746753
