"","bcubed.precision","bcubed.recall","bcubed.f1"
"majority-vote",0.979483141214667,0.146914223284232,0.255504867903467
