"","bcubed.precision","bcubed.recall","bcubed.f1"
"majority-vote",0.904081084709357,0.391423337764474,0.546317603626414
