"","bcubed.precision","bcubed.recall","bcubed.f1"
"majority-vote",0.848479760597935,0.119951134414843,0.210187655796367
