"","bcubed.precision","bcubed.recall","bcubed.f1"
"majority-vote",0.988256549232159,0.794222609696455,0.880678679073647
