"","bcubed.precision","bcubed.recall","bcubed.f1"
"majority-vote",0.958646616541353,0.321991454148286,0.482065971860823
