"","bcubed.precision","bcubed.recall","bcubed.f1"
"majority-vote",0.987660256410256,0.716594471415189,0.830570533646878
