"","bcubed.precision","bcubed.recall","bcubed.f1"
"majority-vote",0.986101019571077,0.482495907074353,0.647951384443777
