"","bcubed.precision","bcubed.recall","bcubed.f1"
"majority-vote",0.786543592702099,0.508427697180694,0.617620715909389
