"","bcubed.precision","bcubed.recall","bcubed.f1"
"majority-vote",0.957198443579767,0.289410247449447,0.444442655354717
