"","bcubed.precision","bcubed.recall","bcubed.f1"
"majority-vote",0.907645379023884,0.58478236240455,0.711290730180537
