"","bcubed.precision","bcubed.recall","bcubed.f1"
"majority-vote",0.977777777777778,0.279604214044442,0.434857169648937
