"","bcubed.precision","bcubed.recall","bcubed.f1"
"majority-vote",0.978632478632479,0.258167228687216,0.408555780562683
