"","bcubed.precision","bcubed.recall","bcubed.f1"
"majority-vote",0.953147089556826,0.289783323206054,0.444443435094622
