"","bcubed.precision","bcubed.recall","bcubed.f1"
"majority-vote",0.977573997656529,0.0705352744757139,0.131576834741186
