"","bcubed.precision","bcubed.recall","bcubed.f1"
"majority-vote",0.954452315438206,0.305210527306068,0.462518833767856
