"","bcubed.precision","bcubed.recall","bcubed.f1"
"majority-vote",0.845207138652687,0.865394546393554,0.855181723199534
