"","bcubed.precision","bcubed.recall","bcubed.f1"
"majority-vote",0.993975903614458,0.0885529627984356,0.162618317065257
