"","bcubed.precision","bcubed.recall","bcubed.f1"
"majority-vote",0.979827089337176,0.386156752599282,0.553984366888069
