"","bcubed.precision","bcubed.recall","bcubed.f1"
"majority-vote",0.993846153846154,0.377755645177462,0.547434387036451
