"","bcubed.precision","bcubed.recall","bcubed.f1"
"majority-vote",0.991482112436116,0.189822707465991,0.318640567304753
