"","bcubed.precision","bcubed.recall","bcubed.f1"
"majority-vote",0.995081967213115,0.499427431889498,0.665062704461016
