"","bcubed.precision","bcubed.recall","bcubed.f1"
"majority-vote",0.610315908013277,0.502275051124744,0.551049694196886
