"","bcubed.precision","bcubed.recall","bcubed.f1"
"majority-vote",0.99203187250996,0.506707718028021,0.670790588977702
