"","bcubed.precision","bcubed.recall","bcubed.f1"
"majority-vote",0.989276139410188,0.533750943601923,0.693391573640002
