"","bcubed.precision","bcubed.recall","bcubed.f1"
"majority-vote",0.892405063291139,0.441886040739563,0.591087415575825
