"","bcubed.precision","bcubed.recall","bcubed.f1"
"majority-vote",0.970814132104455,0.615421251468272,0.753305157998848
