"","bcubed.precision","bcubed.recall","bcubed.f1"
"majority-vote",0.968632927918642,0.475610296482394,0.637969818720881
