"","bcubed.precision","bcubed.recall","bcubed.f1"
"majority-vote",0.990068754774637,0.484661879671177,0.650760989817097
