"","bcubed.precision","bcubed.recall","bcubed.f1"
"majority-vote",0.995433789954338,0.741367351495386,0.849817627171136
