"","bcubed.precision","bcubed.recall","bcubed.f1"
"majority-vote",0.995652173913044,0.659945025704616,0.793762757822548
