"","bcubed.precision","bcubed.recall","bcubed.f1"
"majority-vote",0.994277539341917,0.145268705959416,0.253499868215562
