"","bcubed.precision","bcubed.recall","bcubed.f1"
"majority-vote",0.99746835443038,0.741804100773026,0.850845551534069
