"","bcubed.precision","bcubed.recall","bcubed.f1"
"majority-vote",0.993573377938199,0.198750548183814,0.331240947530651
