"","bcubed.precision","bcubed.recall","bcubed.f1"
"majority-vote",0.967320261437909,0.589993571560659,0.732945054228215
