"","bcubed.precision","bcubed.recall","bcubed.f1"
"majority-vote",0.989261744966443,0.264640363081697,0.417574204063308
