"","bcubed.precision","bcubed.recall","bcubed.f1"
"majority-vote",0.997319034852547,0.54032679898203,0.700913292005444
