"","bcubed.precision","bcubed.recall","bcubed.f1"
"majority-vote",0.954671717171717,0.344250444718117,0.506029033668987
