"","bcubed.precision","bcubed.recall","bcubed.f1"
"majority-vote",0.922722029988466,0.307676670830128,0.461476498796021
