"","bcubed.precision","bcubed.recall","bcubed.f1"
"majority-vote",0.965753424657534,0.394637389907277,0.560313119907067
