"","bcubed.precision","bcubed.recall","bcubed.f1"
"majority-vote",0.961025373787654,0.858548006560512,0.906900955829091
