"","bcubed.precision","bcubed.recall","bcubed.f1"
"majority-vote",0.912393603597403,0.30710553665984,0.459534768050233
