"","bcubed.precision","bcubed.recall","bcubed.f1"
"majority-vote",0.987810368665355,0.171186409980191,0.291803590602984
