"","bcubed.precision","bcubed.recall","bcubed.f1"
"majority-vote",0.997802197802198,0.414843718314145,0.58603783036626
