"","bcubed.precision","bcubed.recall","bcubed.f1"
"majority-vote",0.995614035087719,0.273381184897755,0.428972686936097
