"","bcubed.precision","bcubed.recall","bcubed.f1"
"majority-vote",0.993150684931507,0.419588546528207,0.589938529481246
