"","bcubed.precision","bcubed.recall","bcubed.f1"
"majority-vote",0.747863247863248,0.14890750158932,0.248363247435917
