"","bcubed.precision","bcubed.recall","bcubed.f1"
"majority-vote",0.996182528409091,0.163954882458435,0.281568351856398
