"","bcubed.precision","bcubed.recall","bcubed.f1"
"majority-vote",0.989662511401642,0.464317134580338,0.632082110317638
