"","bcubed.precision","bcubed.recall","bcubed.f1"
"majority-vote",0.95055143269429,0.279155612760974,0.431569077586861
