"","bcubed.precision","bcubed.recall","bcubed.f1"
"majority-vote",0.992424242424242,0.160106401097941,0.275729716532847
