"","bcubed.precision","bcubed.recall","bcubed.f1"
"majority-vote",0.98989898989899,0.499134560885886,0.663642262975439
