"","bcubed.precision","bcubed.recall","bcubed.f1"
"majority-vote",0.983601951418866,0.21793390471651,0.356810348796351
