"","bcubed.precision","bcubed.recall","bcubed.f1"
"majority-vote",0.964996281836773,0.404987255183931,0.570534148598119
