"","bcubed.precision","bcubed.recall","bcubed.f1"
"majority-vote",0.978866312564989,0.820519623334462,0.892725681641095
