"","bcubed.precision","bcubed.recall","bcubed.f1"
"majority-vote",0.988188976377953,0.64063881900844,0.777334744135739
