"","bcubed.precision","bcubed.recall","bcubed.f1"
"majority-vote",0.914377682403434,0.46974685504503,0.620646522782086
