"","bcubed.precision","bcubed.recall","bcubed.f1"
"majority-vote",0.98068669527897,0.347546006108803,0.513213902702643
