"","bcubed.precision","bcubed.recall","bcubed.f1"
"majority-vote",0.988165680473373,0.619232761528942,0.761360154617808
