"","bcubed.precision","bcubed.recall","bcubed.f1"
"majority-vote",0.989035087719298,0.347773085979948,0.514598565995861
