"","bcubed.precision","bcubed.recall","bcubed.f1"
"majority-vote",0.997466216216216,0.731164112988134,0.843802736645313
