"","bcubed.precision","bcubed.recall","bcubed.f1"
"majority-vote",0.986333600320385,0.161832602378706,0.278044995538402
