"","bcubed.precision","bcubed.recall","bcubed.f1"
"majority-vote",0.997424892703863,0.721291731454731,0.837176201989227
