"","bcubed.precision","bcubed.recall","bcubed.f1"
"majority-vote",0.994103773584906,0.292097314288885,0.45152355277294
