"","bcubed.precision","bcubed.recall","bcubed.f1"
"majority-vote",0.958333333333333,0.500981235892635,0.657989754717647
