"","bcubed.precision","bcubed.recall","bcubed.f1"
"majority-vote",0.99743370402053,0.719072156571098,0.835682325418375
