"","bcubed.precision","bcubed.recall","bcubed.f1"
"majority-vote",0.982237673830594,0.177318496290339,0.300406158513558
