"","bcubed.precision","bcubed.recall","bcubed.f1"
"majority-vote",0.967871485943775,0.239134715740904,0.383513642832725
