"","bcubed.precision","bcubed.recall","bcubed.f1"
"majority-vote",0.960631525337408,0.254149971165805,0.40195619569156
