"","bcubed.precision","bcubed.recall","bcubed.f1"
"majority-vote",0.996616633858268,0.691089078901131,0.816197831533731
