"","bcubed.precision","bcubed.recall","bcubed.f1"
"majority-vote",0.924332485579636,0.511763828100309,0.658785802528189
