"","bcubed.precision","bcubed.recall","bcubed.f1"
"majority-vote",0.994612977506327,0.25464969648085,0.405483807547907
