"","bcubed.precision","bcubed.recall","bcubed.f1"
"majority-vote",0.989260330551685,0.983839321432143,0.986542378993522
