"","bcubed.precision","bcubed.recall","bcubed.f1"
"majority-vote",0.996975806451613,0.458526981806368,0.628154492253988
