"","bcubed.precision","bcubed.recall","bcubed.f1"
"majority-vote",0.991647465437788,0.563001936557111,0.718231959832263
