"","bcubed.precision","bcubed.recall","bcubed.f1"
"majority-vote",0.992694063926941,0.303493138132637,0.464864698846147
