"","bcubed.precision","bcubed.recall","bcubed.f1"
"majority-vote",0.901770138297591,0.477279105912381,0.624192424095375
