"","bcubed.precision","bcubed.recall","bcubed.f1"
"majority-vote",0.935975609756098,0.303443072934598,0.458304073002428
