"","bcubed.precision","bcubed.recall","bcubed.f1"
"majority-vote",0.973012048192771,0.483293703935996,0.645813004663397
