"","bcubed.precision","bcubed.recall","bcubed.f1"
"majority-vote",0.915513833992095,0.402394951140266,0.559064707138268
