"","bcubed.precision","bcubed.recall","bcubed.f1"
"majority-vote",0.951612903225806,0.367176196154368,0.529894592216583
