"","bcubed.precision","bcubed.recall","bcubed.f1"
"majority-vote",0.78604609929078,0.352672691928881,0.486892806116169
