"","bcubed.precision","bcubed.recall","bcubed.f1"
"majority-vote",0.907541478129713,0.702537929258668,0.791988653274916
