"","bcubed.precision","bcubed.recall","bcubed.f1"
"majority-vote",0.995192307692308,0.190090307353465,0.319208953617749
