"","bcubed.precision","bcubed.recall","bcubed.f1"
"majority-vote",0.898395721925134,0.159644319808276,0.271112185339279
