"","bcubed.precision","bcubed.recall","bcubed.f1"
"majority-vote",0.996860606060606,0.0361664383553462,0.0698004913866459
