"","bcubed.precision","bcubed.recall","bcubed.f1"
"majority-vote",0.981714285714286,0.149824926521948,0.259973793452563
