"","bcubed.precision","bcubed.recall","bcubed.f1"
"majority-vote",0.905660377358491,0.122209088521145,0.215357947484079
