"","bcubed.precision","bcubed.recall","bcubed.f1"
"majority-vote",0.977987421383648,0.356981626269737,0.523043647746848
