"","bcubed.precision","bcubed.recall","bcubed.f1"
"majority-vote",0.960722552910053,0.356630182189888,0.520168440766555
