"","bcubed.precision","bcubed.recall","bcubed.f1"
"majority-vote",0.980769230769231,0.0763440860215054,0.141661124369156
