"","bcubed.precision","bcubed.recall","bcubed.f1"
"majority-vote",0.939549839228296,0.39040464585567,0.551604774992757
