"","bcubed.precision","bcubed.recall","bcubed.f1"
"majority-vote",0.99602731222843,0.661204177301316,0.79479230718518
