"","bcubed.precision","bcubed.recall","bcubed.f1"
"majority-vote",0.945230769230769,0.223493285425696,0.361510023275662
