"","bcubed.precision","bcubed.recall","bcubed.f1"
"majority-vote",0.949983708048224,0.210264427163621,0.344319071283939
