"","bcubed.precision","bcubed.recall","bcubed.f1"
"majority-vote",0.965411637542785,0.440282097841653,0.604759700293943
