"","bcubed.precision","bcubed.recall","bcubed.f1"
"majority-vote",0.930283224400872,0.350945625818667,0.509633900797706
