"","bcubed.precision","bcubed.recall","bcubed.f1"
"majority-vote",0.986138613861386,0.345892005540267,0.512146579697145
