"","bcubed.precision","bcubed.recall","bcubed.f1"
"majority-vote",0.95952380952381,0.205674442516548,0.338739822617462
