"","bcubed.precision","bcubed.recall","bcubed.f1"
"majority-vote",0.98066783831283,0.455676165384509,0.622228322641388
