"","bcubed.precision","bcubed.recall","bcubed.f1"
"majority-vote",0.900047010753417,0.257803558907356,0.400803572820523
