"","bcubed.precision","bcubed.recall","bcubed.f1"
"majority-vote",0.926174496644295,0.276606480483931,0.425989224476143
