"","bcubed.precision","bcubed.recall","bcubed.f1"
"majority-vote",0.960642630115216,0.328829857339815,0.489949156866129
