"","bcubed.precision","bcubed.recall","bcubed.f1"
"majority-vote",0.975071448697822,0.405034855460972,0.572329714163818
