"","bcubed.precision","bcubed.recall","bcubed.f1"
"majority-vote",0.897759912045626,0.231874042481901,0.368556945636928
