"","bcubed.precision","bcubed.recall","bcubed.f1"
"majority-vote",0.972206888937955,0.681819797988814,0.801522623375131
