"","bcubed.precision","bcubed.recall","bcubed.f1"
"majority-vote",0.977783233027135,0.650200906909218,0.781034076781271
