"","bcubed.precision","bcubed.recall","bcubed.f1"
"majority-vote",0.983333333333333,0.419983416252073,0.588582289450878
