"","bcubed.precision","bcubed.recall","bcubed.f1"
"majority-vote",0.996685082872928,0.291782119056011,0.451412166451433
