"","bcubed.precision","bcubed.recall","bcubed.f1"
"majority-vote",0.972836452139195,0.0362628455004492,0.0699194183241354
