"","bcubed.precision","bcubed.recall","bcubed.f1"
"majority-vote",0.894218942189422,0.35123338885307,0.50436221702504
