"","bcubed.precision","bcubed.recall","bcubed.f1"
"majority-vote",0.988461538461539,0.148489335723378,0.258192329267501
