"","bcubed.precision","bcubed.recall","bcubed.f1"
"majority-vote",0.864209656937046,0.544655193380189,0.66819223677003
