"","bcubed.precision","bcubed.recall","bcubed.f1"
"majority-vote",0.890962485790072,0.470182223726585,0.615532970002137
