"","bcubed.precision","bcubed.recall","bcubed.f1"
"majority-vote",0.906883231972658,0.240375562247612,0.380023352841704
