"","bcubed.precision","bcubed.recall","bcubed.f1"
"majority-vote",0.988425925925926,0.242813017407063,0.389855572481734
