"","bcubed.precision","bcubed.recall","bcubed.f1"
"majority-vote",0.958252427184466,0.574593004442261,0.718409214379409
