"","bcubed.precision","bcubed.recall","bcubed.f1"
"majority-vote",0.966860465116279,0.129268852864266,0.228047806322083
