"","bcubed.precision","bcubed.recall","bcubed.f1"
"majority-vote",0.982824427480916,0.505986095185811,0.668044034809149
