"","bcubed.precision","bcubed.recall","bcubed.f1"
"majority-vote",0.963377641445126,0.495994757177789,0.65484349270957
