"","bcubed.precision","bcubed.recall","bcubed.f1"
"majority-vote",0.876996805111821,0.372513637006341,0.522914028571601
