"","bcubed.precision","bcubed.recall","bcubed.f1"
"majority-vote",0.980769230769231,0.113674491399508,0.203735361133151
