"","bcubed.precision","bcubed.recall","bcubed.f1"
"majority-vote",0.984189723320158,0.260361648569343,0.411787355116737
