"","bcubed.precision","bcubed.recall","bcubed.f1"
"majority-vote",0.551425269645609,0.151857972304401,0.238135414953459
