"","bcubed.precision","bcubed.recall","bcubed.f1"
"majority-vote",0.898148148148148,0.23340513031256,0.370521458509975
