"","bcubed.precision","bcubed.recall","bcubed.f1"
"majority-vote",0.970760233918129,0.203835125448029,0.336924597024524
