"","bcubed.precision","bcubed.recall","bcubed.f1"
"majority-vote",0.968085106382979,0.0924662965900079,0.168808874930993
