"","bcubed.precision","bcubed.recall","bcubed.f1"
"majority-vote",0.929494342605178,0.103788457358622,0.18672677788876
