"","bcubed.precision","bcubed.recall","bcubed.f1"
"majority-vote",0.935643564356436,0.576614736060526,0.713510207560921
