"","bcubed.precision","bcubed.recall","bcubed.f1"
"majority-vote",0.992165242165242,0.566837724673203,0.721482512004818
