"","bcubed.precision","bcubed.recall","bcubed.f1"
"majority-vote",0.997245179063361,0.358818314883318,0.52774790601523
