"","bcubed.precision","bcubed.recall","bcubed.f1"
"majority-vote",0.824645606390704,0.376311199779166,0.516793569825708
