"","bcubed.precision","bcubed.recall","bcubed.f1"
"majority-vote",0.953488372093023,0.2289450169968,0.369232488813804
