"","bcubed.precision","bcubed.recall","bcubed.f1"
"majority-vote",0.982269503546099,0.818270165208941,0.892801022820143
