"","bcubed.precision","bcubed.recall","bcubed.f1"
"majority-vote",0.993694829760404,0.180746485393575,0.30585921274306
