"","bcubed.precision","bcubed.recall","bcubed.f1"
"majority-vote",0.997908496732026,0.34103424782974,0.508342832384964
