"","bcubed.precision","bcubed.recall","bcubed.f1"
"majority-vote",0.995402298850575,0.168369045947041,0.288020385001158
