"","bcubed.precision","bcubed.recall","bcubed.f1"
"majority-vote",0.948275862068966,0.298048695978864,0.453545398416263
