"","bcubed.precision","bcubed.recall","bcubed.f1"
"majority-vote",0.986531986531986,0.559577757349457,0.71410371580894
