"","bcubed.precision","bcubed.recall","bcubed.f1"
"majority-vote",0.947443181818182,0.308666447437904,0.465634390931751
