"","bcubed.precision","bcubed.recall","bcubed.f1"
"majority-vote",0.988970588235294,0.221943666756486,0.362528986280288
