"","bcubed.precision","bcubed.recall","bcubed.f1"
"majority-vote",0.783352229780801,0.180617714381893,0.29355124639672
