"","bcubed.precision","bcubed.recall","bcubed.f1"
"majority-vote",0.995098039215686,0.201675125451972,0.335379381524761
