"","bcubed.precision","bcubed.recall","bcubed.f1"
"majority-vote",0.972073039742213,0.274131453675233,0.427659821274248
