"","bcubed.precision","bcubed.recall","bcubed.f1"
"majority-vote",0.948096885813149,0.45270090296181,0.612799819848723
