"","bcubed.precision","bcubed.recall","bcubed.f1"
"majority-vote",0.977207977207977,0.377796005810238,0.544921306892
