"","bcubed.precision","bcubed.recall","bcubed.f1"
"majority-vote",0.992700729927007,0.138636299737803,0.243295061215969
