"","bcubed.precision","bcubed.recall","bcubed.f1"
"majority-vote",0.981115502854633,0.40530131533254,0.573633266105468
