"","bcubed.precision","bcubed.recall","bcubed.f1"
"majority-vote",0.998765432098765,0.600490721307256,0.750035412976742
