"","bcubed.precision","bcubed.recall","bcubed.f1"
"majority-vote",0.997282174260592,0.429147591162566,0.60007334839418
