"","bcubed.precision","bcubed.recall","bcubed.f1"
"majority-vote",0.994334277620397,0.384267085382797,0.55431533003136
