"","bcubed.precision","bcubed.recall","bcubed.f1"
"majority-vote",0.99622641509434,0.189572993516655,0.318532160428418
