"","bcubed.precision","bcubed.recall","bcubed.f1"
"majority-vote",0.97979797979798,0.348770452096509,0.514425265833091
