"","bcubed.precision","bcubed.recall","bcubed.f1"
"majority-vote",0.949147485080989,0.250703226494027,0.396639906336578
