"","bcubed.precision","bcubed.recall","bcubed.f1"
"majority-vote",0.9979035639413,0.310148062658473,0.473219635651396
