"","bcubed.precision","bcubed.recall","bcubed.f1"
"majority-vote",0.954211330394711,0.645776547395621,0.77026495885593
