"","bcubed.precision","bcubed.recall","bcubed.f1"
"majority-vote",0.95812324929972,0.325288894758022,0.485684749438757
