"","bcubed.precision","bcubed.recall","bcubed.f1"
"majority-vote",0.99171270718232,0.35476567856887,0.522586378262026
