"","bcubed.precision","bcubed.recall","bcubed.f1"
"majority-vote",0.96969696969697,0.379981176870399,0.546006611561777
