"","bcubed.precision","bcubed.recall","bcubed.f1"
"majority-vote",0.99166032470827,0.472082654091676,0.639655519891209
