"","bcubed.precision","bcubed.recall","bcubed.f1"
"majority-vote",0.951923076923077,0.311437951275651,0.469327399265482
