"","bcubed.precision","bcubed.recall","bcubed.f1"
"majority-vote",0.956011730205279,0.37374545864983,0.537398926021707
