"","bcubed.precision","bcubed.recall","bcubed.f1"
"majority-vote",0.993118279569893,0.62682080578812,0.768556306677834
