"","bcubed.precision","bcubed.recall","bcubed.f1"
"majority-vote",0.948096885813149,0.318176533166287,0.476456625737131
