"","bcubed.precision","bcubed.recall","bcubed.f1"
"majority-vote",0.99388379204893,0.499433421770772,0.664800189151826
