"","bcubed.precision","bcubed.recall","bcubed.f1"
"majority-vote",0.972673339455869,0.252096972807182,0.400414676861325
