"","bcubed.precision","bcubed.recall","bcubed.f1"
"majority-vote",0.943781881011016,0.303740055973615,0.459574060970923
