"","bcubed.precision","bcubed.recall","bcubed.f1"
"majority-vote",0.997537060272317,0.425808016094875,0.596846518343652
