"","bcubed.precision","bcubed.recall","bcubed.f1"
"majority-vote",0.969752281616688,0.384305310913028,0.550465436849047
