"","bcubed.precision","bcubed.recall","bcubed.f1"
"majority-vote",0.97666220979701,0.406889495711233,0.574454272207403
