"","bcubed.precision","bcubed.recall","bcubed.f1"
"majority-vote",0.990449438202247,0.142100458211013,0.248542372303611
