"","bcubed.precision","bcubed.recall","bcubed.f1"
"majority-vote",0.992585236676597,0.424240836601931,0.594420443198075
