"","bcubed.precision","bcubed.recall","bcubed.f1"
"majority-vote",0.995672546035157,0.443639575664591,0.613792851688449
