"","bcubed.precision","bcubed.recall","bcubed.f1"
"majority-vote",0.623289214850191,0.497134584405429,0.553109680452696
