"","bcubed.precision","bcubed.recall","bcubed.f1"
"majority-vote",0.991537037280212,0.0796124347013393,0.147390592441593
