"","bcubed.precision","bcubed.recall","bcubed.f1"
"majority-vote",0.993269992082344,0.395256887208458,0.565486791913683
