"","bcubed.precision","bcubed.recall","bcubed.f1"
"majority-vote",0.864956368318154,0.656010069401753,0.746130977170679
