"","bcubed.precision","bcubed.recall","bcubed.f1"
"majority-vote",0.867022088382898,0.806814798859837,0.835835626729429
