"","bcubed.precision","bcubed.recall","bcubed.f1"
"majority-vote",0.996725605762934,0.344890930213428,0.512458831746507
