"","bcubed.precision","bcubed.recall","bcubed.f1"
"majority-vote",0.998027259684362,0.324899372932389,0.490213777312043
