"","bcubed.precision","bcubed.recall","bcubed.f1"
"majority-vote",0.987320371935757,0.614506860063071,0.757528813987587
