"","bcubed.precision","bcubed.recall","bcubed.f1"
"majority-vote",0.819098374636761,0.450435869909296,0.581238813377144
