"","bcubed.precision","bcubed.recall","bcubed.f1"
"majority-vote",0.80268178301325,0.727582379216772,0.763289288024186
