"","bcubed.precision","bcubed.recall","bcubed.f1"
"majority-vote",0.998589562764457,0.455449442493837,0.625577523018985
