"","bcubed.precision","bcubed.recall","bcubed.f1"
"majority-vote",0.992784992784993,0.846026016438082,0.913548949198729
