"","bcubed.precision","bcubed.recall","bcubed.f1"
"majority-vote",0.997267759562842,0.0781629181629182,0.144963984925683
