"","bcubed.precision","bcubed.recall","bcubed.f1"
"majority-vote",0.998817966903073,0.368535127850077,0.538411780459723
