"","bcubed.precision","bcubed.recall","bcubed.f1"
"majority-vote",0.99541547277937,0.373252256504643,0.542923696416659
