"","bcubed.precision","bcubed.recall","bcubed.f1"
"majority-vote",0.9613063542776,0.468899771058494,0.630337573658365
