"","bcubed.precision","bcubed.recall","bcubed.f1"
"majority-vote",0.990929705215419,0.0549897212258836,0.104197219913289
