"","bcubed.precision","bcubed.recall","bcubed.f1"
"majority-vote",0.996533795493934,0.298609001915137,0.459523015751533
