"","bcubed.precision","bcubed.recall","bcubed.f1"
"majority-vote",0.988782051282051,0.362590776540474,0.530605979966805
