"","bcubed.precision","bcubed.recall","bcubed.f1"
"majority-vote",0.980704923234641,0.310232616040977,0.471357667807956
