"","bcubed.precision","bcubed.recall","bcubed.f1"
"majority-vote",0.978571428571429,0.344123705805494,0.509187064567238
