"","bcubed.precision","bcubed.recall","bcubed.f1"
"majority-vote",0.982658959537572,0.423233924714385,0.591644801335101
