"","bcubed.precision","bcubed.recall","bcubed.f1"
"majority-vote",0.991666666666667,0.680954844256416,0.807451316564268
