"","bcubed.precision","bcubed.recall","bcubed.f1"
"majority-vote",0.985492577597841,0.384613553317404,0.553291155313107
