"","bcubed.precision","bcubed.recall","bcubed.f1"
"majority-vote",0.994560732237977,0.323971946446676,0.488739917472505
