"","bcubed.precision","bcubed.recall","bcubed.f1"
"majority-vote",0.957094972067039,0.229762745369903,0.370566353710443
