"","bcubed.precision","bcubed.recall","bcubed.f1"
"majority-vote",0.997752808988764,0.690621524315941,0.816252121631814
