"","bcubed.precision","bcubed.recall","bcubed.f1"
"majority-vote",0.973603437691836,0.70762772774267,0.819576513332443
