"","bcubed.precision","bcubed.recall","bcubed.f1"
"majority-vote",0.970149253731343,0.486076558098719,0.647656161928824
