"","bcubed.precision","bcubed.recall","bcubed.f1"
"majority-vote",0.995322428806778,0.658611638257964,0.792692947663515
