"","bcubed.precision","bcubed.recall","bcubed.f1"
"majority-vote",0.98728813559322,0.427644822271312,0.59678963152226
