"","bcubed.precision","bcubed.recall","bcubed.f1"
"majority-vote",0.99888765294772,0.340864079180714,0.508280619254865
