"","bcubed.precision","bcubed.recall","bcubed.f1"
"majority-vote",0.991960953201263,0.667692940969686,0.798148732692122
