"","bcubed.precision","bcubed.recall","bcubed.f1"
"majority-vote",0.958126522738748,0.267176329300821,0.417837478995489
