"","bcubed.precision","bcubed.recall","bcubed.f1"
"majority-vote",0.996855624446413,0.880705214222535,0.935187748056578
