"","bcubed.precision","bcubed.recall","bcubed.f1"
"majority-vote",0.965730337078652,0.36262876589838,0.527269470342183
