"","bcubed.precision","bcubed.recall","bcubed.f1"
"majority-vote",0.994646680942184,0.536383095785929,0.696931795901591
