"","bcubed.precision","bcubed.recall","bcubed.f1"
"majority-vote",0.967657798643714,0.396193232664237,0.562201387918073
