"","bcubed.precision","bcubed.recall","bcubed.f1"
"majority-vote",0.984251968503937,0.149544963014804,0.259640717196166
