"","bcubed.precision","bcubed.recall","bcubed.f1"
"majority-vote",0.992217898832685,0.571317911342223,0.725115285327612
