"","bcubed.precision","bcubed.recall","bcubed.f1"
"majority-vote",0.929143772893773,0.518579844202847,0.665645330778825
