"","bcubed.precision","bcubed.recall","bcubed.f1"
"majority-vote",0.966459787811092,0.231960032053254,0.374126061073019
