"","bcubed.precision","bcubed.recall","bcubed.f1"
"majority-vote",0.992877492877493,0.474534885795706,0.642157602783419
