"","bcubed.precision","bcubed.recall","bcubed.f1"
"majority-vote",0.990740740740741,0.468746589230368,0.636396539383434
