"","bcubed.precision","bcubed.recall","bcubed.f1"
"majority-vote",0.458449612403101,0.173767752715121,0.252013827128929
