"","bcubed.precision","bcubed.recall","bcubed.f1"
"majority-vote",0.960707269155206,0.418999107008143,0.583508918747804
