"","bcubed.precision","bcubed.recall","bcubed.f1"
"majority-vote",0.673207818712777,0.505971003646961,0.57773024623261
