"","bcubed.precision","bcubed.recall","bcubed.f1"
"majority-vote",0.980523094045632,0.508812698019226,0.669966576523115
