"","bcubed.precision","bcubed.recall","bcubed.f1"
"majority-vote",0.975920679886686,0.599098834624548,0.742432632255414
