"","bcubed.precision","bcubed.recall","bcubed.f1"
"majority-vote",0.993187347931874,0.189783000001115,0.318672525956398
