"","bcubed.precision","bcubed.recall","bcubed.f1"
"majority-vote",0.985325868481233,0.361568324616167,0.529013526516802
