"","bcubed.precision","bcubed.recall","bcubed.f1"
"majority-vote",0.996761133603239,0.372929922844741,0.542782331678911
