"","bcubed.precision","bcubed.recall","bcubed.f1"
"majority-vote",0.943593875906527,0.404577555108789,0.566332878070833
