"","bcubed.precision","bcubed.recall","bcubed.f1"
"majority-vote",0.99774011299435,0.513234177058066,0.677806802116683
