"","bcubed.precision","bcubed.recall","bcubed.f1"
"majority-vote",0.973885984421786,0.171931921155905,0.292266489244689
