"","bcubed.precision","bcubed.recall","bcubed.f1"
"majority-vote",0.962361613888825,0.518407095440782,0.673832565310859
