"","bcubed.precision","bcubed.recall","bcubed.f1"
"majority-vote",0.957575757575758,0.582035332872077,0.724004819488174
