"","bcubed.precision","bcubed.recall","bcubed.f1"
"majority-vote",0.980645161290323,0.436710731306934,0.604305901963598
