"","bcubed.precision","bcubed.recall","bcubed.f1"
"majority-vote",0.987838835212024,0.631520720008056,0.77047829242621
