"","bcubed.precision","bcubed.recall","bcubed.f1"
"majority-vote",0.991758241758242,0.327826020843506,0.492767559069442
