"","bcubed.precision","bcubed.recall","bcubed.f1"
"majority-vote",0.959374246443212,0.339499156704334,0.501521929453702
