"","bcubed.precision","bcubed.recall","bcubed.f1"
"majority-vote",0.983527948920893,0.383552988580891,0.55188405282105
