"","bcubed.precision","bcubed.recall","bcubed.f1"
"majority-vote",0.992633928571429,0.246404645798772,0.394805483278534
