"","bcubed.precision","bcubed.recall","bcubed.f1"
"majority-vote",0.821321762680086,0.395569436781604,0.533966861168123
