{
      "avg_bcuded_f1": 0.5193830499927904,
      "avg_bcuded_recall": 0.3834776093973039,
      "avg_bcuded_precision": 0.9649222534582153,
      "avg_bcuded_f1star": 0.5488373133275288
}