"","bcubed.precision","bcubed.recall","bcubed.f1"
"majority-vote",0.814949054374091,0.704130036375001,0.755497341507391
