"","bcubed.precision","bcubed.recall","bcubed.f1"
"majority-vote",0.621535022354694,0.260999903297553,0.36762416084718
