"","bcubed.precision","bcubed.recall","bcubed.f1"
"majority-vote",0.121997097193954,0.93608543565191,0.215861622000156
