"","bcubed.precision","bcubed.recall","bcubed.f1"
"majority-vote",0.543846624560068,0.589841419280303,0.565910995787974
