"","bcubed.precision","bcubed.recall","bcubed.f1"
"majority-vote",0.702310467977007,0.460253768527598,0.556082888864125
