"","bcubed.precision","bcubed.recall","bcubed.f1"
"majority-vote",0.814288234622609,0.549599537273315,0.656259915482021
