"","bcubed.precision","bcubed.recall","bcubed.f1"
"majority-vote",0.14975845410628,0.864516129032258,0.255292996957871
