"","bcubed.precision","bcubed.recall","bcubed.f1"
"majority-vote",0.41244513015071,0.785366487600402,0.540853968009617
