"","bcubed.precision","bcubed.recall","bcubed.f1"
"majority-vote",0.506623188405797,0.947504624525869,0.660227814415776
