"","bcubed.precision","bcubed.recall","bcubed.f1"
"majority-vote",0.72316229272751,0.468614315291334,0.568704235963079
