"","bcubed.precision","bcubed.recall","bcubed.f1"
"majority-vote",0.649066460105073,0.62423459961767,0.636408394943413
