"","bcubed.precision","bcubed.recall","bcubed.f1"
"majority-vote",0.578545499465575,0.854577261904949,0.689978335628284
