"","bcubed.precision","bcubed.recall","bcubed.f1"
"majority-vote",0.602006688963211,0.0985515784177808,0.169375517149157
