"","bcubed.precision","bcubed.recall","bcubed.f1"
"majority-vote",0.88937048503612,0.245890193904781,0.385263904714355
