"","bcubed.precision","bcubed.recall","bcubed.f1"
"majority-vote",0.723770794489577,0.800075941177057,0.760012914742885
