"","bcubed.precision","bcubed.recall","bcubed.f1"
"majority-vote",0.657142857142857,0.676988036593948,0.666917848477085
