"","bcubed.precision","bcubed.recall","bcubed.f1"
"majority-vote",0.944649189903345,0.551395818064673,0.696336821521643
