"","bcubed.precision","bcubed.recall","bcubed.f1"
"majority-vote",0.670963960313666,0.432584674582887,0.526027974211287
