"","bcubed.precision","bcubed.recall","bcubed.f1"
"majority-vote",0.486073550784757,0.75431320195536,0.591189313604483
