"","bcubed.precision","bcubed.recall","bcubed.f1"
"majority-vote",0.845038167938931,0.69215386603241,0.760993320233119
