"","bcubed.precision","bcubed.recall","bcubed.f1"
"majority-vote",0.401042490496749,0.912572261256472,0.557210935586843
