"","bcubed.precision","bcubed.recall","bcubed.f1"
"majority-vote",0.58394721300381,0.97111844192855,0.729335003782134
