"","bcubed.precision","bcubed.recall","bcubed.f1"
"majority-vote",0.982120709181649,0.825410871569592,0.896972555483926
