"","bcubed.precision","bcubed.recall","bcubed.f1"
"majority-vote",0.933334692381503,0.406057529090312,0.565909780461832
