"","bcubed.precision","bcubed.recall","bcubed.f1"
"majority-vote",0.524783377768663,0.168249724132077,0.25480646825243
