"","bcubed.precision","bcubed.recall","bcubed.f1"
"majority-vote",0.461280993694591,0.221274684904238,0.299081261008967
