"","bcubed.precision","bcubed.recall","bcubed.f1"
"majority-vote",0.581405666251557,0.158410242047177,0.248982513853485
