"","bcubed.precision","bcubed.recall","bcubed.f1"
"majority-vote",0.79667003333214,0.505241410804995,0.618338049641408
