"","bcubed.precision","bcubed.recall","bcubed.f1"
"majority-vote",0.233812356160232,0.469845565281251,0.312241773459467
