"","bcubed.precision","bcubed.recall","bcubed.f1"
"majority-vote",0.915497627655308,0.361237835918162,0.518059365057159
