"","bcubed.precision","bcubed.recall","bcubed.f1"
"majority-vote",0.405433457365159,0.759349873621775,0.528623369552197
