"","bcubed.precision","bcubed.recall","bcubed.f1"
"majority-vote",0.488901167972715,0.576389754896204,0.529052896869441
