"","bcubed.precision","bcubed.recall","bcubed.f1"
"majority-vote",0.904723709767471,0.00788500085521192,0.0156337478312684
