"","bcubed.precision","bcubed.recall","bcubed.f1"
"majority-vote",0.714975845410628,0.147546012269939,0.244612548471172
