"","bcubed.precision","bcubed.recall","bcubed.f1"
"majority-vote",0.686362565980666,0.520657725767363,0.592135815940277
