"","bcubed.precision","bcubed.recall","bcubed.f1"
"majority-vote",0.577924624577769,0.615342609169529,0.596046947965246
