"","bcubed.precision","bcubed.recall","bcubed.f1"
"majority-vote",0.48844781238413,0.295778303750478,0.368445432880259
