"","bcubed.precision","bcubed.recall","bcubed.f1"
"majority-vote",0.405458860759494,0.0932591535406713,0.151639800712059
