"","bcubed.precision","bcubed.recall","bcubed.f1"
"majority-vote",0.44130011797644,0.256342879056598,0.324303815135235
