"","bcubed.precision","bcubed.recall","bcubed.f1"
"majority-vote",0.897455598455598,0.981574539363484,0.937632183670756
