"","bcubed.precision","bcubed.recall","bcubed.f1"
"majority-vote",0.453486867972825,0.641018319027706,0.531186865556515
