"","bcubed.precision","bcubed.recall","bcubed.f1"
"majority-vote",0.793379847755379,0.732665884839798,0.761815109146482
