"","bcubed.precision","bcubed.recall","bcubed.f1"
"majority-vote",0.977703455964326,0.0406302293010273,0.0780182688229275
