"","bcubed.precision","bcubed.recall","bcubed.f1"
"majority-vote",0.66653888874612,0.897294685512507,0.764891881596596
