"","bcubed.precision","bcubed.recall","bcubed.f1"
"majority-vote",0.816665542363734,0.427253961715904,0.561006700558068
