"","bcubed.precision","bcubed.recall","bcubed.f1"
"majority-vote",0.182626896912611,0.891008064516129,0.30312358258183
