"","bcubed.precision","bcubed.recall","bcubed.f1"
"majority-vote",0.816798679867987,0.631495431761786,0.712292663297862
