"","bcubed.precision","bcubed.recall","bcubed.f1"
"majority-vote",0.474097497172526,0.517848676191266,0.495008233085536
