"","bcubed.precision","bcubed.recall","bcubed.f1"
"majority-vote",0.564092796023933,0.888051118210863,0.689936077785674
