"","bcubed.precision","bcubed.recall","bcubed.f1"
"majority-vote",0.812855587722811,0.633640162861375,0.71214581415735
