"","bcubed.precision","bcubed.recall","bcubed.f1"
"majority-vote",0.224368491008219,0.604676759207582,0.327293141057935
