"","bcubed.precision","bcubed.recall","bcubed.f1"
"majority-vote",0.85681484552985,0.137845463486599,0.237484171095658
