"","bcubed.precision","bcubed.recall","bcubed.f1"
"majority-vote",0.941890268774191,0.354939412812782,0.515586562645102
