"","bcubed.precision","bcubed.recall","bcubed.f1"
"majority-vote",0.515233945036901,0.229975792120876,0.318008015003534
