"","bcubed.precision","bcubed.recall","bcubed.f1"
"majority-vote",0.374980530574123,0.785415592598957,0.507612098579921
