"","bcubed.precision","bcubed.recall","bcubed.f1"
"majority-vote",0.886296161786069,0.556690006214203,0.683848850049709
