"","bcubed.precision","bcubed.recall","bcubed.f1"
"majority-vote",0.944444444444444,0.00160788563234364,0.00321030582451128
