"","bcubed.precision","bcubed.recall","bcubed.f1"
"majority-vote",0.321611701840557,0.872457451224575,0.469977010881722
