"","bcubed.precision","bcubed.recall","bcubed.f1"
"majority-vote",0.392970921145978,0.421575780849974,0.406771085138523
