"","bcubed.precision","bcubed.recall","bcubed.f1"
"majority-vote",0.578499920546639,0.664971309337506,0.618728990864362
