"","bcubed.precision","bcubed.recall","bcubed.f1"
"majority-vote",0.89225834540357,0.511355127679433,0.6501232552787
