"","bcubed.precision","bcubed.recall","bcubed.f1"
"majority-vote",0.373563218390805,0.113512991072164,0.17411763272461
