"","bcubed.precision","bcubed.recall","bcubed.f1"
"majority-vote",0.619201877934272,0.612975044009527,0.616072727248911
