"","bcubed.precision","bcubed.recall","bcubed.f1"
"majority-vote",0.756610752330342,0.576334317773067,0.654281637772583
