"","bcubed.precision","bcubed.recall","bcubed.f1"
"majority-vote",0.925710024531668,0.762288571161574,0.836088576981766
