"","bcubed.precision","bcubed.recall","bcubed.f1"
"majority-vote",0.44009280260553,0.629591101744587,0.518056804137138
