"","bcubed.precision","bcubed.recall","bcubed.f1"
"majority-vote",0.182014768881399,0.729732120051086,0.291357228170958
