"","bcubed.precision","bcubed.recall","bcubed.f1"
"majority-vote",0.693501589825119,0.822151318364647,0.752366512519915
