"","bcubed.precision","bcubed.recall","bcubed.f1"
"majority-vote",0.437783266732521,0.863763630985853,0.58106436997486
