"","bcubed.precision","bcubed.recall","bcubed.f1"
"majority-vote",0.727616482590121,0.960756143667297,0.828089717886086
