"","bcubed.precision","bcubed.recall","bcubed.f1"
"majority-vote",0.930112251053601,0.52724070159825,0.67299144646915
