"","bcubed.precision","bcubed.recall","bcubed.f1"
"majority-vote",0.944313206854333,0.735576291884341,0.826976307187901
