"","bcubed.precision","bcubed.recall","bcubed.f1"
"majority-vote",0.962652811276665,0.578524382716049,0.722717836189749
