"","bcubed.precision","bcubed.recall","bcubed.f1"
"majority-vote",0.850123711368979,0.351825961578858,0.497684052743794
