"","bcubed.precision","bcubed.recall","bcubed.f1"
"majority-vote",0.354626269956459,0.719515778339308,0.475093954383635
