"","bcubed.precision","bcubed.recall","bcubed.f1"
"majority-vote",0.849562768637913,0.281156078976213,0.42249182876613
