"","bcubed.precision","bcubed.recall","bcubed.f1"
"majority-vote",0.644020937062834,0.987516358463727,0.779609773293513
