"","bcubed.precision","bcubed.recall","bcubed.f1"
"majority-vote",0.473247063970578,0.648042817950225,0.547020651603142
