"","bcubed.precision","bcubed.recall","bcubed.f1"
"majority-vote",0.568014027316353,0.75296442687747,0.647541759941328
