"","bcubed.precision","bcubed.recall","bcubed.f1"
"majority-vote",0.814426446215278,0.423086404777479,0.556879480982356
