"","bcubed.precision","bcubed.recall","bcubed.f1"
"majority-vote",0.761529254747907,0.453555983600549,0.568513449553947
