"","bcubed.precision","bcubed.recall","bcubed.f1"
"majority-vote",0.846271822483276,0.548674909321967,0.665728812256287
