"","bcubed.precision","bcubed.recall","bcubed.f1"
"majority-vote",0.157251369016075,0.763788809087368,0.260806941376789
