"","bcubed.precision","bcubed.recall","bcubed.f1"
"majority-vote",0.502279274313874,0.584369768584217,0.540223773653061
