"","bcubed.precision","bcubed.recall","bcubed.f1"
"majority-vote",0.227298489440871,0.786050245517872,0.352628916911042
