"","bcubed.precision","bcubed.recall","bcubed.f1"
"majority-vote",0.435729302788518,0.493723899403316,0.462917272111638
