"","bcubed.precision","bcubed.recall","bcubed.f1"
"majority-vote",0.191099984352996,0.459178652041986,0.269881334890277
