"","bcubed.precision","bcubed.recall","bcubed.f1"
"majority-vote",0.847453497208181,0.258937220709011,0.396672259977585
