"","bcubed.precision","bcubed.recall","bcubed.f1"
"majority-vote",0.454110252346061,0.738622342429275,0.562432819859637
