"","bcubed.precision","bcubed.recall","bcubed.f1"
"majority-vote",0.804264518772509,0.327323626329205,0.465283734107814
