"","bcubed.precision","bcubed.recall","bcubed.f1"
"majority-vote",0.991343115612691,0.173215781491902,0.294903543177425
