"","bcubed.precision","bcubed.recall","bcubed.f1"
"majority-vote",0.187652709760995,0.988579460067248,0.315430268367459
