"","bcubed.precision","bcubed.recall","bcubed.f1"
"majority-vote",0.300493855314508,0.743699788147226,0.428037879633256
