"","bcubed.precision","bcubed.recall","bcubed.f1"
"majority-vote",0.847126201467116,0.543443116534424,0.662124350168854
