"","bcubed.precision","bcubed.recall","bcubed.f1"
"majority-vote",0.413881541815506,0.948157694335423,0.576231518153263
