"","bcubed.precision","bcubed.recall","bcubed.f1"
"majority-vote",0.894221808014911,0.255895229509486,0.397919667874687
