"","bcubed.precision","bcubed.recall","bcubed.f1"
"majority-vote",0.215732228754677,0.6834417652798,0.327946351264667
