"","bcubed.precision","bcubed.recall","bcubed.f1"
"majority-vote",0.946850916821685,0.358716078031304,0.520311326345785
