"","bcubed.precision","bcubed.recall","bcubed.f1"
"majority-vote",0.607915316054134,0.970982142857143,0.747705195073203
