"","bcubed.precision","bcubed.recall","bcubed.f1"
"majority-vote",0.854341233987252,0.360719544132198,0.507262823402444
