"","bcubed.precision","bcubed.recall","bcubed.f1"
"majority-vote",0.570206479926175,0.6435264745008,0.604651895503064
