"","bcubed.precision","bcubed.recall","bcubed.f1"
"majority-vote",0.793591765387587,0.371841108982941,0.50640418442089
