"","bcubed.precision","bcubed.recall","bcubed.f1"
"majority-vote",0.621067001667477,0.897408472993717,0.734092580214448
