"","bcubed.precision","bcubed.recall","bcubed.f1"
"majority-vote",0.780399454253559,0.879047274137647,0.826791244651965
