"","bcubed.precision","bcubed.recall","bcubed.f1"
"majority-vote",0.731844443631843,0.624597074138359,0.673980989564939
