"","bcubed.precision","bcubed.recall","bcubed.f1"
"majority-vote",0.929917236415977,0.335808727191385,0.493431173149339
