"","bcubed.precision","bcubed.recall","bcubed.f1"
"majority-vote",0.389812950979679,0.531112380056761,0.449622737467246
