"","bcubed.precision","bcubed.recall","bcubed.f1"
"majority-vote",0.964597083748403,0.983711667465261,0.974060610357756
