"","bcubed.precision","bcubed.recall","bcubed.f1"
"majority-vote",0.93718794544449,0.735207712046086,0.824000949824636
