"","bcubed.precision","bcubed.recall","bcubed.f1"
"majority-vote",0.98845182244677,0.307255549931205,0.468789967180627
