"","bcubed.precision","bcubed.recall","bcubed.f1"
"majority-vote",0.86529726151107,0.660572194207738,0.749200802907544
