"","bcubed.precision","bcubed.recall","bcubed.f1"
"majority-vote",0.713302413619162,0.372799376016088,0.489675456289042
