"","bcubed.precision","bcubed.recall","bcubed.f1"
"majority-vote",0.814677110643378,0.684067688378033,0.743681363519914
