"","bcubed.precision","bcubed.recall","bcubed.f1"
"majority-vote",0.986245621265197,0.639079491743569,0.775585567869193
