"","bcubed.precision","bcubed.recall","bcubed.f1"
"majority-vote",0.705117642833906,0.652229926637042,0.677643425751735
