"","bcubed.precision","bcubed.recall","bcubed.f1"
"majority-vote",0.0987866493035562,0.94726678550208,0.178914974364934
