"","bcubed.precision","bcubed.recall","bcubed.f1"
"majority-vote",0.745693248129058,0.538559238860084,0.625422169244956
