"","bcubed.precision","bcubed.recall","bcubed.f1"
"majority-vote",0.553370279363066,0.577640630442355,0.565245046299926
