"","bcubed.precision","bcubed.recall","bcubed.f1"
"majority-vote",0.954248366013072,0.176141927156538,0.297389578079647
