"","bcubed.precision","bcubed.recall","bcubed.f1"
"majority-vote",0.556524889766527,0.6469356328919,0.598334178816085
