"","bcubed.precision","bcubed.recall","bcubed.f1"
"majority-vote",0.694689070182073,0.181366625601539,0.287637905004419
