"","bcubed.precision","bcubed.recall","bcubed.f1"
"majority-vote",0.73335666594324,0.289173492614622,0.414789347088037
