"","bcubed.precision","bcubed.recall","bcubed.f1"
"majority-vote",0.534860656755973,0.728952772073922,0.61700271499176
