"","bcubed.precision","bcubed.recall","bcubed.f1"
"majority-vote",0.429491701494585,0.777852538865008,0.553415006691899
