"","bcubed.precision","bcubed.recall","bcubed.f1"
"majority-vote",0.308124426050277,0.346679500654876,0.326266895497039
