"","bcubed.precision","bcubed.recall","bcubed.f1"
"majority-vote",0.734133822615089,0.226277198919464,0.345930526178171
