"","bcubed.precision","bcubed.recall","bcubed.f1"
"majority-vote",0.207540933290836,0.872511285340936,0.335320465700894
