"","bcubed.precision","bcubed.recall","bcubed.f1"
"majority-vote",0.923076923076923,0.00326469110999498,0.00650637082142932
