"","bcubed.precision","bcubed.recall","bcubed.f1"
"majority-vote",0.208186569103059,0.728912171998643,0.323871365118796
