"","bcubed.precision","bcubed.recall","bcubed.f1"
"majority-vote",0.950932656370514,0.393731329271902,0.556885560762523
