"","bcubed.precision","bcubed.recall","bcubed.f1"
"majority-vote",0.458244897959184,0.666511861914161,0.543096376119283
