"","bcubed.precision","bcubed.recall","bcubed.f1"
"majority-vote",0.613186504384436,0.379534228464113,0.46886351648638
