"","bcubed.precision","bcubed.recall","bcubed.f1"
"majority-vote",0.242839029139517,0.701079313390276,0.360729126964963
