"","bcubed.precision","bcubed.recall","bcubed.f1"
"majority-vote",0.218994127106795,0.714221734551271,0.335207258566863
