"","bcubed.precision","bcubed.recall","bcubed.f1"
"majority-vote",0.590242208330533,0.538539989953639,0.563207026878563
