"","bcubed.precision","bcubed.recall","bcubed.f1"
"majority-vote",0.120249099096076,0.960127891668234,0.213730049745769
