"","bcubed.precision","bcubed.recall","bcubed.f1"
"majority-vote",0.791042331941374,0.281060093132927,0.414755952953137
