"","bcubed.precision","bcubed.recall","bcubed.f1"
"majority-vote",0.866666666666667,0.028078099229338,0.0543939536568457
