"","bcubed.precision","bcubed.recall","bcubed.f1"
"majority-vote",0.673666482072088,0.285646793804868,0.401184212783433
