"","bcubed.precision","bcubed.recall","bcubed.f1"
"majority-vote",0.172293840205257,0.776856088894924,0.282036619798168
