"","bcubed.precision","bcubed.recall","bcubed.f1"
"majority-vote",0.510153211381545,0.938298763880159,0.660948565508788
