"","bcubed.precision","bcubed.recall","bcubed.f1"
"majority-vote",0.868467247038676,0.652135503526569,0.744912930393387
