"","bcubed.precision","bcubed.recall","bcubed.f1"
"majority-vote",0.61492992753738,0.824690475913097,0.704528573474686
