"","bcubed.precision","bcubed.recall","bcubed.f1"
"majority-vote",0.518814681605379,0.668459145021645,0.584206289590103
