"","bcubed.precision","bcubed.recall","bcubed.f1"
"majority-vote",0.331956252483921,0.846995992574939,0.476975410568964
