"","bcubed.precision","bcubed.recall","bcubed.f1"
"majority-vote",0.363707708405999,0.435342261904762,0.396313978681673
