"","bcubed.precision","bcubed.recall","bcubed.f1"
"majority-vote",0.852406305702588,0.60474864371243,0.707531560006724
