"","bcubed.precision","bcubed.recall","bcubed.f1"
"majority-vote",0.338595790034639,0.863253430032066,0.486407067145405
