"","bcubed.precision","bcubed.recall","bcubed.f1"
"majority-vote",0.923460144927536,0.602672457482292,0.729352081269511
