"","bcubed.precision","bcubed.recall","bcubed.f1"
"majority-vote",0.792703185348229,0.232921475916174,0.360049056673693
