"","bcubed.precision","bcubed.recall","bcubed.f1"
"majority-vote",0.479737454799637,0.584536132961344,0.526977047800751
