"","bcubed.precision","bcubed.recall","bcubed.f1"
"majority-vote",0.741505919742782,0.928237694931774,0.824430457072846
