"","bcubed.precision","bcubed.recall","bcubed.f1"
"majority-vote",0.274015332000888,0.978084922482945,0.428097133275821
