"","bcubed.precision","bcubed.recall","bcubed.f1"
"majority-vote",0.220722809514637,0.512083676572797,0.308481297438316
