"","bcubed.precision","bcubed.recall","bcubed.f1"
"majority-vote",0.484912840427523,0.878532027468198,0.624904564720158
