"","bcubed.precision","bcubed.recall","bcubed.f1"
"majority-vote",0.574296555725835,0.451921146574138,0.505812280095189
