"","bcubed.precision","bcubed.recall","bcubed.f1"
"majority-vote",0.456926993512359,0.827297723687176,0.588704852914408
