"","bcubed.precision","bcubed.recall","bcubed.f1"
"majority-vote",0.888987495902215,0.552898062929847,0.681773198215986
