"","bcubed.precision","bcubed.recall","bcubed.f1"
"majority-vote",0.843674266353194,0.341323102877543,0.486018831580267
