"","bcubed.precision","bcubed.recall","bcubed.f1"
"majority-vote",0.573920030087013,0.394765791700403,0.467776011487323
