"","bcubed.precision","bcubed.recall","bcubed.f1"
"majority-vote",0.457779713201867,0.638247521053316,0.53315603482817
