"","bcubed.precision","bcubed.recall","bcubed.f1"
"majority-vote",0.678773840090713,0.949561503081283,0.791652051957839
