"","bcubed.precision","bcubed.recall","bcubed.f1"
"majority-vote",0.465066257539521,0.645089285714286,0.540481487858313
