"","bcubed.precision","bcubed.recall","bcubed.f1"
"majority-vote",0.709431043319667,0.84676140524678,0.772036681864673
