"","bcubed.precision","bcubed.recall","bcubed.f1"
"majority-vote",0.691007294973625,0.739067409640629,0.714229780991324
