"","bcubed.precision","bcubed.recall","bcubed.f1"
"majority-vote",0.794845649348129,0.554980508157754,0.653600969175591
