"","bcubed.precision","bcubed.recall","bcubed.f1"
"majority-vote",0.985230769230769,0.531811138455929,0.690761005838521
