"","bcubed.precision","bcubed.recall","bcubed.f1"
"majority-vote",0.491892929483254,0.921219425735555,0.641337994602386
