"","bcubed.precision","bcubed.recall","bcubed.f1"
"majority-vote",0.44229646595439,0.822503217503218,0.575253569550694
