"","bcubed.precision","bcubed.recall","bcubed.f1"
"majority-vote",0.768858490737874,0.665142463235294,0.713249777124387
