"","bcubed.precision","bcubed.recall","bcubed.f1"
"majority-vote",0.852635183850036,0.502172084844056,0.632074536030624
