"","bcubed.precision","bcubed.recall","bcubed.f1"
"majority-vote",0.11067386100856,0.384615384615385,0.17188691252544
