"","bcubed.precision","bcubed.recall","bcubed.f1"
"majority-vote",0.435986176393318,0.991738382099828,0.605696977924857
