"","bcubed.precision","bcubed.recall","bcubed.f1"
"majority-vote",0.582020534802298,0.50971129174326,0.543471265381861
