"","bcubed.precision","bcubed.recall","bcubed.f1"
"majority-vote",0.271773647711848,0.810266527795978,0.407025718383474
