"","bcubed.precision","bcubed.recall","bcubed.f1"
"majority-vote",0.509496321448783,0.293859775444862,0.372737507538314
