"","bcubed.precision","bcubed.recall","bcubed.f1"
"majority-vote",0.92577309835065,0.229826572666387,0.368236965788362
