"","bcubed.precision","bcubed.recall","bcubed.f1"
"majority-vote",0.727513227176008,0.744834369073004,0.736071912551636
