"","bcubed.precision","bcubed.recall","bcubed.f1"
"majority-vote",0.684779671757669,0.745623163602201,0.713907400914754
