"","bcubed.precision","bcubed.recall","bcubed.f1"
"majority-vote",0.772586013710641,0.864122233400402,0.815794449426097
