"","bcubed.precision","bcubed.recall","bcubed.f1"
"majority-vote",0.510291910666184,0.173742762682691,0.2592252404391
