"","bcubed.precision","bcubed.recall","bcubed.f1"
"majority-vote",0.652922678505364,0.0163896870025004,0.0319766939593808
