"","bcubed.precision","bcubed.recall","bcubed.f1"
"majority-vote",0.417937289858472,0.599498972250771,0.492518273756051
