"","bcubed.precision","bcubed.recall","bcubed.f1"
"majority-vote",0.614973399215823,0.587792468191748,0.601075807008826
