"","bcubed.precision","bcubed.recall","bcubed.f1"
"majority-vote",0.906065485775631,0.52298559728233,0.663180210802938
