"","bcubed.precision","bcubed.recall","bcubed.f1"
"majority-vote",0.422135854264964,0.500890254123787,0.458153314182281
