"","bcubed.precision","bcubed.recall","bcubed.f1"
"majority-vote",0.148449522930132,0.673553719008264,0.243280617771789
