"","bcubed.precision","bcubed.recall","bcubed.f1"
"majority-vote",0.515208842913439,0.719314054589478,0.600388964037897
