"","bcubed.precision","bcubed.recall","bcubed.f1"
"majority-vote",0.927989567485329,0.419916659370083,0.578197906271009
