"","bcubed.precision","bcubed.recall","bcubed.f1"
"majority-vote",0.957125603864734,0.804752776413555,0.874350347570511
