"","bcubed.precision","bcubed.recall","bcubed.f1"
"majority-vote",0.482286263716877,0.878282619232089,0.622656666965394
