"","bcubed.precision","bcubed.recall","bcubed.f1"
"majority-vote",0.95280199252802,0.0523162304326071,0.0991863592939668
