"","bcubed.precision","bcubed.recall","bcubed.f1"
"majority-vote",0.67060375745602,0.556249202093706,0.608097004783454
