"","bcubed.precision","bcubed.recall","bcubed.f1"
"majority-vote",0.917562326869806,0.938144329896907,0.927739188886399
