"","bcubed.precision","bcubed.recall","bcubed.f1"
"majority-vote",0.288511985468507,0.981749528005035,0.445965657548676
