"","bcubed.precision","bcubed.recall","bcubed.f1"
"majority-vote",0.281159583360123,0.954995636998255,0.434421456119922
