"","bcubed.precision","bcubed.recall","bcubed.f1"
"majority-vote",0.386608199840031,0.634156370656371,0.480365522007332
