"","bcubed.precision","bcubed.recall","bcubed.f1"
"majority-vote",0.495970365912595,0.891863635720814,0.637450780470836
