"","bcubed.precision","bcubed.recall","bcubed.f1"
"majority-vote",0.780977643046609,0.412190489496092,0.539591275014823
