"","bcubed.precision","bcubed.recall","bcubed.f1"
"majority-vote",0.623624706084383,0.80647456222293,0.70336021138741
