"","bcubed.precision","bcubed.recall","bcubed.f1"
"majority-vote",0.992207337361002,0.263709162606796,0.416674462154924
