"","bcubed.precision","bcubed.recall","bcubed.f1"
"majority-vote",0.512179780618754,0.440616369735279,0.473710552890442
