"","bcubed.precision","bcubed.recall","bcubed.f1"
"majority-vote",0.815469039507501,0.784770276144939,0.79982519747183
