"","bcubed.precision","bcubed.recall","bcubed.f1"
"majority-vote",0.553821745912593,0.403502595451866,0.466860607711926
