"","bcubed.precision","bcubed.recall","bcubed.f1"
"majority-vote",0.661252143287158,0.340590811424019,0.449604207883006
