"","bcubed.precision","bcubed.recall","bcubed.f1"
"majority-vote",0.448498353379152,0.674477340225816,0.538750710644038
