"","bcubed.precision","bcubed.recall","bcubed.f1"
"majority-vote",0.80758405298369,0.232264518081704,0.360770069981526
