"","bcubed.precision","bcubed.recall","bcubed.f1"
"majority-vote",0.80618177824934,0.824070022410408,0.815027759269997
