"","bcubed.precision","bcubed.recall","bcubed.f1"
"majority-vote",0.392415852091998,0.678161344466417,0.497154736155682
