"","bcubed.precision","bcubed.recall","bcubed.f1"
"majority-vote",0.670867998445524,0.49406409616918,0.569049119400287
