"","bcubed.precision","bcubed.recall","bcubed.f1"
"majority-vote",0.769050247486905,0.277697632351888,0.408051331175636
