"","bcubed.precision","bcubed.recall","bcubed.f1"
"majority-vote",0.769587064647286,0.945269016697588,0.848428991535906
