"","bcubed.precision","bcubed.recall","bcubed.f1"
"majority-vote",0.797955613570689,0.587226106779495,0.676561582434828
