"","bcubed.precision","bcubed.recall","bcubed.f1"
"majority-vote",0.713015640551908,0.669862239187498,0.690765628047812
