"","bcubed.precision","bcubed.recall","bcubed.f1"
"majority-vote",0.737523789864215,0.576435036736155,0.647104832050371
