"","bcubed.precision","bcubed.recall","bcubed.f1"
"majority-vote",0.86957590873563,0.577074966846473,0.693754792084423
