"","bcubed.precision","bcubed.recall","bcubed.f1"
"majority-vote",0.722323040355914,0.738989295942431,0.730561128892891
