"","bcubed.precision","bcubed.recall","bcubed.f1"
"majority-vote",0.651645236310519,0.34543559711796,0.451520987601342
