"","bcubed.precision","bcubed.recall","bcubed.f1"
"majority-vote",0.950153866132193,0.367437926249563,0.529940408263357
