"","bcubed.precision","bcubed.recall","bcubed.f1"
"majority-vote",0.488678222177939,0.507937328788925,0.49812168908979
