"","bcubed.precision","bcubed.recall","bcubed.f1"
"majority-vote",0.910216087450724,0.208839437385829,0.33973115968576
