"","bcubed.precision","bcubed.recall","bcubed.f1"
"majority-vote",0.066385174759559,0.122785977859779,0.0861777124617626
