"","bcubed.precision","bcubed.recall","bcubed.f1"
"majority-vote",0.487367802585194,0.955414012738854,0.64547254893569
