"","bcubed.precision","bcubed.recall","bcubed.f1"
"majority-vote",0.34604603176292,0.83595239535098,0.489472748047978
