"","bcubed.precision","bcubed.recall","bcubed.f1"
"majority-vote",0.512606093802103,0.549286043851325,0.530312568168828
