"","bcubed.precision","bcubed.recall","bcubed.f1"
"majority-vote",0.444682800668618,0.668821907313919,0.534193698079173
