"","bcubed.precision","bcubed.recall","bcubed.f1"
"majority-vote",0.71347288211924,0.499621352883914,0.587697602255069
