"","bcubed.precision","bcubed.recall","bcubed.f1"
"majority-vote",0.597405092179159,0.767100335583903,0.671700731072125
