"","bcubed.precision","bcubed.recall","bcubed.f1"
"majority-vote",0.793554868029167,0.288149281221195,0.422781524857145
