"","bcubed.precision","bcubed.recall","bcubed.f1"
"majority-vote",0.541105085578365,0.492840021793251,0.515846035282862
