"","bcubed.precision","bcubed.recall","bcubed.f1"
"majority-vote",0.320099570867885,0.70929040237796,0.441122527560642
