"","bcubed.precision","bcubed.recall","bcubed.f1"
"majority-vote",0.518493357487923,0.415612165612166,0.461387159870135
