"","bcubed.precision","bcubed.recall","bcubed.f1"
"majority-vote",0.37443167830577,0.599728943050861,0.461027698619879
