"","bcubed.precision","bcubed.recall","bcubed.f1"
"majority-vote",0.903072436469383,0.0830495064123969,0.152110437547406
