"","bcubed.precision","bcubed.recall","bcubed.f1"
"majority-vote",0.844545615866879,0.631965510573441,0.722952494940709
