"","bcubed.precision","bcubed.recall","bcubed.f1"
"majority-vote",0.264673888388111,0.758310464533771,0.392391102914307
