"","bcubed.precision","bcubed.recall","bcubed.f1"
"majority-vote",0.697653756192483,0.629743032967336,0.661961210052033
