"","bcubed.precision","bcubed.recall","bcubed.f1"
"majority-vote",0.713647747554794,0.454421281835332,0.555269793245129
