"","bcubed.precision","bcubed.recall","bcubed.f1"
"majority-vote",0.980115269298286,0.814599419790133,0.889725073909505
