"","bcubed.precision","bcubed.recall","bcubed.f1"
"majority-vote",0.992460317460317,0.318744588744589,0.482520091615303
