"","bcubed.precision","bcubed.recall","bcubed.f1"
"majority-vote",0.831951354339414,0.732034888472943,0.778801501212227
