"","bcubed.precision","bcubed.recall","bcubed.f1"
"majority-vote",0.651898587259804,0.62777150385846,0.639607597814008
