"","bcubed.precision","bcubed.recall","bcubed.f1"
"majority-vote",0.836178745881431,0.134325424128644,0.23146745404858
