"","bcubed.precision","bcubed.recall","bcubed.f1"
"majority-vote",0.304219706810169,0.954135441061671,0.461343214001037
