"","bcubed.precision","bcubed.recall","bcubed.f1"
"majority-vote",0.501413994726182,0.268203382144242,0.349474773521541
