"","bcubed.precision","bcubed.recall","bcubed.f1"
"majority-vote",0.993951612903226,0.336350102603514,0.502616396094145
