"","bcubed.precision","bcubed.recall","bcubed.f1"
"majority-vote",0.612620046862141,0.482545382322323,0.539858119793917
