"","bcubed.precision","bcubed.recall","bcubed.f1"
"majority-vote",0.799507673009273,0.427830726144116,0.557391422833828
