"","bcubed.precision","bcubed.recall","bcubed.f1"
"majority-vote",0.776406058125256,0.450201441663257,0.569928239871912
