"","bcubed.precision","bcubed.recall","bcubed.f1"
"majority-vote",0.815778398533158,0.897522727272727,0.854700486766169
