"","bcubed.precision","bcubed.recall","bcubed.f1"
"majority-vote",0.674639128399275,0.683130774492432,0.678858397589704
