"","bcubed.precision","bcubed.recall","bcubed.f1"
"majority-vote",0.782188014480383,0.706811071878359,0.742591656355235
