"","bcubed.precision","bcubed.recall","bcubed.f1"
"majority-vote",0.393240991877642,0.897506057232145,0.546871166438965
