"","bcubed.precision","bcubed.recall","bcubed.f1"
"majority-vote",0.831349490914412,0.975782858471143,0.897794323596517
