"","bcubed.precision","bcubed.recall","bcubed.f1"
"majority-vote",0.456334537100752,0.41202364785168,0.433048536594975
