"","bcubed.precision","bcubed.recall","bcubed.f1"
"majority-vote",0.535834307019429,0.385920415081132,0.448686387433746
