"","bcubed.precision","bcubed.recall","bcubed.f1"
"majority-vote",0.830482556078789,0.664371473756367,0.738197721916518
