"","bcubed.precision","bcubed.recall","bcubed.f1"
"majority-vote",0.836301069834966,0.478042725577874,0.608345615847069
