"","bcubed.precision","bcubed.recall","bcubed.f1"
"majority-vote",0.930041152263374,0.0968480652851641,0.17542824424103
