"","bcubed.precision","bcubed.recall","bcubed.f1"
"majority-vote",0.547729511770246,0.755953322040279,0.635212696315055
