"","bcubed.precision","bcubed.recall","bcubed.f1"
"majority-vote",0.95409680451246,0.501012619750711,0.657015247862371
