"","bcubed.precision","bcubed.recall","bcubed.f1"
"majority-vote",0.792266423477604,0.402018539374513,0.53338323811982
