"","bcubed.precision","bcubed.recall","bcubed.f1"
"majority-vote",0.344011601576051,0.743505885106176,0.470382597887058
