"","bcubed.precision","bcubed.recall","bcubed.f1"
"majority-vote",0.600712692209795,0.483983985661881,0.536067508907353
