"","bcubed.precision","bcubed.recall","bcubed.f1"
"majority-vote",0.58801775147929,0.728348341354862,0.650703108061771
