"","bcubed.precision","bcubed.recall","bcubed.f1"
"majority-vote",0.778125448028674,0.707935309772348,0.74137275639666
