"","bcubed.precision","bcubed.recall","bcubed.f1"
"majority-vote",0.951802059496567,0.705469833619833,0.810328882473718
