"","bcubed.precision","bcubed.recall","bcubed.f1"
"majority-vote",0.637838085683428,0.660322062242803,0.648885364087477
