"","bcubed.precision","bcubed.recall","bcubed.f1"
"majority-vote",0.819583604424203,0.482367407822068,0.607304599083931
