"","bcubed.precision","bcubed.recall","bcubed.f1"
"majority-vote",0.773017245886854,0.546063184097154,0.640015952107038
