"","bcubed.precision","bcubed.recall","bcubed.f1"
"majority-vote",0.470286058458288,0.674596984603529,0.554211294960913
