"","bcubed.precision","bcubed.recall","bcubed.f1"
"majority-vote",0.895633971291866,0.257408585055644,0.399887882730538
