"","bcubed.precision","bcubed.recall","bcubed.f1"
"majority-vote",0.91591432612649,0.181759469913962,0.303325273872566
