"","bcubed.precision","bcubed.recall","bcubed.f1"
"majority-vote",0.502968633610158,0.686903244931736,0.580719307273779
