"","bcubed.precision","bcubed.recall","bcubed.f1"
"majority-vote",0.550138993300741,0.647355712680426,0.594801159959524
