"","bcubed.precision","bcubed.recall","bcubed.f1"
"majority-vote",0.93665336682922,0.39057066215473,0.551269895214306
