"","bcubed.precision","bcubed.recall","bcubed.f1"
"majority-vote",0.170683679899181,0.666701505016722,0.271786671941192
