"","bcubed.precision","bcubed.recall","bcubed.f1"
"majority-vote",0.490199328281067,0.531483331959871,0.510007231125704
