"","bcubed.precision","bcubed.recall","bcubed.f1"
"majority-vote",0.966804979253112,0.421283376624375,0.586848617341126
