"","bcubed.precision","bcubed.recall","bcubed.f1"
"majority-vote",0.758072716036667,0.555091920657958,0.640894565973672
