"","bcubed.precision","bcubed.recall","bcubed.f1"
"majority-vote",0.517264424147917,0.146411890692333,0.228224695183245
