"","bcubed.precision","bcubed.recall","bcubed.f1"
"majority-vote",0.562325800376648,0.47118538909506,0.512736976140722
