"","bcubed.precision","bcubed.recall","bcubed.f1"
"majority-vote",0.832985022640195,0.922469490308686,0.875446516673196
