"","bcubed.precision","bcubed.recall","bcubed.f1"
"majority-vote",0.512365165191764,0.699370877174267,0.59143784204689
