"","bcubed.precision","bcubed.recall","bcubed.f1"
"majority-vote",0.606054922443176,0.774556464613708,0.680023013702668
