"","bcubed.precision","bcubed.recall","bcubed.f1"
"majority-vote",0.399076029509598,0.30771175008181,0.34748870029159
