"","bcubed.precision","bcubed.recall","bcubed.f1"
"majority-vote",0.886596520031199,0.618519844358715,0.728684578219911
