"","bcubed.precision","bcubed.recall","bcubed.f1"
"majority-vote",0.533009728527556,0.413788475293419,0.465892905148941
