"","bcubed.precision","bcubed.recall","bcubed.f1"
"majority-vote",0.673286437963788,0.500036698297224,0.573870772753291
