"","bcubed.precision","bcubed.recall","bcubed.f1"
"majority-vote",0.733597718321336,0.226104972363849,0.345669744259661
