"","bcubed.precision","bcubed.recall","bcubed.f1"
"majority-vote",0.875416310308397,0.0614309013349481,0.114805514319089
