"","bcubed.precision","bcubed.recall","bcubed.f1"
"majority-vote",0.434158622565783,0.774697860295353,0.556462674765878
