"","bcubed.precision","bcubed.recall","bcubed.f1"
"majority-vote",0.742512349452545,0.538777431872588,0.624447182210391
