"","bcubed.precision","bcubed.recall","bcubed.f1"
"majority-vote",0.558866347374417,0.739990090424873,0.636799490526788
