"","bcubed.precision","bcubed.recall","bcubed.f1"
"majority-vote",0.672123319903457,0.992595818815331,0.801512737551518
