"","bcubed.precision","bcubed.recall","bcubed.f1"
"majority-vote",0.7925555946723,0.675585789871504,0.729411081358683
