"","bcubed.precision","bcubed.recall","bcubed.f1"
"majority-vote",0.70578174094508,0.738111047352207,0.721584461441023
