"","bcubed.precision","bcubed.recall","bcubed.f1"
"majority-vote",0.475978279397083,0.907543364259782,0.624451277620557
