"","bcubed.precision","bcubed.recall","bcubed.f1"
"majority-vote",0.53983507457783,0.499583535843918,0.518929933765047
