"","bcubed.precision","bcubed.recall","bcubed.f1"
"majority-vote",0.784183640378646,0.259739797950243,0.390227276885156
