"","bcubed.precision","bcubed.recall","bcubed.f1"
"majority-vote",0.753927712184252,0.408809162733809,0.530150137023185
