"","bcubed.precision","bcubed.recall","bcubed.f1"
"majority-vote",0.910809640719875,0.905267215345149,0.90802997065943
