"","bcubed.precision","bcubed.recall","bcubed.f1"
"majority-vote",0.87268796681438,0.683304191946688,0.766470888208718
