"","bcubed.precision","bcubed.recall","bcubed.f1"
"majority-vote",0.445115476963978,0.985462454212454,0.613241097569778
