"","bcubed.precision","bcubed.recall","bcubed.f1"
"majority-vote",0.744143659094236,0.428322995330137,0.543697920646886
