"","bcubed.precision","bcubed.recall","bcubed.f1"
"majority-vote",0.586297316301418,0.24870553543234,0.349257221506547
