"","bcubed.precision","bcubed.recall","bcubed.f1"
"majority-vote",0.542256756994239,0.547114295276199,0.544674696180581
