"","bcubed.precision","bcubed.recall","bcubed.f1"
"majority-vote",0.366114439208939,0.744186262721196,0.490781165443793
