"","bcubed.precision","bcubed.recall","bcubed.f1"
"majority-vote",0.823586744639376,0.946008708272859,0.880563104030067
