"","bcubed.precision","bcubed.recall","bcubed.f1"
"majority-vote",0.269645800846514,0.548482908974539,0.361547300481397
