"","bcubed.precision","bcubed.recall","bcubed.f1"
"majority-vote",0.767161721483972,0.601072629087704,0.674036450956161
