"","bcubed.precision","bcubed.recall","bcubed.f1"
"majority-vote",0.522994236492056,0.79071704010623,0.629575861969359
