{
      "avg_bcuded_f1": 0.5050124896847268,
      "avg_bcuded_recall": 0.567122185912633,
      "avg_bcuded_precision": 0.6493162825427999,
      "avg_bcuded_f1star": 0.6054423286562298
}