"","bcubed.precision","bcubed.recall","bcubed.f1"
"majority-vote",0.921364871884409,0.226721203437894,0.363897719951688
