"","bcubed.precision","bcubed.recall","bcubed.f1"
"majority-vote",0.89473246276104,0.298379607040603,0.447518598465766
