"","bcubed.precision","bcubed.recall","bcubed.f1"
"majority-vote",0.587472467082102,0.293822243453317,0.391724757181964
