"","bcubed.precision","bcubed.recall","bcubed.f1"
"majority-vote",0.244656958893839,0.539056128956523,0.336561517800681
