"","bcubed.precision","bcubed.recall","bcubed.f1"
"majority-vote",0.948202574497827,0.230336994406909,0.37063860537444
