"","bcubed.precision","bcubed.recall","bcubed.f1"
"majority-vote",0.715384172922076,0.269590551949999,0.391605610102135
