"","bcubed.precision","bcubed.recall","bcubed.f1"
"majority-vote",0.800146890416031,0.162721372615286,0.27044405824001
