"","bcubed.precision","bcubed.recall","bcubed.f1"
"majority-vote",0.913324441847266,0.805079345267223,0.855792624728381
