"","bcubed.precision","bcubed.recall","bcubed.f1"
"majority-vote",0.601670857428223,0.738300565334944,0.663020011678757
