"","bcubed.precision","bcubed.recall","bcubed.f1"
"majority-vote",0.705269168205914,0.634265780929045,0.667885671853767
