"","bcubed.precision","bcubed.recall","bcubed.f1"
"majority-vote",0.571492506035547,0.463259022227666,0.511715232739663
