"","bcubed.precision","bcubed.recall","bcubed.f1"
"majority-vote",0.701421839223461,0.517182906863469,0.595374976032192
