"","bcubed.precision","bcubed.recall","bcubed.f1"
"majority-vote",0.988580528322977,0.351295158048217,0.518381752088007
