"","bcubed.precision","bcubed.recall","bcubed.f1"
"majority-vote",0.728509759068385,0.414278979788269,0.528192603743369
