"","bcubed.precision","bcubed.recall","bcubed.f1"
"majority-vote",0.602977304613878,0.0856401010951033,0.149978890736923
