"","bcubed.precision","bcubed.recall","bcubed.f1"
"majority-vote",0.921243831721715,0.324455489188246,0.479895289442046
