"","bcubed.precision","bcubed.recall","bcubed.f1"
"majority-vote",0.942317920144049,0.170737700894106,0.289094618733695
