"","bcubed.precision","bcubed.recall","bcubed.f1"
"majority-vote",0.94535576437848,0.267593337263553,0.41711709675025
