"","bcubed.precision","bcubed.recall","bcubed.f1"
"majority-vote",0.835792737133755,0.282834310279619,0.422644639052046
