"","bcubed.precision","bcubed.recall","bcubed.f1"
"majority-vote",0.876910691163196,0.879671763476437,0.878289057333347
