"","bcubed.precision","bcubed.recall","bcubed.f1"
"majority-vote",0.525504202833689,0.517575517820764,0.521509726462677
