"","bcubed.precision","bcubed.recall","bcubed.f1"
"majority-vote",0.957044770317323,0.172089677876551,0.291723499359692
