"","bcubed.precision","bcubed.recall","bcubed.f1"
"majority-vote",0.506765312608038,0.821358288128219,0.626802941256003
