"","bcubed.precision","bcubed.recall","bcubed.f1"
"majority-vote",0.779404348402954,0.573672318057454,0.660897804737165
