"","bcubed.precision","bcubed.recall","bcubed.f1"
"majority-vote",0.327526422369553,0.407009699515714,0.362967665660725
