"","bcubed.precision","bcubed.recall","bcubed.f1"
"majority-vote",0.489815371982946,0.692218379282539,0.573687853800641
