"","bcubed.precision","bcubed.recall","bcubed.f1"
"majority-vote",0.992743047652202,0.631015679989937,0.771588067371543
