"","bcubed.precision","bcubed.recall","bcubed.f1"
"majority-vote",0.60494488163206,0.119664496901707,0.199805376685143
