"","bcubed.precision","bcubed.recall","bcubed.f1"
"majority-vote",0.968775802489075,0.202507754891985,0.334990808194054
