"","bcubed.precision","bcubed.recall","bcubed.f1"
"majority-vote",0.960147648162707,0.320687349279691,0.480791366290372
