"","bcubed.precision","bcubed.recall","bcubed.f1"
"majority-vote",0.906961119015526,0.224158538862631,0.359472276567289
