"","bcubed.precision","bcubed.recall","bcubed.f1"
"majority-vote",0.85225074889165,0.6867180662619,0.760581995536714
