"","bcubed.precision","bcubed.recall","bcubed.f1"
"majority-vote",0.576423990460302,0.602486277095879,0.589167052995622
