"","bcubed.precision","bcubed.recall","bcubed.f1"
"majority-vote",0.874841256299474,0.640149971297403,0.7393172909631
