"","bcubed.precision","bcubed.recall","bcubed.f1"
"majority-vote",0.973789154334244,0.148772069995314,0.258110871976388
