"","bcubed.precision","bcubed.recall","bcubed.f1"
"majority-vote",0.353366558238764,0.456854553821704,0.398501393993874
