"","bcubed.precision","bcubed.recall","bcubed.f1"
"majority-vote",0.817692759370405,0.73553182517784,0.774439258453209
