"","bcubed.precision","bcubed.recall","bcubed.f1"
"majority-vote",0.943819303531534,0.739658444573236,0.829359246113282
