"","bcubed.precision","bcubed.recall","bcubed.f1"
"majority-vote",0.832563629854457,0.951460981635828,0.888050314366331
