"","bcubed.precision","bcubed.recall","bcubed.f1"
"majority-vote",0.989128309413007,0.544788805806447,0.702601235917975
