"","bcubed.precision","bcubed.recall","bcubed.f1"
"majority-vote",0.80990306658938,0.511311348867507,0.626866653262397
