"","bcubed.precision","bcubed.recall","bcubed.f1"
"majority-vote",0.893663112192729,0.33582278694268,0.488191750935044
