"","bcubed.precision","bcubed.recall","bcubed.f1"
"majority-vote",0.460939434483989,0.64372761728908,0.537210634459856
