"","bcubed.precision","bcubed.recall","bcubed.f1"
"majority-vote",0.296759259259259,0.640903233128594,0.405676819248166
