"","bcubed.precision","bcubed.recall","bcubed.f1"
"majority-vote",0.749727485281059,0.284934004184722,0.412932841520511
