"","bcubed.precision","bcubed.recall","bcubed.f1"
"majority-vote",0.769066438553191,0.374168960206526,0.503414764720148
