"","bcubed.precision","bcubed.recall","bcubed.f1"
"majority-vote",0.662367651399442,0.415129131199856,0.510383162346008
