"","bcubed.precision","bcubed.recall","bcubed.f1"
"majority-vote",0.675416512622622,0.233884358129078,0.347452339716627
