"","bcubed.precision","bcubed.recall","bcubed.f1"
"majority-vote",0.856463441448799,0.477172923590559,0.612882454345033
