"","bcubed.precision","bcubed.recall","bcubed.f1"
"majority-vote",0.941645465867601,0.760278351993379,0.841298130314239
