"","bcubed.precision","bcubed.recall","bcubed.f1"
"majority-vote",0.397575696570231,0.558344315582064,0.464440805447228
