"","bcubed.precision","bcubed.recall","bcubed.f1"
"majority-vote",0.509528474876927,0.529411003768485,0.519279490052537
