"","bcubed.precision","bcubed.recall","bcubed.f1"
"majority-vote",0.436721528051874,0.583538347393163,0.499566365166021
