"","bcubed.precision","bcubed.recall","bcubed.f1"
"majority-vote",0.405679755334647,0.696006927020032,0.512588423527487
