"","bcubed.precision","bcubed.recall","bcubed.f1"
"majority-vote",0.911790130051768,0.657127098335249,0.7637904557497
