"","bcubed.precision","bcubed.recall","bcubed.f1"
"majority-vote",0.668310367228005,0.363217312512946,0.470645432549238
