"","bcubed.precision","bcubed.recall","bcubed.f1"
"majority-vote",0.647436556849593,0.479051402832488,0.550659042803024
