"","bcubed.precision","bcubed.recall","bcubed.f1"
"majority-vote",0.670745900871765,0.312746995871657,0.426589284346604
