"","bcubed.precision","bcubed.recall","bcubed.f1"
"majority-vote",0.745790518972304,0.37333641458001,0.497585662596993
