"","bcubed.precision","bcubed.recall","bcubed.f1"
"majority-vote",0.782279225602122,0.488312506448833,0.601289493329247
