"","bcubed.precision","bcubed.recall","bcubed.f1"
"majority-vote",0.864417114621651,0.873825958073201,0.869096072033347
