"","bcubed.precision","bcubed.recall","bcubed.f1"
"majority-vote",0.816196358347102,0.465369638381659,0.592763860935689
