"","bcubed.precision","bcubed.recall","bcubed.f1"
"majority-vote",0.774250646100633,0.600884149599725,0.67663903569871
