"","bcubed.precision","bcubed.recall","bcubed.f1"
"majority-vote",0.711055847713219,0.422858536237824,0.530332870281922
