"","bcubed.precision","bcubed.recall","bcubed.f1"
"majority-vote",0.888259378497573,0.726375811318226,0.799202359501163
