"","bcubed.precision","bcubed.recall","bcubed.f1"
"majority-vote",0.73774198367738,0.262811939169826,0.387560124266995
