"","bcubed.precision","bcubed.recall","bcubed.f1"
"majority-vote",0.808511479365054,0.804343837422015,0.806422273769388
