"","bcubed.precision","bcubed.recall","bcubed.f1"
"majority-vote",0.736897729832123,0.503039813881085,0.597915433311347
