"","bcubed.precision","bcubed.recall","bcubed.f1"
"majority-vote",0.799949434728689,0.496110486583551,0.612415053933106
