"","bcubed.precision","bcubed.recall","bcubed.f1"
"majority-vote",0.769565495454655,0.0378018740235198,0.0720638931217318
