"","bcubed.precision","bcubed.recall","bcubed.f1"
"majority-vote",0.98553842841281,0.286566854250004,0.444024014398517
