"","bcubed.precision","bcubed.recall","bcubed.f1"
"majority-vote",0.706704183076219,0.313956964366893,0.434766622751967
