"","bcubed.precision","bcubed.recall","bcubed.f1"
"majority-vote",0.852258453552152,0.331812269116126,0.477656960741803
