"","bcubed.precision","bcubed.recall","bcubed.f1"
"majority-vote",0.93697527790754,0.256820972254561,0.403142331562907
