"","bcubed.precision","bcubed.recall","bcubed.f1"
"majority-vote",0.881237497037872,0.308100478971822,0.45657281681399
