"","bcubed.precision","bcubed.recall","bcubed.f1"
"majority-vote",0.968435634712124,0.803387165909652,0.878224120001457
