"","bcubed.precision","bcubed.recall","bcubed.f1"
"majority-vote",0.909411095925662,0.523858201209189,0.66477731968952
