"","bcubed.precision","bcubed.recall","bcubed.f1"
"majority-vote",0.844405735382777,0.509786180572126,0.635753868594676
