"","bcubed.precision","bcubed.recall","bcubed.f1"
"majority-vote",0.94437724151989,0.827730603757477,0.882214867883202
