"","bcubed.precision","bcubed.recall","bcubed.f1"
"majority-vote",0.780054963774357,0.391156917940591,0.521039617541207
