"","bcubed.precision","bcubed.recall","bcubed.f1"
"majority-vote",0.917292173940338,0.62893939042331,0.746228694348949
