"","bcubed.precision","bcubed.recall","bcubed.f1"
"majority-vote",0.692690351319974,0.839207504633365,0.758942169617542
