"","bcubed.precision","bcubed.recall","bcubed.f1"
"majority-vote",0.703485769311571,0.761822012746028,0.731492661511112
