"","bcubed.precision","bcubed.recall","bcubed.f1"
"majority-vote",0.789048055008745,0.355650760272016,0.490304588261824
