"","bcubed.precision","bcubed.recall","bcubed.f1"
"majority-vote",0.537553538191604,0.934728365045652,0.682568384184468
