"","bcubed.precision","bcubed.recall","bcubed.f1"
"majority-vote",0.739082305189838,0.343700705091793,0.469204091683234
