"","bcubed.precision","bcubed.recall","bcubed.f1"
"majority-vote",0.891135735006409,0.447686584985388,0.595970814059789
