"","bcubed.precision","bcubed.recall","bcubed.f1"
"majority-vote",0.650119174129351,0.676575427441248,0.663083512367651
