"","bcubed.precision","bcubed.recall","bcubed.f1"
"majority-vote",0.992966773329146,0.551541328738296,0.709173636346547
