"","bcubed.precision","bcubed.recall","bcubed.f1"
"majority-vote",0.927331442548963,0.172666064067491,0.291125514935895
