"","bcubed.precision","bcubed.recall","bcubed.f1"
"majority-vote",0.886737422058514,0.495529677218215,0.635773952458083
