"","bcubed.precision","bcubed.recall","bcubed.f1"
"majority-vote",0.737866514582741,0.477273153028143,0.579626996493644
