"","bcubed.precision","bcubed.recall","bcubed.f1"
"majority-vote",0.915710215395019,0.547118163267182,0.684976718307993
