"","bcubed.precision","bcubed.recall","bcubed.f1"
"majority-vote",0.858211785758303,0.388068744676396,0.534462606504087
