"","bcubed.precision","bcubed.recall","bcubed.f1"
"majority-vote",0.981479214927471,0.891638279953933,0.934404212656051
