"","bcubed.precision","bcubed.recall","bcubed.f1"
"majority-vote",0.942660094336382,0.301235115830915,0.456569525126494
