"","bcubed.precision","bcubed.recall","bcubed.f1"
"majority-vote",0.89398314098195,0.40770002981628,0.560008704745079
