"","bcubed.precision","bcubed.recall","bcubed.f1"
"majority-vote",0.607639380573177,0.297854979464353,0.399756029877104
