"","bcubed.precision","bcubed.recall","bcubed.f1"
"majority-vote",0.969962613841738,0.354978365744193,0.519745028343996
