"","bcubed.precision","bcubed.recall","bcubed.f1"
"majority-vote",0.666671593297517,0.530568396045962,0.590883834642432
