"","bcubed.precision","bcubed.recall","bcubed.f1"
"majority-vote",0.973222857152714,0.80644265821056,0.882017908621782
