"","bcubed.precision","bcubed.recall","bcubed.f1"
"majority-vote",0.342855949964497,0.346644406241124,0.344739770275729
