"","bcubed.precision","bcubed.recall","bcubed.f1"
"majority-vote",0.392711553193198,0.772218259830145,0.520647731445719
