"","bcubed.precision","bcubed.recall","bcubed.f1"
"majority-vote",0.55075288939614,0.668491403770764,0.603937331060905
