"","bcubed.precision","bcubed.recall","bcubed.f1"
"majority-vote",0.977882709765621,0.373710722288588,0.540762103622555
