"","bcubed.precision","bcubed.recall","bcubed.f1"
"majority-vote",0.654415084514299,0.65978817457339,0.657090645665748
