"","bcubed.precision","bcubed.recall","bcubed.f1"
"majority-vote",0.74152071178751,0.679792982632009,0.709316427933686
