"","bcubed.precision","bcubed.recall","bcubed.f1"
"majority-vote",0.566213343779378,0.187985707497483,0.28225974520832
