"","bcubed.precision","bcubed.recall","bcubed.f1"
"majority-vote",0.40297977003013,0.414273151373588,0.408548430719445
