"","bcubed.precision","bcubed.recall","bcubed.f1"
"majority-vote",0.974754506135026,0.947413719976865,0.9608896663427
