"","bcubed.precision","bcubed.recall","bcubed.f1"
"majority-vote",0.807229748113359,0.71159299863931,0.756400361107287
