"","bcubed.precision","bcubed.recall","bcubed.f1"
"majority-vote",0.876983002839397,0.179161162633507,0.297537589157021
