"","bcubed.precision","bcubed.recall","bcubed.f1"
"majority-vote",0.768540779342171,0.243917833761901,0.370308079023782
