"","bcubed.precision","bcubed.recall","bcubed.f1"
"majority-vote",0.603060446083165,0.535452233555432,0.567248953128337
