"","bcubed.precision","bcubed.recall","bcubed.f1"
"majority-vote",0.677858985875373,0.994108633103187,0.806074785463797
