"","bcubed.precision","bcubed.recall","bcubed.f1"
"majority-vote",0.618014085932154,0.458522999140383,0.52645408341603
