"","bcubed.precision","bcubed.recall","bcubed.f1"
"majority-vote",0.907147370351208,0.631986683372631,0.744970922489029
