"","bcubed.precision","bcubed.recall","bcubed.f1"
"majority-vote",0.874676209271178,0.522798998113767,0.654437149889212
