"","bcubed.precision","bcubed.recall","bcubed.f1"
"majority-vote",0.772203480812983,0.359424830577806,0.490530508063529
