"","bcubed.precision","bcubed.recall","bcubed.f1"
"majority-vote",0.750599436115349,0.409029228964642,0.529509347019079
