"","bcubed.precision","bcubed.recall","bcubed.f1"
"majority-vote",0.876972717352922,0.377577506120037,0.52787870163823
