"","bcubed.precision","bcubed.recall","bcubed.f1"
"majority-vote",0.986224619146748,0.456415637800534,0.624034074184165
