"","bcubed.precision","bcubed.recall","bcubed.f1"
"majority-vote",0.951198837340591,0.406173766156877,0.569264493966032
