"","bcubed.precision","bcubed.recall","bcubed.f1"
"majority-vote",0.750578010691724,0.316421684753148,0.44517193340476
