"","bcubed.precision","bcubed.recall","bcubed.f1"
"majority-vote",0.963593499798616,0.250592993245905,0.397747431337928
