"","bcubed.precision","bcubed.recall","bcubed.f1"
"majority-vote",0.913239820845443,0.649120424990244,0.758855228434369
