"","bcubed.precision","bcubed.recall","bcubed.f1"
"majority-vote",0.93423537589695,0.823183838638282,0.875200927088887
