"","bcubed.precision","bcubed.recall","bcubed.f1"
"majority-vote",0.740402289153798,0.56774838993115,0.642681633376439
