"","bcubed.precision","bcubed.recall","bcubed.f1"
"majority-vote",0.714049193918093,0.397894878678877,0.511026632339932
