"","bcubed.precision","bcubed.recall","bcubed.f1"
"majority-vote",0.758166541086624,0.527103988126031,0.621865355794455
