"","bcubed.precision","bcubed.recall","bcubed.f1"
"majority-vote",0.49472515126499,0.34782744046858,0.408470604181221
