"","bcubed.precision","bcubed.recall","bcubed.f1"
"majority-vote",0.795612726978221,0.197841261451148,0.316884379881172
