"","bcubed.precision","bcubed.recall","bcubed.f1"
"majority-vote",0.379358785737639,0.377267675646009,0.378310341061578
