"","bcubed.precision","bcubed.recall","bcubed.f1"
"majority-vote",0.950570877046584,0.170567343971729,0.289235255234537
