"","bcubed.precision","bcubed.recall","bcubed.f1"
"majority-vote",0.643044781046385,0.580639177462257,0.61025069445745
