"","bcubed.precision","bcubed.recall","bcubed.f1"
"majority-vote",0.521430901983704,0.339806255646563,0.411467342790983
