"","bcubed.precision","bcubed.recall","bcubed.f1"
"majority-vote",0.966535859199905,0.267823604972229,0.419425824744599
