"","bcubed.precision","bcubed.recall","bcubed.f1"
"majority-vote",0.901171042581183,0.918688062666011,0.909845247747531
