"","bcubed.precision","bcubed.recall","bcubed.f1"
"majority-vote",0.418203409131063,0.398921665181202,0.408335040986063
