"","bcubed.precision","bcubed.recall","bcubed.f1"
"majority-vote",0.677315261660467,0.125877511187721,0.212299617998167
