"","bcubed.precision","bcubed.recall","bcubed.f1"
"majority-vote",0.657455541707343,0.543378153085128,0.594998257523508
