"","bcubed.precision","bcubed.recall","bcubed.f1"
"majority-vote",0.812601352713886,0.557404025005855,0.661234287243186
