"","bcubed.precision","bcubed.recall","bcubed.f1"
"majority-vote",0.761807925259353,0.506847884977133,0.608708418092604
