"","bcubed.precision","bcubed.recall","bcubed.f1"
"majority-vote",0.805430045730374,0.525142711139726,0.635764884955532
