"","bcubed.precision","bcubed.recall","bcubed.f1"
"majority-vote",0.561780248266103,0.542004432899977,0.551715185164928
