"","bcubed.precision","bcubed.recall","bcubed.f1"
"majority-vote",0.817134090937453,0.319662527044356,0.45954948195903
