"","bcubed.precision","bcubed.recall","bcubed.f1"
"majority-vote",0.810982724143367,0.565563019188136,0.666395345302355
