"","bcubed.precision","bcubed.recall","bcubed.f1"
"majority-vote",0.591801205928584,0.547607882465038,0.568847499146597
