"","bcubed.precision","bcubed.recall","bcubed.f1"
"majority-vote",0.451667546931184,0.0885240518932077,0.148034295424176
