"","bcubed.precision","bcubed.recall","bcubed.f1"
"majority-vote",0.97316646133109,0.258251883035277,0.408183087892604
