"","bcubed.precision","bcubed.recall","bcubed.f1"
"majority-vote",0.980513490867595,0.270655467594427,0.424213429463002
