"","bcubed.precision","bcubed.recall","bcubed.f1"
"majority-vote",0.704121748653699,0.482433141188589,0.572567977916903
