"","bcubed.precision","bcubed.recall","bcubed.f1"
"majority-vote",0.682123675249493,0.707797548072571,0.694723494717037
