"","bcubed.precision","bcubed.recall","bcubed.f1"
"majority-vote",0.884842207842701,0.637972094813541,0.74139655233364
