"","bcubed.precision","bcubed.recall","bcubed.f1"
"majority-vote",0.619176434488799,0.194019839456473,0.295457606641304
