"","bcubed.precision","bcubed.recall","bcubed.f1"
"majority-vote",0.819913966926035,0.369858055711747,0.509764526124669
