"","bcubed.precision","bcubed.recall","bcubed.f1"
"majority-vote",0.404230586505763,0.761881554235126,0.528209623682873
