"","bcubed.precision","bcubed.recall","bcubed.f1"
"majority-vote",0.974955698489202,0.640882288322241,0.773384267680893
