"","bcubed.precision","bcubed.recall","bcubed.f1"
"majority-vote",0.633115933174772,0.54570498161241,0.58616964517301
