"","bcubed.precision","bcubed.recall","bcubed.f1"
"majority-vote",0.97020507325076,0.396101012669604,0.562537510404111
