"","bcubed.precision","bcubed.recall","bcubed.f1"
"majority-vote",0.78757178438035,0.331504369683344,0.466605399486574
