"","bcubed.precision","bcubed.recall","bcubed.f1"
"majority-vote",0.805805230608483,0.548613541276869,0.652790215729474
