"","bcubed.precision","bcubed.recall","bcubed.f1"
"majority-vote",0.72869630217211,0.206020221320706,0.321222894162804
