"","bcubed.precision","bcubed.recall","bcubed.f1"
"majority-vote",0.650863460389096,0.50890602818624,0.571196848651448
