"","bcubed.precision","bcubed.recall","bcubed.f1"
"majority-vote",0.963809373622045,0.469448321535767,0.631371028749284
