"","bcubed.precision","bcubed.recall","bcubed.f1"
"majority-vote",0.350532710055641,0.70500851146814,0.468249915963424
