"","bcubed.precision","bcubed.recall","bcubed.f1"
"majority-vote",0.588191904953318,0.451229769723289,0.510687249056577
