"","bcubed.precision","bcubed.recall","bcubed.f1"
"majority-vote",0.887236191708654,0.67012156898574,0.763544670151623
