"","bcubed.precision","bcubed.recall","bcubed.f1"
"majority-vote",0.669713226627784,0.398768791424502,0.49988812066334
