"","bcubed.precision","bcubed.recall","bcubed.f1"
"majority-vote",0.803228609080846,0.0724618424061201,0.132931505164801
