"","bcubed.precision","bcubed.recall","bcubed.f1"
"majority-vote",0.622664590757647,0.440149807502743,0.515735767617266
