"","bcubed.precision","bcubed.recall","bcubed.f1"
"majority-vote",0.981042931595037,0.709682451586684,0.82358608882531
