"","bcubed.precision","bcubed.recall","bcubed.f1"
"majority-vote",0.679752500733419,0.534477445155346,0.598424344845203
