"","bcubed.precision","bcubed.recall","bcubed.f1"
"majority-vote",0.779939250597144,0.327569134471072,0.461367207151911
