"","bcubed.precision","bcubed.recall","bcubed.f1"
"majority-vote",0.975442076794383,0.526747578958427,0.684083731235825
