"","bcubed.precision","bcubed.recall","bcubed.f1"
"majority-vote",0.640051905350855,0.21709477307662,0.324219708590189
