"","bcubed.precision","bcubed.recall","bcubed.f1"
"majority-vote",0.842575909236434,0.637255122318995,0.725671786378391
