"","bcubed.precision","bcubed.recall","bcubed.f1"
"majority-vote",0.550907179477997,0.411290178598874,0.470969308607903
