"","bcubed.precision","bcubed.recall","bcubed.f1"
"majority-vote",0.987968887542109,0.698160121364321,0.818158604456878
