"","bcubed.precision","bcubed.recall","bcubed.f1"
"majority-vote",0.594873287131354,0.370581445785278,0.456673928436195
