"","bcubed.precision","bcubed.recall","bcubed.f1"
"majority-vote",0.461424339512328,0.268822943567949,0.339724507178933
