"","bcubed.precision","bcubed.recall","bcubed.f1"
"majority-vote",0.435499479605042,0.616546313290169,0.510444698136862
