"","bcubed.precision","bcubed.recall","bcubed.f1"
"majority-vote",0.395765694525145,0.26792878123053,0.319535641957073
