"","bcubed.precision","bcubed.recall","bcubed.f1"
"majority-vote",0.567887451301604,0.532394324396058,0.549568415376162
