"","bcubed.precision","bcubed.recall","bcubed.f1"
"majority-vote",0.868505795143575,0.74363806406175,0.801236148299247
