"","bcubed.precision","bcubed.recall","bcubed.f1"
"majority-vote",0.600005490600437,0.281028139042788,0.382774097981204
