"","bcubed.precision","bcubed.recall","bcubed.f1"
"majority-vote",0.263541526423682,0.614003454516529,0.368791141530612
