"","bcubed.precision","bcubed.recall","bcubed.f1"
"majority-vote",0.714148246778447,0.602432833135617,0.653550864658719
