"","bcubed.precision","bcubed.recall","bcubed.f1"
"majority-vote",0.555316152777988,0.55104086806857,0.553170249952653
