"","bcubed.precision","bcubed.recall","bcubed.f1"
"majority-vote",0.785393273720764,0.505820477704488,0.615340412012839
