"","bcubed.precision","bcubed.recall","bcubed.f1"
"majority-vote",0.59226799519927,0.37223167129604,0.457150817914256
