"","bcubed.precision","bcubed.recall","bcubed.f1"
"majority-vote",0.590232493513032,0.347691366788783,0.437602136119365
