"","bcubed.precision","bcubed.recall","bcubed.f1"
"majority-vote",0.550658457084824,0.243908050742177,0.338071211331492
