"","bcubed.precision","bcubed.recall","bcubed.f1"
"majority-vote",0.947475946797135,0.532012054625681,0.68140954800471
