"","bcubed.precision","bcubed.recall","bcubed.f1"
"majority-vote",0.788106459648097,0.74183704947061,0.76427210182531
