"","bcubed.precision","bcubed.recall","bcubed.f1"
"majority-vote",0.871828014069239,0.324366938477939,0.472819557047558
