"","bcubed.precision","bcubed.recall","bcubed.f1"
"majority-vote",0.568262305739206,0.423524424724879,0.485332095577469
