"","bcubed.precision","bcubed.recall","bcubed.f1"
"majority-vote",0.715177177241088,0.398943826137451,0.512180487737922
