"","bcubed.precision","bcubed.recall","bcubed.f1"
"majority-vote",0.690691077042016,0.453693652036182,0.547651762924885
