"","bcubed.precision","bcubed.recall","bcubed.f1"
"majority-vote",0.709924197008339,0.388686720730709,0.502340007089018
