"","bcubed.precision","bcubed.recall","bcubed.f1"
"majority-vote",0.62592579141028,0.662311495636515,0.64360479429494
