"","bcubed.precision","bcubed.recall","bcubed.f1"
"majority-vote",0.788173915787217,0.0741000649418238,0.135464457122792
