"","bcubed.precision","bcubed.recall","bcubed.f1"
"majority-vote",0.962331802889885,0.36946361975324,0.533935746067859
