"","bcubed.precision","bcubed.recall","bcubed.f1"
"majority-vote",0.996455793646729,0.321848299614069,0.486545713489403
