"","bcubed.precision","bcubed.recall","bcubed.f1"
"majority-vote",0.741544951568058,0.889827101184949,0.808947037603863
