"","bcubed.precision","bcubed.recall","bcubed.f1"
"majority-vote",0.895222419501682,0.33061288557998,0.482890427646193
