"","bcubed.precision","bcubed.recall","bcubed.f1"
"majority-vote",0.973123374212832,0.139210584689486,0.243576261993941
