"","bcubed.precision","bcubed.recall","bcubed.f1"
"majority-vote",0.879367204963053,0.291411371530117,0.437755880440615
