"","bcubed.precision","bcubed.recall","bcubed.f1"
"majority-vote",0.428255355885868,0.290228873779586,0.345984127408628
