"","bcubed.precision","bcubed.recall","bcubed.f1"
"majority-vote",0.383239569289027,0.740832914036277,0.505156902427676
