"","bcubed.precision","bcubed.recall","bcubed.f1"
"majority-vote",0.616625696711728,0.362334678432653,0.456453354403447
