"","bcubed.precision","bcubed.recall","bcubed.f1"
"majority-vote",0.545861415622639,0.645601182808508,0.59155658942133
