"","bcubed.precision","bcubed.recall","bcubed.f1"
"majority-vote",0.637051435903477,0.50723495464232,0.564779514752766
