"","bcubed.precision","bcubed.recall","bcubed.f1"
"majority-vote",0.774366948754215,0.473986716938931,0.588037921997417
