"","bcubed.precision","bcubed.recall","bcubed.f1"
"majority-vote",0.76300410399527,0.41800971433585,0.540117520384037
