"","bcubed.precision","bcubed.recall","bcubed.f1"
"majority-vote",0.644294418972951,0.255050084334503,0.365438039129535
