"","bcubed.precision","bcubed.recall","bcubed.f1"
"majority-vote",0.834615101578056,0.326003625957093,0.468866377799773
