"","bcubed.precision","bcubed.recall","bcubed.f1"
"majority-vote",0.718636681325415,0.383610176948523,0.500207993183373
