"","bcubed.precision","bcubed.recall","bcubed.f1"
"majority-vote",0.98941919293832,0.230997859309947,0.374550183657108
