"","bcubed.precision","bcubed.recall","bcubed.f1"
"majority-vote",0.903150782378086,0.472100889922546,0.620073106156138
