"","bcubed.precision","bcubed.recall","bcubed.f1"
"majority-vote",0.973497035728401,0.381328707404543,0.54800016633584
