"","bcubed.precision","bcubed.recall","bcubed.f1"
"majority-vote",0.49910662861671,0.297532462932042,0.372817317285641
