"","bcubed.precision","bcubed.recall","bcubed.f1"
"majority-vote",0.770749220905346,0.352653676163483,0.483900383133439
