"","bcubed.precision","bcubed.recall","bcubed.f1"
"majority-vote",0.757754304769505,0.126522364939393,0.216839073033567
