"","bcubed.precision","bcubed.recall","bcubed.f1"
"majority-vote",0.778800018329025,0.389476216494022,0.519267747649094
