"","bcubed.precision","bcubed.recall","bcubed.f1"
"majority-vote",0.586889267257145,0.284957219078442,0.383641698683655
