"","bcubed.precision","bcubed.recall","bcubed.f1"
"majority-vote",0.914958127026314,0.519006219656083,0.662316269927057
