"","bcubed.precision","bcubed.recall","bcubed.f1"
"majority-vote",0.995445472101175,0.0580532140083148,0.10970836468512
