"","bcubed.precision","bcubed.recall","bcubed.f1"
"majority-vote",0.865360544731685,0.3163284665607,0.463299855581673
