"","bcubed.precision","bcubed.recall","bcubed.f1"
"majority-vote",0.739090199056023,0.170686423114405,0.277326674178168
