"","bcubed.precision","bcubed.recall","bcubed.f1"
"majority-vote",0.56560766016038,0.704407568876118,0.627422896548326
