"","bcubed.precision","bcubed.recall","bcubed.f1"
"majority-vote",0.970105431476052,0.382489217240427,0.548656417468556
