"","bcubed.precision","bcubed.recall","bcubed.f1"
"majority-vote",0.66380498646413,0.198067908860892,0.305099432349131
