"","bcubed.precision","bcubed.recall","bcubed.f1"
"majority-vote",0.648406205916255,0.249928097238395,0.360789805561546
