"","bcubed.precision","bcubed.recall","bcubed.f1"
"majority-vote",0.913151874892278,0.357404077714395,0.51373448448213
