"","bcubed.precision","bcubed.recall","bcubed.f1"
"majority-vote",0.940476621217397,0.430997878163986,0.591106037174394
