"","bcubed.precision","bcubed.recall","bcubed.f1"
"majority-vote",0.6401477938036,0.183944048669223,0.285772460956713
