"","bcubed.precision","bcubed.recall","bcubed.f1"
"majority-vote",0.963582500158714,0.384871796518905,0.550045676511236
