"","bcubed.precision","bcubed.recall","bcubed.f1"
"majority-vote",0.96406815877611,0.119891744322524,0.213262156415678
