"","bcubed.precision","bcubed.recall","bcubed.f1"
"majority-vote",0.878201158706335,0.901265916250663,0.889584059286948
