"","bcubed.precision","bcubed.recall","bcubed.f1"
"majority-vote",0.834260773432525,0.372467538382746,0.515004170544838
