"","bcubed.precision","bcubed.recall","bcubed.f1"
"majority-vote",0.964177295027969,0.815597367760135,0.883685424139025
