"","bcubed.precision","bcubed.recall","bcubed.f1"
"majority-vote",0.955631709967112,0.808558727769363,0.875964797336112
