"","bcubed.precision","bcubed.recall","bcubed.f1"
"majority-vote",0.963712070641073,0.223422483484676,0.362747328748011
