"","bcubed.precision","bcubed.recall","bcubed.f1"
"majority-vote",0.660622734991256,0.456412876407002,0.539851585071301
