"","bcubed.precision","bcubed.recall","bcubed.f1"
"majority-vote",0.891914211226288,0.517756739595157,0.655180691258497
