"","bcubed.precision","bcubed.recall","bcubed.f1"
"majority-vote",0.984782178273789,0.733761671724956,0.840939167674595
