"","bcubed.precision","bcubed.recall","bcubed.f1"
"majority-vote",0.581622941588707,0.467160539304675,0.518145626842064
