"","bcubed.precision","bcubed.recall","bcubed.f1"
"majority-vote",0.914063514296204,0.350016848533237,0.506198245049933
