"","bcubed.precision","bcubed.recall","bcubed.f1"
"majority-vote",0.659520729380904,0.419097844349403,0.512514289516386
