"","bcubed.precision","bcubed.recall","bcubed.f1"
"majority-vote",0.973593682656793,0.203011359502529,0.335967584766589
