"","bcubed.precision","bcubed.recall","bcubed.f1"
"majority-vote",0.724171367010256,0.418418844975154,0.530386036516089
