"","bcubed.precision","bcubed.recall","bcubed.f1"
"majority-vote",0.680061433698114,0.514954969412086,0.586102439894388
