"","bcubed.precision","bcubed.recall","bcubed.f1"
"majority-vote",0.694417850076943,0.80767237237477,0.746775531865979
