"","bcubed.precision","bcubed.recall","bcubed.f1"
"majority-vote",0.978053436971827,0.367212766401859,0.533951878637221
