"","bcubed.precision","bcubed.recall","bcubed.f1"
"majority-vote",0.649196757327419,0.414480989933131,0.50594217154857
