"","bcubed.precision","bcubed.recall","bcubed.f1"
"majority-vote",0.817968248565118,0.278644726593129,0.415684556259053
