"","bcubed.precision","bcubed.recall","bcubed.f1"
"majority-vote",0.853258645758252,0.430528446640501,0.572294458350538
