"","bcubed.precision","bcubed.recall","bcubed.f1"
"majority-vote",0.719410443910816,0.318470930152053,0.441498072822146
