"","bcubed.precision","bcubed.recall","bcubed.f1"
"majority-vote",0.94815347191271,0.620812476389239,0.750335602289187
