"","bcubed.precision","bcubed.recall","bcubed.f1"
"majority-vote",0.927974356995255,0.458919294429004,0.614128324436603
