"","bcubed.precision","bcubed.recall","bcubed.f1"
"majority-vote",0.13874930681516,0.498854962671581,0.217112035111376
