"","bcubed.precision","bcubed.recall","bcubed.f1"
"majority-vote",0.894946688035332,0.59758791468928,0.716645797135719
