"","bcubed.precision","bcubed.recall","bcubed.f1"
"majority-vote",0.903331651208112,0.67858375042112,0.774992365735339
