"","bcubed.precision","bcubed.recall","bcubed.f1"
"majority-vote",0.853779783848972,0.424174401578594,0.566767624416635
