"","bcubed.precision","bcubed.recall","bcubed.f1"
"majority-vote",0.868920853340806,0.688918894641174,0.768520631970854
