"","bcubed.precision","bcubed.recall","bcubed.f1"
"majority-vote",0.722310100575627,0.489784745166771,0.583743870843924
