"","bcubed.precision","bcubed.recall","bcubed.f1"
"majority-vote",0.556302530018304,0.325155552789662,0.410421913859281
