"","bcubed.precision","bcubed.recall","bcubed.f1"
"majority-vote",0.936521942238862,0.473497118877444,0.628985030974744
