"","bcubed.precision","bcubed.recall","bcubed.f1"
"majority-vote",0.742328032180812,0.285572878067406,0.412469238049021
