"","bcubed.precision","bcubed.recall","bcubed.f1"
"majority-vote",0.924329781597824,0.805298691710971,0.860718443662349
