"","bcubed.precision","bcubed.recall","bcubed.f1"
"majority-vote",0.737334323894964,0.838906057329087,0.784847587919027
