"","bcubed.precision","bcubed.recall","bcubed.f1"
"majority-vote",0.720161882866444,0.647639745104214,0.681978217770333
