"","bcubed.precision","bcubed.recall","bcubed.f1"
"majority-vote",0.992983373822942,0.344400968188689,0.511422819300389
