"","bcubed.precision","bcubed.recall","bcubed.f1"
"majority-vote",0.924144267834231,0.308633822869917,0.462730771118886
