"","bcubed.precision","bcubed.recall","bcubed.f1"
"majority-vote",0.833025020242782,0.749385202309619,0.78899467966871
