"","bcubed.precision","bcubed.recall","bcubed.f1"
"majority-vote",0.48301359622512,0.401151791778385,0.438293043830981
