"","bcubed.precision","bcubed.recall","bcubed.f1"
"majority-vote",0.365386052738362,0.319708236230124,0.341024388453025
