"","bcubed.precision","bcubed.recall","bcubed.f1"
"majority-vote",0.813717288813197,0.698366661168355,0.75164216395574
