"","bcubed.precision","bcubed.recall","bcubed.f1"
"majority-vote",0.974084132238171,0.875712975419933,0.922282892777984
