"","bcubed.precision","bcubed.recall","bcubed.f1"
"majority-vote",0.989427953097957,0.339598537685385,0.505645731439203
