"","bcubed.precision","bcubed.recall","bcubed.f1"
"majority-vote",0.795583371652242,0.667072653408139,0.725682459365039
