"","bcubed.precision","bcubed.recall","bcubed.f1"
"majority-vote",0.939122720095014,0.390673641630456,0.551799513906568
