"","bcubed.precision","bcubed.recall","bcubed.f1"
"majority-vote",0.457698884456766,0.195463587485923,0.273939394215761
