"","bcubed.precision","bcubed.recall","bcubed.f1"
"majority-vote",0.754113089432517,0.560512063737804,0.643057046383393
