"","bcubed.precision","bcubed.recall","bcubed.f1"
"majority-vote",0.844262912710406,0.796906091072329,0.819901248505978
