"","bcubed.precision","bcubed.recall","bcubed.f1"
"majority-vote",0.944758004426636,0.413895822061684,0.575615926982973
