"","bcubed.precision","bcubed.recall","bcubed.f1"
"majority-vote",0.539650487764503,0.241821056699777,0.333982349387329
