"","bcubed.precision","bcubed.recall","bcubed.f1"
"majority-vote",0.878936672694657,0.388939367550116,0.539253148956843
