"","bcubed.precision","bcubed.recall","bcubed.f1"
"majority-vote",0.884564209086964,0.357150156491143,0.508848499235634
