"","bcubed.precision","bcubed.recall","bcubed.f1"
"majority-vote",0.376458268780635,0.221821389329164,0.279155391875439
