"","bcubed.precision","bcubed.recall","bcubed.f1"
"majority-vote",0.575176355567931,0.519232583609876,0.5457746084516
