"","bcubed.precision","bcubed.recall","bcubed.f1"
"majority-vote",0.376262277456518,0.221647385299968,0.278963713684668
