"","bcubed.precision","bcubed.recall","bcubed.f1"
"majority-vote",0.996075963981544,0.751477688912453,0.856659092731728
