"","bcubed.precision","bcubed.recall","bcubed.f1"
"majority-vote",0.97402460411861,0.391376696197201,0.558386067871117
