"","bcubed.precision","bcubed.recall","bcubed.f1"
"majority-vote",0.756782749815772,0.726381554918686,0.741270577766822
