"","bcubed.precision","bcubed.recall","bcubed.f1"
"majority-vote",0.749339995655634,0.283726064772992,0.411604439034948
