"","bcubed.precision","bcubed.recall","bcubed.f1"
"majority-vote",0.936176711301145,0.901235162199316,0.918373699903597
