"","bcubed.precision","bcubed.recall","bcubed.f1"
"majority-vote",0.995019306548834,0.421045636206118,0.591708083879487
