"","bcubed.precision","bcubed.recall","bcubed.f1"
"majority-vote",0.658159389086908,0.726143370925733,0.690482011888243
