"","bcubed.precision","bcubed.recall","bcubed.f1"
"majority-vote",0.376262277456518,0.21072637586398,0.270153045222315
