"","bcubed.precision","bcubed.recall","bcubed.f1"
"majority-vote",0.993249051219887,0.421990230158519,0.592325836689295
