"","bcubed.precision","bcubed.recall","bcubed.f1"
"majority-vote",0.667719556179421,0.526257063395201,0.588608063249546
