"","bcubed.precision","bcubed.recall","bcubed.f1"
"majority-vote",0.97810987078188,0.104501828861615,0.188829051742123
