"","bcubed.precision","bcubed.recall","bcubed.f1"
"majority-vote",0.939214491603457,0.125090234634508,0.220776171016529
