"","bcubed.precision","bcubed.recall","bcubed.f1"
"majority-vote",0.917306938447609,0.247779717610607,0.390168496032353
