"","bcubed.precision","bcubed.recall","bcubed.f1"
"majority-vote",0.679066742244614,0.353356383933276,0.464833772907102
