"","bcubed.precision","bcubed.recall","bcubed.f1"
"majority-vote",0.855222761939998,0.519133541747557,0.646084017947607
