"","bcubed.precision","bcubed.recall","bcubed.f1"
"majority-vote",0.990669046890849,0.0843424469769593,0.155450340830274
