"","bcubed.precision","bcubed.recall","bcubed.f1"
"majority-vote",0.869691085467911,0.268229535617974,0.410005463761681
