"","bcubed.precision","bcubed.recall","bcubed.f1"
"majority-vote",0.867783970585288,0.281547101975527,0.425155236627741
