"","bcubed.precision","bcubed.recall","bcubed.f1"
"majority-vote",0.664764787385616,0.604071382036802,0.632966483022351
