"","bcubed.precision","bcubed.recall","bcubed.f1"
"majority-vote",0.948760302748938,0.705620462935431,0.809323582486801
