"","bcubed.precision","bcubed.recall","bcubed.f1"
"majority-vote",0.694029689158759,0.719038560687849,0.706312817971135
