"","bcubed.precision","bcubed.recall","bcubed.f1"
"majority-vote",0.595258402233941,0.412303703679386,0.487170453209641
