"","bcubed.precision","bcubed.recall","bcubed.f1"
"majority-vote",0.612627036132667,0.144093985477891,0.233311534176711
