"","bcubed.precision","bcubed.recall","bcubed.f1"
"majority-vote",0.935922282693235,0.604278656590705,0.734394902943131
