"","bcubed.precision","bcubed.recall","bcubed.f1"
"majority-vote",0.726801503701121,0.341499248070329,0.464667213982112
