"","bcubed.precision","bcubed.recall","bcubed.f1"
"majority-vote",0.421575459010673,0.456337899692172,0.438268441001843
