"","bcubed.precision","bcubed.recall","bcubed.f1"
"majority-vote",0.626902176889065,0.186309164248497,0.287250348669222
