"","bcubed.precision","bcubed.recall","bcubed.f1"
"majority-vote",0.609026570424628,0.759646026155016,0.676048625802913
