"","bcubed.precision","bcubed.recall","bcubed.f1"
"majority-vote",0.732671334712151,0.491880074662036,0.588601553290643
