"","bcubed.precision","bcubed.recall","bcubed.f1"
"majority-vote",0.964507725543217,0.294336157242694,0.451032096115071
