"","bcubed.precision","bcubed.recall","bcubed.f1"
"majority-vote",0.95483664148079,0.302240555823307,0.45914500376034
