"","bcubed.precision","bcubed.recall","bcubed.f1"
"majority-vote",0.891706195130819,0.417157072013127,0.568403980453107
