"","bcubed.precision","bcubed.recall","bcubed.f1"
"majority-vote",0.854119823206647,0.773615121854845,0.811876667160558
