"","bcubed.precision","bcubed.recall","bcubed.f1"
"majority-vote",0.944802377570573,0.299720529703203,0.455076668199893
