"","bcubed.precision","bcubed.recall","bcubed.f1"
"majority-vote",0.793468417809393,0.662572191474144,0.722136601275405
