"","bcubed.precision","bcubed.recall","bcubed.f1"
"majority-vote",0.982427872781014,0.445652963894889,0.613161218992215
