"","bcubed.precision","bcubed.recall","bcubed.f1"
"majority-vote",0.698638577019799,0.58683095790206,0.637872363742612
