"","bcubed.precision","bcubed.recall","bcubed.f1"
"majority-vote",0.903542361273108,0.61648159024522,0.732905861351949
