"","bcubed.precision","bcubed.recall","bcubed.f1"
"majority-vote",0.998952325529451,0.443074225703838,0.613872231090986
