"","bcubed.precision","bcubed.recall","bcubed.f1"
"majority-vote",0.517807870453827,0.711907046514554,0.599539074675229
