"","bcubed.precision","bcubed.recall","bcubed.f1"
"majority-vote",0.656007571230895,0.0803955453577122,0.143236999572231
