"","bcubed.precision","bcubed.recall","bcubed.f1"
"majority-vote",0.779403400022308,0.826046081479612,0.802047192264199
