"","bcubed.precision","bcubed.recall","bcubed.f1"
"majority-vote",0.999109102794397,0.478975012561006,0.647525117263974
