"","bcubed.precision","bcubed.recall","bcubed.f1"
"majority-vote",0.831574709983846,0.611546635749475,0.704787186148298
