"","bcubed.precision","bcubed.recall","bcubed.f1"
"majority-vote",0.665686039937695,0.747904125569431,0.7044040737575
