"","bcubed.precision","bcubed.recall","bcubed.f1"
"majority-vote",0.664323494194599,0.535572456669932,0.593040364129913
