"","bcubed.precision","bcubed.recall","bcubed.f1"
"majority-vote",0.960827181231866,0.34484719798046,0.507536283879843
