"","bcubed.precision","bcubed.recall","bcubed.f1"
"majority-vote",0.994388413614777,0.17092191447938,0.291703878861388
