"","bcubed.precision","bcubed.recall","bcubed.f1"
"majority-vote",0.95325882008578,0.50317844609952,0.658674840252815
