"","bcubed.precision","bcubed.recall","bcubed.f1"
"majority-vote",0.766026658191145,0.272513776740344,0.402011921127028
