"","bcubed.precision","bcubed.recall","bcubed.f1"
"majority-vote",0.270775299735188,0.544685281528615,0.361727651234054
