"","bcubed.precision","bcubed.recall","bcubed.f1"
"majority-vote",0.474109609734701,0.404447539050462,0.436516771077495
