"","bcubed.precision","bcubed.recall","bcubed.f1"
"majority-vote",0.486570890963756,0.680321381755749,0.567360995700345
