"","bcubed.precision","bcubed.recall","bcubed.f1"
"majority-vote",0.779117163014141,0.42577331947408,0.550634776483101
