"","bcubed.precision","bcubed.recall","bcubed.f1"
"majority-vote",0.971277885865368,0.702353117909497,0.815209625007463
