"","bcubed.precision","bcubed.recall","bcubed.f1"
"majority-vote",0.925593985078785,0.448716757656252,0.604418664535982
