"","bcubed.precision","bcubed.recall","bcubed.f1"
"majority-vote",0.938713129202647,0.492001364512921,0.645618874321285
