{
      "avg_bcuded_f1": 0.5341013111548617,
      "avg_bcuded_recall": 0.4623191645222818,
      "avg_bcuded_precision": 0.7649383562098196,
      "avg_bcuded_f1star": 0.57631858966814
}