"","bcubed.precision","bcubed.recall","bcubed.f1"
"majority-vote",0.992392642268404,0.474600845923805,0.642116534667854
