"","bcubed.precision","bcubed.recall","bcubed.f1"
"majority-vote",0.962471002663459,0.30584274783501,0.464182898041465
