"","bcubed.precision","bcubed.recall","bcubed.f1"
"majority-vote",0.978460548844513,0.547049128749378,0.701753648138472
