"","bcubed.precision","bcubed.recall","bcubed.f1"
"majority-vote",0.925290875688916,0.895167175731029,0.909979792474841
