"","bcubed.precision","bcubed.recall","bcubed.f1"
"majority-vote",0.990659148745073,0.531356729438963,0.691705537124915
