"","bcubed.precision","bcubed.recall","bcubed.f1"
"majority-vote",0.982656826568266,0.925458121607318,0.953200164141046
