"","bcubed.precision","bcubed.recall","bcubed.f1"
"majority-vote",0.996958525345622,0.463255098937363,0.632573361342545
