"","bcubed.precision","bcubed.recall","bcubed.f1"
"majority-vote",0.997811777263832,0.13714947719843,0.241152485260846
