"","bcubed.precision","bcubed.recall","bcubed.f1"
"majority-vote",0.980340759484048,0.526688291113959,0.685234301378764
