"","bcubed.precision","bcubed.recall","bcubed.f1"
"majority-vote",0.996302967105887,0.440978351678059,0.611359842314011
