"","bcubed.precision","bcubed.recall","bcubed.f1"
"majority-vote",0.981152534654345,0.294742953836525,0.453309536457828
