"","bcubed.precision","bcubed.recall","bcubed.f1"
"majority-vote",0.855937751813054,0.857110160618776,0.856523555018027
