"","bcubed.precision","bcubed.recall","bcubed.f1"
"majority-vote",0.717203963624689,0.606205888840763,0.657050067202175
