"","bcubed.precision","bcubed.recall","bcubed.f1"
"majority-vote",0.936200968901391,0.774914637349443,0.847956539759442
