"","bcubed.precision","bcubed.recall","bcubed.f1"
"majority-vote",0.931468453378001,0.654615113633488,0.768879194181365
