"","bcubed.precision","bcubed.recall","bcubed.f1"
"majority-vote",0.992867320366337,0.713751839526407,0.830485081817158
