"","bcubed.precision","bcubed.recall","bcubed.f1"
"majority-vote",0.955398752861468,0.954076460589866,0.954737148888655
