"","bcubed.precision","bcubed.recall","bcubed.f1"
"majority-vote",0.982222909034684,0.661915182652694,0.79086818744295
