"","bcubed.precision","bcubed.recall","bcubed.f1"
"majority-vote",0.99843702626412,0.0814508389004661,0.1506147739999
