"","bcubed.precision","bcubed.recall","bcubed.f1"
"majority-vote",0.974108449734552,0.329128366593938,0.492016061746486
