"","bcubed.precision","bcubed.recall","bcubed.f1"
"majority-vote",0.975867908552075,0.525926678786039,0.683495562450208
