"","bcubed.precision","bcubed.recall","bcubed.f1"
"majority-vote",0.993126316660408,0.918899190459002,0.954571960473106
