"","bcubed.precision","bcubed.recall","bcubed.f1"
"majority-vote",0.951352662217315,0.0878351974993247,0.160822219382262
