"","bcubed.precision","bcubed.recall","bcubed.f1"
"majority-vote",0.983026874115983,0.382715350120947,0.550937750373502
