"","bcubed.precision","bcubed.recall","bcubed.f1"
"majority-vote",0.923891129032258,0.77477192253898,0.842786220133443
