"","bcubed.precision","bcubed.recall","bcubed.f1"
"majority-vote",0.7828573460334,0.285073924059132,0.417952394245226
