"","bcubed.precision","bcubed.recall","bcubed.f1"
"majority-vote",0.952240067624683,0.70623956984995,0.81099532434076
