"","bcubed.precision","bcubed.recall","bcubed.f1"
"majority-vote",0.983031583468748,0.510773021748137,0.672251257773151
