"","bcubed.precision","bcubed.recall","bcubed.f1"
"majority-vote",0.964636542239686,0.284890122937947,0.439871242075546
