"","bcubed.precision","bcubed.recall","bcubed.f1"
"majority-vote",0.99642661564543,0.186309966006282,0.313923170668146
