"","bcubed.precision","bcubed.recall","bcubed.f1"
"majority-vote",0.947663551401869,0.723934450799295,0.820826887473225
