"","bcubed.precision","bcubed.recall","bcubed.f1"
"majority-vote",0.999353736380928,0.0205335599745388,0.0402403088166425
