"","bcubed.precision","bcubed.recall","bcubed.f1"
"majority-vote",0.998410329144307,0.622885422769448,0.767158292041854
