"","bcubed.precision","bcubed.recall","bcubed.f1"
"majority-vote",0.991336633663366,0.937256091277836,0.963538113974978
