"","bcubed.precision","bcubed.recall","bcubed.f1"
"majority-vote",0.993150684931507,0.736005755244092,0.845458054518156
