"","bcubed.precision","bcubed.recall","bcubed.f1"
"majority-vote",0.999404395911363,0.787363408599922,0.880802138641341
