"","bcubed.precision","bcubed.recall","bcubed.f1"
"majority-vote",0.99713384924047,0.795824765294038,0.88517805721306
