"","bcubed.precision","bcubed.recall","bcubed.f1"
"majority-vote",0.997769346628282,0.438796257169018,0.609533534230774
