"","bcubed.precision","bcubed.recall","bcubed.f1"
"majority-vote",0.998350824587706,0.955368956372434,0.976387089566326
