"","bcubed.precision","bcubed.recall","bcubed.f1"
"majority-vote",0.957574452567326,0.0905388774691135,0.165435766427152
