"","bcubed.precision","bcubed.recall","bcubed.f1"
"majority-vote",0.937332471980598,0.802498512569701,0.864690790343795
