"","bcubed.precision","bcubed.recall","bcubed.f1"
"majority-vote",0.964656694476649,0.476921668714531,0.638280501724531
