"","bcubed.precision","bcubed.recall","bcubed.f1"
"majority-vote",0.977201564635627,0.955768454998669,0.966366182783091
