"","bcubed.precision","bcubed.recall","bcubed.f1"
"majority-vote",0.938649601488799,0.203300233722453,0.334213776266028
