"","bcubed.precision","bcubed.recall","bcubed.f1"
"majority-vote",0.993363839430938,0.282347117320575,0.439713110606222
