"","bcubed.precision","bcubed.recall","bcubed.f1"
"majority-vote",0.907159667852228,0.246202906808483,0.387294250865282
