"","bcubed.precision","bcubed.recall","bcubed.f1"
"majority-vote",0.937451737451737,0.902352010460119,0.919567058126717
