"","bcubed.precision","bcubed.recall","bcubed.f1"
"majority-vote",0.93133924543018,0.222562674851709,0.359270315811028
