"","bcubed.precision","bcubed.recall","bcubed.f1"
"majority-vote",0.975953887061049,0.206897078562115,0.341415806238772
