"","bcubed.precision","bcubed.recall","bcubed.f1"
"majority-vote",0.983220880681818,0.558066810310238,0.712005868754263
