"","bcubed.precision","bcubed.recall","bcubed.f1"
"majority-vote",0.999513145082765,0.47865307864745,0.647315621696655
