"","bcubed.precision","bcubed.recall","bcubed.f1"
"majority-vote",0.960776465879528,0.58867023089751,0.730041898423023
