"","bcubed.precision","bcubed.recall","bcubed.f1"
"majority-vote",0.979792582364536,0.663921819306752,0.791506934739156
