"","bcubed.precision","bcubed.recall","bcubed.f1"
"majority-vote",0.856409713771758,0.757433853035309,0.803886724364973
