"","bcubed.precision","bcubed.recall","bcubed.f1"
"majority-vote",0.981293152389128,0.699791058102931,0.816972962013068
