"","bcubed.precision","bcubed.recall","bcubed.f1"
"majority-vote",0.987716104569048,0.983331303925367,0.98551882702391
