"","bcubed.precision","bcubed.recall","bcubed.f1"
"majority-vote",0.974140900299393,0.673740116076322,0.79655969905629
