"","bcubed.precision","bcubed.recall","bcubed.f1"
"majority-vote",0.905814980428002,0.644345924657952,0.753029171640143
