"","bcubed.precision","bcubed.recall","bcubed.f1"
"majority-vote",0.756216690242013,0.506212512505829,0.606459910675424
