"","bcubed.precision","bcubed.recall","bcubed.f1"
"majority-vote",0.997790543526292,0.638949072279184,0.779033312273463
