"","bcubed.precision","bcubed.recall","bcubed.f1"
"majority-vote",0.998134328358209,0.71122578409188,0.830601890315628
