"","bcubed.precision","bcubed.recall","bcubed.f1"
"majority-vote",0.997069302649144,0.262862964505299,0.41604235329812
