"","bcubed.precision","bcubed.recall","bcubed.f1"
"majority-vote",0.92407450574674,0.773333629923726,0.842010683030961
