"","bcubed.precision","bcubed.recall","bcubed.f1"
"majority-vote",0.884751276450403,0.465728229803309,0.610233097043462
