"","bcubed.precision","bcubed.recall","bcubed.f1"
"majority-vote",0.912497268790102,0.356839017178704,0.513047065892062
