"","bcubed.precision","bcubed.recall","bcubed.f1"
"majority-vote",0.990702409229725,0.716034653945095,0.831267184689616
