"","bcubed.precision","bcubed.recall","bcubed.f1"
"majority-vote",0.963763713080169,0.684817687531527,0.800691354486311
