"","bcubed.precision","bcubed.recall","bcubed.f1"
"majority-vote",0.988739319545447,0.743640875475312,0.848851742033255
