"","bcubed.precision","bcubed.recall","bcubed.f1"
"majority-vote",0.991825824167098,0.703741578668066,0.82331032089435
