"","bcubed.precision","bcubed.recall","bcubed.f1"
"majority-vote",0.956999522216914,0.356153524021877,0.519115046492192
