"","bcubed.precision","bcubed.recall","bcubed.f1"
"majority-vote",0.995072677999507,0.852002274632439,0.91799651537921
