"","bcubed.precision","bcubed.recall","bcubed.f1"
"majority-vote",0.844399096655118,0.475180158911502,0.608135805773965
