"","bcubed.precision","bcubed.recall","bcubed.f1"
"majority-vote",0.987405773120059,0.878381642369734,0.929708387437989
