"","bcubed.precision","bcubed.recall","bcubed.f1"
"majority-vote",0.984922249342191,0.966449497514501,0.975598436844149
