"","bcubed.precision","bcubed.recall","bcubed.f1"
"majority-vote",0.99112298705175,0.266345852350694,0.419861691198821
