"","bcubed.precision","bcubed.recall","bcubed.f1"
"majority-vote",0.994844268180109,0.652717033415002,0.788258134987463
