"","bcubed.precision","bcubed.recall","bcubed.f1"
"majority-vote",0.996066034422199,0.583145168697733,0.735621802238574
