"","bcubed.precision","bcubed.recall","bcubed.f1"
"majority-vote",0.981262559516266,0.886561119882415,0.931511087752666
