"","bcubed.precision","bcubed.recall","bcubed.f1"
"majority-vote",0.967787114845938,0.671734792249942,0.793031521835211
