"","bcubed.precision","bcubed.recall","bcubed.f1"
"majority-vote",0.997436153564413,0.501562682642984,0.667481175919538
