"","bcubed.precision","bcubed.recall","bcubed.f1"
"majority-vote",0.997216078910738,0.566978486826,0.722928049801865
