"","bcubed.precision","bcubed.recall","bcubed.f1"
"majority-vote",0.993687027281303,0.0735282099931658,0.136924634989321
