"","bcubed.precision","bcubed.recall","bcubed.f1"
"majority-vote",0.989136260564832,0.686643507780992,0.810588604131482
