"","bcubed.precision","bcubed.recall","bcubed.f1"
"majority-vote",0.998289601121734,0.731622113673796,0.844402337743093
