"","bcubed.precision","bcubed.recall","bcubed.f1"
"majority-vote",0.993184162145195,0.67368355804481,0.802813363104133
