"","bcubed.precision","bcubed.recall","bcubed.f1"
"majority-vote",0.988537888040249,0.740629115524138,0.846812297681098
