"","bcubed.precision","bcubed.recall","bcubed.f1"
"majority-vote",0.998675496688742,0.400196979365907,0.571412940039815
