"","bcubed.precision","bcubed.recall","bcubed.f1"
"majority-vote",0.898963979446104,0.702180181001364,0.788479520325968
