"","bcubed.precision","bcubed.recall","bcubed.f1"
"majority-vote",0.992175273865415,0.589713583447048,0.739747591563138
