"","bcubed.precision","bcubed.recall","bcubed.f1"
"majority-vote",0.601883035840659,0.865470096697002,0.710001917981977
