"","bcubed.precision","bcubed.recall","bcubed.f1"
"majority-vote",0.888081659124732,0.496279417207246,0.636736550540193
