"","bcubed.precision","bcubed.recall","bcubed.f1"
"majority-vote",0.996474661630469,0.534801617921911,0.696041946674632
