"","bcubed.precision","bcubed.recall","bcubed.f1"
"majority-vote",0.990510083036773,0.963120715091556,0.976623403351065
