"","bcubed.precision","bcubed.recall","bcubed.f1"
"majority-vote",0.98844169246646,0.626457143687986,0.766879442230815
