"","bcubed.precision","bcubed.recall","bcubed.f1"
"majority-vote",0.953292522142533,0.726282987329716,0.824446578169397
