"","bcubed.precision","bcubed.recall","bcubed.f1"
"majority-vote",0.993279569892473,0.579330072244265,0.731823981700508
