"","bcubed.precision","bcubed.recall","bcubed.f1"
"majority-vote",0.992481203007519,0.450008404294021,0.619241733453766
