"","bcubed.precision","bcubed.recall","bcubed.f1"
"majority-vote",0.982110309987526,0.803480458749702,0.883860351685898
