"","bcubed.precision","bcubed.recall","bcubed.f1"
"majority-vote",0.991443452380952,0.771919789622634,0.868017210469998
