"","bcubed.precision","bcubed.recall","bcubed.f1"
"majority-vote",0.998710509348807,0.71220932848951,0.831471966702333
