"","bcubed.precision","bcubed.recall","bcubed.f1"
"majority-vote",0.761783651277005,0.599092498713734,0.670713306462045
