"","bcubed.precision","bcubed.recall","bcubed.f1"
"majority-vote",0.989913253984265,0.441403852769637,0.610558655597081
