"","bcubed.precision","bcubed.recall","bcubed.f1"
"majority-vote",0.999624775301489,0.889331946510549,0.941258459692232
