"","bcubed.precision","bcubed.recall","bcubed.f1"
"majority-vote",0.737190486762791,0.84780590035585,0.788638320494686
