"","bcubed.precision","bcubed.recall","bcubed.f1"
"majority-vote",0.937533124238952,0.527417359969988,0.67506888539995
