"","bcubed.precision","bcubed.recall","bcubed.f1"
"majority-vote",0.984084884782958,0.143104872412441,0.249873352700213
