"","bcubed.precision","bcubed.recall","bcubed.f1"
"majority-vote",0.99179366940211,0.78768657500048,0.878034539597577
