"","bcubed.precision","bcubed.recall","bcubed.f1"
"majority-vote",0.948858889260955,0.42402368042937,0.586122436565435
