"","bcubed.precision","bcubed.recall","bcubed.f1"
"majority-vote",0.974914778028096,0.279875216842756,0.434900638384359
