"","bcubed.precision","bcubed.recall","bcubed.f1"
"majority-vote",0.986988847583643,0.298402321068979,0.458257019607313
