"","bcubed.precision","bcubed.recall","bcubed.f1"
"majority-vote",0.986257073565077,0.354228852275048,0.521244877670982
