"","bcubed.precision","bcubed.recall","bcubed.f1"
"majority-vote",0.984262011448808,0.757983381711942,0.856428435233325
