"","bcubed.precision","bcubed.recall","bcubed.f1"
"majority-vote",0.918249311681379,0.291026505893476,0.441975081009473
