"","bcubed.precision","bcubed.recall","bcubed.f1"
"majority-vote",0.974022558152167,0.466784664679624,0.631116760094877
