"","bcubed.precision","bcubed.recall","bcubed.f1"
"majority-vote",0.953270722023151,0.890229760512584,0.920672356324027
