"","bcubed.precision","bcubed.recall","bcubed.f1"
"majority-vote",0.938226034089675,0.779215810709126,0.851359901350536
