{
      "avg_bcuded_f1": 0.7016244439600301,
      "avg_bcuded_recall": 0.5839937133060253,
      "avg_bcuded_precision": 0.9839527849186109,
      "avg_bcuded_f1star": 0.7329615407580057
}