{
      "avg_bcuded_f1": 0.6928608942834578,
      "avg_bcuded_recall": 0.5969324730690847,
      "avg_bcuded_precision": 0.9184730840431177,
      "avg_bcuded_f1star": 0.7235903378235443
}