"","bcubed.precision","bcubed.recall","bcubed.f1"
"majority-vote",0.976157407407407,0.250846931494137,0.399128320153509
