"","bcubed.precision","bcubed.recall","bcubed.f1"
"majority-vote",0.992290748898678,0.482915105164623,0.649661455773651
