"","bcubed.precision","bcubed.recall","bcubed.f1"
"majority-vote",0.976362593230063,0.275000469129994,0.429132326589306
