"","bcubed.precision","bcubed.recall","bcubed.f1"
"majority-vote",0.876533438860309,0.24212593225876,0.379438963315025
