"","bcubed.precision","bcubed.recall","bcubed.f1"
"majority-vote",0.980487804878049,0.213072739945817,0.350070591684404
