"","bcubed.precision","bcubed.recall","bcubed.f1"
"majority-vote",0.992307692307692,0.48330736063357,0.650019950324686
