"","bcubed.precision","bcubed.recall","bcubed.f1"
"majority-vote",0.908652131183344,0.691777301244196,0.785520318913855
