"","bcubed.precision","bcubed.recall","bcubed.f1"
"majority-vote",0.880138301959278,0.252051490571415,0.391878062108241
