"","bcubed.precision","bcubed.recall","bcubed.f1"
"majority-vote",0.984829329962073,0.380967307658329,0.549405040258832
