"","bcubed.precision","bcubed.recall","bcubed.f1"
"majority-vote",0.963349514563107,0.218260935321813,0.355889821575014
