"","bcubed.precision","bcubed.recall","bcubed.f1"
"majority-vote",0.986737400530504,0.355437989045938,0.522620158415598
