"","bcubed.precision","bcubed.recall","bcubed.f1"
"majority-vote",0.992307692307692,0.668007616917773,0.798485797371662
