"","bcubed.precision","bcubed.recall","bcubed.f1"
"majority-vote",0.99438202247191,0.185621500183662,0.312844291094165
