"","bcubed.precision","bcubed.recall","bcubed.f1"
"majority-vote",0.891757032040757,0.225748181693293,0.360289197797547
