"","bcubed.precision","bcubed.recall","bcubed.f1"
"majority-vote",0.99438202247191,0.130046658014465,0.23001202487329
