"","bcubed.precision","bcubed.recall","bcubed.f1"
"majority-vote",0.984138257575758,0.378634972620138,0.546868919868734
