"","bcubed.precision","bcubed.recall","bcubed.f1"
"majority-vote",0.913357400722022,0.584723221712437,0.712994045750622
