"","bcubed.precision","bcubed.recall","bcubed.f1"
"majority-vote",0.932928993515214,0.163332657158788,0.277995260269532
