"","bcubed.precision","bcubed.recall","bcubed.f1"
"majority-vote",0.992200714151475,0.177152183189248,0.300628703402698
