"","bcubed.precision","bcubed.recall","bcubed.f1"
"majority-vote",0.974528252885785,0.093519720055921,0.170662014638623
