"","bcubed.precision","bcubed.recall","bcubed.f1"
"majority-vote",0.92911877394636,0.357544585811339,0.516376540422741
