"","bcubed.precision","bcubed.recall","bcubed.f1"
"majority-vote",0.956204379562044,0.267965076422482,0.418617501673876
