"","bcubed.precision","bcubed.recall","bcubed.f1"
"majority-vote",0.978191489361702,0.610000930968673,0.751417412069183
