"","bcubed.precision","bcubed.recall","bcubed.f1"
"majority-vote",0.965909090909091,0.588184421909713,0.731143493705504
