"","bcubed.precision","bcubed.recall","bcubed.f1"
"majority-vote",0.954918032786885,0.249664948230504,0.395837505555246
