"","bcubed.precision","bcubed.recall","bcubed.f1"
"majority-vote",0.95541346973572,0.108750907238964,0.195274496816873
