"","bcubed.precision","bcubed.recall","bcubed.f1"
"majority-vote",0.912408759124088,0.559565219562846,0.693697327565219
