"","bcubed.precision","bcubed.recall","bcubed.f1"
"majority-vote",0.990958632648006,0.295010483167286,0.45466595024864
