"","bcubed.precision","bcubed.recall","bcubed.f1"
"majority-vote",0.960972222222222,0.364345292490435,0.528365016675494
