"","bcubed.precision","bcubed.recall","bcubed.f1"
"majority-vote",0.980446927374302,0.474331253002086,0.639350556444524
