"","bcubed.precision","bcubed.recall","bcubed.f1"
"majority-vote",0.932760501909438,0.431118444013569,0.589686141020925
