"","bcubed.precision","bcubed.recall","bcubed.f1"
"majority-vote",0.954426755099793,0.0858761930874248,0.157574361298462
