"","bcubed.precision","bcubed.recall","bcubed.f1"
"majority-vote",0.997347480106101,0.24469403347023,0.392973946540368
