"","bcubed.precision","bcubed.recall","bcubed.f1"
"majority-vote",0.981432360742706,0.704736022126856,0.820381576268576
