"","bcubed.precision","bcubed.recall","bcubed.f1"
"majority-vote",0.994594594594595,0.659856411592134,0.793362411729285
