"","bcubed.precision","bcubed.recall","bcubed.f1"
"majority-vote",0.971724678562152,0.42202930671715,0.588477301941274
