"","bcubed.precision","bcubed.recall","bcubed.f1"
"majority-vote",0.956521739130435,0.269891328486323,0.420995062294351
