"","bcubed.precision","bcubed.recall","bcubed.f1"
"majority-vote",0.957221206581353,0.236023666893465,0.378676438051817
