"","bcubed.precision","bcubed.recall","bcubed.f1"
"majority-vote",0.926462836056932,0.376012327746823,0.53492221155194
