"","bcubed.precision","bcubed.recall","bcubed.f1"
"majority-vote",0.997319034852547,0.211230571593893,0.348623289717996
