"","bcubed.precision","bcubed.recall","bcubed.f1"
"majority-vote",0.936329588014981,0.310626020960135,0.466493485636408
