"","bcubed.precision","bcubed.recall","bcubed.f1"
"majority-vote",0.965648854961832,0.247124583128745,0.393536934824211
