"","bcubed.precision","bcubed.recall","bcubed.f1"
"majority-vote",0.975583333333333,0.481199041739617,0.644502258085918
