"","bcubed.precision","bcubed.recall","bcubed.f1"
"majority-vote",0.985875888817065,0.681659371816139,0.806017785560386
