"","bcubed.precision","bcubed.recall","bcubed.f1"
"majority-vote",0.980132450331126,0.21543040477648,0.353223303329198
