"","bcubed.precision","bcubed.recall","bcubed.f1"
"majority-vote",0.966442953020134,0.0960958496406706,0.174809910879755
