"","bcubed.precision","bcubed.recall","bcubed.f1"
"majority-vote",0.986418511066398,0.473440695296524,0.639802336687169
