"","bcubed.precision","bcubed.recall","bcubed.f1"
"majority-vote",0.978723404255319,0.179639122555357,0.30356129362868
