"","bcubed.precision","bcubed.recall","bcubed.f1"
"majority-vote",0.910946833932248,0.210979975791337,0.342609766171061
