"","bcubed.precision","bcubed.recall","bcubed.f1"
"majority-vote",0.974858474858475,0.47390081799591,0.637768097080446
