"","bcubed.precision","bcubed.recall","bcubed.f1"
"majority-vote",0.808838643371018,0.408391651341935,0.542745198949155
