"","bcubed.precision","bcubed.recall","bcubed.f1"
"majority-vote",0.958999848895746,0.0905979628819985,0.165555666635663
