"","bcubed.precision","bcubed.recall","bcubed.f1"
"majority-vote",0.8467922899167,0.87644082755146,0.861361504506371
