"","bcubed.precision","bcubed.recall","bcubed.f1"
"majority-vote",0.987342638204707,0.196095546161576,0.327205081676558
