"","bcubed.precision","bcubed.recall","bcubed.f1"
"majority-vote",0.916030534351145,0.265587336315574,0.411784749776644
