"","bcubed.precision","bcubed.recall","bcubed.f1"
"majority-vote",0.996666666666667,0.382043117148742,0.552356477862726
