"","bcubed.precision","bcubed.recall","bcubed.f1"
"majority-vote",0.892802880367203,0.412884605384358,0.564644402231133
