"","bcubed.precision","bcubed.recall","bcubed.f1"
"majority-vote",0.892165282778068,0.215505424207312,0.347154540633097
