"","bcubed.precision","bcubed.recall","bcubed.f1"
"majority-vote",0.975481171548117,0.478564810041346,0.642113065847515
