"","bcubed.precision","bcubed.recall","bcubed.f1"
"majority-vote",0.97752808988764,0.284657283471325,0.440918578930786
