"","bcubed.precision","bcubed.recall","bcubed.f1"
"majority-vote",0.938554518797486,0.774324541100905,0.848566386361399
