"","bcubed.precision","bcubed.recall","bcubed.f1"
"majority-vote",0.829938616569108,0.519385552322987,0.638924487826903
