"","bcubed.precision","bcubed.recall","bcubed.f1"
"majority-vote",0.982658959537572,0.527577629074576,0.686553203611811
