"","bcubed.precision","bcubed.recall","bcubed.f1"
"majority-vote",0.978645833333333,0.643890526221904,0.776735481949515
