"","bcubed.precision","bcubed.recall","bcubed.f1"
"majority-vote",0.926335764133929,0.810240916351549,0.864407712962334
