"","bcubed.precision","bcubed.recall","bcubed.f1"
"majority-vote",0.982905982905983,0.241683930722107,0.38797082816924
