"","bcubed.precision","bcubed.recall","bcubed.f1"
"majority-vote",0.989583333333333,0.217450032825083,0.356551748028888
