"","bcubed.precision","bcubed.recall","bcubed.f1"
"majority-vote",0.942147046925566,0.404508967971804,0.566004867484423
