"","bcubed.precision","bcubed.recall","bcubed.f1"
"majority-vote",0.961848375713922,0.380220819482511,0.545001373909549
