"","bcubed.precision","bcubed.recall","bcubed.f1"
"majority-vote",0.993770151374392,0.211797649634818,0.349176847892151
