"","bcubed.precision","bcubed.recall","bcubed.f1"
"majority-vote",0.919993508601104,0.275992702448867,0.424606057040276
