"","bcubed.precision","bcubed.recall","bcubed.f1"
"majority-vote",0.947791164658635,0.205946970686543,0.338369190070185
