"","bcubed.precision","bcubed.recall","bcubed.f1"
"majority-vote",0.878821774794929,0.273252550352776,0.416883331268543
