"","bcubed.precision","bcubed.recall","bcubed.f1"
"majority-vote",0.996693836132116,0.271820578124175,0.42714831097772
