"","bcubed.precision","bcubed.recall","bcubed.f1"
"majority-vote",0.989342806394316,0.886897171242149,0.935323142922498
