"","bcubed.precision","bcubed.recall","bcubed.f1"
"majority-vote",0.932920741646292,0.386291795118557,0.546355674996317
