"","bcubed.precision","bcubed.recall","bcubed.f1"
"majority-vote",0.956590845766103,0.224259053446069,0.363338571227054
