"","bcubed.precision","bcubed.recall","bcubed.f1"
"majority-vote",0.996665644642036,0.245865215774532,0.394429501240434
