"","bcubed.precision","bcubed.recall","bcubed.f1"
"majority-vote",0.98326359832636,0.267461238025709,0.420531985406187
