"","bcubed.precision","bcubed.recall","bcubed.f1"
"majority-vote",0.970461095100865,0.430230219131467,0.596165172670664
