"","bcubed.precision","bcubed.recall","bcubed.f1"
"majority-vote",0.984841363102233,0.593548785478113,0.740693161933003
