"","bcubed.precision","bcubed.recall","bcubed.f1"
"majority-vote",0.98581629341123,0.66755212824833,0.796052175797574
