"","bcubed.precision","bcubed.recall","bcubed.f1"
"majority-vote",0.996666666666667,0.384454071449817,0.554871920033397
