"","bcubed.precision","bcubed.recall","bcubed.f1"
"majority-vote",0.955985840132182,0.217718267488829,0.354664484014293
