"","bcubed.precision","bcubed.recall","bcubed.f1"
"majority-vote",0.977667493796526,0.520440281636046,0.67928029499874
