"","bcubed.precision","bcubed.recall","bcubed.f1"
"majority-vote",0.955598455598456,0.286412329237045,0.440729151187728
