"","bcubed.precision","bcubed.recall","bcubed.f1"
"majority-vote",0.962393162393162,0.116533847337741,0.207894281733075
