"","bcubed.precision","bcubed.recall","bcubed.f1"
"majority-vote",0.895061728395062,0.516652301156655,0.655140760766408
