"","bcubed.precision","bcubed.recall","bcubed.f1"
"majority-vote",0.933852140077821,0.42372838862469,0.582948346949375
