"","bcubed.precision","bcubed.recall","bcubed.f1"
"majority-vote",0.956445749440716,0.584492330002492,0.725577765997686
