"","bcubed.precision","bcubed.recall","bcubed.f1"
"majority-vote",0.808148530170191,0.407450563444325,0.541758505241148
