"","bcubed.precision","bcubed.recall","bcubed.f1"
"majority-vote",0.956175298804781,0.263593242991844,0.41326094130844
