"","bcubed.precision","bcubed.recall","bcubed.f1"
"majority-vote",0.943722943722944,0.116864936179316,0.207975451500166
