"","bcubed.precision","bcubed.recall","bcubed.f1"
"majority-vote",0.958415841584158,0.26391164426023,0.413861430045152
