"","bcubed.precision","bcubed.recall","bcubed.f1"
"majority-vote",0.985191279308926,0.314355051989876,0.476627648231068
