"","bcubed.precision","bcubed.recall","bcubed.f1"
"majority-vote",0.967741935483871,0.310543156996961,0.470201268201079
