"","bcubed.precision","bcubed.recall","bcubed.f1"
"majority-vote",0.978427018874023,0.360050414600742,0.52639371421842
