"","bcubed.precision","bcubed.recall","bcubed.f1"
"majority-vote",0.91920855256165,0.815406715760123,0.864201809624419
