"","bcubed.precision","bcubed.recall","bcubed.f1"
"majority-vote",0.994623655913978,0.676638606005907,0.805380196002289
