"","bcubed.precision","bcubed.recall","bcubed.f1"
"majority-vote",0.92931384147372,0.363847049954949,0.522948230098351
