"","bcubed.precision","bcubed.recall","bcubed.f1"
"majority-vote",0.971851628211021,0.416229779912372,0.582838422804946
