"","bcubed.precision","bcubed.recall","bcubed.f1"
"majority-vote",0.994285714285714,0.125856872838764,0.223431716902217
