"","bcubed.precision","bcubed.recall","bcubed.f1"
"majority-vote",0.981395348837209,0.173954851338321,0.295526814268365
