"","bcubed.precision","bcubed.recall","bcubed.f1"
"majority-vote",0.977358490566038,0.282402022392535,0.43819124587443
