"","bcubed.precision","bcubed.recall","bcubed.f1"
"majority-vote",0.98876586471922,0.0957360264734029,0.174569571098965
