"","bcubed.precision","bcubed.recall","bcubed.f1"
"majority-vote",0.980952380952381,0.156368968636416,0.269739967769741
