"","bcubed.precision","bcubed.recall","bcubed.f1"
"majority-vote",0.969852941176471,0.398378776224778,0.564771044129475
