"","bcubed.precision","bcubed.recall","bcubed.f1"
"majority-vote",0.895365918803419,0.535041805451703,0.669820484905409
