"","bcubed.precision","bcubed.recall","bcubed.f1"
"majority-vote",0.990326147042565,0.183554415895592,0.309705677401367
