"","bcubed.precision","bcubed.recall","bcubed.f1"
"majority-vote",0.959678416821274,0.20706368218058,0.340631484654994
