"","bcubed.precision","bcubed.recall","bcubed.f1"
"majority-vote",0.978468899521531,0.579469122973342,0.727875572552564
