"","bcubed.precision","bcubed.recall","bcubed.f1"
"majority-vote",0.975510204081633,0.1457495939616,0.253607979878386
