"","bcubed.precision","bcubed.recall","bcubed.f1"
"majority-vote",0.989346590909091,0.484646237644268,0.65059082204743
