"","bcubed.precision","bcubed.recall","bcubed.f1"
"majority-vote",0.967728055077453,0.206467505301382,0.340325588145703
