"","bcubed.precision","bcubed.recall","bcubed.f1"
"majority-vote",0.910903452553235,0.214352866389431,0.347040514719854
