"","bcubed.precision","bcubed.recall","bcubed.f1"
"majority-vote",0.97083034904264,0.862374587389163,0.913394247464889
