"","bcubed.precision","bcubed.recall","bcubed.f1"
"majority-vote",0.908484848484849,0.276397669662128,0.423844712363991
