"","bcubed.precision","bcubed.recall","bcubed.f1"
"majority-vote",0.991319444444444,0.160607164541591,0.276429077833894
