"","bcubed.precision","bcubed.recall","bcubed.f1"
"majority-vote",0.959302325581395,0.55615406467033,0.704104573449551
