"","bcubed.precision","bcubed.recall","bcubed.f1"
"majority-vote",0.974080703714959,0.864747268209488,0.916163600308442
