"","bcubed.precision","bcubed.recall","bcubed.f1"
"majority-vote",0.961129296235679,0.562949602820765,0.710025387675469
