"","bcubed.precision","bcubed.recall","bcubed.f1"
"majority-vote",0.997802197802198,0.606960428705742,0.754786333801197
