"","bcubed.precision","bcubed.recall","bcubed.f1"
"majority-vote",0.983497505668934,0.710847722469525,0.825235554536103
