"","bcubed.precision","bcubed.recall","bcubed.f1"
"majority-vote",0.99746192893401,0.740104082150724,0.84972385588175
