"","bcubed.precision","bcubed.recall","bcubed.f1"
"majority-vote",0.959993494877216,0.356862038900952,0.520308002094396
