"","bcubed.precision","bcubed.recall","bcubed.f1"
"majority-vote",0.920246080623439,0.863743529256938,0.891100030022991
