"","bcubed.precision","bcubed.recall","bcubed.f1"
"majority-vote",0.96551724137931,0.405855318493775,0.571486288959283
