"","bcubed.precision","bcubed.recall","bcubed.f1"
"majority-vote",0.922509225092251,0.210112451762651,0.342269054210637
