"","bcubed.precision","bcubed.recall","bcubed.f1"
"majority-vote",0.997352162400706,0.660609908712642,0.794783828215625
