"","bcubed.precision","bcubed.recall","bcubed.f1"
"majority-vote",0.744588744588745,0.125001271455817,0.214065336694284
