"","bcubed.precision","bcubed.recall","bcubed.f1"
"majority-vote",0.986621934279609,0.224614353679928,0.365922735799108
