"","bcubed.precision","bcubed.recall","bcubed.f1"
"majority-vote",0.754166666666667,0.154560076287349,0.256543693551834
