"","bcubed.precision","bcubed.recall","bcubed.f1"
"majority-vote",0.927168917977997,0.558216757323824,0.696871170216383
