"","bcubed.precision","bcubed.recall","bcubed.f1"
"majority-vote",0.959663335246902,0.31165086914609,0.470505106422739
