"","bcubed.precision","bcubed.recall","bcubed.f1"
"majority-vote",0.990601503759398,0.15770705280704,0.272095584014884
