"","bcubed.precision","bcubed.recall","bcubed.f1"
"majority-vote",0.927520486514389,0.241760183332354,0.383547814732323
