"","bcubed.precision","bcubed.recall","bcubed.f1"
"majority-vote",0.984084880636605,0.282916541147152,0.439484732752626
