"","bcubed.precision","bcubed.recall","bcubed.f1"
"majority-vote",0.971861471861472,0.313867472459016,0.474494573838302
