"","bcubed.precision","bcubed.recall","bcubed.f1"
"majority-vote",0.995157384987893,0.469556130060117,0.638052760072122
