"","bcubed.precision","bcubed.recall","bcubed.f1"
"majority-vote",0.997389033942559,0.654205724506474,0.790142511929435
