"","bcubed.precision","bcubed.recall","bcubed.f1"
"majority-vote",0.909138320233297,0.63689891169871,0.749049498654823
