"","bcubed.precision","bcubed.recall","bcubed.f1"
"majority-vote",0.993506493506494,0.0982034374447396,0.178739333626829
