"","bcubed.precision","bcubed.recall","bcubed.f1"
"majority-vote",0.928243122727585,0.570189734120655,0.706437658422186
