"","bcubed.precision","bcubed.recall","bcubed.f1"
"majority-vote",0.987669053301511,0.271230717169414,0.425587790126922
