"","bcubed.precision","bcubed.recall","bcubed.f1"
"majority-vote",0.988888888888889,0.138891914456768,0.243573344315398
