"","bcubed.precision","bcubed.recall","bcubed.f1"
"majority-vote",0.992530345471522,0.159338287864315,0.274593962061123
