"","bcubed.precision","bcubed.recall","bcubed.f1"
"majority-vote",0.985323383084577,0.545490827818414,0.702220901895857
