"","bcubed.precision","bcubed.recall","bcubed.f1"
"majority-vote",0.974942396313364,0.506453743475317,0.666618756487557
