"","bcubed.precision","bcubed.recall","bcubed.f1"
"majority-vote",0.981337440636632,0.411321412347857,0.5796754908174
