"","bcubed.precision","bcubed.recall","bcubed.f1"
"majority-vote",0.977295692161755,0.882586742619566,0.927529832413943
