"","bcubed.precision","bcubed.recall","bcubed.f1"
"majority-vote",0.953894775980666,0.272261006635085,0.423613957727967
