"","bcubed.precision","bcubed.recall","bcubed.f1"
"majority-vote",0.994370011402509,0.304419986611849,0.466135566213422
