"","bcubed.precision","bcubed.recall","bcubed.f1"
"majority-vote",0.995594713656388,0.29722226566312,0.457780058908159
