"","bcubed.precision","bcubed.recall","bcubed.f1"
"majority-vote",0.993801258821286,0.44139598544166,0.61128864025357
