"","bcubed.precision","bcubed.recall","bcubed.f1"
"majority-vote",0.988135593220339,0.428227673864095,0.597511975043106
