"","bcubed.precision","bcubed.recall","bcubed.f1"
"majority-vote",0.997379912663755,0.733992875532559,0.845652369132043
