"","bcubed.precision","bcubed.recall","bcubed.f1"
"majority-vote",0.998054474708171,0.155991582012129,0.269812622360089
