"","bcubed.precision","bcubed.recall","bcubed.f1"
"majority-vote",0.995433789954338,0.54291219118452,0.70261585717295
