"","bcubed.precision","bcubed.recall","bcubed.f1"
"majority-vote",0.998051631758402,0.714746320776034,0.832968921627074
