"","bcubed.precision","bcubed.recall","bcubed.f1"
"majority-vote",0.99781181619256,0.593046252981104,0.74393633252354
