"","bcubed.precision","bcubed.recall","bcubed.f1"
"majority-vote",0.991208791208791,0.619024012152735,0.762103518862879
