"","bcubed.precision","bcubed.recall","bcubed.f1"
"majority-vote",0.98471615720524,0.352320879609633,0.518962531507502
