"","bcubed.precision","bcubed.recall","bcubed.f1"
"majority-vote",0.996319663512093,0.77591821805503,0.872414009390094
