"","bcubed.precision","bcubed.recall","bcubed.f1"
"majority-vote",0.997431506849315,0.755296431591707,0.859638785184774
