"","bcubed.precision","bcubed.recall","bcubed.f1"
"majority-vote",0.96969696969697,0.531074965470628,0.686289199086443
