"","bcubed.precision","bcubed.recall","bcubed.f1"
"majority-vote",0.995495495495496,0.391069292670955,0.561542774781341
