"","bcubed.precision","bcubed.recall","bcubed.f1"
"majority-vote",0.990913811007269,0.334401038851366,0.500051150635401
