"","bcubed.precision","bcubed.recall","bcubed.f1"
"majority-vote",0.984278789466789,0.366051583640434,0.533642457880784
