"","bcubed.precision","bcubed.recall","bcubed.f1"
"majority-vote",0.9906191369606,0.171290796329253,0.292077614567822
