"","bcubed.precision","bcubed.recall","bcubed.f1"
"majority-vote",0.959993494877216,0.346959330766845,0.509702713040134
