"","bcubed.precision","bcubed.recall","bcubed.f1"
"majority-vote",0.961075725406936,0.327331831508591,0.488340317048491
