"","bcubed.precision","bcubed.recall","bcubed.f1"
"majority-vote",0.98539603960396,0.144540871760458,0.25210257521665
