"","bcubed.precision","bcubed.recall","bcubed.f1"
"majority-vote",0.99737532808399,0.796525210478724,0.885706399045839
