"","bcubed.precision","bcubed.recall","bcubed.f1"
"majority-vote",0.904908555739056,0.681884710411121,0.777723628706493
