"","bcubed.precision","bcubed.recall","bcubed.f1"
"majority-vote",0.968911917098446,0.414470751231527,0.580585053363099
