"","bcubed.precision","bcubed.recall","bcubed.f1"
"majority-vote",0.997947857598647,0.0508235837998347,0.0967213342516247
