"","bcubed.precision","bcubed.recall","bcubed.f1"
"majority-vote",0.984084880636605,0.275639842436482,0.430654406434255
