"","bcubed.precision","bcubed.recall","bcubed.f1"
"majority-vote",0.985650510204082,0.487721172943912,0.652547661188102
