"","bcubed.precision","bcubed.recall","bcubed.f1"
"majority-vote",0.997361477572559,0.763029505460354,0.864599105917108
