"","bcubed.precision","bcubed.recall","bcubed.f1"
"majority-vote",0.991080530071356,0.227752900668256,0.370389357276838
