"","bcubed.precision","bcubed.recall","bcubed.f1"
"majority-vote",0.992689891490577,0.17724699023648,0.300787671972771
