"","bcubed.precision","bcubed.recall","bcubed.f1"
"majority-vote",0.99738219895288,0.738339636411623,0.848530905280279
