"","bcubed.precision","bcubed.recall","bcubed.f1"
"majority-vote",0.995207667731629,0.199415624291824,0.332255297022648
