"","bcubed.precision","bcubed.recall","bcubed.f1"
"majority-vote",0.968233592110357,0.122675876226304,0.217761249217105
