"","bcubed.precision","bcubed.recall","bcubed.f1"
"majority-vote",0.985323383084577,0.559652047861987,0.713847273042696
