"","bcubed.precision","bcubed.recall","bcubed.f1"
"majority-vote",0.875816993464052,0.489290435705012,0.627831728365472
