"","bcubed.precision","bcubed.recall","bcubed.f1"
"majority-vote",0.990867579908676,0.276496604085391,0.432348529969727
