"","bcubed.precision","bcubed.recall","bcubed.f1"
"majority-vote",0.963864604599566,0.462528084600471,0.625093570312189
