"","bcubed.precision","bcubed.recall","bcubed.f1"
"majority-vote",0.998691883372734,0.0438130411207886,0.0839434472205781
