"","bcubed.precision","bcubed.recall","bcubed.f1"
"majority-vote",0.998058252427184,0.17360609808317,0.295765589843403
