"","bcubed.precision","bcubed.recall","bcubed.f1"
"majority-vote",0.986439840953869,0.0294873047249453,0.0572628702889868
