"","bcubed.precision","bcubed.recall","bcubed.f1"
"majority-vote",0.991021663986889,0.280688960057865,0.437471913814106
