"","bcubed.precision","bcubed.recall","bcubed.f1"
"majority-vote",0.991247264770241,0.605595018760506,0.751851841720443
