"","bcubed.precision","bcubed.recall","bcubed.f1"
"majority-vote",0.98068669527897,0.376263437728462,0.543861617791977
