"","bcubed.precision","bcubed.recall","bcubed.f1"
"majority-vote",0.960910500563862,0.280676684006845,0.434452249954362
