"","bcubed.precision","bcubed.recall","bcubed.f1"
"majority-vote",0.997363796133568,0.73674524219338,0.847470390035295
