"","bcubed.precision","bcubed.recall","bcubed.f1"
"majority-vote",0.988632795775653,0.0330297506509681,0.0639238363861949
