"","bcubed.precision","bcubed.recall","bcubed.f1"
"majority-vote",0.989001692047377,0.662143359086704,0.793220319516927
