"","bcubed.precision","bcubed.recall","bcubed.f1"
"majority-vote",0.998039215686275,0.743456278584678,0.852139467046182
