"","bcubed.precision","bcubed.recall","bcubed.f1"
"majority-vote",0.989130434782609,0.663429665123536,0.794184094301433
