"","bcubed.precision","bcubed.recall","bcubed.f1"
"majority-vote",0.963953974972873,0.359643474930062,0.523844704078742
