"","bcubed.precision","bcubed.recall","bcubed.f1"
"majority-vote",0.988962472406181,0.734735717498875,0.84310125287402
