"","bcubed.precision","bcubed.recall","bcubed.f1"
"majority-vote",0.989240757004357,0.168914274236154,0.288557023899011
