"","bcubed.precision","bcubed.recall","bcubed.f1"
"majority-vote",0.988783433994823,0.646114591922158,0.781537924478962
