"","bcubed.precision","bcubed.recall","bcubed.f1"
"majority-vote",0.995454545454545,0.209240754493025,0.345796418668663
