"","bcubed.precision","bcubed.recall","bcubed.f1"
"majority-vote",0.963857442348008,0.356864608600806,0.520876604828985
