"","bcubed.precision","bcubed.recall","bcubed.f1"
"majority-vote",0.996681415929204,0.274569685668558,0.430534145047236
