"","bcubed.precision","bcubed.recall","bcubed.f1"
"majority-vote",0.994495412844037,0.864884508851301,0.925172598301746
