"","bcubed.precision","bcubed.recall","bcubed.f1"
"majority-vote",0.887439916405434,0.493894623894624,0.634606304200471
