"","bcubed.precision","bcubed.recall","bcubed.f1"
"majority-vote",0.995121951219512,0.282460497981551,0.440022703927423
