"","bcubed.precision","bcubed.recall","bcubed.f1"
"majority-vote",0.862857142857143,0.284708273017668,0.428145643996326
