"","bcubed.precision","bcubed.recall","bcubed.f1"
"majority-vote",0.987532467532467,0.253767347877121,0.403775932481827
