"","bcubed.precision","bcubed.recall","bcubed.f1"
"majority-vote",0.939351057181481,0.39811800502437,0.559224253435576
