"","bcubed.precision","bcubed.recall","bcubed.f1"
"majority-vote",0.984496124031008,0.166245810926662,0.284457099409888
