"","bcubed.precision","bcubed.recall","bcubed.f1"
"majority-vote",0.987581699346405,0.51064304758066,0.673199037358693
