"","bcubed.precision","bcubed.recall","bcubed.f1"
"majority-vote",0.964525512729832,0.0514780677875978,0.0977396353305903
