"","bcubed.precision","bcubed.recall","bcubed.f1"
"majority-vote",0.54225799729082,0.180243840779555,0.27055616740343
