"","bcubed.precision","bcubed.recall","bcubed.f1"
"majority-vote",0.86046511627907,0.27395959661501,0.415598626295286
