"","bcubed.precision","bcubed.recall","bcubed.f1"
"majority-vote",0.993728956228956,0.479112965496311,0.646516669705737
