"","bcubed.precision","bcubed.recall","bcubed.f1"
"majority-vote",0.976666666666667,0.333279740118254,0.496971801537637
