"","bcubed.precision","bcubed.recall","bcubed.f1"
"majority-vote",0.981981981981982,0.149766911664625,0.259895829503098
