"","bcubed.precision","bcubed.recall","bcubed.f1"
"majority-vote",0.985701519213584,0.312404011717618,0.474440793326833
