"","bcubed.precision","bcubed.recall","bcubed.f1"
"majority-vote",0.931494442157266,0.414742763308501,0.573941319372694
