"","bcubed.precision","bcubed.recall","bcubed.f1"
"majority-vote",0.905951405951406,0.627643335871942,0.741544486378676
