"","bcubed.precision","bcubed.recall","bcubed.f1"
"majority-vote",0.993808049535604,0.716042733378373,0.832363899065108
