"","bcubed.precision","bcubed.recall","bcubed.f1"
"majority-vote",0.98113952799447,0.578401481490196,0.727768687183308
