"","bcubed.precision","bcubed.recall","bcubed.f1"
"majority-vote",0.99746192893401,0.376799800244618,0.546975074098267
