"","bcubed.precision","bcubed.recall","bcubed.f1"
"majority-vote",0.858823849928172,0.251508217582527,0.389075056072299
