"","bcubed.precision","bcubed.recall","bcubed.f1"
"majority-vote",0.939393939393939,0.099037045428798,0.179183405755514
