"","bcubed.precision","bcubed.recall","bcubed.f1"
"majority-vote",0.864069912058801,0.50177165827077,0.634869815144088
