"","bcubed.precision","bcubed.recall","bcubed.f1"
"majority-vote",0.985401459854015,0.31481988238854,0.477186401450199
