"","bcubed.precision","bcubed.recall","bcubed.f1"
"majority-vote",0.997181113460183,0.0324917067212139,0.0629328377936088
