"","bcubed.precision","bcubed.recall","bcubed.f1"
"majority-vote",0.99598695761224,0.579162444737645,0.732423528126232
