"","bcubed.precision","bcubed.recall","bcubed.f1"
"majority-vote",0.994318181818182,0.159193098877001,0.274446544706501
