"","bcubed.precision","bcubed.recall","bcubed.f1"
"majority-vote",0.98421670826604,0.564403559240588,0.717406874835481
