"","bcubed.precision","bcubed.recall","bcubed.f1"
"majority-vote",0.889429852658552,0.190913182146455,0.314351790119599
