"","bcubed.precision","bcubed.recall","bcubed.f1"
"majority-vote",0.996031746031746,0.127824106922255,0.226571527065639
