"","bcubed.precision","bcubed.recall","bcubed.f1"
"majority-vote",0.79497620306716,0.359249256577523,0.494867978456508
