"","bcubed.precision","bcubed.recall","bcubed.f1"
"majority-vote",0.98442480440452,0.66218752388537,0.791775711234934
