"","bcubed.precision","bcubed.recall","bcubed.f1"
"majority-vote",0.862342025275956,0.284667479621362,0.428036088382482
