"","bcubed.precision","bcubed.recall","bcubed.f1"
"majority-vote",0.982285327924273,0.768930581066503,0.862611199562704
