"","bcubed.precision","bcubed.recall","bcubed.f1"
"majority-vote",0.974576271186441,0.425205322593382,0.592085250474965
