"","bcubed.precision","bcubed.recall","bcubed.f1"
"majority-vote",0.908035714285714,0.336133677515942,0.490642811131509
