"","bcubed.precision","bcubed.recall","bcubed.f1"
"majority-vote",0.941704459561602,0.617462457208518,0.7458690192961
