"","bcubed.precision","bcubed.recall","bcubed.f1"
"majority-vote",0.840084627951577,0.491865403115403,0.620456555487218
