"","bcubed.precision","bcubed.recall","bcubed.f1"
"majority-vote",0.865497076023392,0.239428984930164,0.375093128301218
