"","bcubed.precision","bcubed.recall","bcubed.f1"
"majority-vote",0.930899470899471,0.325511049411377,0.482355183708607
