"","bcubed.precision","bcubed.recall","bcubed.f1"
"majority-vote",0.962351469668543,0.511394451750314,0.667877949746509
