"","bcubed.precision","bcubed.recall","bcubed.f1"
"majority-vote",0.981308411214953,0.16774374495551,0.286511533823044
