"","bcubed.precision","bcubed.recall","bcubed.f1"
"majority-vote",0.95952380952381,0.189190926033031,0.316063148587631
