"","bcubed.precision","bcubed.recall","bcubed.f1"
"majority-vote",0.981981981981982,0.187304962528326,0.314602158524323
