"","bcubed.precision","bcubed.recall","bcubed.f1"
"majority-vote",0.99320882852292,0.689229741849114,0.813758168102079
