"","bcubed.precision","bcubed.recall","bcubed.f1"
"majority-vote",0.997448979591837,0.360867558234508,0.52998983330471
