"","bcubed.precision","bcubed.recall","bcubed.f1"
"majority-vote",0.537007686632874,0.281433857326714,0.369316894477311
