"","bcubed.precision","bcubed.recall","bcubed.f1"
"majority-vote",0.914167324388319,0.240541546768639,0.380866948728628
