"","bcubed.precision","bcubed.recall","bcubed.f1"
"majority-vote",0.928104575163399,0.28278391005025,0.433488374701862
