"","bcubed.precision","bcubed.recall","bcubed.f1"
"majority-vote",0.889185432304698,0.436938960029547,0.585947683807799
