"","bcubed.precision","bcubed.recall","bcubed.f1"
"majority-vote",0.619489901223647,0.62360415864459,0.621540221473411
