"","bcubed.precision","bcubed.recall","bcubed.f1"
"majority-vote",0.932155844155844,0.325772118751394,0.48281045228587
