"","bcubed.precision","bcubed.recall","bcubed.f1"
"majority-vote",0.993320610687023,0.267416278732435,0.421388639497128
