"","bcubed.precision","bcubed.recall","bcubed.f1"
"majority-vote",0.956253850893407,0.533897427556278,0.68522099529912
