"","bcubed.precision","bcubed.recall","bcubed.f1"
"majority-vote",0.986413043478261,0.249304608022948,0.39801538297089
