"","bcubed.precision","bcubed.recall","bcubed.f1"
"majority-vote",0.992957746478873,0.434497236711738,0.604484767781954
