"","bcubed.precision","bcubed.recall","bcubed.f1"
"majority-vote",0.968994601889339,0.362799333967133,0.527935421116208
