"","bcubed.precision","bcubed.recall","bcubed.f1"
"majority-vote",0.974822335025381,0.713383859421223,0.823859694269603
