"","bcubed.precision","bcubed.recall","bcubed.f1"
"majority-vote",0.941266666666667,0.575739374070477,0.714465555109773
