"","bcubed.precision","bcubed.recall","bcubed.f1"
"majority-vote",0.945928716314112,0.427730751343616,0.589087485032137
