"","bcubed.precision","bcubed.recall","bcubed.f1"
"majority-vote",0.974576271186441,0.429627655373924,0.59635913338958
