"","bcubed.precision","bcubed.recall","bcubed.f1"
"majority-vote",0.996732026143791,0.339643004246576,0.506643796972718
