"","bcubed.precision","bcubed.recall","bcubed.f1"
"majority-vote",0.899274215056868,0.53591752998821,0.671599203074047
