"","bcubed.precision","bcubed.recall","bcubed.f1"
"majority-vote",0.938775510204082,0.0909935425399343,0.165906149724696
