"","bcubed.precision","bcubed.recall","bcubed.f1"
"majority-vote",0.963150444482192,0.341054572882207,0.503735009589219
