"","bcubed.precision","bcubed.recall","bcubed.f1"
"majority-vote",0.863095238095238,0.21810954048572,0.348221372131625
