"","bcubed.precision","bcubed.recall","bcubed.f1"
"majority-vote",0.906048610484483,0.090980557957681,0.165356863626085
