"","bcubed.precision","bcubed.recall","bcubed.f1"
"majority-vote",0.988888888888889,0.378811795080381,0.54778473027869
