"","bcubed.precision","bcubed.recall","bcubed.f1"
"majority-vote",0.99597787833082,0.575189269743924,0.729235955856371
