"","bcubed.precision","bcubed.recall","bcubed.f1"
"majority-vote",0.991844769403824,0.503755256402921,0.668155934075227
