"","bcubed.precision","bcubed.recall","bcubed.f1"
"majority-vote",0.967948717948718,0.122136112798603,0.216903291311006
