"","bcubed.precision","bcubed.recall","bcubed.f1"
"majority-vote",0.930371928418803,0.383278088515377,0.542901335570251
