"","bcubed.precision","bcubed.recall","bcubed.f1"
"majority-vote",0.966996972199284,0.391001833633272,0.556845245553718
