"","bcubed.precision","bcubed.recall","bcubed.f1"
"majority-vote",0.991280767626199,0.486708563077341,0.652866469324095
