"","bcubed.precision","bcubed.recall","bcubed.f1"
"majority-vote",0.984227129337539,0.355485603941044,0.522318802824964
