"","bcubed.precision","bcubed.recall","bcubed.f1"
"majority-vote",0.963855421686747,0.114741423451101,0.205070399721527
