"","bcubed.precision","bcubed.recall","bcubed.f1"
"majority-vote",0.981843381843382,0.723636145480806,0.833193654828233
