"","bcubed.precision","bcubed.recall","bcubed.f1"
"majority-vote",0.862518342336441,0.572553085407844,0.688241056965125
