"","bcubed.precision","bcubed.recall","bcubed.f1"
"majority-vote",0.994152046783626,0.143800240301504,0.251257113055079
