"","bcubed.precision","bcubed.recall","bcubed.f1"
"majority-vote",0.991161616161616,0.509722810783454,0.673226633390953
