"","bcubed.precision","bcubed.recall","bcubed.f1"
"majority-vote",0.892692283966653,0.202205974203444,0.329725089242643
