"","bcubed.precision","bcubed.recall","bcubed.f1"
"majority-vote",0.929336741045862,0.421768038910239,0.580213378818601
