"","bcubed.precision","bcubed.recall","bcubed.f1"
"majority-vote",0.997830802603037,0.0307851964262731,0.0597276676375027
