"","bcubed.precision","bcubed.recall","bcubed.f1"
"majority-vote",0.980902777777778,0.499787892941922,0.662181969780559
