"","bcubed.precision","bcubed.recall","bcubed.f1"
"majority-vote",0.995726495726496,0.472046058006536,0.640465399035995
