"","bcubed.precision","bcubed.recall","bcubed.f1"
"majority-vote",0.989795918367347,0.587541586853513,0.737377083362071
