"","bcubed.precision","bcubed.recall","bcubed.f1"
"majority-vote",0.986111111111111,0.232588244058007,0.376397756848892
