"","bcubed.precision","bcubed.recall","bcubed.f1"
"majority-vote",0.834084434084434,0.444154778959432,0.579645161365522
