"","bcubed.precision","bcubed.recall","bcubed.f1"
"majority-vote",0.895586363940794,0.2451897824632,0.384981096324373
