"","bcubed.precision","bcubed.recall","bcubed.f1"
"majority-vote",0.857142857142857,0.128184922511164,0.223017746972351
