"","bcubed.precision","bcubed.recall","bcubed.f1"
"majority-vote",0.99746835443038,0.414656281090611,0.58579321959223
