"","bcubed.precision","bcubed.recall","bcubed.f1"
"majority-vote",0.994594594594595,0.327890359826096,0.493189700816773
