"","bcubed.precision","bcubed.recall","bcubed.f1"
"majority-vote",0.909817351598174,0.152560889402995,0.261305322336589
