"","bcubed.precision","bcubed.recall","bcubed.f1"
"majority-vote",0.982078853046595,0.323969265975725,0.487215379767107
