"","bcubed.precision","bcubed.recall","bcubed.f1"
"majority-vote",0.96890243902439,0.488563431309641,0.649579945368527
