"","bcubed.precision","bcubed.recall","bcubed.f1"
"majority-vote",0.876358238271707,0.218587202143786,0.349899982791433
