"","bcubed.precision","bcubed.recall","bcubed.f1"
"majority-vote",0.984674329501916,0.169116462733484,0.28865655831279
