"","bcubed.precision","bcubed.recall","bcubed.f1"
"majority-vote",0.967559523809524,0.477493684626953,0.639427751756753
