"","bcubed.precision","bcubed.recall","bcubed.f1"
"majority-vote",0.797587971180954,0.350930007898527,0.487406480568351
