"","bcubed.precision","bcubed.recall","bcubed.f1"
"majority-vote",0.900408020158417,0.116685822991744,0.206598145428042
