"","bcubed.precision","bcubed.recall","bcubed.f1"
"majority-vote",0.859649122807018,0.135999474651957,0.234845565765159
