"","bcubed.precision","bcubed.recall","bcubed.f1"
"majority-vote",0.602800861803632,0.604158644589912,0.603478989470199
