"","bcubed.precision","bcubed.recall","bcubed.f1"
"majority-vote",0.922155448717949,0.30554594194643,0.459005516067848
