"","bcubed.precision","bcubed.recall","bcubed.f1"
"majority-vote",0.972058422443548,0.0385599534626186,0.0741774114264668
