"","bcubed.precision","bcubed.recall","bcubed.f1"
"majority-vote",0.996055226824458,0.122615132256815,0.218351085072952
