"","bcubed.precision","bcubed.recall","bcubed.f1"
"majority-vote",0.991747296528173,0.335220414574761,0.501073141590231
