"","bcubed.precision","bcubed.recall","bcubed.f1"
"majority-vote",0.984749670619236,0.538248660185782,0.696048288574326
