"","bcubed.precision","bcubed.recall","bcubed.f1"
"majority-vote",0.985368956743003,0.297079338513879,0.456521731042086
