"","bcubed.precision","bcubed.recall","bcubed.f1"
"majority-vote",0.968449519230769,0.432099670617624,0.597575181653863
