"","bcubed.precision","bcubed.recall","bcubed.f1"
"majority-vote",0.981308411214953,0.136292023955356,0.239342264516065
