"","bcubed.precision","bcubed.recall","bcubed.f1"
"majority-vote",0.900990099009901,0.322135028540098,0.474588355224573
