"","bcubed.precision","bcubed.recall","bcubed.f1"
"majority-vote",0.995744680851064,0.472566891339869,0.640948389034161
