"","bcubed.precision","bcubed.recall","bcubed.f1"
"majority-vote",0.998106060606061,0.565717875751559,0.722135564309066
