"","bcubed.precision","bcubed.recall","bcubed.f1"
"majority-vote",0.89150388573829,0.541267678981998,0.673578748935042
