"","bcubed.precision","bcubed.recall","bcubed.f1"
"majority-vote",0.91857764401845,0.597844343161837,0.724292384143686
