"","bcubed.precision","bcubed.recall","bcubed.f1"
"majority-vote",0.976744186046512,0.251623638977017,0.400160149811739
