"","bcubed.precision","bcubed.recall","bcubed.f1"
"majority-vote",0.985073957866428,0.269305921042166,0.422975932535986
