"","bcubed.precision","bcubed.recall","bcubed.f1"
"majority-vote",0.994690265486726,0.245669379211374,0.394022719256072
