"","bcubed.precision","bcubed.recall","bcubed.f1"
"majority-vote",0.962530320439168,0.218464331008157,0.356104140305988
