"","bcubed.precision","bcubed.recall","bcubed.f1"
"majority-vote",0.981735641891892,0.715586067263671,0.827793980698573
