"","bcubed.precision","bcubed.recall","bcubed.f1"
"majority-vote",0.997668997668998,0.451621457528041,0.621778367810413
