"","bcubed.precision","bcubed.recall","bcubed.f1"
"majority-vote",0.989326556543837,0.225301910749726,0.367021141932287
