"","bcubed.precision","bcubed.recall","bcubed.f1"
"majority-vote",0.986288265306122,0.325514622949457,0.489480936007888
