"","bcubed.precision","bcubed.recall","bcubed.f1"
"majority-vote",0.986274509803922,0.255440905628599,0.405785175655504
