"","bcubed.precision","bcubed.recall","bcubed.f1"
"majority-vote",0.968120805369127,0.443780503024876,0.608588058444757
