"","bcubed.precision","bcubed.recall","bcubed.f1"
"majority-vote",0.992295839753467,0.172144430800471,0.293391094141352
