"","bcubed.precision","bcubed.recall","bcubed.f1"
"majority-vote",0.948453608247423,0.419486116871621,0.581696859665312
