"","bcubed.precision","bcubed.recall","bcubed.f1"
"majority-vote",0.933521923620934,0.14430529478075,0.249969854300352
