"","bcubed.precision","bcubed.recall","bcubed.f1"
"majority-vote",0.952594810379242,0.3715955677932,0.534636129781081
