"","bcubed.precision","bcubed.recall","bcubed.f1"
"majority-vote",0.995918367346939,0.141241794199541,0.247397511515108
