"","bcubed.precision","bcubed.recall","bcubed.f1"
"majority-vote",0.948997812597652,0.255464433670477,0.402561706688499
