"","bcubed.precision","bcubed.recall","bcubed.f1"
"majority-vote",0.977189022216942,0.473857642007543,0.638226870685587
