"","bcubed.precision","bcubed.recall","bcubed.f1"
"majority-vote",0.939136262099777,0.243395762163938,0.386597202611726
