"","bcubed.precision","bcubed.recall","bcubed.f1"
"majority-vote",0.94269340974212,0.447978206752501,0.607341227367761
