"","bcubed.precision","bcubed.recall","bcubed.f1"
"majority-vote",0.998069498069498,0.392621261701944,0.563552037496352
