"","bcubed.precision","bcubed.recall","bcubed.f1"
"majority-vote",0.948096885813149,0.431134244608783,0.592731741134563
