"","bcubed.precision","bcubed.recall","bcubed.f1"
"majority-vote",0.578727900374242,0.546952217850412,0.562391577352941
