"","bcubed.precision","bcubed.recall","bcubed.f1"
"majority-vote",0.963007627293342,0.245075390163249,0.390717304322309
