"","bcubed.precision","bcubed.recall","bcubed.f1"
"majority-vote",0.957180952380952,0.285326537112251,0.439609626247098
