"","bcubed.precision","bcubed.recall","bcubed.f1"
"majority-vote",0.943661971830986,0.511337253382466,0.663271172157153
