"","bcubed.precision","bcubed.recall","bcubed.f1"
"majority-vote",0.836106806147488,0.808441387154128,0.822041395836324
