"","bcubed.precision","bcubed.recall","bcubed.f1"
"majority-vote",0.946808510638298,0.407163377378541,0.569444246714584
