"","bcubed.precision","bcubed.recall","bcubed.f1"
"majority-vote",0.947095241271747,0.284833178186404,0.437954256685308
