"","bcubed.precision","bcubed.recall","bcubed.f1"
"majority-vote",0.985386819484241,0.359496238088537,0.526800977485647
