"","bcubed.precision","bcubed.recall","bcubed.f1"
"majority-vote",0.976608187134503,0.448850880885497,0.615031963961185
