"","bcubed.precision","bcubed.recall","bcubed.f1"
"majority-vote",0.993957703927492,0.430313854773416,0.600607051999121
