"","bcubed.precision","bcubed.recall","bcubed.f1"
"majority-vote",0.997991967871486,0.26266318336306,0.41587225022669
