"","bcubed.precision","bcubed.recall","bcubed.f1"
"majority-vote",0.996389891696751,0.501322984563659,0.667034599504404
