"","bcubed.precision","bcubed.recall","bcubed.f1"
"majority-vote",0.974842767295597,0.176596169515247,0.299023236196722
