"","bcubed.precision","bcubed.recall","bcubed.f1"
"majority-vote",0.994614003590664,0.23256333511361,0.376980151980278
