"","bcubed.precision","bcubed.recall","bcubed.f1"
"majority-vote",0.990825688073395,0.193083690545701,0.323187372269725
