"","bcubed.precision","bcubed.recall","bcubed.f1"
"majority-vote",0.983575530804038,0.110851843662238,0.199247868820649
