"","bcubed.precision","bcubed.recall","bcubed.f1"
"majority-vote",0.941879108545775,0.259577131937694,0.406989900073199
