"","bcubed.precision","bcubed.recall","bcubed.f1"
"majority-vote",0.998017839444995,0.433904772455355,0.604843725396665
