"","bcubed.precision","bcubed.recall","bcubed.f1"
"majority-vote",0.99868073878628,0.468368905609726,0.637675768458973
