"","bcubed.precision","bcubed.recall","bcubed.f1"
"majority-vote",0.962568423312225,0.311222642066796,0.47036456137202
