"","bcubed.precision","bcubed.recall","bcubed.f1"
"majority-vote",0.947735191637631,0.42194203813498,0.583917597050534
