"","bcubed.precision","bcubed.recall","bcubed.f1"
"majority-vote",0.995402080162354,0.428322616988621,0.598926498619058
