"","bcubed.precision","bcubed.recall","bcubed.f1"
"majority-vote",0.977100699434703,0.392848605412395,0.560389564434636
