"","bcubed.precision","bcubed.recall","bcubed.f1"
"majority-vote",0.997171145685997,0.145606296537661,0.254107916682412
