"","bcubed.precision","bcubed.recall","bcubed.f1"
"majority-vote",0.872683801554095,0.182357542143256,0.301676278508549
