"","bcubed.precision","bcubed.recall","bcubed.f1"
"majority-vote",0.992977528089888,0.133492610221345,0.235346073735395
