"","bcubed.precision","bcubed.recall","bcubed.f1"
"majority-vote",0.979381443298969,0.372457013377055,0.53967615069182
