"","bcubed.precision","bcubed.recall","bcubed.f1"
"majority-vote",0.993788819875776,0.248545618302233,0.397641487038097
