"","bcubed.precision","bcubed.recall","bcubed.f1"
"majority-vote",0.990717843959431,0.508772455115202,0.672295046001617
