"","bcubed.precision","bcubed.recall","bcubed.f1"
"majority-vote",0.997521143190435,0.287515428051664,0.446372850225988
