"","bcubed.precision","bcubed.recall","bcubed.f1"
"majority-vote",0.997278258085174,0.445228346868377,0.615618048042608
