"","bcubed.precision","bcubed.recall","bcubed.f1"
"majority-vote",0.982269503546099,0.272954606043937,0.427198590787054
