"","bcubed.precision","bcubed.recall","bcubed.f1"
"majority-vote",0.993071593533487,0.172964449716355,0.294615389805167
