"","bcubed.precision","bcubed.recall","bcubed.f1"
"majority-vote",0.987458335316575,0.41038341064502,0.579803143936443
