"","bcubed.precision","bcubed.recall","bcubed.f1"
"majority-vote",0.994845360824742,0.166399687061231,0.285111152063763
