"","bcubed.precision","bcubed.recall","bcubed.f1"
"majority-vote",0.988105284307816,0.491351903094478,0.656331816880533
