"","bcubed.precision","bcubed.recall","bcubed.f1"
"majority-vote",0.936808846761453,0.159597792342148,0.272732065745169
