"","bcubed.precision","bcubed.recall","bcubed.f1"
"majority-vote",0.98220640569395,0.641273019259576,0.775941422643513
