"","bcubed.precision","bcubed.recall","bcubed.f1"
"majority-vote",0.981569602272727,0.684471897337498,0.806530699497713
