"","bcubed.precision","bcubed.recall","bcubed.f1"
"majority-vote",0.980594825286743,0.27529480248547,0.429898699337854
