"","bcubed.precision","bcubed.recall","bcubed.f1"
"majority-vote",0.981601731601732,0.313258023497385,0.474946598799237
