"","bcubed.precision","bcubed.recall","bcubed.f1"
"majority-vote",0.995024875621891,0.133745618233503,0.235796768027165
