"","bcubed.precision","bcubed.recall","bcubed.f1"
"majority-vote",0.975308641975309,0.223195995147331,0.363260977352724
