"","bcubed.precision","bcubed.recall","bcubed.f1"
"majority-vote",0.947368421052632,0.411472307500306,0.573747698420215
