"","bcubed.precision","bcubed.recall","bcubed.f1"
"majority-vote",0.993258426966292,0.231771101551109,0.375841715458909
