"","bcubed.precision","bcubed.recall","bcubed.f1"
"majority-vote",0.953846153846154,0.312852044568802,0.471166249084853
