"","bcubed.precision","bcubed.recall","bcubed.f1"
"majority-vote",0.939522856189523,0.231340900783767,0.37126448327289
