"","bcubed.precision","bcubed.recall","bcubed.f1"
"majority-vote",0.948453608247423,0.454427701169504,0.614454822326964
