"","bcubed.precision","bcubed.recall","bcubed.f1"
"majority-vote",0.809679091744999,0.859442766779221,0.833819095063407
