"","bcubed.precision","bcubed.recall","bcubed.f1"
"majority-vote",0.996031746031746,0.163623153059773,0.281073024329945
