"","bcubed.precision","bcubed.recall","bcubed.f1"
"majority-vote",0.980099502487562,0.426040466960509,0.593912496309257
