"","bcubed.precision","bcubed.recall","bcubed.f1"
"majority-vote",0.98090692124105,0.394088875175565,0.562277362958113
