"","bcubed.precision","bcubed.recall","bcubed.f1"
"majority-vote",0.992805755395683,0.502946361187036,0.667661488165029
