"","bcubed.precision","bcubed.recall","bcubed.f1"
"majority-vote",0.980757146536183,0.0958606431350552,0.174650673113936
