"","bcubed.precision","bcubed.recall","bcubed.f1"
"majority-vote",0.974112913863606,0.282924930664292,0.438492492193119
