"","bcubed.precision","bcubed.recall","bcubed.f1"
"majority-vote",0.982078853046595,0.238845534573378,0.384241892499792
