"","bcubed.precision","bcubed.recall","bcubed.f1"
"majority-vote",0.939393939393939,0.273327860645211,0.423448371669963
