"","bcubed.precision","bcubed.recall","bcubed.f1"
"majority-vote",0.0272373540856031,0.520833333333333,0.0517674900162698
