"","bcubed.precision","bcubed.recall","bcubed.f1"
"majority-vote",0.958618287740628,0.235437566140992,0.378030484571075
