"","bcubed.precision","bcubed.recall","bcubed.f1"
"majority-vote",0.989445910290237,0.214360837552353,0.352379573254061
