"","bcubed.precision","bcubed.recall","bcubed.f1"
"majority-vote",0.998659517426273,0.508345753416883,0.673739282290587
