"","bcubed.precision","bcubed.recall","bcubed.f1"
"majority-vote",0.970414201183432,0.249074551974659,0.396404610971064
