"","bcubed.precision","bcubed.recall","bcubed.f1"
"majority-vote",0.952076677316294,0.404373677821115,0.567650332525582
