"","bcubed.precision","bcubed.recall","bcubed.f1"
"majority-vote",0.990217391304348,0.800120101660825,0.885076520946393
