"","bcubed.precision","bcubed.recall","bcubed.f1"
"majority-vote",0.709156106921162,0.462321422165134,0.559734270182028
