"","bcubed.precision","bcubed.recall","bcubed.f1"
"majority-vote",0.967741935483871,0.492499725022837,0.652785973731894
