"","bcubed.precision","bcubed.recall","bcubed.f1"
"majority-vote",0.990160349854227,0.778410104341071,0.871608840254106
