"","bcubed.precision","bcubed.recall","bcubed.f1"
"majority-vote",0.991735537190083,0.516997242983043,0.67967574541165
