"","bcubed.precision","bcubed.recall","bcubed.f1"
"majority-vote",0.993522267206478,0.59510236200952,0.744351355317228
