"","bcubed.precision","bcubed.recall","bcubed.f1"
"majority-vote",0.996710526315789,0.728323961006292,0.84163900935094
