"","bcubed.precision","bcubed.recall","bcubed.f1"
"majority-vote",0.998554913294798,0.855562094913645,0.921544573209336
