"","bcubed.precision","bcubed.recall","bcubed.f1"
"majority-vote",0.901905906593407,0.371041312995236,0.52577883298055
