"","bcubed.precision","bcubed.recall","bcubed.f1"
"majority-vote",0.926210818095165,0.326426377002414,0.482724994714363
