"","bcubed.precision","bcubed.recall","bcubed.f1"
"majority-vote",0.983483483483483,0.337453637093315,0.502491864832727
