"","bcubed.precision","bcubed.recall","bcubed.f1"
"majority-vote",0.984842930300499,0.383626675502995,0.552167205821099
