"","bcubed.precision","bcubed.recall","bcubed.f1"
"majority-vote",0.962648022602735,0.535374326912461,0.688076566175854
