"","bcubed.precision","bcubed.recall","bcubed.f1"
"majority-vote",0.951294054959275,0.508960115597097,0.663132134037227
