"","bcubed.precision","bcubed.recall","bcubed.f1"
"majority-vote",0.796532743247949,0.59025174118453,0.678050329940049
