"","bcubed.precision","bcubed.recall","bcubed.f1"
"majority-vote",0.900736463302368,0.360292651583662,0.514704577254158
