"","bcubed.precision","bcubed.recall","bcubed.f1"
"majority-vote",0.983539094650206,0.103997888295959,0.188105766523996
