"","bcubed.precision","bcubed.recall","bcubed.f1"
"majority-vote",0.99347471451876,0.387372629065963,0.557403993803717
