"","bcubed.precision","bcubed.recall","bcubed.f1"
"majority-vote",0.988842009978719,0.344047589170113,0.510482953457751
