"","bcubed.precision","bcubed.recall","bcubed.f1"
"majority-vote",0.986338939704967,0.730443889702499,0.839320197455374
