"","bcubed.precision","bcubed.recall","bcubed.f1"
"majority-vote",0.978467661691542,0.630745443015901,0.767038270997135
