"","bcubed.precision","bcubed.recall","bcubed.f1"
"majority-vote",0.998810939357907,0.328694461899681,0.494617383764691
