"","bcubed.precision","bcubed.recall","bcubed.f1"
"majority-vote",0.963565891472868,0.5413103920783,0.693197488999726
