"","bcubed.precision","bcubed.recall","bcubed.f1"
"majority-vote",0.985074626865672,0.129082879486105,0.228255464096607
