"","bcubed.precision","bcubed.recall","bcubed.f1"
"majority-vote",0.810237128974738,0.573091779385368,0.671337431267428
