"","bcubed.precision","bcubed.recall","bcubed.f1"
"majority-vote",0.974619289340102,0.262752230924934,0.413915123117969
