"","bcubed.precision","bcubed.recall","bcubed.f1"
"majority-vote",0.970731707317073,0.633157806720826,0.766419822986283
