"","bcubed.precision","bcubed.recall","bcubed.f1"
"majority-vote",0.994791666666667,0.378598298182057,0.548462478517056
