"","bcubed.precision","bcubed.recall","bcubed.f1"
"majority-vote",0.991678224687933,0.697424117883984,0.818920551640038
