"","bcubed.precision","bcubed.recall","bcubed.f1"
"majority-vote",0.992644832805835,0.183895454421958,0.310304499709996
