"","bcubed.precision","bcubed.recall","bcubed.f1"
"majority-vote",0.99622030237581,0.715905233678257,0.833115695489348
