"","bcubed.precision","bcubed.recall","bcubed.f1"
"majority-vote",0.993074792243767,0.621061868851429,0.764199093231281
