"","bcubed.precision","bcubed.recall","bcubed.f1"
"majority-vote",0.459083969465649,0.216605771456754,0.294336975528997
