"","bcubed.precision","bcubed.recall","bcubed.f1"
"majority-vote",0.960316227614851,0.599744428874958,0.738361428543577
