"","bcubed.precision","bcubed.recall","bcubed.f1"
"majority-vote",0.981660231660232,0.490985555670137,0.654578308602934
