"","bcubed.precision","bcubed.recall","bcubed.f1"
"majority-vote",0.442544529262087,0.205896266771346,0.281038043912488
