"","bcubed.precision","bcubed.recall","bcubed.f1"
"majority-vote",0.816674623567622,0.565001572211295,0.667916908043202
