"","bcubed.precision","bcubed.recall","bcubed.f1"
"majority-vote",0.99835661462613,0.707403058238473,0.828065680803783
