"","bcubed.precision","bcubed.recall","bcubed.f1"
"majority-vote",0.98992002975637,0.40630375940813,0.576137196235716
