"","bcubed.precision","bcubed.recall","bcubed.f1"
"majority-vote",0.997747747747748,0.545314383688761,0.705203228120694
