"","bcubed.precision","bcubed.recall","bcubed.f1"
"majority-vote",0.992198100407056,0.835628594233089,0.907207566532582
