"","bcubed.precision","bcubed.recall","bcubed.f1"
"majority-vote",0.988679245283019,0.340036142319812,0.50603263828264
