"","bcubed.precision","bcubed.recall","bcubed.f1"
"majority-vote",0.974203338391502,0.471049175737347,0.635041523974095
