"","bcubed.precision","bcubed.recall","bcubed.f1"
"majority-vote",0.974203338391502,0.452021495395393,0.617519537462646
