"","bcubed.precision","bcubed.recall","bcubed.f1"
"majority-vote",0.987400466256224,0.301808913669557,0.462308553936771
