"","bcubed.precision","bcubed.recall","bcubed.f1"
"majority-vote",0.99496644295302,0.0639713914621664,0.120213643795281
