"","bcubed.precision","bcubed.recall","bcubed.f1"
"majority-vote",0.95477314489014,0.473651274412392,0.633186482590036
