"","bcubed.precision","bcubed.recall","bcubed.f1"
"majority-vote",0.988587520379428,0.40060081373542,0.570158783207777
