"","bcubed.precision","bcubed.recall","bcubed.f1"
"majority-vote",0.998609179415855,0.391584463979053,0.56256887967231
