"","bcubed.precision","bcubed.recall","bcubed.f1"
"majority-vote",0.998544395924309,0.837150807804659,0.910752772005687
