"","bcubed.precision","bcubed.recall","bcubed.f1"
"majority-vote",0.973809523809524,0.622988691919023,0.75986097108655
