"","bcubed.precision","bcubed.recall","bcubed.f1"
"majority-vote",0.996236559139785,0.717453456404493,0.834168789300378
