"","bcubed.precision","bcubed.recall","bcubed.f1"
"majority-vote",0.972266952943282,0.400139313880287,0.566949074576349
