"","bcubed.precision","bcubed.recall","bcubed.f1"
"majority-vote",0.99890350877193,0.450135800432287,0.620607360503707
