"","bcubed.precision","bcubed.recall","bcubed.f1"
"majority-vote",0.959134462846627,0.251066651508111,0.397961421579633
