"","bcubed.precision","bcubed.recall","bcubed.f1"
"majority-vote",0.99026402640264,0.308188412228615,0.470079440577514
