"","bcubed.precision","bcubed.recall","bcubed.f1"
"majority-vote",0.990302432610125,0.309456872844211,0.471557914883974
