"","bcubed.precision","bcubed.recall","bcubed.f1"
"majority-vote",0.957557528188268,0.544737645348413,0.69442762298562
