"","bcubed.precision","bcubed.recall","bcubed.f1"
"majority-vote",0.998351195383347,0.658351315276095,0.793462698775615
