"","bcubed.precision","bcubed.recall","bcubed.f1"
"majority-vote",0.987153820487154,0.179553930580001,0.303841897670449
