"","bcubed.precision","bcubed.recall","bcubed.f1"
"majority-vote",0.998096885813149,0.439498042223699,0.610271528800505
