"","bcubed.precision","bcubed.recall","bcubed.f1"
"majority-vote",0.97029702970297,0.570986829037383,0.718916014169227
