"","bcubed.precision","bcubed.recall","bcubed.f1"
"majority-vote",0.965346534653465,0.570461205461205,0.71713761229657
