"","bcubed.precision","bcubed.recall","bcubed.f1"
"majority-vote",0.964993019316345,0.629218806024231,0.761745391402089
