"","bcubed.precision","bcubed.recall","bcubed.f1"
"majority-vote",0.990090783732877,0.264078846004526,0.416948434100799
