"","bcubed.precision","bcubed.recall","bcubed.f1"
"majority-vote",0.958868237848886,0.26487972542733,0.415093243354511
