"","bcubed.precision","bcubed.recall","bcubed.f1"
"majority-vote",0.992444910807975,0.658223753048724,0.791498412964169
