"","bcubed.precision","bcubed.recall","bcubed.f1"
"majority-vote",0.986095394517933,0.459447446444986,0.626835812988606
