"","bcubed.precision","bcubed.recall","bcubed.f1"
"majority-vote",0.985807528840316,0.379642517985223,0.548177435517047
