"","bcubed.precision","bcubed.recall","bcubed.f1"
"majority-vote",0.995054945054945,0.0990837374376274,0.180221693080495
