"","bcubed.precision","bcubed.recall","bcubed.f1"
"majority-vote",0.983394833948339,0.439329708726933,0.607334101581888
