"","bcubed.precision","bcubed.recall","bcubed.f1"
"majority-vote",0.983805668016194,0.14027774132719,0.245544122201418
