"","bcubed.precision","bcubed.recall","bcubed.f1"
"majority-vote",0.990219948849105,0.271728912512184,0.426437866203842
