"","bcubed.precision","bcubed.recall","bcubed.f1"
"majority-vote",0.994964028776978,0.401562048022971,0.572190952596301
