"","bcubed.precision","bcubed.recall","bcubed.f1"
"majority-vote",0.98377581120944,0.406555575198976,0.575344187296658
