"","bcubed.precision","bcubed.recall","bcubed.f1"
"majority-vote",0.991746905089409,0.538280464587189,0.697814948156478
