"","bcubed.precision","bcubed.recall","bcubed.f1"
"majority-vote",0.962664961024109,0.519908044902375,0.675173844095855
