"","bcubed.precision","bcubed.recall","bcubed.f1"
"majority-vote",0.984894259818731,0.359500659796231,0.526735308306224
