"","bcubed.precision","bcubed.recall","bcubed.f1"
"majority-vote",0.992715617715618,0.25585549661726,0.406851871638964
