"","bcubed.precision","bcubed.recall","bcubed.f1"
"majority-vote",0.990049751243781,0.371575691808341,0.54035186125558
