"","bcubed.precision","bcubed.recall","bcubed.f1"
"majority-vote",0.997797356828194,0.602372959764286,0.751227717256363
