"","bcubed.precision","bcubed.recall","bcubed.f1"
"majority-vote",0.987951807228916,0.359441027351156,0.527107467770476
