"","bcubed.precision","bcubed.recall","bcubed.f1"
"majority-vote",0.999275887038378,0.814254139448787,0.897326777708157
