"","bcubed.precision","bcubed.recall","bcubed.f1"
"majority-vote",0.99496644295302,0.0592040186136127,0.111758039057495
