"","bcubed.precision","bcubed.recall","bcubed.f1"
"majority-vote",0.975296442687747,0.451707127002796,0.617445342758415
