"","bcubed.precision","bcubed.recall","bcubed.f1"
"majority-vote",0.979933110367893,0.365303137809775,0.532207841627839
