"","bcubed.precision","bcubed.recall","bcubed.f1"
"majority-vote",0.987034574468085,0.397719883341187,0.566978894485328
