"","bcubed.precision","bcubed.recall","bcubed.f1"
"majority-vote",0.992395437262357,0.590898763077659,0.740740711658399
