"","bcubed.precision","bcubed.recall","bcubed.f1"
"majority-vote",0.997336884154461,0.709844515520439,0.82938358803359
