"","bcubed.precision","bcubed.recall","bcubed.f1"
"majority-vote",0.962962962962963,0.490180881537832,0.64966181546277
