"","bcubed.precision","bcubed.recall","bcubed.f1"
"majority-vote",0.996158770806658,0.439497229086101,0.609907971731454
