"","bcubed.precision","bcubed.recall","bcubed.f1"
"majority-vote",0.977229601518027,0.394620068930398,0.562210890914621
