"","bcubed.precision","bcubed.recall","bcubed.f1"
"majority-vote",0.99890590809628,0.515579044366893,0.680118944293369
