"","bcubed.precision","bcubed.recall","bcubed.f1"
"majority-vote",0.968354430379747,0.428193321064729,0.59381127366848
