"","bcubed.precision","bcubed.recall","bcubed.f1"
"majority-vote",0.978052738336714,0.597312032824139,0.74167288749847
