"","bcubed.precision","bcubed.recall","bcubed.f1"
"majority-vote",0.998817966903073,0.345020772449009,0.512878422664015
