"","bcubed.precision","bcubed.recall","bcubed.f1"
"majority-vote",0.984074061979558,0.24784439118984,0.395963281740855
