"","bcubed.precision","bcubed.recall","bcubed.f1"
"majority-vote",0.99003273382618,0.421226463804878,0.591001267833296
