"","bcubed.precision","bcubed.recall","bcubed.f1"
"majority-vote",0.703488737361062,0.537056220733498,0.609108118412769
