"","bcubed.precision","bcubed.recall","bcubed.f1"
"majority-vote",0.948494714986788,0.231038383833943,0.371568523587297
