"","bcubed.precision","bcubed.recall","bcubed.f1"
"majority-vote",0.965853658536585,0.612654567654568,0.749739083737479
