"","bcubed.precision","bcubed.recall","bcubed.f1"
"majority-vote",0.986842105263158,0.357509594413967,0.52487086658646
