"","bcubed.precision","bcubed.recall","bcubed.f1"
"majority-vote",0.988219895287958,0.428552037093978,0.597843081928423
