"","bcubed.precision","bcubed.recall","bcubed.f1"
"majority-vote",0.968681102956721,0.659870908064159,0.784997316274779
