"","bcubed.precision","bcubed.recall","bcubed.f1"
"majority-vote",0.924817832936371,0.239036815624117,0.379885082885447
