"","bcubed.precision","bcubed.recall","bcubed.f1"
"majority-vote",0.990625602467708,0.202583037130729,0.33637695294413
