"","bcubed.precision","bcubed.recall","bcubed.f1"
"majority-vote",0.969149955634428,0.688718030064495,0.80521616200972
