"","bcubed.precision","bcubed.recall","bcubed.f1"
"majority-vote",0.991549295774648,0.680294754059698,0.806948213111047
