"","bcubed.precision","bcubed.recall","bcubed.f1"
"majority-vote",0.973809523809524,0.567703085613008,0.717262600496144
