"","bcubed.precision","bcubed.recall","bcubed.f1"
"majority-vote",0.999305072967338,0.43896067165933,0.609978549042313
