"","bcubed.precision","bcubed.recall","bcubed.f1"
"majority-vote",0.821907337011311,0.526841343292399,0.642098519637345
