"","bcubed.precision","bcubed.recall","bcubed.f1"
"majority-vote",0.998581560283688,0.465267121736724,0.63477485627996
