"","bcubed.precision","bcubed.recall","bcubed.f1"
"majority-vote",0.943771161380942,0.205951101276277,0.338117676507315
