"","bcubed.precision","bcubed.recall","bcubed.f1"
"majority-vote",0.967340590979782,0.445321833171102,0.609880857466516
