"","bcubed.precision","bcubed.recall","bcubed.f1"
"majority-vote",0.988247863247863,0.326120189476035,0.490406898956149
