"","bcubed.precision","bcubed.recall","bcubed.f1"
"majority-vote",0.975124378109453,0.329278384043785,0.492313246769806
