"","bcubed.precision","bcubed.recall","bcubed.f1"
"majority-vote",0.980868200404775,0.38098303184215,0.548803176116682
