"","bcubed.precision","bcubed.recall","bcubed.f1"
"majority-vote",0.982012466607302,0.236851871281118,0.381652794502579
