"","bcubed.precision","bcubed.recall","bcubed.f1"
"majority-vote",0.984042553191489,0.52918237677238,0.688249270589888
