"","bcubed.precision","bcubed.recall","bcubed.f1"
"majority-vote",0.956708004509583,0.204987903118959,0.337633224759972
