{
      "avg_bcuded_f1": 0.5405343206398708,
      "avg_bcuded_recall": 0.4051993449650844,
      "avg_bcuded_precision": 0.9666390507404798,
      "avg_bcuded_f1star": 0.5710315608658317
}