"","bcubed.precision","bcubed.recall","bcubed.f1"
"majority-vote",0.593450168748847,0.304584827485552,0.402558737749814
