"","bcubed.precision","bcubed.recall","bcubed.f1"
"majority-vote",0.79589904439387,0.380133346657388,0.514522847583154
