"","bcubed.precision","bcubed.recall","bcubed.f1"
"majority-vote",0.348257514652335,0.55602369458356,0.428272594820591
