"","bcubed.precision","bcubed.recall","bcubed.f1"
"majority-vote",0.796183871384541,0.219970071949317,0.344704903469143
