"","bcubed.precision","bcubed.recall","bcubed.f1"
"majority-vote",0.813663793404528,0.178597976814811,0.292903972864722
