"","bcubed.precision","bcubed.recall","bcubed.f1"
"majority-vote",0.904007954700641,0.476397050412446,0.623971546862788
