"","bcubed.precision","bcubed.recall","bcubed.f1"
"majority-vote",0.864373226113904,0.373799838524151,0.521902117843965
