"","bcubed.precision","bcubed.recall","bcubed.f1"
"majority-vote",0.914147592928108,0.167250663497595,0.282766854012327
