"","bcubed.precision","bcubed.recall","bcubed.f1"
"majority-vote",0.89392792247123,0.44453857442863,0.593792142302742
