"","bcubed.precision","bcubed.recall","bcubed.f1"
"majority-vote",0.639408777244591,0.401066042307758,0.492938690850132
