"","bcubed.precision","bcubed.recall","bcubed.f1"
"majority-vote",0.584788780741465,0.373345567534193,0.455736295492325
