"","bcubed.precision","bcubed.recall","bcubed.f1"
"majority-vote",0.851373300622704,0.3370926396413,0.482961544801665
