"","bcubed.precision","bcubed.recall","bcubed.f1"
"majority-vote",0.550329831829244,0.549218401175214,0.549773554781487
