"","bcubed.precision","bcubed.recall","bcubed.f1"
"majority-vote",0.931192258004867,0.289148175837289,0.441274476021729
