"","bcubed.precision","bcubed.recall","bcubed.f1"
"majority-vote",0.750234082397004,0.539979029866604,0.62797481770256
