"","bcubed.precision","bcubed.recall","bcubed.f1"
"majority-vote",0.757110307279378,0.461878943557038,0.573743055802009
