"","bcubed.precision","bcubed.recall","bcubed.f1"
"majority-vote",0.984355659291989,0.254733845427734,0.404730572577514
