"","bcubed.precision","bcubed.recall","bcubed.f1"
"majority-vote",0.300862509147203,0.742360105785903,0.428189191684368
