"","bcubed.precision","bcubed.recall","bcubed.f1"
"majority-vote",0.847424436426601,0.771378756775868,0.807615417336879
