"","bcubed.precision","bcubed.recall","bcubed.f1"
"majority-vote",0.795690014508818,0.504231087571156,0.617286142587148
