"","bcubed.precision","bcubed.recall","bcubed.f1"
"majority-vote",0.77331935878304,0.877775801158228,0.822243364496443
