"","bcubed.precision","bcubed.recall","bcubed.f1"
"majority-vote",0.718706236330363,0.459364438047748,0.560489440156195
