"","bcubed.precision","bcubed.recall","bcubed.f1"
"majority-vote",0.857523423556512,0.256592380916712,0.394993008911227
