"","bcubed.precision","bcubed.recall","bcubed.f1"
"majority-vote",0.490374471048595,0.282247761468293,0.358278835139886
