"","bcubed.precision","bcubed.recall","bcubed.f1"
"majority-vote",0.750234082397004,0.711462121347381,0.730333882515331
