"","bcubed.precision","bcubed.recall","bcubed.f1"
"majority-vote",0.919310152485366,0.400961272550696,0.558381801831754
