"","bcubed.precision","bcubed.recall","bcubed.f1"
"majority-vote",0.47675539369578,0.463908272524173,0.470244103282449
