"","bcubed.precision","bcubed.recall","bcubed.f1"
"majority-vote",0.699365263776899,0.315743658711994,0.435066902218885
