"","bcubed.precision","bcubed.recall","bcubed.f1"
"majority-vote",0.888135016031902,0.294660948803772,0.442508622399927
