"","bcubed.precision","bcubed.recall","bcubed.f1"
"majority-vote",0.894336081951669,0.202831052589231,0.330668178365898
