"","bcubed.precision","bcubed.recall","bcubed.f1"
"majority-vote",0.853041968201554,0.308370654705098,0.452988205977819
