"","bcubed.precision","bcubed.recall","bcubed.f1"
"majority-vote",0.967467245229225,0.588205363301319,0.731605633912541
