"","bcubed.precision","bcubed.recall","bcubed.f1"
"majority-vote",0.800584552069062,0.771435407124808,0.785739730912746
