"","bcubed.precision","bcubed.recall","bcubed.f1"
"majority-vote",0.727622994674587,0.577704108845543,0.644054340985382
