"","bcubed.precision","bcubed.recall","bcubed.f1"
"majority-vote",0.53543830103989,0.59253415705751,0.562541186330244
