"","bcubed.precision","bcubed.recall","bcubed.f1"
"majority-vote",0.369545812121924,0.662627718155303,0.474476996468666
