"","bcubed.precision","bcubed.recall","bcubed.f1"
"majority-vote",0.410282520099947,0.593461108939321,0.485157190168145
