"","bcubed.precision","bcubed.recall","bcubed.f1"
"majority-vote",0.83242687076393,0.0484278824887037,0.0915308012562499
