"","bcubed.precision","bcubed.recall","bcubed.f1"
"majority-vote",0.787950316731192,0.560374362491423,0.65495672254213
