"","bcubed.precision","bcubed.recall","bcubed.f1"
"majority-vote",0.828131228063563,0.649513804060832,0.72802689753956
