"","bcubed.precision","bcubed.recall","bcubed.f1"
"majority-vote",0.94071977191009,0.591911187834307,0.726623136600847
