"","bcubed.precision","bcubed.recall","bcubed.f1"
"majority-vote",0.442663919519591,0.581896406725259,0.502819673097144
