"","bcubed.precision","bcubed.recall","bcubed.f1"
"majority-vote",0.944849682522992,0.126900032260076,0.223748984560933
