"","bcubed.precision","bcubed.recall","bcubed.f1"
"majority-vote",0.870998734437405,0.388339076241098,0.537175714205468
