"","bcubed.precision","bcubed.recall","bcubed.f1"
"majority-vote",0.941944296644792,0.275327542843378,0.426105657384782
