"","bcubed.precision","bcubed.recall","bcubed.f1"
"majority-vote",0.827641823593348,0.528307828336346,0.64493494111772
