"","bcubed.precision","bcubed.recall","bcubed.f1"
"majority-vote",0.869263508735209,0.598329557442903,0.708787827455817
