"","bcubed.precision","bcubed.recall","bcubed.f1"
"majority-vote",0.599198573967796,0.37475269158631,0.461113992723973
