"","bcubed.precision","bcubed.recall","bcubed.f1"
"majority-vote",0.809197085672506,0.831619499212297,0.820255086827106
