"","bcubed.precision","bcubed.recall","bcubed.f1"
"majority-vote",0.66204056896719,0.4839161553877,0.559134773654982
