"","bcubed.precision","bcubed.recall","bcubed.f1"
"majority-vote",0.586628200181105,0.565884900726895,0.576069878184544
