"","bcubed.precision","bcubed.recall","bcubed.f1"
"majority-vote",0.808850067095035,0.688374132703497,0.743764979885621
