"","bcubed.precision","bcubed.recall","bcubed.f1"
"majority-vote",0.725683621878093,0.423395120392563,0.534777806166421
