"","bcubed.precision","bcubed.recall","bcubed.f1"
"majority-vote",0.975906837627316,0.22044052908738,0.359643738285356
