"","bcubed.precision","bcubed.recall","bcubed.f1"
"majority-vote",0.642576502969264,0.183985263866386,0.286063576121461
