"","bcubed.precision","bcubed.recall","bcubed.f1"
"majority-vote",0.952861267505929,0.277213802375396,0.429479958693972
