"","bcubed.precision","bcubed.recall","bcubed.f1"
"majority-vote",0.539373457887139,0.425377190813525,0.475640346289306
