"","bcubed.precision","bcubed.recall","bcubed.f1"
"majority-vote",0.483416913925312,0.65389857662082,0.555880289256236
