"","bcubed.precision","bcubed.recall","bcubed.f1"
"majority-vote",0.794178320323121,0.264711518848012,0.397072748518309
