"","bcubed.precision","bcubed.recall","bcubed.f1"
"majority-vote",0.932105033084695,0.216163388204921,0.3509405612464
