"","bcubed.precision","bcubed.recall","bcubed.f1"
"majority-vote",0.950488128341157,0.176166835101258,0.297241819020733
