"","bcubed.precision","bcubed.recall","bcubed.f1"
"majority-vote",0.999884131416383,0.282695044878879,0.440771680421173
