"","bcubed.precision","bcubed.recall","bcubed.f1"
"majority-vote",0.708203964515101,0.502656292073978,0.587983917876758
