"","bcubed.precision","bcubed.recall","bcubed.f1"
"majority-vote",0.998949052767365,0.113776031169689,0.204284886186713
