"","bcubed.precision","bcubed.recall","bcubed.f1"
"majority-vote",0.703748141301825,0.524034208936226,0.600738559966982
