"","bcubed.precision","bcubed.recall","bcubed.f1"
"majority-vote",0.436144666174689,0.378686427140002,0.405389697828027
