"","bcubed.precision","bcubed.recall","bcubed.f1"
"majority-vote",0.815718993394379,0.283794517036853,0.421089100901274
