"","bcubed.precision","bcubed.recall","bcubed.f1"
"majority-vote",0.347890186679438,0.784038630919976,0.481937276326452
