"","bcubed.precision","bcubed.recall","bcubed.f1"
"majority-vote",0.839358689978458,0.35300730283377,0.496994629242236
