"","bcubed.precision","bcubed.recall","bcubed.f1"
"majority-vote",0.698427245503568,0.584654040627551,0.636496402187107
