"","bcubed.precision","bcubed.recall","bcubed.f1"
"majority-vote",0.970547508626942,0.628624889808545,0.763032580178919
