"","bcubed.precision","bcubed.recall","bcubed.f1"
"majority-vote",0.714735546397445,0.503130234589798,0.590549580655934
