"","bcubed.precision","bcubed.recall","bcubed.f1"
"majority-vote",0.805064259147991,0.369905601478974,0.506902838938281
