"","bcubed.precision","bcubed.recall","bcubed.f1"
"majority-vote",0.568039670618823,0.570533331211212,0.569283770153292
