"","bcubed.precision","bcubed.recall","bcubed.f1"
"majority-vote",0.964761493469312,0.78663262529958,0.866638591808417
