"","bcubed.precision","bcubed.recall","bcubed.f1"
"majority-vote",0.918835270039064,0.389424296378388,0.547011904529706
