"","bcubed.precision","bcubed.recall","bcubed.f1"
"majority-vote",0.527630735508166,0.522631794448172,0.525119368232828
