"","bcubed.precision","bcubed.recall","bcubed.f1"
"majority-vote",0.706519294510664,0.838114253743304,0.766711161936632
