"","bcubed.precision","bcubed.recall","bcubed.f1"
"majority-vote",0.918477045749755,0.511164981383241,0.656798405588467
