"","bcubed.precision","bcubed.recall","bcubed.f1"
"majority-vote",0.48238185671166,0.446392925973905,0.463690126968366
