"","bcubed.precision","bcubed.recall","bcubed.f1"
"majority-vote",0.725912792327897,0.253292954581418,0.375546398736993
