"","bcubed.precision","bcubed.recall","bcubed.f1"
"majority-vote",0.705095853742362,0.343715382921125,0.462146634004671
