"","bcubed.precision","bcubed.recall","bcubed.f1"
"majority-vote",0.87347946806124,0.475700040772304,0.615950977390314
