"","bcubed.precision","bcubed.recall","bcubed.f1"
"majority-vote",0.901143661996887,0.468986488656584,0.616911030844024
