"","bcubed.precision","bcubed.recall","bcubed.f1"
"majority-vote",0.563955264484043,0.424653620118879,0.484490172763193
