"","bcubed.precision","bcubed.recall","bcubed.f1"
"majority-vote",0.99966980994649,0.3191959397583,0.483886315957928
