"","bcubed.precision","bcubed.recall","bcubed.f1"
"majority-vote",0.961703455027768,0.174892519562952,0.295962231227799
