"","bcubed.precision","bcubed.recall","bcubed.f1"
"majority-vote",0.498339630664601,0.566938998592507,0.530430562312087
