"","bcubed.precision","bcubed.recall","bcubed.f1"
"majority-vote",0.998951154624638,0.31816125200487,0.482612643305678
