"","bcubed.precision","bcubed.recall","bcubed.f1"
"majority-vote",0.61224948865997,0.191863238524534,0.292168412980084
