"","bcubed.precision","bcubed.recall","bcubed.f1"
"majority-vote",0.774503916305924,0.330430125953509,0.46323023244561
