"","bcubed.precision","bcubed.recall","bcubed.f1"
"majority-vote",0.668936936334903,0.854078528497331,0.750254593515058
