"","bcubed.precision","bcubed.recall","bcubed.f1"
"majority-vote",0.672755525746557,0.407801249591622,0.507794778267439
