"","bcubed.precision","bcubed.recall","bcubed.f1"
"majority-vote",0.71345863211153,0.344911418779228,0.465016992562793
