"","bcubed.precision","bcubed.recall","bcubed.f1"
"majority-vote",0.974754506135026,0.86796683807446,0.918266442452048
