"","bcubed.precision","bcubed.recall","bcubed.f1"
"majority-vote",0.84903116029262,0.516257004510217,0.64208904002592
