"","bcubed.precision","bcubed.recall","bcubed.f1"
"majority-vote",0.837086638907491,0.193331153349784,0.314115160995342
