"","bcubed.precision","bcubed.recall","bcubed.f1"
"majority-vote",0.904879520606191,0.746756516176559,0.818248891788108
