"","bcubed.precision","bcubed.recall","bcubed.f1"
"majority-vote",0.980344757880839,0.153687536702615,0.265718660178668
