"","bcubed.precision","bcubed.recall","bcubed.f1"
"majority-vote",0.562222786270334,0.196096687487201,0.290774613689239
