"","bcubed.precision","bcubed.recall","bcubed.f1"
"majority-vote",0.741615806635149,0.40724265984872,0.525769888094728
