"","bcubed.precision","bcubed.recall","bcubed.f1"
"majority-vote",0.833308931944145,0.35845102693428,0.501276184324897
