"","bcubed.precision","bcubed.recall","bcubed.f1"
"majority-vote",0.977689273315482,0.820600514075257,0.89228368632694
