"","bcubed.precision","bcubed.recall","bcubed.f1"
"majority-vote",0.881057649752479,0.235953833604235,0.372223442968932
