"","bcubed.precision","bcubed.recall","bcubed.f1"
"majority-vote",0.951886251412654,0.199681867547629,0.33011407878607
