"","bcubed.precision","bcubed.recall","bcubed.f1"
"majority-vote",0.736325028919019,0.362468738727199,0.485795992631582
