"","bcubed.precision","bcubed.recall","bcubed.f1"
"majority-vote",0.974356909910457,0.794331902863699,0.875182533781757
