"","bcubed.precision","bcubed.recall","bcubed.f1"
"majority-vote",0.607488797221073,0.366601971691755,0.45726044830598
