"","bcubed.precision","bcubed.recall","bcubed.f1"
"majority-vote",0.703933960101506,0.151645331911733,0.249534555172198
