"","bcubed.precision","bcubed.recall","bcubed.f1"
"majority-vote",0.99519192461736,0.165156060668525,0.283297734754002
