"","bcubed.precision","bcubed.recall","bcubed.f1"
"majority-vote",0.824525414755588,0.313345298540654,0.454113387789923
