"","bcubed.precision","bcubed.recall","bcubed.f1"
"majority-vote",0.824022499466311,0.241093924275354,0.373042446176201
