"","bcubed.precision","bcubed.recall","bcubed.f1"
"majority-vote",0.989316019885747,0.428169791579714,0.597671215633574
