"","bcubed.precision","bcubed.recall","bcubed.f1"
"majority-vote",0.621663041808194,0.242068084005265,0.348452838921761
