"","bcubed.precision","bcubed.recall","bcubed.f1"
"majority-vote",0.725382358333365,0.423026475865585,0.534401919530463
