"","bcubed.precision","bcubed.recall","bcubed.f1"
"majority-vote",0.734815222603796,0.328069039111015,0.453615003415032
