"","bcubed.precision","bcubed.recall","bcubed.f1"
"majority-vote",0.811059261188969,0.216343847228005,0.341575141165158
