"","bcubed.precision","bcubed.recall","bcubed.f1"
"majority-vote",0.711185206634983,0.617240922564734,0.660891265850391
