"","bcubed.precision","bcubed.recall","bcubed.f1"
"majority-vote",0.90160816744837,0.102600025966108,0.184234747332473
