"","bcubed.precision","bcubed.recall","bcubed.f1"
"majority-vote",0.697740923090449,0.413260009671998,0.51907862922841
