"","bcubed.precision","bcubed.recall","bcubed.f1"
"majority-vote",0.899906649366576,0.49020164069299,0.634678203337849
