"","bcubed.precision","bcubed.recall","bcubed.f1"
"majority-vote",0.915580254880597,0.506139363760233,0.651902388629511
