"","bcubed.precision","bcubed.recall","bcubed.f1"
"majority-vote",0.385294351124399,0.368823697281379,0.376879156847513
