"","bcubed.precision","bcubed.recall","bcubed.f1"
"majority-vote",0.942943515588411,0.459947566525904,0.618301136696412
