"","bcubed.precision","bcubed.recall","bcubed.f1"
"majority-vote",0.386495631759779,0.787223291429879,0.518451832625074
