"","bcubed.precision","bcubed.recall","bcubed.f1"
"majority-vote",0.791424142780075,0.286372756312409,0.420565903225275
