"","bcubed.precision","bcubed.recall","bcubed.f1"
"majority-vote",0.385400613827478,0.40854877444152,0.396637243569179
