"","bcubed.precision","bcubed.recall","bcubed.f1"
"majority-vote",0.630861220237876,0.888152991782861,0.737716968965932
