"","bcubed.precision","bcubed.recall","bcubed.f1"
"majority-vote",0.618252241658239,0.808874666633017,0.700832663109401
