"","bcubed.precision","bcubed.recall","bcubed.f1"
"majority-vote",0.769047247019683,0.293268674352918,0.424614678384581
