"","bcubed.precision","bcubed.recall","bcubed.f1"
"majority-vote",0.746964058811415,0.609486060395761,0.671258271890295
