"","bcubed.precision","bcubed.recall","bcubed.f1"
"majority-vote",0.92550271830462,0.255509216627751,0.400460770202816
