"","bcubed.precision","bcubed.recall","bcubed.f1"
"majority-vote",0.686491911547059,0.152099964002949,0.24902553453941
