"","bcubed.precision","bcubed.recall","bcubed.f1"
"majority-vote",0.900365582837523,0.484687761228847,0.630150716580795
