"","bcubed.precision","bcubed.recall","bcubed.f1"
"majority-vote",0.634569625401968,0.393672842594661,0.485902568764629
