"","bcubed.precision","bcubed.recall","bcubed.f1"
"majority-vote",0.540138788077835,0.381157739158575,0.446931195785938
