"","bcubed.precision","bcubed.recall","bcubed.f1"
"majority-vote",0.417085656401725,0.351833606833719,0.381690920924411
