"","bcubed.precision","bcubed.recall","bcubed.f1"
"majority-vote",0.334334662931426,0.38852584512166,0.359398960163855
