"","bcubed.precision","bcubed.recall","bcubed.f1"
"majority-vote",0.945698356839906,0.350180959860657,0.511105554458612
