"","bcubed.precision","bcubed.recall","bcubed.f1"
"majority-vote",0.541321662401285,0.122342081447801,0.199578233781041
