"","bcubed.precision","bcubed.recall","bcubed.f1"
"majority-vote",0.675147532981468,0.94995406421351,0.78931574986634
