"","bcubed.precision","bcubed.recall","bcubed.f1"
"majority-vote",0.670083705638292,0.499257512811834,0.572192819297218
