"","bcubed.precision","bcubed.recall","bcubed.f1"
"majority-vote",0.909450611151857,0.828091865362235,0.866866465969194
