"","bcubed.precision","bcubed.recall","bcubed.f1"
"majority-vote",0.78284007336023,0.770844315206417,0.776795885581652
