"","bcubed.precision","bcubed.recall","bcubed.f1"
"majority-vote",0.766443131815304,0.369969095115539,0.499044739603077
