"","bcubed.precision","bcubed.recall","bcubed.f1"
"majority-vote",0.754827401388767,0.346273097099818,0.474754888247661
