"","bcubed.precision","bcubed.recall","bcubed.f1"
"majority-vote",0.523277099644145,0.238536259089127,0.327693287037318
