"","bcubed.precision","bcubed.recall","bcubed.f1"
"majority-vote",0.813817812502931,0.540831539797256,0.64981884781186
