"","bcubed.precision","bcubed.recall","bcubed.f1"
"majority-vote",0.684497403334186,0.479908872790722,0.564229829395126
