"","bcubed.precision","bcubed.recall","bcubed.f1"
"majority-vote",0.830317449565378,0.342088581494412,0.484545645428179
