"","bcubed.precision","bcubed.recall","bcubed.f1"
"majority-vote",0.661354908523548,0.40976930000863,0.506015895755612
