"","bcubed.precision","bcubed.recall","bcubed.f1"
"majority-vote",0.577681582157736,0.455403453899538,0.509305969182962
