"","bcubed.precision","bcubed.recall","bcubed.f1"
"majority-vote",0.894844828181921,0.0353898671914937,0.0680869887650038
