"","bcubed.precision","bcubed.recall","bcubed.f1"
"majority-vote",0.805235652387202,0.0588568499257847,0.109695741649378
