"","bcubed.precision","bcubed.recall","bcubed.f1"
"majority-vote",0.860438912672737,0.533261845980578,0.65844728874044
