"","bcubed.precision","bcubed.recall","bcubed.f1"
"majority-vote",0.867967452552643,0.459529975032814,0.600915758497973
