"","bcubed.precision","bcubed.recall","bcubed.f1"
"majority-vote",0.79003741382398,0.935853934841144,0.856785826026354
