"","bcubed.precision","bcubed.recall","bcubed.f1"
"majority-vote",0.952272088880702,0.334347477297903,0.494924496701256
