"","bcubed.precision","bcubed.recall","bcubed.f1"
"majority-vote",0.628789691804886,0.443420344279794,0.520081200951728
