"","bcubed.precision","bcubed.recall","bcubed.f1"
"majority-vote",0.959621300959616,0.686884824744946,0.800664265793853
