"","bcubed.precision","bcubed.recall","bcubed.f1"
"majority-vote",0.97141851572012,0.779497758388485,0.864939765148284
