"","bcubed.precision","bcubed.recall","bcubed.f1"
"majority-vote",0.423128975379172,0.46619488459744,0.443619186944819
