"","bcubed.precision","bcubed.recall","bcubed.f1"
"majority-vote",0.775925367950672,0.499277682853152,0.607592993967811
