"","bcubed.precision","bcubed.recall","bcubed.f1"
"majority-vote",0.915821709377036,0.229167121614787,0.366599602318335
