"","bcubed.precision","bcubed.recall","bcubed.f1"
"majority-vote",0.591727926407516,0.526540106865905,0.557234001752018
