"","bcubed.precision","bcubed.recall","bcubed.f1"
"majority-vote",0.725679135525506,0.228269273369133,0.347293936277938
