"","bcubed.precision","bcubed.recall","bcubed.f1"
"majority-vote",0.846203060261104,0.728302302746403,0.782838409901658
