"","bcubed.precision","bcubed.recall","bcubed.f1"
"majority-vote",0.358135711557518,0.176388357841801,0.236363425568936
