"","bcubed.precision","bcubed.recall","bcubed.f1"
"majority-vote",0.829604426719814,0.419907170189618,0.557588818002699
