"","bcubed.precision","bcubed.recall","bcubed.f1"
"majority-vote",0.882409825582176,0.12634768199204,0.221045068199616
