"","bcubed.precision","bcubed.recall","bcubed.f1"
"majority-vote",0.822010400063311,0.536994669799268,0.649615241535776
