"","bcubed.precision","bcubed.recall","bcubed.f1"
"majority-vote",0.713240759458107,0.514891422962984,0.598048898659456
