"","bcubed.precision","bcubed.recall","bcubed.f1"
"majority-vote",0.318362385327643,0.0922839626703192,0.143090241159801
