"","bcubed.precision","bcubed.recall","bcubed.f1"
"majority-vote",0.812585615482579,0.475403954529101,0.599859539220303
