"","bcubed.precision","bcubed.recall","bcubed.f1"
"majority-vote",0.637944420842198,0.253460461306209,0.362783938999037
