"","bcubed.precision","bcubed.recall","bcubed.f1"
"majority-vote",0.359914444496888,0.773393496302768,0.491226577664162
