"","bcubed.precision","bcubed.recall","bcubed.f1"
"majority-vote",0.603540894305143,0.285688168804694,0.387806696937628
