"","bcubed.precision","bcubed.recall","bcubed.f1"
"majority-vote",0.8318453753884,0.412817286195333,0.551796339684567
