"","bcubed.precision","bcubed.recall","bcubed.f1"
"majority-vote",0.4284840632703,0.405913733948556,0.416893636678374
