"","bcubed.precision","bcubed.recall","bcubed.f1"
"majority-vote",0.956291702062919,0.401239307472824,0.565293636141623
