"","bcubed.precision","bcubed.recall","bcubed.f1"
"majority-vote",0.712001170845405,0.251254577287475,0.371435215529638
