"","bcubed.precision","bcubed.recall","bcubed.f1"
"majority-vote",0.80353457016893,0.530548226922756,0.639111519020608
