"","bcubed.precision","bcubed.recall","bcubed.f1"
"majority-vote",0.810806875017026,0.372690473649062,0.510655978449967
