"","bcubed.precision","bcubed.recall","bcubed.f1"
"majority-vote",0.796692962230256,0.256226942466816,0.387748775355936
