"","bcubed.precision","bcubed.recall","bcubed.f1"
"majority-vote",0.589188673296096,0.32732091414577,0.420843988519311
