"","bcubed.precision","bcubed.recall","bcubed.f1"
"majority-vote",0.452064154814456,0.0885160504836917,0.148044390664857
