"","bcubed.precision","bcubed.recall","bcubed.f1"
"majority-vote",0.4361054905239,0.227692826481299,0.299181511123423
