"","bcubed.precision","bcubed.recall","bcubed.f1"
"majority-vote",0.950781098065621,0.239866277884314,0.383086256573333
