"","bcubed.precision","bcubed.recall","bcubed.f1"
"majority-vote",0.562749527190406,0.605575158677981,0.583377443524597
