"","bcubed.precision","bcubed.recall","bcubed.f1"
"majority-vote",0.652633423000068,0.211159238091805,0.319080220431008
