"","bcubed.precision","bcubed.recall","bcubed.f1"
"majority-vote",0.983367105852988,0.320885337505821,0.483875782269781
