"","bcubed.precision","bcubed.recall","bcubed.f1"
"majority-vote",0.589557302472545,0.601040650834637,0.595243598056123
