"","bcubed.precision","bcubed.recall","bcubed.f1"
"majority-vote",0.954928436037523,0.370901615682506,0.534283408839609
