"","bcubed.precision","bcubed.recall","bcubed.f1"
"majority-vote",0.598090596855183,0.630798854516902,0.614009442382865
