"","bcubed.precision","bcubed.recall","bcubed.f1"
"majority-vote",0.831192424844947,0.260459704960137,0.396632091541599
