"","bcubed.precision","bcubed.recall","bcubed.f1"
"majority-vote",0.650685302546274,0.618883802084712,0.634386253621898
