"","bcubed.precision","bcubed.recall","bcubed.f1"
"majority-vote",0.76017125555049,0.59966289126153,0.67044425090515
