"","bcubed.precision","bcubed.recall","bcubed.f1"
"majority-vote",0.592589680515691,0.276109718124924,0.376700547754417
