"","bcubed.precision","bcubed.recall","bcubed.f1"
"majority-vote",0.974083082818524,0.127073192357923,0.224817947726381
