"","bcubed.precision","bcubed.recall","bcubed.f1"
"majority-vote",0.494802093607859,0.417915697275212,0.45312048045715
