"","bcubed.precision","bcubed.recall","bcubed.f1"
"majority-vote",0.771475924284534,0.525921182823324,0.625460822128546
