"","bcubed.precision","bcubed.recall","bcubed.f1"
"majority-vote",0.547864432564598,0.679380729871849,0.606575685868043
