"","bcubed.precision","bcubed.recall","bcubed.f1"
"majority-vote",0.693063429853633,0.384244205741318,0.494391013919424
