"","bcubed.precision","bcubed.recall","bcubed.f1"
"majority-vote",0.940792442000742,0.351515787584373,0.511802662294407
