"","bcubed.precision","bcubed.recall","bcubed.f1"
"majority-vote",0.992039534854101,0.388741313097928,0.558592266102519
