"","bcubed.precision","bcubed.recall","bcubed.f1"
"majority-vote",0.753192692262026,0.385633174667489,0.510097456490835
