"","bcubed.precision","bcubed.recall","bcubed.f1"
"majority-vote",0.596426876462208,0.270810162004262,0.372489762024091
