"","bcubed.precision","bcubed.recall","bcubed.f1"
"majority-vote",0.685089504268611,0.561858208135584,0.617384606350014
