"","bcubed.precision","bcubed.recall","bcubed.f1"
"majority-vote",0.850741998796074,0.478556352806029,0.612545690186225
