"","bcubed.precision","bcubed.recall","bcubed.f1"
"majority-vote",0.54088282481193,0.338308754791771,0.416258297270911
