"","bcubed.precision","bcubed.recall","bcubed.f1"
"majority-vote",0.414200641932499,0.763140326019746,0.536961205846319
