"","bcubed.precision","bcubed.recall","bcubed.f1"
"majority-vote",0.86214834154794,0.746080775900748,0.799926200346454
