"","bcubed.precision","bcubed.recall","bcubed.f1"
"majority-vote",0.893978022498965,0.50105728595829,0.642183318148489
