"","bcubed.precision","bcubed.recall","bcubed.f1"
"majority-vote",0.974955698489202,0.652476041081795,0.781765795655504
