"","bcubed.precision","bcubed.recall","bcubed.f1"
"majority-vote",0.989814748158276,0.395521489729538,0.565195644264281
