"","bcubed.precision","bcubed.recall","bcubed.f1"
"majority-vote",0.762886106549783,0.435539076652357,0.554505554614268
