"","bcubed.precision","bcubed.recall","bcubed.f1"
"majority-vote",0.699843562228253,0.40758712243636,0.515151381723928
