"","bcubed.precision","bcubed.recall","bcubed.f1"
"majority-vote",0.946136624673992,0.28310964236498,0.435812430140771
