"","bcubed.precision","bcubed.recall","bcubed.f1"
"majority-vote",0.579343397231262,0.498545360056922,0.535916087103298
