"","bcubed.precision","bcubed.recall","bcubed.f1"
"majority-vote",0.961497655247924,0.407639638585389,0.572542371683698
