"","bcubed.precision","bcubed.recall","bcubed.f1"
"majority-vote",0.758117669214987,0.350854943102813,0.479704058951884
