"","bcubed.precision","bcubed.recall","bcubed.f1"
"majority-vote",0.824313417981353,0.394584550545692,0.53369740198355
