"","bcubed.precision","bcubed.recall","bcubed.f1"
"majority-vote",0.717867233672373,0.46367345568495,0.563427030415543
