"","bcubed.precision","bcubed.recall","bcubed.f1"
"majority-vote",0.610968371453112,0.365875046941499,0.457674336287286
