"","bcubed.precision","bcubed.recall","bcubed.f1"
"majority-vote",0.680938112957917,0.381507424842725,0.489028259254801
