"","bcubed.precision","bcubed.recall","bcubed.f1"
"majority-vote",0.902204083408431,0.289941661138852,0.438849950731542
