"","bcubed.precision","bcubed.recall","bcubed.f1"
"majority-vote",0.895903562642597,0.437934591938125,0.588298002684034
