"","bcubed.precision","bcubed.recall","bcubed.f1"
"majority-vote",0.810862792556015,0.331306071715872,0.470409892802586
