"","bcubed.precision","bcubed.recall","bcubed.f1"
"majority-vote",0.980764300101159,0.200148223344226,0.33245177485624
