"","bcubed.precision","bcubed.recall","bcubed.f1"
"majority-vote",0.923689117096558,0.316747202131511,0.471730694989215
