"","bcubed.precision","bcubed.recall","bcubed.f1"
"majority-vote",0.464945216078098,0.533655185173698,0.496936362274141
