"","bcubed.precision","bcubed.recall","bcubed.f1"
"majority-vote",0.711814767362972,0.333584631727139,0.454277029880421
