"","bcubed.precision","bcubed.recall","bcubed.f1"
"majority-vote",0.552528711439044,0.336299955768518,0.418112934636917
