"","bcubed.precision","bcubed.recall","bcubed.f1"
"majority-vote",0.961332581594548,0.344944558446368,0.507712234584235
