"","bcubed.precision","bcubed.recall","bcubed.f1"
"majority-vote",0.878480220036117,0.572145386723568,0.692967782837208
