"","bcubed.precision","bcubed.recall","bcubed.f1"
"majority-vote",0.678069123178704,0.419495458718311,0.51832379171518
