"","bcubed.precision","bcubed.recall","bcubed.f1"
"majority-vote",0.938665116989031,0.669524303247724,0.7815734894494
