"","bcubed.precision","bcubed.recall","bcubed.f1"
"majority-vote",0.937419722213818,0.284014276906884,0.435947557959699
