"","bcubed.precision","bcubed.recall","bcubed.f1"
"majority-vote",0.699179551801292,0.650125592818385,0.673760894507567
