"","bcubed.precision","bcubed.recall","bcubed.f1"
"majority-vote",0.897581674108865,0.64791089460057,0.752579413480556
