"","bcubed.precision","bcubed.recall","bcubed.f1"
"majority-vote",0.852361964893705,0.671380113488578,0.751123015951932
