"","bcubed.precision","bcubed.recall","bcubed.f1"
"majority-vote",0.709306706716286,0.462382377745153,0.559825854745093
