"","bcubed.precision","bcubed.recall","bcubed.f1"
"majority-vote",0.99268425887239,0.0806039116401669,0.149101120252771
