"","bcubed.precision","bcubed.recall","bcubed.f1"
"majority-vote",0.681854487065057,0.278249001463284,0.3952184997472
