"","bcubed.precision","bcubed.recall","bcubed.f1"
"majority-vote",0.781856291810204,0.293213696789979,0.426485672767547
