"","bcubed.precision","bcubed.recall","bcubed.f1"
"majority-vote",0.772285386645108,0.326882868215049,0.459341617902236
