"","bcubed.precision","bcubed.recall","bcubed.f1"
"majority-vote",0.938030110834935,0.276276622290667,0.426837443223845
