"","bcubed.precision","bcubed.recall","bcubed.f1"
"majority-vote",0.827894293856589,0.410351455780838,0.548724078101906
