"","bcubed.precision","bcubed.recall","bcubed.f1"
"majority-vote",0.705471243116798,0.889822406807253,0.786995070798884
