"","bcubed.precision","bcubed.recall","bcubed.f1"
"majority-vote",0.999196949896737,0.477640828603583,0.646323199520924
