"","bcubed.precision","bcubed.recall","bcubed.f1"
"majority-vote",0.830710000005283,0.751446276471325,0.789092639725332
