"","bcubed.precision","bcubed.recall","bcubed.f1"
"majority-vote",0.992936988950785,0.519712140674579,0.682301530442014
