"","bcubed.precision","bcubed.recall","bcubed.f1"
"majority-vote",0.96940428595517,0.401175918082093,0.567499301777757
