"","bcubed.precision","bcubed.recall","bcubed.f1"
"majority-vote",0.826592219982818,0.40753160293057,0.545913539833154
