"","bcubed.precision","bcubed.recall","bcubed.f1"
"majority-vote",0.756424505361209,0.468657735818358,0.578743506491078
