"","bcubed.precision","bcubed.recall","bcubed.f1"
"majority-vote",0.901911945699655,0.539461462318578,0.675115461965807
