"","bcubed.precision","bcubed.recall","bcubed.f1"
"majority-vote",0.96972694693091,0.596916933419206,0.738963644100926
