"","bcubed.precision","bcubed.recall","bcubed.f1"
"majority-vote",0.94134240091814,0.293349339336605,0.447305448632702
