"","bcubed.precision","bcubed.recall","bcubed.f1"
"majority-vote",0.954509444464764,0.105839019690025,0.190549328455997
