"","bcubed.precision","bcubed.recall","bcubed.f1"
"majority-vote",0.580149860592583,0.251199268996805,0.350594511264923
