"","bcubed.precision","bcubed.recall","bcubed.f1"
"majority-vote",0.781572293708944,0.323133195598068,0.457229470300741
