"","bcubed.precision","bcubed.recall","bcubed.f1"
"majority-vote",0.711828850884569,0.161427864145038,0.263173495393544
