"","bcubed.precision","bcubed.recall","bcubed.f1"
"majority-vote",0.630468943045416,0.19256076845055,0.295016285466449
