"","bcubed.precision","bcubed.recall","bcubed.f1"
"majority-vote",0.768711522809541,0.628058530751208,0.691303236859217
