"","bcubed.precision","bcubed.recall","bcubed.f1"
"majority-vote",0.578724478219476,0.231899222453891,0.33111727772738
