"","bcubed.precision","bcubed.recall","bcubed.f1"
"majority-vote",0.984649230238003,0.629272783733743,0.767835071024693
