"","bcubed.precision","bcubed.recall","bcubed.f1"
"majority-vote",0.702433522238623,0.283092821218342,0.403548598876296
