"","bcubed.precision","bcubed.recall","bcubed.f1"
"majority-vote",0.999373132083441,0.0527472689750592,0.100205648234591
