"","bcubed.precision","bcubed.recall","bcubed.f1"
"majority-vote",0.432591882380993,0.631664865065857,0.51350972153723
