"","bcubed.precision","bcubed.recall","bcubed.f1"
"majority-vote",0.700977764268837,0.336561382380713,0.454772325694519
