"","bcubed.precision","bcubed.recall","bcubed.f1"
"majority-vote",0.506409971256097,0.360608597355162,0.421250007860461
