"","bcubed.precision","bcubed.recall","bcubed.f1"
"majority-vote",0.928855492457444,0.106853957397622,0.191659707717226
