"","bcubed.precision","bcubed.recall","bcubed.f1"
"majority-vote",0.806609239759232,0.509514382027571,0.624529491805182
