"","bcubed.precision","bcubed.recall","bcubed.f1"
"majority-vote",0.503342916984852,0.297952971675413,0.374324940411601
