"","bcubed.precision","bcubed.recall","bcubed.f1"
"majority-vote",0.895875692299091,0.122146103921901,0.214981105156839
