"","bcubed.precision","bcubed.recall","bcubed.f1"
"majority-vote",0.735272452731758,0.175169917686082,0.282934141043447
