"","bcubed.precision","bcubed.recall","bcubed.f1"
"majority-vote",0.745661687266222,0.401073237885167,0.521593858736444
