"","bcubed.precision","bcubed.recall","bcubed.f1"
"majority-vote",0.887159092164572,0.304304345750186,0.453167690298497
