"","bcubed.precision","bcubed.recall","bcubed.f1"
"majority-vote",0.845413943420985,0.542193487867152,0.660673796261566
