"","bcubed.precision","bcubed.recall","bcubed.f1"
"majority-vote",0.49101857673064,0.759848229628625,0.596545682316851
