"","bcubed.precision","bcubed.recall","bcubed.f1"
"majority-vote",0.995496306995074,0.103643697886853,0.187741175885521
