"","bcubed.precision","bcubed.recall","bcubed.f1"
"majority-vote",0.992563232178707,0.0527289338591427,0.1001381292638
