"","bcubed.precision","bcubed.recall","bcubed.f1"
"majority-vote",0.95447766766753,0.322416920510172,0.482012772478395
