"","bcubed.precision","bcubed.recall","bcubed.f1"
"majority-vote",0.930897658524379,0.568888699633024,0.706203461004919
