"","bcubed.precision","bcubed.recall","bcubed.f1"
"majority-vote",0.602716511819634,0.580299954786606,0.591295851631605
