"","bcubed.precision","bcubed.recall","bcubed.f1"
"majority-vote",0.827308564394332,0.309334895675648,0.450300234767963
