"","bcubed.precision","bcubed.recall","bcubed.f1"
"majority-vote",0.338861703782308,0.602434146013121,0.43374643833607
