"","bcubed.precision","bcubed.recall","bcubed.f1"
"majority-vote",0.959619022207658,0.24997143235898,0.396625718390136
