"","bcubed.precision","bcubed.recall","bcubed.f1"
"majority-vote",0.848433868881769,0.483012650322827,0.615577547759184
