"","bcubed.precision","bcubed.recall","bcubed.f1"
"majority-vote",0.91526465682184,0.374814205855612,0.531834456666326
