"","bcubed.precision","bcubed.recall","bcubed.f1"
"majority-vote",0.817483834074326,0.609201132791332,0.698138817360337
