"","bcubed.precision","bcubed.recall","bcubed.f1"
"majority-vote",0.685176981399525,0.796348098658203,0.736591494435744
