"","bcubed.precision","bcubed.recall","bcubed.f1"
"majority-vote",0.919762741670958,0.204175781844621,0.334170015464582
