"","bcubed.precision","bcubed.recall","bcubed.f1"
"majority-vote",0.811791873364303,0.326305419828963,0.465499899940272
