"","bcubed.precision","bcubed.recall","bcubed.f1"
"majority-vote",0.974759073608871,0.309213088755553,0.469493455976583
