"","bcubed.precision","bcubed.recall","bcubed.f1"
"majority-vote",0.890957580753908,0.351974115684888,0.504603764626974
