"","bcubed.precision","bcubed.recall","bcubed.f1"
"majority-vote",0.765600310322425,0.343729961828698,0.47444800173508
