"","bcubed.precision","bcubed.recall","bcubed.f1"
"majority-vote",0.772100023337881,0.105612199837807,0.185808468439691
