"","bcubed.precision","bcubed.recall","bcubed.f1"
"majority-vote",0.766598885215263,0.145610047713426,0.244734503738914
