"","bcubed.precision","bcubed.recall","bcubed.f1"
"majority-vote",0.202551824742378,0.653542434157393,0.309256162412026
