"","bcubed.precision","bcubed.recall","bcubed.f1"
"majority-vote",0.95342668417552,0.503406192891138,0.658910029883489
