"","bcubed.precision","bcubed.recall","bcubed.f1"
"majority-vote",0.431470856959381,0.749588022854661,0.547687151107169
