"","bcubed.precision","bcubed.recall","bcubed.f1"
"majority-vote",0.906934520763451,0.233014176103354,0.370768615668812
