"","bcubed.precision","bcubed.recall","bcubed.f1"
"majority-vote",0.776865183781452,0.440546320479086,0.562250474922379
