"","bcubed.precision","bcubed.recall","bcubed.f1"
"majority-vote",0.948714501610799,0.256351602583082,0.403636749943154
