"","bcubed.precision","bcubed.recall","bcubed.f1"
"majority-vote",0.741734994048743,0.456227797722886,0.56495932119629
