"","bcubed.precision","bcubed.recall","bcubed.f1"
"majority-vote",0.997048390826611,0.470248329859506,0.639080472225249
