"","bcubed.precision","bcubed.recall","bcubed.f1"
"majority-vote",0.926092470953357,0.335706684261958,0.492781171169296
