"","bcubed.precision","bcubed.recall","bcubed.f1"
"majority-vote",0.978286380904052,0.768702293897698,0.860922564566895
