"","bcubed.precision","bcubed.recall","bcubed.f1"
"majority-vote",0.257718198701229,0.333149681690791,0.290619066334336
