"","bcubed.precision","bcubed.recall","bcubed.f1"
"majority-vote",0.657241171151511,0.617495896668274,0.636748921095757
