"","bcubed.precision","bcubed.recall","bcubed.f1"
"majority-vote",0.918278546568345,0.296097671438104,0.447802147866189
