"","bcubed.precision","bcubed.recall","bcubed.f1"
"majority-vote",0.702169238675871,0.435892459709564,0.537879935706541
