"","bcubed.precision","bcubed.recall","bcubed.f1"
"majority-vote",0.788987569127721,0.718954791240083,0.75234492771313
