"","bcubed.precision","bcubed.recall","bcubed.f1"
"majority-vote",0.752523064721368,0.233428450602837,0.356326432508288
