"","bcubed.precision","bcubed.recall","bcubed.f1"
"majority-vote",0.917224309611198,0.23660583042453,0.376174294518609
