"","bcubed.precision","bcubed.recall","bcubed.f1"
"majority-vote",0.987384067912506,0.584059626662875,0.733963516565799
