"","bcubed.precision","bcubed.recall","bcubed.f1"
"majority-vote",0.791233689694901,0.721564729269131,0.754794975902062
