"","bcubed.precision","bcubed.recall","bcubed.f1"
"majority-vote",0.981352817308318,0.826363783752451,0.897214117335827
