"","bcubed.precision","bcubed.recall","bcubed.f1"
"majority-vote",0.680767011673589,0.471819054366989,0.557353341595517
