"","bcubed.precision","bcubed.recall","bcubed.f1"
"majority-vote",0.975702598199176,0.82500759750971,0.894049534836331
