"","bcubed.precision","bcubed.recall","bcubed.f1"
"majority-vote",0.855592782491348,0.44694659432935,0.587167324185886
