"","bcubed.precision","bcubed.recall","bcubed.f1"
"majority-vote",0.85205752783533,0.431859428899008,0.573197628444758
