"","bcubed.precision","bcubed.recall","bcubed.f1"
"majority-vote",0.935926785668453,0.248079111771953,0.39220055605153
