"","bcubed.precision","bcubed.recall","bcubed.f1"
"majority-vote",0.98038599278438,0.79086284912198,0.87548495857673
