"","bcubed.precision","bcubed.recall","bcubed.f1"
"majority-vote",0.673874753324248,0.170264941049037,0.271844212312209
