"","bcubed.precision","bcubed.recall","bcubed.f1"
"majority-vote",0.967912555046165,0.0833300244796426,0.153449219955555
