"","bcubed.precision","bcubed.recall","bcubed.f1"
"majority-vote",0.475399037314684,0.129492067525986,0.203542104517993
