"","bcubed.precision","bcubed.recall","bcubed.f1"
"majority-vote",0.807070055070653,0.282220117803844,0.418201525525444
