"","bcubed.precision","bcubed.recall","bcubed.f1"
"majority-vote",0.978785199650845,0.192282123915436,0.321421139943892
