"","bcubed.precision","bcubed.recall","bcubed.f1"
"majority-vote",0.986927187119938,0.365685287583943,0.533641022829361
