"","bcubed.precision","bcubed.recall","bcubed.f1"
"majority-vote",0.821700138549463,0.46658495279206,0.595198877843248
