"","bcubed.precision","bcubed.recall","bcubed.f1"
"majority-vote",0.274290115225307,0.394502807598077,0.323592600519666
