"","bcubed.precision","bcubed.recall","bcubed.f1"
"majority-vote",0.940791879510077,0.247080817430999,0.391374643462029
