"","bcubed.precision","bcubed.recall","bcubed.f1"
"majority-vote",0.980171263871227,0.307623938885162,0.468279652430346
