"","bcubed.precision","bcubed.recall","bcubed.f1"
"majority-vote",0.764107188192768,0.670938847058629,0.714498606012253
