"","bcubed.precision","bcubed.recall","bcubed.f1"
"majority-vote",0.473671448827461,0.481363384966719,0.477486441125591
