"","bcubed.precision","bcubed.recall","bcubed.f1"
"majority-vote",0.655831296771442,0.110876196022011,0.189684019268583
