"","bcubed.precision","bcubed.recall","bcubed.f1"
"majority-vote",0.768501444091877,0.587362602230641,0.665832255444937
