"","bcubed.precision","bcubed.recall","bcubed.f1"
"majority-vote",0.512898732006168,0.425445691324311,0.465096930705314
