"","bcubed.precision","bcubed.recall","bcubed.f1"
"majority-vote",0.686200993928559,0.627094621332293,0.655317732649252
