"","bcubed.precision","bcubed.recall","bcubed.f1"
"majority-vote",0.579612248519369,0.430455422841614,0.494020831662509
