"","bcubed.precision","bcubed.recall","bcubed.f1"
"majority-vote",0.977346621471468,0.59666462565729,0.740970761297219
