{
      "avg_bcuded_f1": 0.5000700910579396,
      "avg_bcuded_recall": 0.41908597423662464,
      "avg_bcuded_precision": 0.7716687722785266,
      "avg_bcuded_f1star": 0.5431774429869325
}