"","bcubed.precision","bcubed.recall","bcubed.f1"
"majority-vote",0.997198526120478,0.471615554209877,0.640372858418958
