"","bcubed.precision","bcubed.recall","bcubed.f1"
"majority-vote",0.935459323585343,0.547132124571171,0.690439497407823
