"","bcubed.precision","bcubed.recall","bcubed.f1"
"majority-vote",0.922780142097337,0.459483128818443,0.613489363168134
