"","bcubed.precision","bcubed.recall","bcubed.f1"
"majority-vote",0.979508717205467,0.847363260934411,0.908656666319894
