"","bcubed.precision","bcubed.recall","bcubed.f1"
"majority-vote",0.924273384769565,0.830541066378623,0.87490389893885
