"","bcubed.precision","bcubed.recall","bcubed.f1"
"majority-vote",0.921312999321645,0.826897583442739,0.871555749912912
