"","bcubed.precision","bcubed.recall","bcubed.f1"
"majority-vote",0.928494828824899,0.192855253555567,0.319374133826127
