"","bcubed.precision","bcubed.recall","bcubed.f1"
"majority-vote",0.883675578637351,0.456441960534423,0.601957069883439
