"","bcubed.precision","bcubed.recall","bcubed.f1"
"majority-vote",0.970628302021145,0.78098995025635,0.865543560450188
