"","bcubed.precision","bcubed.recall","bcubed.f1"
"majority-vote",0.988599874424643,0.39640007549431,0.565893254910985
