"","bcubed.precision","bcubed.recall","bcubed.f1"
"majority-vote",0.924592026717009,0.892752675680776,0.90839344311033
