"","bcubed.precision","bcubed.recall","bcubed.f1"
"majority-vote",0.944214674178526,0.591745614733284,0.727538201144262
