"","bcubed.precision","bcubed.recall","bcubed.f1"
"majority-vote",0.99418880455408,0.179180936938679,0.303637762581668
