"","bcubed.precision","bcubed.recall","bcubed.f1"
"majority-vote",0.94419694734073,0.376953341165777,0.538800463679212
