"","bcubed.precision","bcubed.recall","bcubed.f1"
"majority-vote",0.892485807862461,0.679617668483662,0.771640204376346
