"","bcubed.precision","bcubed.recall","bcubed.f1"
"majority-vote",0.882940634971658,0.775192080786771,0.825565506946536
