"","bcubed.precision","bcubed.recall","bcubed.f1"
"majority-vote",0.961941229913837,0.542632349218684,0.693858295317679
