"","bcubed.precision","bcubed.recall","bcubed.f1"
"majority-vote",0.701087448789164,0.646351700963006,0.67260783558506
