"","bcubed.precision","bcubed.recall","bcubed.f1"
"majority-vote",0.914508819168062,0.814926909310207,0.861850872246416
