"","bcubed.precision","bcubed.recall","bcubed.f1"
"majority-vote",0.963815540929305,0.458075973226363,0.621004820025319
