"","bcubed.precision","bcubed.recall","bcubed.f1"
"majority-vote",0.922379960812115,0.404989242586054,0.562848619283204
