"","bcubed.precision","bcubed.recall","bcubed.f1"
"majority-vote",0.871688886513571,0.895086725429377,0.883232874337194
