"","bcubed.precision","bcubed.recall","bcubed.f1"
"majority-vote",0.914327152094117,0.673672978948744,0.775765044654571
