"","bcubed.precision","bcubed.recall","bcubed.f1"
"majority-vote",0.993863924198818,0.0414514432813211,0.0795836619011044
