"","bcubed.precision","bcubed.recall","bcubed.f1"
"majority-vote",0.997985071251363,0.836851433395037,0.910342949105975
