"","bcubed.precision","bcubed.recall","bcubed.f1"
"majority-vote",0.919023298836853,0.740246454330906,0.82000378433065
