"","bcubed.precision","bcubed.recall","bcubed.f1"
"majority-vote",0.96519937716574,0.67268273208633,0.792820130792394
