"","bcubed.precision","bcubed.recall","bcubed.f1"
"majority-vote",0.983450434764857,0.326486251237044,0.490226816539976
