"","bcubed.precision","bcubed.recall","bcubed.f1"
"majority-vote",0.959083965549725,0.245051209327145,0.390362627897265
