"","bcubed.precision","bcubed.recall","bcubed.f1"
"majority-vote",0.997569346543125,0.339151748748932,0.50620490627405
