"","bcubed.precision","bcubed.recall","bcubed.f1"
"majority-vote",0.988928688892843,0.444193323478988,0.613032968876146
