"","bcubed.precision","bcubed.recall","bcubed.f1"
"majority-vote",0.967143700955208,0.519428444657124,0.675866219920555
