"","bcubed.precision","bcubed.recall","bcubed.f1"
"majority-vote",0.940418907444099,0.831126388275367,0.882401338422963
