"","bcubed.precision","bcubed.recall","bcubed.f1"
"majority-vote",0.595798110569973,0.933979737764005,0.727508721186486
