"","bcubed.precision","bcubed.recall","bcubed.f1"
"majority-vote",0.836661490511136,0.845643901130072,0.841128715721352
