"","bcubed.precision","bcubed.recall","bcubed.f1"
"majority-vote",0.890643934737537,0.905337843254317,0.897930779547673
