"","bcubed.precision","bcubed.recall","bcubed.f1"
"majority-vote",0.983808233817554,0.628856242540802,0.767269271902448
