"","bcubed.precision","bcubed.recall","bcubed.f1"
"majority-vote",0.910800165273315,0.467178550737443,0.617580367940152
