"","bcubed.precision","bcubed.recall","bcubed.f1"
"majority-vote",0.983441562567511,0.617209540488284,0.758428259313442
