"","bcubed.precision","bcubed.recall","bcubed.f1"
"majority-vote",0.77071060135788,0.963006657339973,0.856194326112411
