"","bcubed.precision","bcubed.recall","bcubed.f1"
"majority-vote",0.826858180773068,0.690774187685586,0.752714952613715
