"","bcubed.precision","bcubed.recall","bcubed.f1"
"majority-vote",0.916200980008053,0.693406435692298,0.789384603634857
