"","bcubed.precision","bcubed.recall","bcubed.f1"
"majority-vote",0.949227572495603,0.449683802108119,0.61026348289805
