"","bcubed.precision","bcubed.recall","bcubed.f1"
"majority-vote",0.999264678848487,0.490098596271252,0.657647767456484
