"","bcubed.precision","bcubed.recall","bcubed.f1"
"majority-vote",0.999369509193415,0.287830617682845,0.446937717171612
