"","bcubed.precision","bcubed.recall","bcubed.f1"
"majority-vote",0.964624255450507,0.0979562274689426,0.177851851239267
