"","bcubed.precision","bcubed.recall","bcubed.f1"
"majority-vote",0.937035934281375,0.381175311372936,0.541908537337724
