"","bcubed.precision","bcubed.recall","bcubed.f1"
"majority-vote",0.938363916750953,0.211276985895401,0.344898480121545
