"","bcubed.precision","bcubed.recall","bcubed.f1"
"majority-vote",0.821315475263458,0.392248884000369,0.530932003935503
