"","bcubed.precision","bcubed.recall","bcubed.f1"
"majority-vote",0.937289699770847,0.811433462639278,0.869832621800451
