"","bcubed.precision","bcubed.recall","bcubed.f1"
"majority-vote",0.856035222613985,0.711244788581144,0.776951899567477
