"","bcubed.precision","bcubed.recall","bcubed.f1"
"majority-vote",0.889906262410506,0.85851992629755,0.873931383264089
