"","bcubed.precision","bcubed.recall","bcubed.f1"
"majority-vote",0.938588318443377,0.824315697256459,0.877748393859413
