"","bcubed.precision","bcubed.recall","bcubed.f1"
"majority-vote",0.972115607769221,0.560094500376472,0.710707497290443
