"","bcubed.precision","bcubed.recall","bcubed.f1"
"majority-vote",0.999126677590053,0.842195081407407,0.913973420948889
