"","bcubed.precision","bcubed.recall","bcubed.f1"
"majority-vote",0.885005365968885,0.639563588957668,0.742527527242115
