"","bcubed.precision","bcubed.recall","bcubed.f1"
"majority-vote",0.949957286245265,0.721009419481079,0.81979868197289
