"","bcubed.precision","bcubed.recall","bcubed.f1"
"majority-vote",0.992357244240638,0.461206339379121,0.62973709183444
