"","bcubed.precision","bcubed.recall","bcubed.f1"
"majority-vote",0.99371831913053,0.244478155932614,0.392413364228161
