"","bcubed.precision","bcubed.recall","bcubed.f1"
"majority-vote",0.891032395421123,0.638471463359638,0.743899734726873
