"","bcubed.precision","bcubed.recall","bcubed.f1"
"majority-vote",0.977031139731828,0.431991801110078,0.599095202156459
