"","bcubed.precision","bcubed.recall","bcubed.f1"
"majority-vote",0.962362689787922,0.67468587344212,0.793247709947664
