"","bcubed.precision","bcubed.recall","bcubed.f1"
"majority-vote",0.970815348061461,0.420077579638114,0.586411439108673
