"","bcubed.precision","bcubed.recall","bcubed.f1"
"majority-vote",0.681430225666827,0.657390886074818,0.669194735458763
