"","bcubed.precision","bcubed.recall","bcubed.f1"
"majority-vote",0.97080668263587,0.308166143038611,0.46782815868857
