"","bcubed.precision","bcubed.recall","bcubed.f1"
"majority-vote",0.940245505437031,0.588443786655948,0.723864069000033
