"","bcubed.precision","bcubed.recall","bcubed.f1"
"majority-vote",0.930082969348553,0.604605382269202,0.732830439003836
