"","bcubed.precision","bcubed.recall","bcubed.f1"
"majority-vote",0.94900014605077,0.485101592289613,0.642020673463597
