"","bcubed.precision","bcubed.recall","bcubed.f1"
"majority-vote",0.922647164030021,0.816973487809636,0.866600739440695
