"","bcubed.precision","bcubed.recall","bcubed.f1"
"majority-vote",0.78683825821241,0.907057989678958,0.842681987855035
