"","bcubed.precision","bcubed.recall","bcubed.f1"
"majority-vote",0.804061714073197,0.572364817174473,0.668712242207846
