"","bcubed.precision","bcubed.recall","bcubed.f1"
"majority-vote",0.972467945532253,0.523301541165022,0.680444385523963
