"","bcubed.precision","bcubed.recall","bcubed.f1"
"majority-vote",0.961943195425888,0.535258670945185,0.68780095439824
