"","bcubed.precision","bcubed.recall","bcubed.f1"
"majority-vote",0.962464842771634,0.694714968013372,0.806959785665451
