"","bcubed.precision","bcubed.recall","bcubed.f1"
"majority-vote",0.97346297478923,0.565770709029356,0.715624720599917
