"","bcubed.precision","bcubed.recall","bcubed.f1"
"majority-vote",0.884501143104016,0.814357418664277,0.847981207987143
