"","bcubed.precision","bcubed.recall","bcubed.f1"
"majority-vote",0.950537586335147,0.406275675898979,0.569246057810214
