"","bcubed.precision","bcubed.recall","bcubed.f1"
"majority-vote",0.919428030220558,0.831126388275367,0.873050149098379
