"","bcubed.precision","bcubed.recall","bcubed.f1"
"majority-vote",0.866540397547776,0.870982678706488,0.868755859393375
