"","bcubed.precision","bcubed.recall","bcubed.f1"
"majority-vote",0.966134826968762,0.514614001250402,0.671533888231005
