"","bcubed.precision","bcubed.recall","bcubed.f1"
"majority-vote",0.973898301832134,0.474103827453282,0.637746178835701
