"","bcubed.precision","bcubed.recall","bcubed.f1"
"majority-vote",0.999276568038776,0.491650622849958,0.659046196324012
