"","bcubed.precision","bcubed.recall","bcubed.f1"
"majority-vote",0.999619588267356,0.306850109726204,0.469560650071522
