"","bcubed.precision","bcubed.recall","bcubed.f1"
"majority-vote",0.989656565784735,0.580816548524297,0.732020058829724
