"","bcubed.precision","bcubed.recall","bcubed.f1"
"majority-vote",0.920643583880599,0.618858991986528,0.740172272824292
