"","bcubed.precision","bcubed.recall","bcubed.f1"
"majority-vote",0.985132838234868,0.382307929437846,0.550845205891862
