"","bcubed.precision","bcubed.recall","bcubed.f1"
"majority-vote",0.955156133874194,0.218008756429931,0.354992555033509
