"","bcubed.precision","bcubed.recall","bcubed.f1"
"majority-vote",0.972370834896176,0.389426384983002,0.556128113009539
