"","bcubed.precision","bcubed.recall","bcubed.f1"
"majority-vote",0.910435197589443,0.420495554977979,0.575287561645647
