"","bcubed.precision","bcubed.recall","bcubed.f1"
"majority-vote",0.971330877685183,0.614186894743615,0.752534857581792
