"","bcubed.precision","bcubed.recall","bcubed.f1"
"majority-vote",0.972115607769221,0.567996863665858,0.717036744490543
