"","bcubed.precision","bcubed.recall","bcubed.f1"
"majority-vote",0.947997405627304,0.897698042936756,0.922162338757283
