"","bcubed.precision","bcubed.recall","bcubed.f1"
"majority-vote",0.770073149786255,0.961941405562209,0.855379934081527
