"","bcubed.precision","bcubed.recall","bcubed.f1"
"majority-vote",0.997571400816009,0.338208190036689,0.505153425329661
