"","bcubed.precision","bcubed.recall","bcubed.f1"
"majority-vote",0.797687424340599,0.81354179676224,0.805536607644821
