"","bcubed.precision","bcubed.recall","bcubed.f1"
"majority-vote",0.964229748278461,0.837621359167317,0.896477438080292
