"","bcubed.precision","bcubed.recall","bcubed.f1"
"majority-vote",0.999371186270837,0.284011029253676,0.44231942095792
