"","bcubed.precision","bcubed.recall","bcubed.f1"
"majority-vote",0.961414534932209,0.373521602323495,0.538016894685637
