"","bcubed.precision","bcubed.recall","bcubed.f1"
"majority-vote",0.970991742921635,0.504342879302478,0.663866710679875
