"","bcubed.precision","bcubed.recall","bcubed.f1"
"majority-vote",0.988876486945942,0.415604596203945,0.585243358537829
