"","bcubed.precision","bcubed.recall","bcubed.f1"
"majority-vote",0.927835110039681,0.888608297405817,0.907798144468686
