"","bcubed.precision","bcubed.recall","bcubed.f1"
"majority-vote",0.999615893161782,0.323022162889369,0.488263718695267
