"","bcubed.precision","bcubed.recall","bcubed.f1"
"majority-vote",0.995768370602126,0.360263228891885,0.529100838882209
