"","bcubed.precision","bcubed.recall","bcubed.f1"
"majority-vote",0.999380449457099,0.506276959060307,0.672082894864743
