"","bcubed.precision","bcubed.recall","bcubed.f1"
"majority-vote",0.943360966144042,0.825149732268168,0.880304596794202
