"","bcubed.precision","bcubed.recall","bcubed.f1"
"majority-vote",0.977033165740496,0.430556229452644,0.597713676059184
