"","bcubed.precision","bcubed.recall","bcubed.f1"
"majority-vote",0.976292934148118,0.38355647162455,0.550742562381105
