"","bcubed.precision","bcubed.recall","bcubed.f1"
"majority-vote",0.917917459158171,0.37841176777941,0.535899000312138
