"","bcubed.precision","bcubed.recall","bcubed.f1"
"majority-vote",0.993182176358764,0.336013016161802,0.502141657680255
