"","bcubed.precision","bcubed.recall","bcubed.f1"
"majority-vote",0.834274555338576,0.364631058655378,0.507466827699555
