"","bcubed.precision","bcubed.recall","bcubed.f1"
"majority-vote",0.998511880580085,0.75784028744144,0.861686561921026
