"","bcubed.precision","bcubed.recall","bcubed.f1"
"majority-vote",0.901228366592082,0.404854877726513,0.558718905165435
