"","bcubed.precision","bcubed.recall","bcubed.f1"
"majority-vote",0.827520354770347,0.66839554693312,0.739494672788976
