"","bcubed.precision","bcubed.recall","bcubed.f1"
"majority-vote",0.695207789992282,0.649952674833925,0.671818975484451
