"","bcubed.precision","bcubed.recall","bcubed.f1"
"majority-vote",0.938410555531526,0.833861260635741,0.883052138719506
