"","bcubed.precision","bcubed.recall","bcubed.f1"
"majority-vote",0.988302802459649,0.457690442208125,0.625641576627439
