"","bcubed.precision","bcubed.recall","bcubed.f1"
"majority-vote",0.998627459021246,0.88927946496831,0.940786731778509
