"","bcubed.precision","bcubed.recall","bcubed.f1"
"majority-vote",0.99969692167121,0.365238933612714,0.535011570241379
