"","bcubed.precision","bcubed.recall","bcubed.f1"
"majority-vote",0.945857294536417,0.389685143220877,0.551965291206894
