"","bcubed.precision","bcubed.recall","bcubed.f1"
"majority-vote",0.90177337155598,0.446103821825175,0.596915727110367
