"","bcubed.precision","bcubed.recall","bcubed.f1"
"majority-vote",0.984280665586806,0.643189850300341,0.777991770385101
