"","bcubed.precision","bcubed.recall","bcubed.f1"
"majority-vote",0.795727632506574,0.531164096344538,0.637070741593505
