"","bcubed.precision","bcubed.recall","bcubed.f1"
"majority-vote",0.794109700302509,0.531411051945845,0.636728878793274
