"","bcubed.precision","bcubed.recall","bcubed.f1"
"majority-vote",0.963526711975311,0.546830503739719,0.697696931287473
