"","bcubed.precision","bcubed.recall","bcubed.f1"
"majority-vote",0.975341010303088,0.254192815568644,0.403282402373486
