"","bcubed.precision","bcubed.recall","bcubed.f1"
"majority-vote",0.598014605203104,0.810399234357547,0.688193433745872
