"","bcubed.precision","bcubed.recall","bcubed.f1"
"majority-vote",0.900595818803566,0.646415231722486,0.752624041957877
