"","bcubed.precision","bcubed.recall","bcubed.f1"
"majority-vote",0.951785714298579,0.687811438146272,0.798548716655937
