"","bcubed.precision","bcubed.recall","bcubed.f1"
"majority-vote",0.940446375265555,0.746089273491449,0.832068925903433
