"","bcubed.precision","bcubed.recall","bcubed.f1"
"majority-vote",0.967460446574118,0.863659763703371,0.912618031291282
