"","bcubed.precision","bcubed.recall","bcubed.f1"
"majority-vote",0.836274464847532,0.800372168393907,0.817929531284146
