"","bcubed.precision","bcubed.recall","bcubed.f1"
"majority-vote",0.939623670377812,0.674703630695653,0.785426228584403
