"","bcubed.precision","bcubed.recall","bcubed.f1"
"majority-vote",0.824380834720209,0.475263073336045,0.602930951593399
