"","bcubed.precision","bcubed.recall","bcubed.f1"
"majority-vote",0.986266212523707,0.681035940936572,0.805712074042533
