"","bcubed.precision","bcubed.recall","bcubed.f1"
"majority-vote",0.970039789475189,0.717040008819933,0.824569578633887
