"","bcubed.precision","bcubed.recall","bcubed.f1"
"majority-vote",0.88239904278778,0.391374184973345,0.542244410018471
