"","bcubed.precision","bcubed.recall","bcubed.f1"
"majority-vote",0.993815348952879,0.29414560283532,0.453936766512795
