"","bcubed.precision","bcubed.recall","bcubed.f1"
"majority-vote",0.937220463399197,0.490137204255743,0.64366013944699
