"","bcubed.precision","bcubed.recall","bcubed.f1"
"majority-vote",0.864098072269005,0.255041018492616,0.393839254205686
