"","bcubed.precision","bcubed.recall","bcubed.f1"
"majority-vote",0.938428531341339,0.506207657745294,0.657659987199958
