"","bcubed.precision","bcubed.recall","bcubed.f1"
"majority-vote",0.838992984982345,0.345662446371642,0.48960796532403
