"","bcubed.precision","bcubed.recall","bcubed.f1"
"majority-vote",0.993407834341781,0.724013095928705,0.837581828641561
