"","bcubed.precision","bcubed.recall","bcubed.f1"
"majority-vote",0.987196356566903,0.281939798952104,0.438613211177332
