"","bcubed.precision","bcubed.recall","bcubed.f1"
"majority-vote",0.919100904300306,0.423274044758472,0.579616831462974
