"","bcubed.precision","bcubed.recall","bcubed.f1"
"majority-vote",0.937268171185429,0.368482675965449,0.528993849889868
