"","bcubed.precision","bcubed.recall","bcubed.f1"
"majority-vote",0.875698643889764,0.464138088595992,0.606708392009872
