"","bcubed.precision","bcubed.recall","bcubed.f1"
"majority-vote",0.999978366652841,0.502516102685661,0.668894617364675
