"","bcubed.precision","bcubed.recall","bcubed.f1"
"majority-vote",0.834288314021816,0.583780864573288,0.686908030460917
