"","bcubed.precision","bcubed.recall","bcubed.f1"
"majority-vote",0.891682321432973,0.997673026970951,0.941704694643106
