"","bcubed.precision","bcubed.recall","bcubed.f1"
"majority-vote",0.974579819131179,0.26490919607307,0.416583210061826
