"","bcubed.precision","bcubed.recall","bcubed.f1"
"majority-vote",0.997651929479691,0.254212825969661,0.405181015318356
