"","bcubed.precision","bcubed.recall","bcubed.f1"
"majority-vote",0.971392450492876,0.693261938640174,0.809092166884973
