"","bcubed.precision","bcubed.recall","bcubed.f1"
"majority-vote",0.982247099959482,0.713772858502241,0.82676069558699
