"","bcubed.precision","bcubed.recall","bcubed.f1"
"majority-vote",0.865243920958337,0.413574060932456,0.559645621433589
