"","bcubed.precision","bcubed.recall","bcubed.f1"
"majority-vote",0.94666717357705,0.530899398821097,0.680287498004246
