"","bcubed.precision","bcubed.recall","bcubed.f1"
"majority-vote",0.961193625546163,0.42855273298232,0.592801920472958
