"","bcubed.precision","bcubed.recall","bcubed.f1"
"majority-vote",0.925620667007123,0.469614032145968,0.623098685740412
