"","bcubed.precision","bcubed.recall","bcubed.f1"
"majority-vote",0.959618849656479,0.393019011802954,0.55764881753724
