"","bcubed.precision","bcubed.recall","bcubed.f1"
"majority-vote",0.757832812952941,0.815522708572392,0.785620109134966
