"","bcubed.precision","bcubed.recall","bcubed.f1"
"majority-vote",0.84872024002139,0.519430684152864,0.644448396940957
