"","bcubed.precision","bcubed.recall","bcubed.f1"
"majority-vote",0.945492355131379,0.670011064530957,0.784263693480594
