"","bcubed.precision","bcubed.recall","bcubed.f1"
"majority-vote",0.998822010852538,0.386541456302425,0.557378801759134
