"","bcubed.precision","bcubed.recall","bcubed.f1"
"majority-vote",0.993666649951381,0.784335025552079,0.87667809093507
