"","bcubed.precision","bcubed.recall","bcubed.f1"
"majority-vote",0.788557735318544,0.88480959782927,0.833915469521991
