"","bcubed.precision","bcubed.recall","bcubed.f1"
"majority-vote",0.920434906361777,0.914526917293244,0.917471400911702
