"","bcubed.precision","bcubed.recall","bcubed.f1"
"majority-vote",0.735312746049789,0.591785123106615,0.65578757084366
