"","bcubed.precision","bcubed.recall","bcubed.f1"
"majority-vote",0.9803381317305,0.606002619550813,0.749003611480546
