"","bcubed.precision","bcubed.recall","bcubed.f1"
"majority-vote",0.723845166481808,0.633498826924114,0.675665219824319
