"","bcubed.precision","bcubed.recall","bcubed.f1"
"majority-vote",0.974714890334078,0.267418078918307,0.419691594891152
