"","bcubed.precision","bcubed.recall","bcubed.f1"
"majority-vote",0.964349294408891,0.629916099527343,0.762055236758517
