"","bcubed.precision","bcubed.recall","bcubed.f1"
"majority-vote",0.998572031285496,0.402596316689278,0.573837429778579
