"","bcubed.precision","bcubed.recall","bcubed.f1"
"majority-vote",0.93686074949507,0.378894452230624,0.539570491578889
