"","bcubed.precision","bcubed.recall","bcubed.f1"
"majority-vote",0.997474319559095,0.681825179205658,0.809984290695838
