"","bcubed.precision","bcubed.recall","bcubed.f1"
"majority-vote",0.974951047125586,0.471071032111432,0.635220170731974
