"","bcubed.precision","bcubed.recall","bcubed.f1"
"majority-vote",0.993075343183546,0.676001660052332,0.804421340953846
