"","bcubed.precision","bcubed.recall","bcubed.f1"
"majority-vote",0.996613231517097,0.925966341460957,0.95999179520046
