"","bcubed.precision","bcubed.recall","bcubed.f1"
"majority-vote",0.985336337271021,0.832049330829702,0.902228354122912
