"","bcubed.precision","bcubed.recall","bcubed.f1"
"majority-vote",0.996578487101006,0.854697270527668,0.92020101195823
