"","bcubed.precision","bcubed.recall","bcubed.f1"
"majority-vote",0.968366456789283,0.326669137722669,0.488535507100291
