"","bcubed.precision","bcubed.recall","bcubed.f1"
"majority-vote",0.814031509589526,0.191339182836225,0.309848148590827
