"","bcubed.precision","bcubed.recall","bcubed.f1"
"majority-vote",0.981571099077885,0.7048126292261,0.820481952597125
