"","bcubed.precision","bcubed.recall","bcubed.f1"
"majority-vote",0.984692726968331,0.479204008917629,0.644674847272855
