"","bcubed.precision","bcubed.recall","bcubed.f1"
"majority-vote",0.838370361857743,0.952813666678259,0.891935977308765
