"","bcubed.precision","bcubed.recall","bcubed.f1"
"majority-vote",0.96415214885079,0.894179841759329,0.927848651637609
