"","bcubed.precision","bcubed.recall","bcubed.f1"
"majority-vote",0.996240720100604,0.835428902572356,0.908775557763502
