"","bcubed.precision","bcubed.recall","bcubed.f1"
"majority-vote",0.991809215888349,0.743000506209075,0.849562623590699
