"","bcubed.precision","bcubed.recall","bcubed.f1"
"majority-vote",0.980996132507801,0.63359178801097,0.769919167273044
