"","bcubed.precision","bcubed.recall","bcubed.f1"
"majority-vote",0.996956999387511,0.925364753754289,0.959827736157119
