"","bcubed.precision","bcubed.recall","bcubed.f1"
"majority-vote",0.997448730070751,0.878758798194453,0.934349568576787
