"","bcubed.precision","bcubed.recall","bcubed.f1"
"majority-vote",0.994063172748617,0.173161162882902,0.294944390238551
