"","bcubed.precision","bcubed.recall","bcubed.f1"
"majority-vote",0.992999562297868,0.68553512608866,0.811107550955891
