"","bcubed.precision","bcubed.recall","bcubed.f1"
"majority-vote",0.926668947746542,0.720465799001019,0.810660190571485
