"","bcubed.precision","bcubed.recall","bcubed.f1"
"majority-vote",0.997012303962277,0.833223141283849,0.90778891422287
