"","bcubed.precision","bcubed.recall","bcubed.f1"
"majority-vote",0.942785713512712,0.563981952468441,0.7057679023395
