"","bcubed.precision","bcubed.recall","bcubed.f1"
"majority-vote",0.811537748979747,0.420292713809086,0.553783029695516
