"","bcubed.precision","bcubed.recall","bcubed.f1"
"majority-vote",0.950376433862646,0.393072479199118,0.556131040635458
