"","bcubed.precision","bcubed.recall","bcubed.f1"
"majority-vote",0.967365738925911,0.271287091220568,0.423740746515085
