"","bcubed.precision","bcubed.recall","bcubed.f1"
"majority-vote",0.932919230533034,0.608256492235313,0.736391276244084
