"","bcubed.precision","bcubed.recall","bcubed.f1"
"majority-vote",0.99385643925217,0.984030345625199,0.988918984541148
