"","bcubed.precision","bcubed.recall","bcubed.f1"
"majority-vote",0.991842770578626,0.695660068288046,0.817759109638152
