"","bcubed.precision","bcubed.recall","bcubed.f1"
"majority-vote",0.982058624196113,0.332720778642915,0.497043548765611
