"","bcubed.precision","bcubed.recall","bcubed.f1"
"majority-vote",0.899279519166957,0.192039244546763,0.316492239003601
