"","bcubed.precision","bcubed.recall","bcubed.f1"
"majority-vote",0.870464203334715,0.451541827744869,0.594628145590626
