"","bcubed.precision","bcubed.recall","bcubed.f1"
"majority-vote",0.947497869012876,0.557888896293934,0.702276056315289
