"","bcubed.precision","bcubed.recall","bcubed.f1"
"majority-vote",0.978939570153424,0.287324777202549,0.444257306108959
