"","bcubed.precision","bcubed.recall","bcubed.f1"
"majority-vote",0.958411027070589,0.916140168523284,0.936798996921344
