"","bcubed.precision","bcubed.recall","bcubed.f1"
"majority-vote",0.869017386504547,0.508206789499532,0.641348799577625
