"","bcubed.precision","bcubed.recall","bcubed.f1"
"majority-vote",0.868366919666092,0.481488258598251,0.619486420035017
