"","bcubed.precision","bcubed.recall","bcubed.f1"
"majority-vote",0.931390535529587,0.721750674030672,0.813278070762127
