"","bcubed.precision","bcubed.recall","bcubed.f1"
"majority-vote",0.905602413757155,0.435388229400893,0.588055753376993
