"","bcubed.precision","bcubed.recall","bcubed.f1"
"majority-vote",0.975832388065994,0.969197953102714,0.972503855663874
