"","bcubed.precision","bcubed.recall","bcubed.f1"
"majority-vote",0.991325986660312,0.385252233765431,0.554869378410605
