"","bcubed.precision","bcubed.recall","bcubed.f1"
"majority-vote",0.937256758178185,0.400077457153075,0.560780239094654
