"","bcubed.precision","bcubed.recall","bcubed.f1"
"majority-vote",0.996234634742687,0.714426231185189,0.832118358058445
