"","bcubed.precision","bcubed.recall","bcubed.f1"
"majority-vote",0.926650514669027,0.324000064874019,0.480125834952247
