"","bcubed.precision","bcubed.recall","bcubed.f1"
"majority-vote",0.987500263616649,0.299319862316613,0.459393565559891
