"","bcubed.precision","bcubed.recall","bcubed.f1"
"majority-vote",0.985356230956878,0.813140884001532,0.891003304962457
