"","bcubed.precision","bcubed.recall","bcubed.f1"
"majority-vote",0.998401346095083,0.419826216478699,0.591097043548726
