"","bcubed.precision","bcubed.recall","bcubed.f1"
"majority-vote",0.9731925264013,0.740941919790792,0.841333234320902
