"","bcubed.precision","bcubed.recall","bcubed.f1"
"majority-vote",0.89312205927086,0.424716313630466,0.575675312596126
