"","bcubed.precision","bcubed.recall","bcubed.f1"
"majority-vote",0.996613624166938,0.937491651785189,0.966149014046754
