"","bcubed.precision","bcubed.recall","bcubed.f1"
"majority-vote",0.925075837881418,0.731368338581025,0.816895840169742
