"","bcubed.precision","bcubed.recall","bcubed.f1"
"majority-vote",0.862642981926603,0.357975949115835,0.505981731644228
