"","bcubed.precision","bcubed.recall","bcubed.f1"
"majority-vote",0.856541246554929,0.832137763870397,0.844163175086139
