"","bcubed.precision","bcubed.recall","bcubed.f1"
"majority-vote",0.804661929707074,0.924518436238584,0.860436312607177
