"","bcubed.precision","bcubed.recall","bcubed.f1"
"majority-vote",0.973899410774411,0.323913202954004,0.486139330380974
