"","bcubed.precision","bcubed.recall","bcubed.f1"
"majority-vote",0.659021167298918,0.893038620081399,0.758387477897905
