"","bcubed.precision","bcubed.recall","bcubed.f1"
"majority-vote",0.919013534191865,0.53116480591811,0.673224295279599
