"","bcubed.precision","bcubed.recall","bcubed.f1"
"majority-vote",0.968108491582994,0.483470707166768,0.644886751536415
