"","bcubed.precision","bcubed.recall","bcubed.f1"
"majority-vote",0.961320203193863,0.717020357180635,0.821390094159698
