"","bcubed.precision","bcubed.recall","bcubed.f1"
"majority-vote",0.940059102666194,0.746036510372268,0.831884511262026
