"","bcubed.precision","bcubed.recall","bcubed.f1"
"majority-vote",0.734804020852576,0.326499632062582,0.452110462048227
