"","bcubed.precision","bcubed.recall","bcubed.f1"
"majority-vote",0.908732438437466,0.709796367892449,0.797038621328664
