"","bcubed.precision","bcubed.recall","bcubed.f1"
"majority-vote",0.921806903869491,0.290663925785729,0.441966943767686
