"","bcubed.precision","bcubed.recall","bcubed.f1"
"majority-vote",0.997012560607796,0.868035118910486,0.928064119868473
