"","bcubed.precision","bcubed.recall","bcubed.f1"
"majority-vote",0.933580047269676,0.599645542312398,0.730247548098455
