"","bcubed.precision","bcubed.recall","bcubed.f1"
"majority-vote",0.973676280290004,0.726137283646864,0.831882583268321
