"","bcubed.precision","bcubed.recall","bcubed.f1"
"majority-vote",0.840409741333685,0.426478993488918,0.565822539502586
