"","bcubed.precision","bcubed.recall","bcubed.f1"
"majority-vote",0.998695265606195,0.989514788505096,0.994083831820356
