"","bcubed.precision","bcubed.recall","bcubed.f1"
"majority-vote",0.889776080359849,0.425593774247145,0.575782026551493
