"","bcubed.precision","bcubed.recall","bcubed.f1"
"majority-vote",0.998624213836478,0.422727233675044,0.594006010455888
