"","bcubed.precision","bcubed.recall","bcubed.f1"
"majority-vote",0.878242998774955,0.493658934618295,0.632045910218781
