"","bcubed.precision","bcubed.recall","bcubed.f1"
"majority-vote",0.873416484417162,0.630624130567653,0.732423719973266
