"","bcubed.precision","bcubed.recall","bcubed.f1"
"majority-vote",0.895160724555134,0.99536425415483,0.942606944610186
