"","bcubed.precision","bcubed.recall","bcubed.f1"
"majority-vote",0.954147826411406,0.260624021035887,0.409416539747035
