"","bcubed.precision","bcubed.recall","bcubed.f1"
"majority-vote",0.983000619998993,0.701081872360088,0.818444367573269
