"","bcubed.precision","bcubed.recall","bcubed.f1"
"majority-vote",0.996724551353368,0.402959655164845,0.573900569338834
