"","bcubed.precision","bcubed.recall","bcubed.f1"
"majority-vote",0.903347789256888,0.667783528545192,0.767906243581678
