"","bcubed.precision","bcubed.recall","bcubed.f1"
"majority-vote",0.930011291883036,0.526735439709516,0.672553294462227
