"","bcubed.precision","bcubed.recall","bcubed.f1"
"majority-vote",0.956812759295688,0.96103308416501,0.958918278202283
