"","bcubed.precision","bcubed.recall","bcubed.f1"
"majority-vote",0.986320650115364,0.580335721589448,0.730724511821822
