"","bcubed.precision","bcubed.recall","bcubed.f1"
"majority-vote",0.781113479271708,0.797881283852247,0.789408350465416
