"","bcubed.precision","bcubed.recall","bcubed.f1"
"majority-vote",0.968329033154017,0.336881339071928,0.499861153868734
