"","bcubed.precision","bcubed.recall","bcubed.f1"
"majority-vote",0.899502461291915,0.70005452948581,0.787343965787516
