"","bcubed.precision","bcubed.recall","bcubed.f1"
"majority-vote",0.942669214847811,0.504895052795705,0.657586034192826
