"","bcubed.precision","bcubed.recall","bcubed.f1"
"majority-vote",0.954119132779691,0.501367780123874,0.657325857532
