"","bcubed.precision","bcubed.recall","bcubed.f1"
"majority-vote",0.922443257908883,0.678658898335563,0.7819917333169
