"","bcubed.precision","bcubed.recall","bcubed.f1"
"majority-vote",0.918892111291203,0.98312243732105,0.94992275715958
