"","bcubed.precision","bcubed.recall","bcubed.f1"
"majority-vote",0.272110510228445,0.908774820515111,0.418816583888672
