"","bcubed.precision","bcubed.recall","bcubed.f1"
"majority-vote",0.892154023062297,0.360338332059492,0.513340127459978
