"","bcubed.precision","bcubed.recall","bcubed.f1"
"majority-vote",0.346935736473641,0.902272194686681,0.501166315959194
