"","bcubed.precision","bcubed.recall","bcubed.f1"
"majority-vote",0.994204878738265,0.554518842102744,0.711947948820032
