"","bcubed.precision","bcubed.recall","bcubed.f1"
"majority-vote",0.966669928163764,0.955401187731407,0.961002524697702
