"","bcubed.precision","bcubed.recall","bcubed.f1"
"majority-vote",0.964261513474741,0.770600253558157,0.856621756153921
