"","bcubed.precision","bcubed.recall","bcubed.f1"
"majority-vote",0.706840054637049,0.333898319898032,0.453548581381705
