"","bcubed.precision","bcubed.recall","bcubed.f1"
"majority-vote",0.971104244730081,0.432736544073784,0.598689392916036
