"","bcubed.precision","bcubed.recall","bcubed.f1"
"majority-vote",0.847408355810417,0.504817981694797,0.632715047749722
