"","bcubed.precision","bcubed.recall","bcubed.f1"
"majority-vote",0.985566026797751,0.770280416670048,0.864725059075518
