"","bcubed.precision","bcubed.recall","bcubed.f1"
"majority-vote",0.998707659907143,0.778900084605561,0.875213874601047
