"","bcubed.precision","bcubed.recall","bcubed.f1"
"majority-vote",0.962844773008165,0.704349646713164,0.81355763633287
