"","bcubed.precision","bcubed.recall","bcubed.f1"
"majority-vote",0.959787114221659,0.243566979531685,0.388534762324612
