"","bcubed.precision","bcubed.recall","bcubed.f1"
"majority-vote",0.94950401306955,0.334098306330981,0.494277203813652
