"","bcubed.precision","bcubed.recall","bcubed.f1"
"majority-vote",0.911408537128293,0.639077016652153,0.75132625059173
