"","bcubed.precision","bcubed.recall","bcubed.f1"
"majority-vote",0.903355076748917,0.896699767306154,0.900015118751353
