"","bcubed.precision","bcubed.recall","bcubed.f1"
"majority-vote",0.931756299641504,0.985204430668538,0.95773525267955
