"","bcubed.precision","bcubed.recall","bcubed.f1"
"majority-vote",0.900187761007176,0.37215230013067,0.526599697739147
