"","bcubed.precision","bcubed.recall","bcubed.f1"
"majority-vote",0.989800934674907,0.356148565050554,0.523817844045515
