"","bcubed.precision","bcubed.recall","bcubed.f1"
"majority-vote",0.990885591006166,0.650944472618383,0.785722606441641
