"","bcubed.precision","bcubed.recall","bcubed.f1"
"majority-vote",0.994394837416616,0.790071497278628,0.880535544782982
