"","bcubed.precision","bcubed.recall","bcubed.f1"
"majority-vote",0.989807905386706,0.499948469637178,0.66434076850308
