"","bcubed.precision","bcubed.recall","bcubed.f1"
"majority-vote",0.948096179991836,0.55071270279722,0.696724733607692
