"","bcubed.precision","bcubed.recall","bcubed.f1"
"majority-vote",0.977635687093148,0.792486809046497,0.875378272141124
