"","bcubed.precision","bcubed.recall","bcubed.f1"
"majority-vote",0.881679997386626,0.548910112944443,0.676592216668337
