"","bcubed.precision","bcubed.recall","bcubed.f1"
"majority-vote",0.955843372544139,0.779758862368078,0.858868841932301
