"","bcubed.precision","bcubed.recall","bcubed.f1"
"majority-vote",0.880123283667511,0.618101065406791,0.7261998373746
