"","bcubed.precision","bcubed.recall","bcubed.f1"
"majority-vote",0.996826504934936,0.423301524909619,0.594253716202575
