"","bcubed.precision","bcubed.recall","bcubed.f1"
"majority-vote",0.994801128618226,0.581514881734698,0.733979299656358
