"","bcubed.precision","bcubed.recall","bcubed.f1"
"majority-vote",0.853302934054154,0.605372626308749,0.708267489032049
