"","bcubed.precision","bcubed.recall","bcubed.f1"
"majority-vote",0.9505351902633,0.354186284926853,0.516074172355492
