"","bcubed.precision","bcubed.recall","bcubed.f1"
"majority-vote",0.9086630039989,0.652101952274875,0.759295519143751
