"","bcubed.precision","bcubed.recall","bcubed.f1"
"majority-vote",0.824537084630346,0.654955188264916,0.730027255145663
