"","bcubed.precision","bcubed.recall","bcubed.f1"
"majority-vote",0.956230770350246,0.644514689972185,0.770022209989604
