"","bcubed.precision","bcubed.recall","bcubed.f1"
"majority-vote",0.98997854561879,0.730220503626218,0.840487189524008
