"","bcubed.precision","bcubed.recall","bcubed.f1"
"majority-vote",0.964176051600631,0.69231266772347,0.805935213022254
