"","bcubed.precision","bcubed.recall","bcubed.f1"
"majority-vote",0.892633499826196,0.478356450804295,0.622903169566645
