"","bcubed.precision","bcubed.recall","bcubed.f1"
"majority-vote",0.998888701743772,0.611380386163017,0.758507959684975
