"","bcubed.precision","bcubed.recall","bcubed.f1"
"majority-vote",0.949089594610176,0.409280502394323,0.571926409387074
