"","bcubed.precision","bcubed.recall","bcubed.f1"
"majority-vote",0.952804363020789,0.786622861166703,0.861775282977568
