"","bcubed.precision","bcubed.recall","bcubed.f1"
"majority-vote",0.999605092464753,0.671240935342426,0.803157018746584
