"","bcubed.precision","bcubed.recall","bcubed.f1"
"majority-vote",0.928647837345743,0.59706061427905,0.726821756311428
