"","bcubed.precision","bcubed.recall","bcubed.f1"
"majority-vote",0.965321216709365,0.876940769607467,0.919011016877098
