"","bcubed.precision","bcubed.recall","bcubed.f1"
"majority-vote",0.90051341744397,0.623845099268989,0.737071858278829
