"","bcubed.precision","bcubed.recall","bcubed.f1"
"majority-vote",0.884814837410774,0.626642819073256,0.733679652478959
