"","bcubed.precision","bcubed.recall","bcubed.f1"
"majority-vote",0.917272965346149,0.597303274763013,0.723489688460114
