"","bcubed.precision","bcubed.recall","bcubed.f1"
"majority-vote",0.924377608459677,0.468691357539107,0.622004806312077
