"","bcubed.precision","bcubed.recall","bcubed.f1"
"majority-vote",0.999604131578152,0.657286578993455,0.793083545946203
