"","bcubed.precision","bcubed.recall","bcubed.f1"
"majority-vote",0.912204319940676,0.789595714974917,0.846483261757003
