"","bcubed.precision","bcubed.recall","bcubed.f1"
"majority-vote",0.948468521281226,0.673658809573494,0.787785475049699
