"","bcubed.precision","bcubed.recall","bcubed.f1"
"majority-vote",0.955523826608427,0.486285984191664,0.644548040886218
