"","bcubed.precision","bcubed.recall","bcubed.f1"
"majority-vote",0.871230110461121,0.71469161297488,0.785235290892803
