"","bcubed.precision","bcubed.recall","bcubed.f1"
"majority-vote",0.992877200918652,0.488591377650137,0.65490587711676
