"","bcubed.precision","bcubed.recall","bcubed.f1"
"majority-vote",0.962363172112887,0.562415004230176,0.70993603648359
