"","bcubed.precision","bcubed.recall","bcubed.f1"
"majority-vote",0.90126622698005,0.663688846588568,0.764444108021089
