"","bcubed.precision","bcubed.recall","bcubed.f1"
"majority-vote",0.733347033230808,0.670155671258746,0.700328787038771
