"","bcubed.precision","bcubed.recall","bcubed.f1"
"majority-vote",0.986986702648667,0.590859547481971,0.739198152480865
