"","bcubed.precision","bcubed.recall","bcubed.f1"
"majority-vote",0.961903587363738,0.921137634988451,0.941079340200893
