"","bcubed.precision","bcubed.recall","bcubed.f1"
"majority-vote",0.814720085096077,0.330694155767031,0.47043796229436
