"","bcubed.precision","bcubed.recall","bcubed.f1"
"majority-vote",0.982480642081816,0.58359556717415,0.732239394436323
