"","bcubed.precision","bcubed.recall","bcubed.f1"
"majority-vote",0.842004441612179,0.373339290329408,0.51730770879692
