"","bcubed.precision","bcubed.recall","bcubed.f1"
"majority-vote",0.943054649127632,0.707909143034974,0.808736099081375
