"","bcubed.precision","bcubed.recall","bcubed.f1"
"majority-vote",0.977674498036677,0.588595262440844,0.734809024951327
