"","bcubed.precision","bcubed.recall","bcubed.f1"
"majority-vote",0.988237368904362,0.525055978419663,0.685762531842878
