"","bcubed.precision","bcubed.recall","bcubed.f1"
"majority-vote",0.998281648000647,0.516315244988611,0.680614143658809
