"","bcubed.precision","bcubed.recall","bcubed.f1"
"majority-vote",0.971027787921636,0.887289107297085,0.927271749315119
