"","bcubed.precision","bcubed.recall","bcubed.f1"
"majority-vote",0.831848888843362,0.471279324610032,0.601680139320729
