"","bcubed.precision","bcubed.recall","bcubed.f1"
"majority-vote",0.908839177374693,0.616153211451159,0.734409144511467
