"","bcubed.precision","bcubed.recall","bcubed.f1"
"majority-vote",0.815663712806922,0.288307650521943,0.426029327330143
