"","bcubed.precision","bcubed.recall","bcubed.f1"
"majority-vote",0.73102273886418,0.309526323930027,0.434906510726713
