"","bcubed.precision","bcubed.recall","bcubed.f1"
"majority-vote",0.6316133628979,0.741592516807896,0.682198860874824
