"","bcubed.precision","bcubed.recall","bcubed.f1"
"majority-vote",0.82667196532845,0.615751204043815,0.705790462616854
