"","bcubed.precision","bcubed.recall","bcubed.f1"
"majority-vote",0.982705750001968,0.593530465936079,0.740074102826802
