"","bcubed.precision","bcubed.recall","bcubed.f1"
"majority-vote",0.973467414945781,0.299396946143748,0.457948513784676
