"","bcubed.precision","bcubed.recall","bcubed.f1"
"majority-vote",0.953442489394961,0.735654658217333,0.83050807309365
