"","bcubed.precision","bcubed.recall","bcubed.f1"
"majority-vote",0.879461709895175,0.469333990768387,0.612044172190091
