"","bcubed.precision","bcubed.recall","bcubed.f1"
"majority-vote",0.823238391246367,0.607670580952945,0.699216737319844
