"","bcubed.precision","bcubed.recall","bcubed.f1"
"majority-vote",0.929594382374586,0.758206492555651,0.835198638214718
