"","bcubed.precision","bcubed.recall","bcubed.f1"
"majority-vote",0.935810802153935,0.377032142847212,0.537506414425463
