"","bcubed.precision","bcubed.recall","bcubed.f1"
"majority-vote",0.952908891638999,0.536998478166219,0.686902602150493
