"","bcubed.precision","bcubed.recall","bcubed.f1"
"majority-vote",0.412401938041622,0.47376564691053,0.440959191649951
