"","bcubed.precision","bcubed.recall","bcubed.f1"
"majority-vote",0.976353502322386,0.743967411472597,0.844464753035671
