"","bcubed.precision","bcubed.recall","bcubed.f1"
"majority-vote",0.952855843015434,0.677974862433658,0.792249381777
