"","bcubed.precision","bcubed.recall","bcubed.f1"
"majority-vote",0.994400393853522,0.783401519598242,0.876379729079503
