"","bcubed.precision","bcubed.recall","bcubed.f1"
"majority-vote",0.999022408982839,0.774397589158127,0.872484291191307
