"","bcubed.precision","bcubed.recall","bcubed.f1"
"majority-vote",0.413454452585863,0.328287806891023,0.365981724121979
