"","bcubed.precision","bcubed.recall","bcubed.f1"
"majority-vote",0.780129273113336,0.694205517264917,0.73466359080654
