"","bcubed.precision","bcubed.recall","bcubed.f1"
"majority-vote",0.9983330722932,0.426222499956383,0.597396165022889
