"","bcubed.precision","bcubed.recall","bcubed.f1"
"majority-vote",0.833038375085182,0.365679207393883,0.508251179731332
