"","bcubed.precision","bcubed.recall","bcubed.f1"
"majority-vote",0.890991287235305,0.632012041147834,0.739482588903258
