"","bcubed.precision","bcubed.recall","bcubed.f1"
"majority-vote",0.982130901446408,0.629646644916557,0.76734587643318
