"","bcubed.precision","bcubed.recall","bcubed.f1"
"majority-vote",0.951550971728129,0.330962275285887,0.491109897518582
