"","bcubed.precision","bcubed.recall","bcubed.f1"
"majority-vote",0.92776038149227,0.823118839744511,0.872312652423178
