"","bcubed.precision","bcubed.recall","bcubed.f1"
"majority-vote",0.957053815351508,0.370932248236093,0.534647362867973
