"","bcubed.precision","bcubed.recall","bcubed.f1"
"majority-vote",0.955128359543522,0.68906123163031,0.800566950824973
