"","bcubed.precision","bcubed.recall","bcubed.f1"
"majority-vote",0.665414608790171,0.540262573345335,0.596343058014601
