"","bcubed.precision","bcubed.recall","bcubed.f1"
"majority-vote",0.99566307729515,0.515509536653362,0.679305337989365
