"","bcubed.precision","bcubed.recall","bcubed.f1"
"majority-vote",0.870596396869632,0.480351949703124,0.619109794540646
