"","bcubed.precision","bcubed.recall","bcubed.f1"
"majority-vote",0.988591363093957,0.655906312776812,0.788597424397839
