"","bcubed.precision","bcubed.recall","bcubed.f1"
"majority-vote",0.969378451716641,0.560003223475576,0.709901349721422
