"","bcubed.precision","bcubed.recall","bcubed.f1"
"majority-vote",0.999906278215614,0.5083558354122,0.674031637874363
