"","bcubed.precision","bcubed.recall","bcubed.f1"
"majority-vote",0.962042082395404,0.836947077236013,0.895145259467654
