"","bcubed.precision","bcubed.recall","bcubed.f1"
"majority-vote",0.975563891032967,0.60567942631826,0.747359968417069
