"","bcubed.precision","bcubed.recall","bcubed.f1"
"majority-vote",0.998660624145584,0.530611506200309,0.69301049492215
