"","bcubed.precision","bcubed.recall","bcubed.f1"
"majority-vote",0.9540717863085,0.951337019402683,0.952702440297739
