"","bcubed.precision","bcubed.recall","bcubed.f1"
"majority-vote",0.963339113186155,0.409317046597273,0.574522786162568
