"","bcubed.precision","bcubed.recall","bcubed.f1"
"majority-vote",0.900818481351222,0.919599167088955,0.910111946957587
