"","bcubed.precision","bcubed.recall","bcubed.f1"
"majority-vote",0.982371880392052,0.519323167712525,0.679456827723896
