"","bcubed.precision","bcubed.recall","bcubed.f1"
"majority-vote",0.65136168772824,0.816643212409774,0.724697991208384
