"","bcubed.precision","bcubed.recall","bcubed.f1"
"majority-vote",0.978935879593319,0.768799953015381,0.861235255574135
