"","bcubed.precision","bcubed.recall","bcubed.f1"
"majority-vote",0.892264618116291,0.299554472684873,0.448527564691924
