"","bcubed.precision","bcubed.recall","bcubed.f1"
"majority-vote",0.949008123179107,0.411150368221932,0.573734666595776
