"","bcubed.precision","bcubed.recall","bcubed.f1"
"majority-vote",0.986790945479835,0.75504507489449,0.855501476166406
