"","bcubed.precision","bcubed.recall","bcubed.f1"
"majority-vote",0.99325082964382,0.697282448624892,0.819358458653971
