"","bcubed.precision","bcubed.recall","bcubed.f1"
"majority-vote",0.986589185118393,0.661932506604667,0.792292216199946
