"","bcubed.precision","bcubed.recall","bcubed.f1"
"majority-vote",0.998406592711032,0.631256901186454,0.773473854202367
