"","bcubed.precision","bcubed.recall","bcubed.f1"
"majority-vote",0.826887532287516,0.615704591973405,0.705838389261713
