"","bcubed.precision","bcubed.recall","bcubed.f1"
"majority-vote",0.999184224737761,0.649876165886557,0.787534545949614
