"","bcubed.precision","bcubed.recall","bcubed.f1"
"majority-vote",0.95435449513304,0.685187532129512,0.797676168617297
