"","bcubed.precision","bcubed.recall","bcubed.f1"
"majority-vote",0.878058704290768,0.471120154792907,0.613219144218847
