"","bcubed.precision","bcubed.recall","bcubed.f1"
"majority-vote",0.95880635300074,0.476476022287222,0.636597014061226
