"","bcubed.precision","bcubed.recall","bcubed.f1"
"majority-vote",0.98308011121894,0.643520539115802,0.777858096928024
