"","bcubed.precision","bcubed.recall","bcubed.f1"
"majority-vote",0.525921866663299,0.447342685545222,0.483460123326696
