"","bcubed.precision","bcubed.recall","bcubed.f1"
"majority-vote",0.998657731472428,0.565566718343199,0.722156690497323
