"","bcubed.precision","bcubed.recall","bcubed.f1"
"majority-vote",0.974860225964399,0.556646218313753,0.708651615793028
