"","bcubed.precision","bcubed.recall","bcubed.f1"
"majority-vote",0.998383454308966,0.504362678270833,0.670169554310687
