"","bcubed.precision","bcubed.recall","bcubed.f1"
"majority-vote",0.998716852010265,0.843010104639131,0.914281451849665
