"","bcubed.precision","bcubed.recall","bcubed.f1"
"majority-vote",0.950898179914502,0.346904521307946,0.508352891552961
