"","bcubed.precision","bcubed.recall","bcubed.f1"
"majority-vote",0.972593487976837,0.474113088184834,0.637474536621761
