"","bcubed.precision","bcubed.recall","bcubed.f1"
"majority-vote",0.982996367369427,0.729971584365962,0.837796661621946
