"","bcubed.precision","bcubed.recall","bcubed.f1"
"majority-vote",0.991380883027578,0.475766654862566,0.642970054792192
