"","bcubed.precision","bcubed.recall","bcubed.f1"
"majority-vote",0.955107377869163,0.610206957255736,0.744659591781664
