"","bcubed.precision","bcubed.recall","bcubed.f1"
"majority-vote",0.857313975108521,0.740527683805828,0.794652872816995
