"","bcubed.precision","bcubed.recall","bcubed.f1"
"majority-vote",0.984324551688526,0.478674326803127,0.644116545900664
