"","bcubed.precision","bcubed.recall","bcubed.f1"
"majority-vote",0.996094939965302,0.288193258987914,0.44704583791076
