"","bcubed.precision","bcubed.recall","bcubed.f1"
"majority-vote",0.966545665204209,0.799240745542802,0.874967293164489
