"","bcubed.precision","bcubed.recall","bcubed.f1"
"majority-vote",0.991363211777311,0.693796687375029,0.816307713781397
