"","bcubed.precision","bcubed.recall","bcubed.f1"
"majority-vote",0.922820328395439,0.438675333670636,0.594667359957066
