"","bcubed.precision","bcubed.recall","bcubed.f1"
"majority-vote",0.885816692745784,0.581677148350255,0.702230310435355
