"","bcubed.precision","bcubed.recall","bcubed.f1"
"majority-vote",0.987807711995561,0.961530385198132,0.97449193773429
