"","bcubed.precision","bcubed.recall","bcubed.f1"
"majority-vote",0.91150424007291,0.687113708714998,0.783560649223058
