"","bcubed.precision","bcubed.recall","bcubed.f1"
"majority-vote",0.960341130768273,0.568238111329902,0.713999530218843
