"","bcubed.precision","bcubed.recall","bcubed.f1"
"majority-vote",0.871089540074903,0.426243019897281,0.572398855341179
