"","bcubed.precision","bcubed.recall","bcubed.f1"
"majority-vote",0.906109974953469,0.533599334018096,0.671662919965011
