"","bcubed.precision","bcubed.recall","bcubed.f1"
"majority-vote",0.948526159166767,0.55201299416762,0.697880843701355
