"","bcubed.precision","bcubed.recall","bcubed.f1"
"majority-vote",0.989920341096855,0.687869286516811,0.81170581523653
