"","bcubed.precision","bcubed.recall","bcubed.f1"
"majority-vote",0.652381698807995,0.585294419177422,0.617019851861284
