"","bcubed.precision","bcubed.recall","bcubed.f1"
"majority-vote",0.994424773460053,0.665108519592893,0.797092039902104
