"","bcubed.precision","bcubed.recall","bcubed.f1"
"majority-vote",0.960152927257102,0.502520461833461,0.659746045883815
