"","bcubed.precision","bcubed.recall","bcubed.f1"
"majority-vote",0.966025651229314,0.677559471094864,0.796478162792599
