"","bcubed.precision","bcubed.recall","bcubed.f1"
"majority-vote",0.930478408936622,0.345656566221502,0.504062623526837
