"","bcubed.precision","bcubed.recall","bcubed.f1"
"majority-vote",0.991259346087624,0.454935644544451,0.6236492484682
