"","bcubed.precision","bcubed.recall","bcubed.f1"
"majority-vote",0.977510859495451,0.889577664782193,0.931473592582468
