"","bcubed.precision","bcubed.recall","bcubed.f1"
"majority-vote",0.986676696217709,0.862634084729228,0.920495308343572
