"","bcubed.precision","bcubed.recall","bcubed.f1"
"majority-vote",0.982688430418823,0.63453958958865,0.771140130664559
