"","bcubed.precision","bcubed.recall","bcubed.f1"
"majority-vote",0.903202968165046,0.610371132885225,0.728459899679384
