"","bcubed.precision","bcubed.recall","bcubed.f1"
"majority-vote",0.942702718272625,0.525509613917566,0.674833374787801
