"","bcubed.precision","bcubed.recall","bcubed.f1"
"majority-vote",0.91808701168252,0.59778135084874,0.724093605494642
