"","bcubed.precision","bcubed.recall","bcubed.f1"
"majority-vote",0.852023266711114,0.561208547167901,0.67669399311319
