"","bcubed.precision","bcubed.recall","bcubed.f1"
"majority-vote",0.995565328905352,0.592549074349611,0.74292042549119
