"","bcubed.precision","bcubed.recall","bcubed.f1"
"majority-vote",0.874147799609815,0.594097147777508,0.707414270906633
