"","bcubed.precision","bcubed.recall","bcubed.f1"
"majority-vote",0.962168957523171,0.473322624500776,0.634509239748988
