"","bcubed.precision","bcubed.recall","bcubed.f1"
"majority-vote",0.916896148776518,0.592498008195726,0.71983734581584
