"","bcubed.precision","bcubed.recall","bcubed.f1"
"majority-vote",0.880186973055254,0.789630161492553,0.832453048058435
