"","bcubed.precision","bcubed.recall","bcubed.f1"
"majority-vote",0.903756538877757,0.696668445942619,0.78681433921892
