"","bcubed.precision","bcubed.recall","bcubed.f1"
"majority-vote",0.908869047431334,0.326208738500288,0.480100976313646
