"","bcubed.precision","bcubed.recall","bcubed.f1"
"majority-vote",0.985215114472488,0.522874343125391,0.683173936694103
