"","bcubed.precision","bcubed.recall","bcubed.f1"
"majority-vote",0.995522172999103,0.0629196102786265,0.118358644071781
