"","bcubed.precision","bcubed.recall","bcubed.f1"
"majority-vote",0.895559032534947,0.620050644594828,0.732763802943794
