"","bcubed.precision","bcubed.recall","bcubed.f1"
"majority-vote",0.963677693547858,0.487929005763148,0.647842558334995
