"","bcubed.precision","bcubed.recall","bcubed.f1"
"majority-vote",0.82935056170154,0.550768612453425,0.661943209919547
