"","bcubed.precision","bcubed.recall","bcubed.f1"
"majority-vote",0.997795381313107,0.0596036870819916,0.112487868501547
