"","bcubed.precision","bcubed.recall","bcubed.f1"
"majority-vote",0.822577592923365,0.57471585023882,0.676662991611106
