"","bcubed.precision","bcubed.recall","bcubed.f1"
"majority-vote",0.905177415237521,0.457651779348843,0.607935398442311
