"","bcubed.precision","bcubed.recall","bcubed.f1"
"majority-vote",0.73726393188998,0.83273544628767,0.78209688218709
