"","bcubed.precision","bcubed.recall","bcubed.f1"
"majority-vote",0.983289043911626,0.549443507879778,0.704965495663438
