"","bcubed.precision","bcubed.recall","bcubed.f1"
"majority-vote",0.73411566834083,0.419657587081769,0.534034236912507
