"","bcubed.precision","bcubed.recall","bcubed.f1"
"majority-vote",0.978039467912829,0.56974773169995,0.72004183584897
