"","bcubed.precision","bcubed.recall","bcubed.f1"
"majority-vote",0.806117138502811,0.40831251269672,0.54206139322251
