"","bcubed.precision","bcubed.recall","bcubed.f1"
"majority-vote",0.994449075276461,0.560137236101304,0.716625320050816
