"","bcubed.precision","bcubed.recall","bcubed.f1"
"majority-vote",0.965914430091081,0.802847015530721,0.876863886168735
