"","bcubed.precision","bcubed.recall","bcubed.f1"
"majority-vote",0.821189405012214,0.306408334159553,0.446292625247873
