"","bcubed.precision","bcubed.recall","bcubed.f1"
"majority-vote",0.979043838282564,0.642596737351622,0.775918394812669
