"","bcubed.precision","bcubed.recall","bcubed.f1"
"majority-vote",0.7895787604009,0.567503624382242,0.66037082683724
