"","bcubed.precision","bcubed.recall","bcubed.f1"
"majority-vote",0.886881199989839,0.622297576677791,0.731396478783527
