"","bcubed.precision","bcubed.recall","bcubed.f1"
"majority-vote",0.96634857180464,0.108100275839645,0.194448618746925
