"","bcubed.precision","bcubed.recall","bcubed.f1"
"majority-vote",0.996086435326287,0.290183780613614,0.449436088994267
