"","bcubed.precision","bcubed.recall","bcubed.f1"
"majority-vote",0.844152035860108,0.562508736986638,0.675134907694056
