"","bcubed.precision","bcubed.recall","bcubed.f1"
"majority-vote",0.973215917827461,0.131338750916721,0.231443434420597
