"","bcubed.precision","bcubed.recall","bcubed.f1"
"majority-vote",0.9874257633575,0.457573806267861,0.625356815938126
