"","bcubed.precision","bcubed.recall","bcubed.f1"
"majority-vote",0.987939253986043,0.921791591727353,0.953719839113284
