"","bcubed.precision","bcubed.recall","bcubed.f1"
"majority-vote",0.964282555290756,0.576837965329215,0.721857609127948
