"","bcubed.precision","bcubed.recall","bcubed.f1"
"majority-vote",0.976933234429838,0.74263437628107,0.843821666214231
