"","bcubed.precision","bcubed.recall","bcubed.f1"
"majority-vote",0.954128984804311,0.627957063747668,0.757420288590041
