"","bcubed.precision","bcubed.recall","bcubed.f1"
"majority-vote",0.918892484714694,0.721631320362022,0.808402285859418
