"","bcubed.precision","bcubed.recall","bcubed.f1"
"majority-vote",0.89133023504986,0.610490737894026,0.72465208930489
