"","bcubed.precision","bcubed.recall","bcubed.f1"
"majority-vote",0.723383682993036,0.64547213811472,0.682210654093511
