"","bcubed.precision","bcubed.recall","bcubed.f1"
"majority-vote",0.960444997183661,0.545548303582629,0.695845245302698
