"","bcubed.precision","bcubed.recall","bcubed.f1"
"majority-vote",0.897676669494969,0.537408591240285,0.672321244656082
