"","bcubed.precision","bcubed.recall","bcubed.f1"
"majority-vote",0.981615110441556,0.609320307689638,0.751907355019642
