"","bcubed.precision","bcubed.recall","bcubed.f1"
"majority-vote",0.946503949513102,0.653609762954462,0.773250322469518
