"","bcubed.precision","bcubed.recall","bcubed.f1"
"majority-vote",0.933404536030659,0.55560875172707,0.696579047862412
