"","bcubed.precision","bcubed.recall","bcubed.f1"
"majority-vote",0.76867914117256,0.392847509407652,0.519959978520354
