"","bcubed.precision","bcubed.recall","bcubed.f1"
"majority-vote",0.832248875617216,0.572968352989791,0.678688330647221
