"","bcubed.precision","bcubed.recall","bcubed.f1"
"majority-vote",0.973930565471136,0.586900264028806,0.732430568665617
