"","bcubed.precision","bcubed.recall","bcubed.f1"
"majority-vote",0.97024069611491,0.540441154572446,0.694200439070522
