"","bcubed.precision","bcubed.recall","bcubed.f1"
"majority-vote",0.977997074513042,0.821249345180726,0.892795392828074
