"","bcubed.precision","bcubed.recall","bcubed.f1"
"majority-vote",0.918002162240417,0.655072613062827,0.764563877899867
