"","bcubed.precision","bcubed.recall","bcubed.f1"
"majority-vote",0.959391642022724,0.343903424159725,0.506313695743935
