"","bcubed.precision","bcubed.recall","bcubed.f1"
"majority-vote",0.936978336303104,0.479267135635486,0.634159730484863
