"","bcubed.precision","bcubed.recall","bcubed.f1"
"majority-vote",0.916138365034565,0.32152297667646,0.475993754101102
