"","bcubed.precision","bcubed.recall","bcubed.f1"
"majority-vote",0.7920518195411,0.533108034100966,0.637280381323265
