"","bcubed.precision","bcubed.recall","bcubed.f1"
"majority-vote",0.999732653937041,0.246487213597359,0.395470049275927
