"","bcubed.precision","bcubed.recall","bcubed.f1"
"majority-vote",0.984831693000067,0.617608318920307,0.759142609780808
