"","bcubed.precision","bcubed.recall","bcubed.f1"
"majority-vote",0.936158858446951,0.628620059323289,0.752167901100715
