"","bcubed.precision","bcubed.recall","bcubed.f1"
"majority-vote",0.956235305695995,0.576078168253324,0.718999464130178
