"","bcubed.precision","bcubed.recall","bcubed.f1"
"majority-vote",0.589764354787114,0.659551098030094,0.622708583171209
