"","bcubed.precision","bcubed.recall","bcubed.f1"
"majority-vote",0.986541179068415,0.910797278010301,0.947157337361984
