"","bcubed.precision","bcubed.recall","bcubed.f1"
"majority-vote",0.932785101782667,0.614818673591063,0.741137632447338
