"","bcubed.precision","bcubed.recall","bcubed.f1"
"majority-vote",0.963459859415464,0.315471246280167,0.47530923477757
