"","bcubed.precision","bcubed.recall","bcubed.f1"
"majority-vote",0.59930959327159,0.595417581052335,0.597357247740109
