"","bcubed.precision","bcubed.recall","bcubed.f1"
"majority-vote",0.999108686791489,0.341903073434423,0.509463586883821
