"","bcubed.precision","bcubed.recall","bcubed.f1"
"majority-vote",0.992968185602702,0.588651624639146,0.739131277801379
