"","bcubed.precision","bcubed.recall","bcubed.f1"
"majority-vote",0.994792575059175,0.17442751066255,0.296811857086857
