"","bcubed.precision","bcubed.recall","bcubed.f1"
"majority-vote",0.999147690502172,0.471451218664519,0.640622529197995
