"","bcubed.precision","bcubed.recall","bcubed.f1"
"majority-vote",0.975449795332607,0.207098949638734,0.341659705610861
