"","bcubed.precision","bcubed.recall","bcubed.f1"
"majority-vote",0.936256095569192,0.468695792306894,0.624675188241983
