"","bcubed.precision","bcubed.recall","bcubed.f1"
"majority-vote",0.985113648165058,0.163712780979796,0.280765990110973
