"","bcubed.precision","bcubed.recall","bcubed.f1"
"majority-vote",0.97459107198723,0.637829206057706,0.771042957150431
