"","bcubed.precision","bcubed.recall","bcubed.f1"
"majority-vote",0.98722643908159,0.457101038930717,0.624875227860508
