"","bcubed.precision","bcubed.recall","bcubed.f1"
"majority-vote",0.93920669045672,0.52387850511987,0.672592680839945
