"","bcubed.precision","bcubed.recall","bcubed.f1"
"majority-vote",0.992668692658358,0.825468767391894,0.901380693332802
