"","bcubed.precision","bcubed.recall","bcubed.f1"
"majority-vote",0.643588484207345,0.472123155726763,0.544680211763894
