"","bcubed.precision","bcubed.recall","bcubed.f1"
"majority-vote",0.996455419166171,0.991645652004378,0.99404471750578
