"","bcubed.precision","bcubed.recall","bcubed.f1"
"majority-vote",0.985480297294518,0.967226427917299,0.976268044175102
