"","bcubed.precision","bcubed.recall","bcubed.f1"
"majority-vote",0.810670358672959,0.963153174070331,0.880357842443386
