"","bcubed.precision","bcubed.recall","bcubed.f1"
"majority-vote",0.993910401808096,0.707949011930558,0.826904832710934
