"","bcubed.precision","bcubed.recall","bcubed.f1"
"majority-vote",0.996895542763271,0.339617089890003,0.506636083918571
