"","bcubed.precision","bcubed.recall","bcubed.f1"
"majority-vote",0.648693291473297,0.284434381464648,0.395467159471422
