"","bcubed.precision","bcubed.recall","bcubed.f1"
"majority-vote",0.996547840991072,0.302680924911111,0.464330886362253
