"","bcubed.precision","bcubed.recall","bcubed.f1"
"majority-vote",0.999018294471642,0.647870133430077,0.786008456642159
