"","bcubed.precision","bcubed.recall","bcubed.f1"
"majority-vote",0.956659743796294,0.927851388829522,0.942035370926019
