"","bcubed.precision","bcubed.recall","bcubed.f1"
"majority-vote",0.911294835093183,0.66778314191525,0.770762859149691
