"","bcubed.precision","bcubed.recall","bcubed.f1"
"majority-vote",0.891265680952834,0.811393311227393,0.849456074731269
