"","bcubed.precision","bcubed.recall","bcubed.f1"
"majority-vote",0.94065837978981,0.914637933593224,0.927465688905809
