"","bcubed.precision","bcubed.recall","bcubed.f1"
"majority-vote",0.985052154603024,0.508961445187536,0.671149939012782
