"","bcubed.precision","bcubed.recall","bcubed.f1"
"majority-vote",0.913884698333161,0.859434963397135,0.885823892004664
