"","bcubed.precision","bcubed.recall","bcubed.f1"
"majority-vote",0.999288579192506,0.571519187519423,0.727157847039441
