"","bcubed.precision","bcubed.recall","bcubed.f1"
"majority-vote",0.990088069636023,0.326169811437975,0.490689314948938
