"","bcubed.precision","bcubed.recall","bcubed.f1"
"majority-vote",0.998297952078145,0.959125442541942,0.9783197316506
