"","bcubed.precision","bcubed.recall","bcubed.f1"
"majority-vote",0.97226418649361,0.499574008114964,0.660015371760918
