"","bcubed.precision","bcubed.recall","bcubed.f1"
"majority-vote",0.864737112228861,0.858298977157315,0.861506016627206
