"","bcubed.precision","bcubed.recall","bcubed.f1"
"majority-vote",0.986109019467762,0.241910234748706,0.388511602840411
