"","bcubed.precision","bcubed.recall","bcubed.f1"
"majority-vote",0.989138051511136,0.366346480585861,0.534668209638751
