"","bcubed.precision","bcubed.recall","bcubed.f1"
"majority-vote",0.990571411592308,0.620019591987133,0.762668711155864
