"","bcubed.precision","bcubed.recall","bcubed.f1"
"majority-vote",0.943796535993578,0.534038454260692,0.682110853434165
