"","bcubed.precision","bcubed.recall","bcubed.f1"
"majority-vote",0.959010599123489,0.866419906501872,0.910367029658271
