"","bcubed.precision","bcubed.recall","bcubed.f1"
"majority-vote",0.797437923199115,0.407469469927889,0.539347023214905
