"","bcubed.precision","bcubed.recall","bcubed.f1"
"majority-vote",0.47067570146717,0.563473694203683,0.512911146857214
