"","bcubed.precision","bcubed.recall","bcubed.f1"
"majority-vote",0.796875471736951,0.546878669103071,0.648621922983556
