"","bcubed.precision","bcubed.recall","bcubed.f1"
"majority-vote",0.995656823873122,0.4193465543601,0.590140299082025
