"","bcubed.precision","bcubed.recall","bcubed.f1"
"majority-vote",0.959804766561526,0.969225626084512,0.964492191865834
