"","bcubed.precision","bcubed.recall","bcubed.f1"
"majority-vote",0.99227693878862,0.210986337790431,0.347981828189961
