"","bcubed.precision","bcubed.recall","bcubed.f1"
"majority-vote",0.990100112565656,0.612559195350264,0.756860706793764
