"","bcubed.precision","bcubed.recall","bcubed.f1"
"majority-vote",0.995298967677038,0.625796110305459,0.768436387258039
