"","bcubed.precision","bcubed.recall","bcubed.f1"
"majority-vote",0.956203764048835,0.861553978390495,0.906414686439699
