"","bcubed.precision","bcubed.recall","bcubed.f1"
"majority-vote",0.913789645379003,0.533970674540799,0.674057530957131
