"","bcubed.precision","bcubed.recall","bcubed.f1"
"majority-vote",0.800469180059812,0.300133701388787,0.436574866209305
