"","bcubed.precision","bcubed.recall","bcubed.f1"
"majority-vote",0.983767646901923,0.281088901359446,0.437245104894675
