"","bcubed.precision","bcubed.recall","bcubed.f1"
"majority-vote",0.970918818167247,0.783627453582141,0.867276803542809
