"","bcubed.precision","bcubed.recall","bcubed.f1"
"majority-vote",0.972155605020687,0.737214278532708,0.838539393811038
