"","bcubed.precision","bcubed.recall","bcubed.f1"
"majority-vote",0.999768959741235,0.747893122203319,0.855680667913648
