"","bcubed.precision","bcubed.recall","bcubed.f1"
"majority-vote",0.956509707573383,0.698904483512451,0.807663636987099
