"","bcubed.precision","bcubed.recall","bcubed.f1"
"majority-vote",0.975415144596185,0.339835180803803,0.504056719274035
