"","bcubed.precision","bcubed.recall","bcubed.f1"
"majority-vote",0.956929700056837,0.531034021514496,0.683030398605698
