"","bcubed.precision","bcubed.recall","bcubed.f1"
"majority-vote",0.990378557902746,0.460073607770018,0.628282747926459
