"","bcubed.precision","bcubed.recall","bcubed.f1"
"majority-vote",0.966075414017239,0.341615138523494,0.50474630369154
