"","bcubed.precision","bcubed.recall","bcubed.f1"
"majority-vote",0.688583202000204,0.88875315202654,0.775967015085779
