"","bcubed.precision","bcubed.recall","bcubed.f1"
"majority-vote",0.965884216007455,0.460293626390493,0.623471120140086
