"","bcubed.precision","bcubed.recall","bcubed.f1"
"majority-vote",0.870939419826325,0.550623608682091,0.674693695138427
