"","bcubed.precision","bcubed.recall","bcubed.f1"
"majority-vote",0.906354547643798,0.534000158685419,0.672047614577537
