"","bcubed.precision","bcubed.recall","bcubed.f1"
"majority-vote",0.998086361744872,0.23241622736043,0.377035316837987
