"","bcubed.precision","bcubed.recall","bcubed.f1"
"majority-vote",0.974039916983117,0.443769970202635,0.609742771358096
