"","bcubed.precision","bcubed.recall","bcubed.f1"
"majority-vote",0.919812706096269,0.452864181141231,0.606916648517177
