"","bcubed.precision","bcubed.recall","bcubed.f1"
"majority-vote",0.924502098689214,0.610680474299577,0.735515618861322
