"","bcubed.precision","bcubed.recall","bcubed.f1"
"majority-vote",0.749237841445245,0.730784120655422,0.739895935524082
