"","bcubed.precision","bcubed.recall","bcubed.f1"
"majority-vote",0.971563151671279,0.993080036537878,0.982203767026069
