"","bcubed.precision","bcubed.recall","bcubed.f1"
"majority-vote",0.936474064873279,0.587395082181059,0.721952093275178
