"","bcubed.precision","bcubed.recall","bcubed.f1"
"majority-vote",0.999553809352652,0.53695249738967,0.698614658270027
