"","bcubed.precision","bcubed.recall","bcubed.f1"
"majority-vote",0.999552811696458,0.545285214660284,0.705629147122418
