"","bcubed.precision","bcubed.recall","bcubed.f1"
"majority-vote",0.987658897565464,0.479467090083332,0.645547746542929
