"","bcubed.precision","bcubed.recall","bcubed.f1"
"majority-vote",0.643806204043512,0.419854609360544,0.508254133077481
