"","bcubed.precision","bcubed.recall","bcubed.f1"
"majority-vote",0.986746878189482,0.303474240637977,0.464187502732224
