"","bcubed.precision","bcubed.recall","bcubed.f1"
"majority-vote",0.960653642630381,0.335759153810435,0.49760115765598
