"","bcubed.precision","bcubed.recall","bcubed.f1"
"majority-vote",0.748516762684183,0.787768936542934,0.767641402144051
