"","bcubed.precision","bcubed.recall","bcubed.f1"
"majority-vote",0.852805987590337,0.584480468794256,0.693596521699878
