"","bcubed.precision","bcubed.recall","bcubed.f1"
"majority-vote",0.967082238444663,0.737377290543179,0.836751437730201
