"","bcubed.precision","bcubed.recall","bcubed.f1"
"majority-vote",0.986714840809101,0.455971504920013,0.623716793636466
