"","bcubed.precision","bcubed.recall","bcubed.f1"
"majority-vote",0.793208757662317,0.772633474687074,0.782785935803147
