"","bcubed.precision","bcubed.recall","bcubed.f1"
"majority-vote",0.911032704634645,0.326980394523109,0.481238580411712
