"","bcubed.precision","bcubed.recall","bcubed.f1"
"majority-vote",0.952613449079762,0.931727936351309,0.942054948125595
