"","bcubed.precision","bcubed.recall","bcubed.f1"
"majority-vote",0.935760341325448,0.560384041699779,0.700982028317353
