"","bcubed.precision","bcubed.recall","bcubed.f1"
"majority-vote",0.996718068856653,0.135195009053498,0.238094798925111
