"","bcubed.precision","bcubed.recall","bcubed.f1"
"majority-vote",0.956430498650944,0.685776955785981,0.798800412230019
