"","bcubed.precision","bcubed.recall","bcubed.f1"
"majority-vote",0.876066094109305,0.756306855513637,0.811793399309844
