"","bcubed.precision","bcubed.recall","bcubed.f1"
"majority-vote",0.911364795432408,0.630622716208494,0.745437091304052
