"","bcubed.precision","bcubed.recall","bcubed.f1"
"majority-vote",0.799372246400476,0.732704369000248,0.764587790855325
