"","bcubed.precision","bcubed.recall","bcubed.f1"
"majority-vote",0.997081351572175,0.531853658306762,0.693687254247781
