"","bcubed.precision","bcubed.recall","bcubed.f1"
"majority-vote",0.953669821474982,0.752350432864773,0.841131752300854
