"","bcubed.precision","bcubed.recall","bcubed.f1"
"majority-vote",0.851376133055835,0.57480739057947,0.68627534301624
