"","bcubed.precision","bcubed.recall","bcubed.f1"
"majority-vote",0.688502432990668,0.871696941762814,0.769344578578684
