"","bcubed.precision","bcubed.recall","bcubed.f1"
"majority-vote",0.644435058175269,0.345474691846811,0.44981070877101
