"","bcubed.precision","bcubed.recall","bcubed.f1"
"majority-vote",0.87152409696489,0.457914270638859,0.600378823014108
