"","bcubed.precision","bcubed.recall","bcubed.f1"
"majority-vote",0.999770431588613,0.721836490584729,0.838368817450238
