"","bcubed.precision","bcubed.recall","bcubed.f1"
"majority-vote",0.960114380836993,0.433938030095315,0.597725221547382
