"","bcubed.precision","bcubed.recall","bcubed.f1"
"majority-vote",0.934281064584707,0.741421958483652,0.82675329356415
