"","bcubed.precision","bcubed.recall","bcubed.f1"
"majority-vote",0.842725307741382,0.836834769456559,0.839769708977019
