"","bcubed.precision","bcubed.recall","bcubed.f1"
"majority-vote",0.972623680853257,0.517387216147556,0.675462252804694
