"","bcubed.precision","bcubed.recall","bcubed.f1"
"majority-vote",0.995193331937173,0.13998779732309,0.245449679980666
