"","bcubed.precision","bcubed.recall","bcubed.f1"
"majority-vote",0.97747651074977,0.787115746400399,0.872028254946816
