"","bcubed.precision","bcubed.recall","bcubed.f1"
"majority-vote",0.96669212585716,0.81617692828802,0.885081052977955
