"","bcubed.precision","bcubed.recall","bcubed.f1"
"majority-vote",0.949950742939696,0.890422107956145,0.919223669889644
