"","bcubed.precision","bcubed.recall","bcubed.f1"
"majority-vote",0.947679820764163,0.128393951065716,0.226148726450693
