"","bcubed.precision","bcubed.recall","bcubed.f1"
"majority-vote",0.961969983498476,0.309029667222875,0.467784965495797
