"","bcubed.precision","bcubed.recall","bcubed.f1"
"majority-vote",0.964402492511468,0.312465935938715,0.472003098721745
