"","bcubed.precision","bcubed.recall","bcubed.f1"
"majority-vote",0.952954030216171,0.265673086482683,0.415507311489125
