"","bcubed.precision","bcubed.recall","bcubed.f1"
"majority-vote",0.265423074334417,0.945690952494744,0.414507956180752
