"","bcubed.precision","bcubed.recall","bcubed.f1"
"majority-vote",0.85575940220309,0.958267737407232,0.904117262865513
