"","bcubed.precision","bcubed.recall","bcubed.f1"
"majority-vote",0.998306380377474,0.827983223263549,0.905202474987073
