"","bcubed.precision","bcubed.recall","bcubed.f1"
"majority-vote",0.967080348657608,0.678922427641546,0.797778165977682
