"","bcubed.precision","bcubed.recall","bcubed.f1"
"majority-vote",0.988187668361065,0.948394263547002,0.96788212317785
