"","bcubed.precision","bcubed.recall","bcubed.f1"
"majority-vote",0.999324457192509,0.0439938238097644,0.084277453772364
