"","bcubed.precision","bcubed.recall","bcubed.f1"
"majority-vote",0.934222253410971,0.949459142269148,0.94177907309221
