"","bcubed.precision","bcubed.recall","bcubed.f1"
"majority-vote",0.998462192921992,0.31678514794104,0.480971120292525
