"","bcubed.precision","bcubed.recall","bcubed.f1"
"majority-vote",0.462007112358553,0.634626869479726,0.534731062960468
