"","bcubed.precision","bcubed.recall","bcubed.f1"
"majority-vote",0.952321114753397,0.873340498070624,0.911122401697858
