"","bcubed.precision","bcubed.recall","bcubed.f1"
"majority-vote",0.966573013395995,0.321151511078079,0.482116132635115
