"","bcubed.precision","bcubed.recall","bcubed.f1"
"majority-vote",0.998073122557064,0.261007477788354,0.413801226538633
