"","bcubed.precision","bcubed.recall","bcubed.f1"
"majority-vote",0.943039919669864,0.511812254105203,0.66351674169756
