"","bcubed.precision","bcubed.recall","bcubed.f1"
"majority-vote",0.970279863164974,0.888800368867589,0.927754580385122
