"","bcubed.precision","bcubed.recall","bcubed.f1"
"majority-vote",0.984421319384439,0.59356358410827,0.740585851376771
