"","bcubed.precision","bcubed.recall","bcubed.f1"
"majority-vote",0.907186549195369,0.564514482367269,0.695956494215145
