"","bcubed.precision","bcubed.recall","bcubed.f1"
"majority-vote",0.978804946291137,0.820693117396949,0.892802830861468
