"","bcubed.precision","bcubed.recall","bcubed.f1"
"majority-vote",0.974418894453096,0.870758317063625,0.919676821665849
