"","bcubed.precision","bcubed.recall","bcubed.f1"
"majority-vote",0.698600581771266,0.943119935719231,0.802650790745627
