"","bcubed.precision","bcubed.recall","bcubed.f1"
"majority-vote",0.960709169182515,0.549275392132769,0.698939471498464
