"","bcubed.precision","bcubed.recall","bcubed.f1"
"majority-vote",0.645599040331218,0.367731864901674,0.468568239365337
