"","bcubed.precision","bcubed.recall","bcubed.f1"
"majority-vote",0.914843777905575,0.853143323221968,0.882916917678346
