"","bcubed.precision","bcubed.recall","bcubed.f1"
"majority-vote",0.937013719755322,0.85062913100561,0.891734236328614
