"","bcubed.precision","bcubed.recall","bcubed.f1"
"majority-vote",0.979687692631385,0.527179789666542,0.685490340468042
