"","bcubed.precision","bcubed.recall","bcubed.f1"
"majority-vote",0.99633818753068,0.196633291563245,0.328445835893937
