{
      "avg_bcuded_f1": 0.6784503358203144,
      "avg_bcuded_recall": 0.5696456119136971,
      "avg_bcuded_precision": 0.9326632101459402,
      "avg_bcuded_f1star": 0.7072946617255325
}