"","bcubed.precision","bcubed.recall","bcubed.f1"
"majority-vote",0.909407663932021,0.164579175590441,0.27871768647018
