"","bcubed.precision","bcubed.recall","bcubed.f1"
"majority-vote",0.929587310122328,0.414470490471491,0.573318362041055
