"","bcubed.precision","bcubed.recall","bcubed.f1"
"majority-vote",0.955561858335731,0.253680363085813,0.400924272869991
