"","bcubed.precision","bcubed.recall","bcubed.f1"
"majority-vote",0.914779940260257,0.390321050156438,0.547172777534136
