"","bcubed.precision","bcubed.recall","bcubed.f1"
"majority-vote",0.998058704767821,0.14946965184468,0.260001395630127
