"","bcubed.precision","bcubed.recall","bcubed.f1"
"majority-vote",0.977731652864856,0.173013798684805,0.294002582636707
