"","bcubed.precision","bcubed.recall","bcubed.f1"
"majority-vote",0.920579322402528,0.305222011152794,0.458444716150563
