"","bcubed.precision","bcubed.recall","bcubed.f1"
"majority-vote",0.930493124738094,0.80805692240698,0.864963780515174
