"","bcubed.precision","bcubed.recall","bcubed.f1"
"majority-vote",0.982182876245899,0.18342586841701,0.309122161007504
