"","bcubed.precision","bcubed.recall","bcubed.f1"
"majority-vote",0.882270310274528,0.536491510016432,0.667244528619719
