"","bcubed.precision","bcubed.recall","bcubed.f1"
"majority-vote",0.812407341711678,0.782674691018359,0.797263905063182
