"","bcubed.precision","bcubed.recall","bcubed.f1"
"majority-vote",0.946161218986696,0.118294640339604,0.210296744806593
