"","bcubed.precision","bcubed.recall","bcubed.f1"
"majority-vote",0.986644895326217,0.167020541442134,0.2856806824171
