"","bcubed.precision","bcubed.recall","bcubed.f1"
"majority-vote",0.961079299593071,0.385041926552607,0.549810548853344
