"","bcubed.precision","bcubed.recall","bcubed.f1"
"majority-vote",0.941480850458901,0.463964272982084,0.621601613644305
