"","bcubed.precision","bcubed.recall","bcubed.f1"
"majority-vote",0.894913142076381,0.783746997306158,0.835649184128686
