"","bcubed.precision","bcubed.recall","bcubed.f1"
"majority-vote",0.962298709980905,0.233948672490922,0.376391219807014
