"","bcubed.precision","bcubed.recall","bcubed.f1"
"majority-vote",0.907675225786164,0.719645589388014,0.802797416149154
