"","bcubed.precision","bcubed.recall","bcubed.f1"
"majority-vote",0.974171283712591,0.368978546335848,0.535231879727723
