"","bcubed.precision","bcubed.recall","bcubed.f1"
"majority-vote",0.9978468154274,0.0995747435143952,0.181079622326081
