"","bcubed.precision","bcubed.recall","bcubed.f1"
"majority-vote",0.937868827251578,0.143554954744204,0.24899714486328
