"","bcubed.precision","bcubed.recall","bcubed.f1"
"majority-vote",0.635933729045724,0.547274633400355,0.588282519759963
