"","bcubed.precision","bcubed.recall","bcubed.f1"
"majority-vote",0.929528335046226,0.451030015785107,0.607355972134239
