"","bcubed.precision","bcubed.recall","bcubed.f1"
"majority-vote",0.903592927012792,0.715095181966592,0.798368685087026
