"","bcubed.precision","bcubed.recall","bcubed.f1"
"majority-vote",0.996390957367422,0.0739729351744987,0.137721319284713
