"","bcubed.precision","bcubed.recall","bcubed.f1"
"majority-vote",0.946999825119934,0.440375123863462,0.601185952782918
