"","bcubed.precision","bcubed.recall","bcubed.f1"
"majority-vote",0.861637219226329,0.471437812094784,0.609430611042097
