"","bcubed.precision","bcubed.recall","bcubed.f1"
"majority-vote",0.999690670967813,0.174142001739428,0.296614907065183
