"","bcubed.precision","bcubed.recall","bcubed.f1"
"majority-vote",0.981422651933702,0.487994148881934,0.651862033233861
