"","bcubed.precision","bcubed.recall","bcubed.f1"
"majority-vote",0.995129092784547,0.189812657153863,0.318814148159377
