"","bcubed.precision","bcubed.recall","bcubed.f1"
"majority-vote",0.945005832859291,0.182455054729514,0.305857334568462
