"","bcubed.precision","bcubed.recall","bcubed.f1"
"majority-vote",0.690128062922255,0.62233880899514,0.654482769695677
