"","bcubed.precision","bcubed.recall","bcubed.f1"
"majority-vote",0.604911965907816,0.537851810606979,0.5694142618234
