"","bcubed.precision","bcubed.recall","bcubed.f1"
"majority-vote",0.872065034760877,0.612363678688104,0.719496932258437
