"","bcubed.precision","bcubed.recall","bcubed.f1"
"majority-vote",0.95572614262728,0.17668039910757,0.298228719269381
