"","bcubed.precision","bcubed.recall","bcubed.f1"
"majority-vote",0.954386658406042,0.37989273196386,0.543461223531628
