"","bcubed.precision","bcubed.recall","bcubed.f1"
"majority-vote",0.84243266899497,0.501776414811029,0.628939127789721
