"","bcubed.precision","bcubed.recall","bcubed.f1"
"majority-vote",0.933019702699666,0.288266145233954,0.440450519556304
