"","bcubed.precision","bcubed.recall","bcubed.f1"
"majority-vote",0.985711964730515,0.239397202200102,0.385233729207767
