"","bcubed.precision","bcubed.recall","bcubed.f1"
"majority-vote",0.944084290390516,0.187132186729394,0.312351457552043
