"","bcubed.precision","bcubed.recall","bcubed.f1"
"majority-vote",0.907333853219945,0.414540655065796,0.569080903700829
