"","bcubed.precision","bcubed.recall","bcubed.f1"
"majority-vote",0.995672041829606,0.393717717284183,0.564296261580158
