"","bcubed.precision","bcubed.recall","bcubed.f1"
"majority-vote",0.896937287311619,0.629753098989738,0.739965406676038
