"","bcubed.precision","bcubed.recall","bcubed.f1"
"majority-vote",0.917139179188895,0.290722525994557,0.441495939010458
