"","bcubed.precision","bcubed.recall","bcubed.f1"
"majority-vote",0.998945402530267,0.305143705881643,0.467486309233455
