"","bcubed.precision","bcubed.recall","bcubed.f1"
"majority-vote",0.939224382213506,0.583732787015027,0.719988818253741
