"","bcubed.precision","bcubed.recall","bcubed.f1"
"majority-vote",0.87900680993988,0.51847774596119,0.652236860261128
