"","bcubed.precision","bcubed.recall","bcubed.f1"
"majority-vote",0.945695052726221,0.0970069099085921,0.175963905446189
