"","bcubed.precision","bcubed.recall","bcubed.f1"
"majority-vote",0.869596704710922,0.617240225991053,0.722002602240221
