"","bcubed.precision","bcubed.recall","bcubed.f1"
"majority-vote",0.964065980979957,0.2241973565479,0.363793172182083
