"","bcubed.precision","bcubed.recall","bcubed.f1"
"majority-vote",0.994624627767365,0.222309652901036,0.363396215027056
