"","bcubed.precision","bcubed.recall","bcubed.f1"
"majority-vote",0.988978752492449,0.128286394832589,0.22711264023056
