"","bcubed.precision","bcubed.recall","bcubed.f1"
"majority-vote",0.985928147865837,0.73830143475434,0.844333229717455
