"","bcubed.precision","bcubed.recall","bcubed.f1"
"majority-vote",0.769282408270218,0.320361737098066,0.452347033992707
