"","bcubed.precision","bcubed.recall","bcubed.f1"
"majority-vote",0.995058320719437,0.549584942172722,0.708084620946238
