"","bcubed.precision","bcubed.recall","bcubed.f1"
"majority-vote",0.995687076971509,0.259701711245591,0.411954671224774
