"","bcubed.precision","bcubed.recall","bcubed.f1"
"majority-vote",0.970076925842745,0.539014774763318,0.692980811538787
