"","bcubed.precision","bcubed.recall","bcubed.f1"
"majority-vote",0.91350690478867,0.290291815449782,0.44057793609298
