"","bcubed.precision","bcubed.recall","bcubed.f1"
"majority-vote",0.993713027989067,0.430993971155156,0.601224426326086
