"","bcubed.precision","bcubed.recall","bcubed.f1"
"majority-vote",0.9206160458095,0.46040920689344,0.613833965273189
