"","bcubed.precision","bcubed.recall","bcubed.f1"
"majority-vote",0.722542511837153,0.724703651010684,0.723621467834383
