"","bcubed.precision","bcubed.recall","bcubed.f1"
"majority-vote",0.968853598416954,0.0379485877404086,0.0730364440853324
