"","bcubed.precision","bcubed.recall","bcubed.f1"
"majority-vote",0.973760808149987,0.43234442946151,0.598817285890668
