"","bcubed.precision","bcubed.recall","bcubed.f1"
"majority-vote",0.763048966224228,0.576500662052634,0.656785273081239
