"","bcubed.precision","bcubed.recall","bcubed.f1"
"majority-vote",0.966465107762174,0.886901423031034,0.92497545967582
