"","bcubed.precision","bcubed.recall","bcubed.f1"
"majority-vote",0.935933626041258,0.320757286495446,0.477774649651681
