"","bcubed.precision","bcubed.recall","bcubed.f1"
"majority-vote",0.989971771138846,0.492297135194222,0.657586845102846
