"","bcubed.precision","bcubed.recall","bcubed.f1"
"majority-vote",0.944598965071151,0.475670306183,0.632721819769818
