"","bcubed.precision","bcubed.recall","bcubed.f1"
"majority-vote",0.911523521795425,0.653257407226061,0.761077134095709
