"","bcubed.precision","bcubed.recall","bcubed.f1"
"majority-vote",0.784987649280025,0.640565455209901,0.705460875938575
