"","bcubed.precision","bcubed.recall","bcubed.f1"
"majority-vote",0.657161678900809,0.377749832891126,0.479737081979895
