"","bcubed.precision","bcubed.recall","bcubed.f1"
"majority-vote",0.934023422839221,0.672384964700174,0.781897444094967
