"","bcubed.precision","bcubed.recall","bcubed.f1"
"majority-vote",0.949077754362924,0.456869405137472,0.616814915318835
