"","bcubed.precision","bcubed.recall","bcubed.f1"
"majority-vote",0.897674476250532,0.502932155740952,0.644676883833369
