"","bcubed.precision","bcubed.recall","bcubed.f1"
"majority-vote",0.962565686732649,0.445450525303289,0.609048940102738
