"","bcubed.precision","bcubed.recall","bcubed.f1"
"majority-vote",0.993320326061975,0.127374527283182,0.225795106661302
