"","bcubed.precision","bcubed.recall","bcubed.f1"
"majority-vote",0.988397252373576,0.33889194868683,0.504727787532636
