"","bcubed.precision","bcubed.recall","bcubed.f1"
"majority-vote",0.897323390827178,0.38417852214822,0.538013046545694
