"","bcubed.precision","bcubed.recall","bcubed.f1"
"majority-vote",0.919253246753247,0.32350991621961,0.478590852548858
