"","bcubed.precision","bcubed.recall","bcubed.f1"
"majority-vote",0.998668987406573,0.269769763088397,0.424791021294912
