"","bcubed.precision","bcubed.recall","bcubed.f1"
"majority-vote",0.953606635040333,0.333011904115189,0.493638715201622
