"","bcubed.precision","bcubed.recall","bcubed.f1"
"majority-vote",0.895908086929999,0.438761674644197,0.589044786756912
