"","bcubed.precision","bcubed.recall","bcubed.f1"
"majority-vote",0.838106819808315,0.687684704892534,0.755480983761924
