"","bcubed.precision","bcubed.recall","bcubed.f1"
"majority-vote",0.966391577704089,0.797773752338804,0.874024471566804
