"","bcubed.precision","bcubed.recall","bcubed.f1"
"majority-vote",0.949778287080863,0.488871215570018,0.645493241921216
