"","bcubed.precision","bcubed.recall","bcubed.f1"
"majority-vote",0.940549941302852,0.792600166187748,0.860260212387357
