"","bcubed.precision","bcubed.recall","bcubed.f1"
"majority-vote",0.988469931036541,0.777167716086681,0.870175055426212
