"","bcubed.precision","bcubed.recall","bcubed.f1"
"majority-vote",0.876669038760301,0.371558900720658,0.521914586326373
