"","bcubed.precision","bcubed.recall","bcubed.f1"
"majority-vote",0.982456720514559,0.294631683047973,0.453316898469234
