"","bcubed.precision","bcubed.recall","bcubed.f1"
"majority-vote",0.669400207987534,0.523996270901933,0.587840200522217
