"","bcubed.precision","bcubed.recall","bcubed.f1"
"majority-vote",0.93792531258146,0.942969773289104,0.940440778447453
