"","bcubed.precision","bcubed.recall","bcubed.f1"
"majority-vote",0.999192991667396,0.64188805744432,0.781643354885518
