"","bcubed.precision","bcubed.recall","bcubed.f1"
"majority-vote",0.983386997328218,0.531151714652833,0.689751520599916
