"","bcubed.precision","bcubed.recall","bcubed.f1"
"majority-vote",0.984364311541092,0.35160491934363,0.518136685131513
