"","bcubed.precision","bcubed.recall","bcubed.f1"
"majority-vote",0.986094319890842,0.164070629217778,0.281332022259858
