"","bcubed.precision","bcubed.recall","bcubed.f1"
"majority-vote",0.945324089665951,0.201073941447593,0.331612643245484
