"","bcubed.precision","bcubed.recall","bcubed.f1"
"majority-vote",0.84238148930748,0.58927549195206,0.693454889014347
