"","bcubed.precision","bcubed.recall","bcubed.f1"
"majority-vote",0.908696070175115,0.436548078918116,0.58976584142407
