"","bcubed.precision","bcubed.recall","bcubed.f1"
"majority-vote",0.987156596233811,0.121447931304846,0.216286553966557
