"","bcubed.precision","bcubed.recall","bcubed.f1"
"majority-vote",0.988997074328062,0.234422706741863,0.3790087012015
