"","bcubed.precision","bcubed.recall","bcubed.f1"
"majority-vote",0.920514758393884,0.628284514411483,0.746830371296002
