"","bcubed.precision","bcubed.recall","bcubed.f1"
"majority-vote",0.922417650340516,0.319642210342625,0.474765550271832
