"","bcubed.precision","bcubed.recall","bcubed.f1"
"majority-vote",0.899914103338547,0.354616932087417,0.508755494215029
