"","bcubed.precision","bcubed.recall","bcubed.f1"
"majority-vote",0.907943494426723,0.303123275072499,0.454506411277721
