"","bcubed.precision","bcubed.recall","bcubed.f1"
"majority-vote",0.826924329946168,0.333698243368407,0.475508925375418
