"","bcubed.precision","bcubed.recall","bcubed.f1"
"majority-vote",0.975205396364438,0.301927081500667,0.461096909351507
