"","bcubed.precision","bcubed.recall","bcubed.f1"
"majority-vote",0.898464069499013,0.362178366991611,0.516251460481768
