"","bcubed.precision","bcubed.recall","bcubed.f1"
"majority-vote",0.952392534921711,0.511450163400469,0.665510465250671
