"","bcubed.precision","bcubed.recall","bcubed.f1"
"majority-vote",0.94640023798879,0.255850181860453,0.402805720013924
