"","bcubed.precision","bcubed.recall","bcubed.f1"
"majority-vote",0.998263083909239,0.499236295976047,0.665601830778255
