"","bcubed.precision","bcubed.recall","bcubed.f1"
"majority-vote",0.939179933861518,0.371359941427781,0.532259737845778
