"","bcubed.precision","bcubed.recall","bcubed.f1"
"majority-vote",0.971917947350163,0.435845192876738,0.601813974408961
