"","bcubed.precision","bcubed.recall","bcubed.f1"
"majority-vote",0.941434516516627,0.828723576772534,0.88149073552532
