"","bcubed.precision","bcubed.recall","bcubed.f1"
"majority-vote",0.874914617892945,0.501006700185419,0.637155744147815
