"","bcubed.precision","bcubed.recall","bcubed.f1"
"majority-vote",0.998437528184976,0.433621437151202,0.604645376142915
