"","bcubed.precision","bcubed.recall","bcubed.f1"
"majority-vote",0.996455543000642,0.375150966760934,0.545085281573886
