"","bcubed.precision","bcubed.recall","bcubed.f1"
"majority-vote",0.986951737148247,0.591562730485753,0.73973837612041
