"","bcubed.precision","bcubed.recall","bcubed.f1"
"majority-vote",0.935874737375331,0.500904683326224,0.652548376185822
