"","bcubed.precision","bcubed.recall","bcubed.f1"
"majority-vote",0.925234395928208,0.613468015987343,0.737766711480891
