"","bcubed.precision","bcubed.recall","bcubed.f1"
"majority-vote",0.985169490997715,0.289975902238502,0.448067198493949
