"","bcubed.precision","bcubed.recall","bcubed.f1"
"majority-vote",0.905137499584687,0.626474969269689,0.740456216919287
