"","bcubed.precision","bcubed.recall","bcubed.f1"
"majority-vote",0.930965105312795,0.152494734937902,0.262062831859576
