"","bcubed.precision","bcubed.recall","bcubed.f1"
"majority-vote",0.990444769704896,0.239082652159004,0.385185654499819
