"","bcubed.precision","bcubed.recall","bcubed.f1"
"majority-vote",0.96793369962213,0.811841654660357,0.883042788981139
