"","bcubed.precision","bcubed.recall","bcubed.f1"
"majority-vote",0.95732063906731,0.685836082503727,0.799150839574378
