"","bcubed.precision","bcubed.recall","bcubed.f1"
"majority-vote",0.934124409924129,0.278834987506277,0.42947285576465
