"","bcubed.precision","bcubed.recall","bcubed.f1"
"majority-vote",0.937313295799301,0.796198666031237,0.861012340498288
