"","bcubed.precision","bcubed.recall","bcubed.f1"
"majority-vote",0.995437537708253,0.254421627728746,0.40526300186386
