"","bcubed.precision","bcubed.recall","bcubed.f1"
"majority-vote",0.975798387096774,0.342909790431678,0.507482741253729
