"","bcubed.precision","bcubed.recall","bcubed.f1"
"majority-vote",0.894916984372768,0.115635356175484,0.204806896353913
