"","bcubed.precision","bcubed.recall","bcubed.f1"
"majority-vote",0.998585672866134,0.439184011771745,0.610059965226759
