"","bcubed.precision","bcubed.recall","bcubed.f1"
"majority-vote",0.958175297898947,0.819138011900658,0.883218287114229
