"","bcubed.precision","bcubed.recall","bcubed.f1"
"majority-vote",0.962368826474796,0.770346240222289,0.855717389928601
