"","bcubed.precision","bcubed.recall","bcubed.f1"
"majority-vote",0.980136627630201,0.15564363591868,0.268629475819153
