"","bcubed.precision","bcubed.recall","bcubed.f1"
"majority-vote",0.973110492107707,0.920544765147154,0.946098046080579
