"","bcubed.precision","bcubed.recall","bcubed.f1"
"majority-vote",0.895713571017312,0.248181347599947,0.38867101776683
