"","bcubed.precision","bcubed.recall","bcubed.f1"
"majority-vote",0.959176106291528,0.348500989384613,0.511248263263096
