"","bcubed.precision","bcubed.recall","bcubed.f1"
"majority-vote",0.971198946138528,0.835982819508636,0.898532343265376
