"","bcubed.precision","bcubed.recall","bcubed.f1"
"majority-vote",0.9589405029676,0.471714541677797,0.632362331572048
