"","bcubed.precision","bcubed.recall","bcubed.f1"
"majority-vote",0.916432397043042,0.42689947212392,0.582468882804877
