"","bcubed.precision","bcubed.recall","bcubed.f1"
"majority-vote",0.988010249067137,0.21144288839462,0.348338312355123
