"","bcubed.precision","bcubed.recall","bcubed.f1"
"majority-vote",0.931203225726413,0.30807639194787,0.462981438346244
