"","bcubed.precision","bcubed.recall","bcubed.f1"
"majority-vote",0.901198801643167,0.209608511024759,0.340111082805218
