"","bcubed.precision","bcubed.recall","bcubed.f1"
"majority-vote",0.883947806999715,0.56355214915208,0.688291124646802
