"","bcubed.precision","bcubed.recall","bcubed.f1"
"majority-vote",0.990335545179374,0.444315471639572,0.613419430480684
