"","bcubed.precision","bcubed.recall","bcubed.f1"
"majority-vote",0.873975436066709,0.500426786253817,0.636437735086321
