"","bcubed.precision","bcubed.recall","bcubed.f1"
"majority-vote",0.979824838343781,0.0667966877044944,0.125067280011089
