"","bcubed.precision","bcubed.recall","bcubed.f1"
"majority-vote",0.999372559211102,0.320732084172857,0.485614296392882
