"","bcubed.precision","bcubed.recall","bcubed.f1"
"majority-vote",0.975856321546361,0.0454886193380402,0.0869252981289634
