"","bcubed.precision","bcubed.recall","bcubed.f1"
"majority-vote",0.991935985655861,0.351231899896068,0.518772916721462
