"","bcubed.precision","bcubed.recall","bcubed.f1"
"majority-vote",0.969626302861729,0.337351053776198,0.500551066746815
