"","bcubed.precision","bcubed.recall","bcubed.f1"
"majority-vote",0.43401744313114,0.49871973663928,0.464124449265532
