"","bcubed.precision","bcubed.recall","bcubed.f1"
"majority-vote",0.999144723928101,0.232995980265868,0.377873571722293
