"","bcubed.precision","bcubed.recall","bcubed.f1"
"majority-vote",0.962289613247129,0.561895946341838,0.709502369299747
