"","bcubed.precision","bcubed.recall","bcubed.f1"
"majority-vote",0.946737053387844,0.430202389417781,0.591585264908843
