"","bcubed.precision","bcubed.recall","bcubed.f1"
"majority-vote",0.954118963587845,0.364621808367098,0.527613294893452
