"","bcubed.precision","bcubed.recall","bcubed.f1"
"majority-vote",0.923629346072321,0.630882017095207,0.749690428394296
