"","bcubed.precision","bcubed.recall","bcubed.f1"
"majority-vote",0.984444081546786,0.242128479013223,0.388663428162236
