"","bcubed.precision","bcubed.recall","bcubed.f1"
"majority-vote",0.940771976801305,0.626991726406598,0.752481059081359
