"","bcubed.precision","bcubed.recall","bcubed.f1"
"majority-vote",0.957111116442305,0.281732235100839,0.43532389101377
