"","bcubed.precision","bcubed.recall","bcubed.f1"
"majority-vote",0.971711259754738,0.561719270257386,0.711905663865974
