"","bcubed.precision","bcubed.recall","bcubed.f1"
"majority-vote",0.958617390264322,0.603112493780568,0.740402204927157
