"","bcubed.precision","bcubed.recall","bcubed.f1"
"majority-vote",0.963779510265185,0.396056088957051,0.561407193150249
