"","bcubed.precision","bcubed.recall","bcubed.f1"
"majority-vote",0.991169749671709,0.298741240641341,0.459106532042544
