"","bcubed.precision","bcubed.recall","bcubed.f1"
"majority-vote",0.979207192243029,0.527918709155657,0.6859968320432
