"","bcubed.precision","bcubed.recall","bcubed.f1"
"majority-vote",0.963370040451882,0.401549006037004,0.566832565175771
