"","bcubed.precision","bcubed.recall","bcubed.f1"
"majority-vote",0.851151334776842,0.207130637221039,0.333180613501405
