"","bcubed.precision","bcubed.recall","bcubed.f1"
"majority-vote",0.681874500683924,0.653797502986237,0.667540900269146
