"","bcubed.precision","bcubed.recall","bcubed.f1"
"majority-vote",0.741540350518176,0.256307829501274,0.380944920348951
