"","bcubed.precision","bcubed.recall","bcubed.f1"
"majority-vote",0.895448170863989,0.299851476405229,0.44926216901569
