"","bcubed.precision","bcubed.recall","bcubed.f1"
"majority-vote",0.803197674676202,0.596885069711537,0.684840523837611
