"","bcubed.precision","bcubed.recall","bcubed.f1"
"majority-vote",0.814799911317607,0.217723123003415,0.34362580866127
