"","bcubed.precision","bcubed.recall","bcubed.f1"
"majority-vote",0.910192509598803,0.665897591674092,0.769112120699371
