"","bcubed.precision","bcubed.recall","bcubed.f1"
"majority-vote",0.95106024117183,0.248241041107005,0.393716221123965
