"","bcubed.precision","bcubed.recall","bcubed.f1"
"majority-vote",0.998420170918421,0.178312979702822,0.302585638176124
