"","bcubed.precision","bcubed.recall","bcubed.f1"
"majority-vote",0.98966159960175,0.34996941478073,0.517084610799699
