"","bcubed.precision","bcubed.recall","bcubed.f1"
"majority-vote",0.737784930180719,0.447963164694436,0.557454780852785
