"","bcubed.precision","bcubed.recall","bcubed.f1"
"majority-vote",0.996779441873031,0.266547002856465,0.420617448243294
