"","bcubed.precision","bcubed.recall","bcubed.f1"
"majority-vote",0.968401437939244,0.277739863751385,0.431674454678599
