"","bcubed.precision","bcubed.recall","bcubed.f1"
"majority-vote",0.932940053630901,0.412941157780458,0.572486401652215
