"","bcubed.precision","bcubed.recall","bcubed.f1"
"majority-vote",0.973210205124069,0.411282969953985,0.578211277250086
