"","bcubed.precision","bcubed.recall","bcubed.f1"
"majority-vote",0.437736340582807,0.242900219237699,0.312431800971466
