"","bcubed.precision","bcubed.recall","bcubed.f1"
"majority-vote",0.926250172852031,0.451899481067138,0.60744052180378
