"","bcubed.precision","bcubed.recall","bcubed.f1"
"majority-vote",0.82447432827696,0.440209987794531,0.573964315640628
