"","bcubed.precision","bcubed.recall","bcubed.f1"
"majority-vote",0.932449405407678,0.341285384866634,0.499682283349879
