"","bcubed.precision","bcubed.recall","bcubed.f1"
"majority-vote",0.956185208645542,0.363885966215764,0.527156997524412
