"","bcubed.precision","bcubed.recall","bcubed.f1"
"majority-vote",0.908794213210143,0.349321966894404,0.50466210844604
