"","bcubed.precision","bcubed.recall","bcubed.f1"
"majority-vote",0.979186191167929,0.201206326238852,0.333818544803292
