"","bcubed.precision","bcubed.recall","bcubed.f1"
"majority-vote",0.978236206401694,0.305916975069293,0.466080005849252
