"","bcubed.precision","bcubed.recall","bcubed.f1"
"majority-vote",0.972851966502762,0.266090482315094,0.417883250727113
