"","bcubed.precision","bcubed.recall","bcubed.f1"
"majority-vote",0.908221732737181,0.446451780126655,0.598634586828281
