"","bcubed.precision","bcubed.recall","bcubed.f1"
"majority-vote",0.916290358997516,0.64749467823896,0.758791159967903
