"","bcubed.precision","bcubed.recall","bcubed.f1"
"majority-vote",0.928803985147166,0.325236016930011,0.481771726799182
