"","bcubed.precision","bcubed.recall","bcubed.f1"
"majority-vote",0.900931611355121,0.220815700474142,0.354696361190761
