"","bcubed.precision","bcubed.recall","bcubed.f1"
"majority-vote",0.935858464922084,0.923614148297419,0.92969599321967
