"","bcubed.precision","bcubed.recall","bcubed.f1"
"majority-vote",0.886888384040284,0.497544098322767,0.637468546818655
