"","bcubed.precision","bcubed.recall","bcubed.f1"
"majority-vote",0.508395227079249,0.321235895269982,0.393704603220132
