"","bcubed.precision","bcubed.recall","bcubed.f1"
"majority-vote",0.827932525959579,0.178093252098333,0.293132043496485
