"","bcubed.precision","bcubed.recall","bcubed.f1"
"majority-vote",0.966672926436484,0.497546028112481,0.656956766661304
