"","bcubed.precision","bcubed.recall","bcubed.f1"
"majority-vote",0.914148914116587,0.699956817226452,0.792841202371117
