"","bcubed.precision","bcubed.recall","bcubed.f1"
"majority-vote",0.945242075190712,0.370121948919726,0.531951357430677
