"","bcubed.precision","bcubed.recall","bcubed.f1"
"majority-vote",0.858499881447335,0.300529494809731,0.445207931655319
