"","bcubed.precision","bcubed.recall","bcubed.f1"
"majority-vote",0.952944669771676,0.241477175690617,0.385315101729118
