"","bcubed.precision","bcubed.recall","bcubed.f1"
"majority-vote",0.935499744636524,0.377230709067991,0.537656806858227
