"","bcubed.precision","bcubed.recall","bcubed.f1"
"majority-vote",0.996665580693583,0.66183958990002,0.795454546527117
