"","bcubed.precision","bcubed.recall","bcubed.f1"
"majority-vote",0.97210424235547,0.0803750172653944,0.148473985684487
