"","bcubed.precision","bcubed.recall","bcubed.f1"
"majority-vote",0.929872849043871,0.0901245497280729,0.164322716754647
