"","bcubed.precision","bcubed.recall","bcubed.f1"
"majority-vote",0.609580146156028,0.197810841807485,0.298694346748649
