"","bcubed.precision","bcubed.recall","bcubed.f1"
"majority-vote",0.859231168465335,0.446694106726665,0.587803156214895
