"","bcubed.precision","bcubed.recall","bcubed.f1"
"majority-vote",0.972864964156436,0.333933327717148,0.497203029603608
