"","bcubed.precision","bcubed.recall","bcubed.f1"
"majority-vote",0.955445851652929,0.577402535447829,0.719806162005308
