"","bcubed.precision","bcubed.recall","bcubed.f1"
"majority-vote",0.843582504192657,0.444543610682492,0.582255429793425
