"","bcubed.precision","bcubed.recall","bcubed.f1"
"majority-vote",0.894517159258497,0.488316786493745,0.631757335744322
