"","bcubed.precision","bcubed.recall","bcubed.f1"
"majority-vote",0.982922023010292,0.221076920964684,0.360966054800809
