"","bcubed.precision","bcubed.recall","bcubed.f1"
"majority-vote",0.999633234306596,0.555879313561425,0.714459599649188
