"","bcubed.precision","bcubed.recall","bcubed.f1"
"majority-vote",0.978771729763963,0.562802708732633,0.714665950584001
