"","bcubed.precision","bcubed.recall","bcubed.f1"
"majority-vote",0.975577719059765,0.302674326838469,0.462009554911413
