"","bcubed.precision","bcubed.recall","bcubed.f1"
"majority-vote",0.967317048332935,0.306465400575611,0.46546285349588
