"","bcubed.precision","bcubed.recall","bcubed.f1"
"majority-vote",0.97531369096878,0.386410471634427,0.553520945972341
