"","bcubed.precision","bcubed.recall","bcubed.f1"
"majority-vote",0.776327912661035,0.416719258868018,0.542326908982214
