"","bcubed.precision","bcubed.recall","bcubed.f1"
"majority-vote",0.834296455862508,0.236127560227906,0.368079160535133
