"","bcubed.precision","bcubed.recall","bcubed.f1"
"majority-vote",0.967361324998322,0.886831337016301,0.925347570186163
