"","bcubed.precision","bcubed.recall","bcubed.f1"
"majority-vote",0.775570583262891,0.571805643741874,0.658280334388488
