"","bcubed.precision","bcubed.recall","bcubed.f1"
"majority-vote",0.989207282203724,0.235281660047785,0.380146073120593
