"","bcubed.precision","bcubed.recall","bcubed.f1"
"majority-vote",0.905374079587884,0.655439419297344,0.760395603184857
