"","bcubed.precision","bcubed.recall","bcubed.f1"
"majority-vote",0.937669421020718,0.306435284885335,0.461914491271843
