"","bcubed.precision","bcubed.recall","bcubed.f1"
"majority-vote",0.999218148958035,0.515981015759416,0.680541023873589
