"","bcubed.precision","bcubed.recall","bcubed.f1"
"majority-vote",0.93787532593745,0.353831612483806,0.513816143607335
