"","bcubed.precision","bcubed.recall","bcubed.f1"
"majority-vote",0.995556880062854,0.550275730884257,0.708784102410401
