"","bcubed.precision","bcubed.recall","bcubed.f1"
"majority-vote",0.982050834022762,0.24943800540571,0.397828698730776
