"","bcubed.precision","bcubed.recall","bcubed.f1"
"majority-vote",0.899672900192051,0.237628472252479,0.375956456185533
