"","bcubed.precision","bcubed.recall","bcubed.f1"
"majority-vote",0.989847164595748,0.154367829951553,0.267083650381277
