"","bcubed.precision","bcubed.recall","bcubed.f1"
"majority-vote",0.948126248485615,0.478503930685823,0.636019261768682
