"","bcubed.precision","bcubed.recall","bcubed.f1"
"majority-vote",0.96349220649434,0.317429605674132,0.477532583600618
