"","bcubed.precision","bcubed.recall","bcubed.f1"
"majority-vote",0.814795965667161,0.607592833354197,0.696102485798394
