"","bcubed.precision","bcubed.recall","bcubed.f1"
"majority-vote",0.957677042585437,0.185983607356596,0.311477414339058
