"","bcubed.precision","bcubed.recall","bcubed.f1"
"majority-vote",0.982163129861103,0.116767905974442,0.20872125412672
