"","bcubed.precision","bcubed.recall","bcubed.f1"
"majority-vote",0.925818379663213,0.446517549771896,0.602467873286928
