"","bcubed.precision","bcubed.recall","bcubed.f1"
"majority-vote",0.985438921430477,0.245723790097913,0.393361144577376
