"","bcubed.precision","bcubed.recall","bcubed.f1"
"majority-vote",0.93557993254125,0.304343083959746,0.459282194412311
