"","bcubed.precision","bcubed.recall","bcubed.f1"
"majority-vote",0.99280794165316,0.18398211215569,0.310435835991458
