"","bcubed.precision","bcubed.recall","bcubed.f1"
"majority-vote",0.656909527491313,0.498632764714016,0.56693141578546
