"","bcubed.precision","bcubed.recall","bcubed.f1"
"majority-vote",0.967201501971528,0.508013950366084,0.666142501473903
