"","bcubed.precision","bcubed.recall","bcubed.f1"
"majority-vote",0.993876104621703,0.398488383558914,0.568885641296472
