"","bcubed.precision","bcubed.recall","bcubed.f1"
"majority-vote",0.973818631812257,0.755771791450223,0.851050794469694
