"","bcubed.precision","bcubed.recall","bcubed.f1"
"majority-vote",0.969526508025414,0.320650172402324,0.48191669662469
