"","bcubed.precision","bcubed.recall","bcubed.f1"
"majority-vote",0.962017681282331,0.216211094873369,0.353070473862041
