"","bcubed.precision","bcubed.recall","bcubed.f1"
"majority-vote",0.990501334827947,0.312028352830016,0.474560392612648
