"","bcubed.precision","bcubed.recall","bcubed.f1"
"majority-vote",0.858037232905644,0.540875139536601,0.663502614199088
