"","bcubed.precision","bcubed.recall","bcubed.f1"
"majority-vote",0.866137422008663,0.307459692683295,0.45382242723421
