"","bcubed.precision","bcubed.recall","bcubed.f1"
"majority-vote",0.86016496736643,0.379833177043333,0.52696722782869
