"","bcubed.precision","bcubed.recall","bcubed.f1"
"majority-vote",0.991745161855843,0.124120656935669,0.220628786955106
