"","bcubed.precision","bcubed.recall","bcubed.f1"
"majority-vote",0.887968710430036,0.32105223115073,0.471595364266989
