"","bcubed.precision","bcubed.recall","bcubed.f1"
"majority-vote",0.948043513557396,0.261067503815856,0.409397234889042
