"","bcubed.precision","bcubed.recall","bcubed.f1"
"majority-vote",0.876516656735739,0.420299304208279,0.568159788355507
