"","bcubed.precision","bcubed.recall","bcubed.f1"
"majority-vote",0.978419452887538,0.803894049185201,0.882611925307888
