"","bcubed.precision","bcubed.recall","bcubed.f1"
"majority-vote",0.980528960412847,0.343318290820543,0.508568532321763
