"","bcubed.precision","bcubed.recall","bcubed.f1"
"majority-vote",0.924048549538988,0.0999164008789473,0.180333526591244
