"","bcubed.precision","bcubed.recall","bcubed.f1"
"majority-vote",0.994738452289996,0.0581527576415043,0.109881787571327
