"","bcubed.precision","bcubed.recall","bcubed.f1"
"majority-vote",0.981059149888245,0.262065155124805,0.41363750554193
