"","bcubed.precision","bcubed.recall","bcubed.f1"
"majority-vote",0.989075509291878,0.816083086695311,0.894290170838132
