"","bcubed.precision","bcubed.recall","bcubed.f1"
"majority-vote",0.969729512801066,0.188193589763313,0.315214158365607
