"","bcubed.precision","bcubed.recall","bcubed.f1"
"majority-vote",0.998407657460525,0.907510876264843,0.950791749026655
