"","bcubed.precision","bcubed.recall","bcubed.f1"
"majority-vote",0.959066250205491,0.253011149964173,0.400394322709676
