"","bcubed.precision","bcubed.recall","bcubed.f1"
"majority-vote",0.893701677115489,0.575838443233591,0.700392966941503
