"","bcubed.precision","bcubed.recall","bcubed.f1"
"majority-vote",0.78077940735469,0.125502371015218,0.216245475086391
