"","bcubed.precision","bcubed.recall","bcubed.f1"
"majority-vote",0.990905448348361,0.418029312881613,0.588000999197577
