"","bcubed.precision","bcubed.recall","bcubed.f1"
"majority-vote",0.954740217342187,0.370884448931887,0.534236135447493
