"","bcubed.precision","bcubed.recall","bcubed.f1"
"majority-vote",0.790725849788469,0.850748894886349,0.819639954922213
