"","bcubed.precision","bcubed.recall","bcubed.f1"
"majority-vote",0.957330201605011,0.739940846586316,0.834713725416011
