"","bcubed.precision","bcubed.recall","bcubed.f1"
"majority-vote",0.845671812584646,0.57420298064786,0.683986049686096
