"","bcubed.precision","bcubed.recall","bcubed.f1"
"majority-vote",0.928105189663305,0.339831243755935,0.497499926063459
