"","bcubed.precision","bcubed.recall","bcubed.f1"
"majority-vote",0.786126226735048,0.390728826706147,0.522005114082579
