"","bcubed.precision","bcubed.recall","bcubed.f1"
"majority-vote",0.935217612979527,0.722760831288463,0.81537689676192
