"","bcubed.precision","bcubed.recall","bcubed.f1"
"majority-vote",0.99525442167866,0.231497483971054,0.375624270023289
