"","bcubed.precision","bcubed.recall","bcubed.f1"
"majority-vote",0.99043247875148,0.247607126373513,0.396171720057195
