"","bcubed.precision","bcubed.recall","bcubed.f1"
"majority-vote",0.961520865188084,0.574088588798237,0.718930396218834
