"","bcubed.precision","bcubed.recall","bcubed.f1"
"majority-vote",0.980587875756685,0.220967870793991,0.360663108065321
