"","bcubed.precision","bcubed.recall","bcubed.f1"
"majority-vote",0.894975545566976,0.763872227486666,0.824243157984133
