"","bcubed.precision","bcubed.recall","bcubed.f1"
"majority-vote",0.962998702387833,0.0677975326662835,0.126676706341094
