"","bcubed.precision","bcubed.recall","bcubed.f1"
"majority-vote",0.961285733915773,0.366088807251793,0.530243630328848
