"","bcubed.precision","bcubed.recall","bcubed.f1"
"majority-vote",0.755185564133569,0.260497779285592,0.387373020695774
