"","bcubed.precision","bcubed.recall","bcubed.f1"
"majority-vote",0.953035003908627,0.302211040817854,0.458902382807082
