"","bcubed.precision","bcubed.recall","bcubed.f1"
"majority-vote",0.999473885288025,0.313691837983639,0.477512920930526
