"","bcubed.precision","bcubed.recall","bcubed.f1"
"majority-vote",0.996761819900681,0.376584666267667,0.546643139333212
