"","bcubed.precision","bcubed.recall","bcubed.f1"
"majority-vote",0.975172969627934,0.462135067856442,0.627091221558234
