"","bcubed.precision","bcubed.recall","bcubed.f1"
"majority-vote",0.990833774017275,0.334657286267366,0.500327390942142
