"","bcubed.precision","bcubed.recall","bcubed.f1"
"majority-vote",0.992080715781458,0.306001661599801,0.46773356261516
