"","bcubed.precision","bcubed.recall","bcubed.f1"
"majority-vote",0.484190136130209,0.414484237166841,0.446633809043317
