"","bcubed.precision","bcubed.recall","bcubed.f1"
"majority-vote",0.973346560324992,0.0684166260911305,0.127846882176624
