"","bcubed.precision","bcubed.recall","bcubed.f1"
"majority-vote",0.998776402930515,0.201972298144294,0.335998973393184
