"","bcubed.precision","bcubed.recall","bcubed.f1"
"majority-vote",0.991564964950204,0.757112106830789,0.858621470811014
