"","bcubed.precision","bcubed.recall","bcubed.f1"
"majority-vote",0.993015384704775,0.108986613515035,0.196415948650061
