"","bcubed.precision","bcubed.recall","bcubed.f1"
"majority-vote",0.963001326713713,0.252476047548779,0.400064655914198
