"","bcubed.precision","bcubed.recall","bcubed.f1"
"majority-vote",0.877152583774929,0.464113908424262,0.607036284448929
