"","bcubed.precision","bcubed.recall","bcubed.f1"
"majority-vote",0.999083075693277,0.102189735940127,0.18541461227199
