"","bcubed.precision","bcubed.recall","bcubed.f1"
"majority-vote",0.977957337350016,0.243048890484273,0.389336991680167
