"","bcubed.precision","bcubed.recall","bcubed.f1"
"majority-vote",0.99607396793151,0.383204658614591,0.553477995656185
