"","bcubed.precision","bcubed.recall","bcubed.f1"
"majority-vote",0.959660567417509,0.578859161499992,0.722133490963759
