"","bcubed.precision","bcubed.recall","bcubed.f1"
"majority-vote",0.955067126649151,0.593870799071377,0.732355336197342
