"","bcubed.precision","bcubed.recall","bcubed.f1"
"majority-vote",0.936029613673248,0.239010403697048,0.380788420018435
