"","bcubed.precision","bcubed.recall","bcubed.f1"
"majority-vote",0.883295163128033,0.558573045397682,0.684368885222798
