"","bcubed.precision","bcubed.recall","bcubed.f1"
"majority-vote",0.923179579143367,0.594743542213421,0.723429382257582
