"","bcubed.precision","bcubed.recall","bcubed.f1"
"majority-vote",0.905763825829915,0.618616268526603,0.735145047059681
