"","bcubed.precision","bcubed.recall","bcubed.f1"
"majority-vote",0.84702161318036,0.505360562755904,0.633033068195974
