"","bcubed.precision","bcubed.recall","bcubed.f1"
"majority-vote",0.993217601724244,0.86185358914442,0.922884425202695
