"","bcubed.precision","bcubed.recall","bcubed.f1"
"majority-vote",0.988015896013578,0.464396906857793,0.631819721126035
