"","bcubed.precision","bcubed.recall","bcubed.f1"
"majority-vote",0.849464505127186,0.451057737755909,0.58923642418787
