"","bcubed.precision","bcubed.recall","bcubed.f1"
"majority-vote",0.958724871319118,0.406064693342851,0.57049721210139
