"","bcubed.precision","bcubed.recall","bcubed.f1"
"majority-vote",0.940217021775747,0.465666532587338,0.622850447394639
