"","bcubed.precision","bcubed.recall","bcubed.f1"
"majority-vote",0.989401135289561,0.478187128998015,0.644756979630335
