"","bcubed.precision","bcubed.recall","bcubed.f1"
"majority-vote",0.994126624554742,0.280977279538792,0.438124287107482
