"","bcubed.precision","bcubed.recall","bcubed.f1"
"majority-vote",0.988475995101812,0.0802467443202142,0.1484425801373
