"","bcubed.precision","bcubed.recall","bcubed.f1"
"majority-vote",0.999513642332571,0.809875907546413,0.894757039182913
