"","bcubed.precision","bcubed.recall","bcubed.f1"
"majority-vote",0.817262610654182,0.757617023790632,0.786310335338685
