"","bcubed.precision","bcubed.recall","bcubed.f1"
"majority-vote",0.977714080389371,0.554207442039082,0.707420597732993
