"","bcubed.precision","bcubed.recall","bcubed.f1"
"majority-vote",0.760156676990344,0.248049884619226,0.374043937422832
