"","bcubed.precision","bcubed.recall","bcubed.f1"
"majority-vote",0.909389867425342,0.534389446174422,0.673189237485885
