"","bcubed.precision","bcubed.recall","bcubed.f1"
"majority-vote",0.998493400193385,0.169859651356591,0.290329606472468
