"","bcubed.precision","bcubed.recall","bcubed.f1"
"majority-vote",0.969159315713604,0.437405795141561,0.60276754746295
