"","bcubed.precision","bcubed.recall","bcubed.f1"
"majority-vote",0.965795514178329,0.350034914292365,0.513838474494423
