"","bcubed.precision","bcubed.recall","bcubed.f1"
"majority-vote",0.967496697972138,0.10242462571306,0.185238830135839
