"","bcubed.precision","bcubed.recall","bcubed.f1"
"majority-vote",0.98676054631598,0.233976069332499,0.378260717405868
