"","bcubed.precision","bcubed.recall","bcubed.f1"
"majority-vote",0.716336933302275,0.573102420659022,0.636764232798988
