"","bcubed.precision","bcubed.recall","bcubed.f1"
"majority-vote",0.998085828417224,0.246218362552854,0.394995146915819
