"","bcubed.precision","bcubed.recall","bcubed.f1"
"majority-vote",0.867142857142857,0.318423644687233,0.46580059171662
