"","bcubed.precision","bcubed.recall","bcubed.f1"
"majority-vote",0.966716800849332,0.44389392957246,0.608416922199953
