"","bcubed.precision","bcubed.recall","bcubed.f1"
"majority-vote",0.758930206997619,0.21415398030928,0.334046995574549
