"","bcubed.precision","bcubed.recall","bcubed.f1"
"majority-vote",0.96926857708615,0.639280999597717,0.770426965783311
