"","bcubed.precision","bcubed.recall","bcubed.f1"
"majority-vote",0.987261762015103,0.349602144027346,0.516355968856169
