"","bcubed.precision","bcubed.recall","bcubed.f1"
"majority-vote",0.86748881226996,0.20206977080257,0.327786188140565
