"","bcubed.precision","bcubed.recall","bcubed.f1"
"majority-vote",0.862736406619385,0.175061711251432,0.291062604760863
