"","bcubed.precision","bcubed.recall","bcubed.f1"
"majority-vote",0.972439150136166,0.498788932683264,0.659370075190945
