"","bcubed.precision","bcubed.recall","bcubed.f1"
"majority-vote",0.887108214194688,0.615883686728036,0.72702384776595
