"","bcubed.precision","bcubed.recall","bcubed.f1"
"majority-vote",0.914623385067036,0.346270018047166,0.5023527845753
