"","bcubed.precision","bcubed.recall","bcubed.f1"
"majority-vote",0.984344208451938,0.308759023777288,0.470070987818197
