"","bcubed.precision","bcubed.recall","bcubed.f1"
"majority-vote",0.975479691489616,0.275004701403402,0.42905213820791
