"","bcubed.precision","bcubed.recall","bcubed.f1"
"majority-vote",0.986742624396568,0.065911591854765,0.123569119129235
