{
      "avg_bcuded_f1": 0.5244326189735112,
      "avg_bcuded_recall": 0.3968882321458342,
      "avg_bcuded_precision": 0.9318010346369411,
      "avg_bcuded_f1star": 0.5566702081430692
}