"","bcubed.precision","bcubed.recall","bcubed.f1"
"majority-vote",0.97720921656862,0.300685126029847,0.459869437787769
