"","bcubed.precision","bcubed.recall","bcubed.f1"
"majority-vote",0.982156193792283,0.173027196112891,0.294221218625274
