"","bcubed.precision","bcubed.recall","bcubed.f1"
"majority-vote",0.945552672010393,0.265478644969543,0.414562428886897
