"","bcubed.precision","bcubed.recall","bcubed.f1"
"majority-vote",0.976738057227588,0.320617168030436,0.482765219145862
