"","bcubed.precision","bcubed.recall","bcubed.f1"
"majority-vote",0.833872888213569,0.433980034454108,0.570861459223258
