"","bcubed.precision","bcubed.recall","bcubed.f1"
"majority-vote",0.88010281221651,0.455249753999752,0.600091090387238
