"","bcubed.precision","bcubed.recall","bcubed.f1"
"majority-vote",0.970513702830525,0.480877674562467,0.6431047887117
