"","bcubed.precision","bcubed.recall","bcubed.f1"
"majority-vote",0.99173251437064,0.333988194605039,0.499693411686523
