"","bcubed.precision","bcubed.recall","bcubed.f1"
"majority-vote",0.95916005832811,0.483695544270763,0.643087840003033
