"","bcubed.precision","bcubed.recall","bcubed.f1"
"majority-vote",0.946714532150518,0.281218711765692,0.433629177254192
