"","bcubed.precision","bcubed.recall","bcubed.f1"
"majority-vote",0.990951642794501,0.173677381641211,0.295554864325993
