"","bcubed.precision","bcubed.recall","bcubed.f1"
"majority-vote",0.878502933792061,0.165188347392241,0.278086921733554
