"","bcubed.precision","bcubed.recall","bcubed.f1"
"majority-vote",0.889600903817917,0.157594252552551,0.267755229107766
