"","bcubed.precision","bcubed.recall","bcubed.f1"
"majority-vote",0.982160649669086,0.171415156548867,0.29188757359801
