"","bcubed.precision","bcubed.recall","bcubed.f1"
"majority-vote",0.977380270088906,0.228025887332968,0.369780761408137
