"","bcubed.precision","bcubed.recall","bcubed.f1"
"majority-vote",0.833983292939918,0.43308057136257,0.570108533893177
