"","bcubed.precision","bcubed.recall","bcubed.f1"
"majority-vote",0.990950646897589,0.200652007134928,0.333729092661505
