"","bcubed.precision","bcubed.recall","bcubed.f1"
"majority-vote",0.883996489174956,0.487700643701042,0.628601819552044
