"","bcubed.precision","bcubed.recall","bcubed.f1"
"majority-vote",0.990556455553033,0.314801481904338,0.477767256275158
