"","bcubed.precision","bcubed.recall","bcubed.f1"
"majority-vote",0.953782101900938,0.621982941500178,0.752950066730929
