"","bcubed.precision","bcubed.recall","bcubed.f1"
"majority-vote",0.918394680360122,0.305219723309395,0.458170759330233
