"","bcubed.precision","bcubed.recall","bcubed.f1"
"majority-vote",0.999881682944338,0.168839172810626,0.288895668158101
