"","bcubed.precision","bcubed.recall","bcubed.f1"
"majority-vote",0.447470495867153,0.258476951830644,0.327675410352644
