"","bcubed.precision","bcubed.recall","bcubed.f1"
"majority-vote",0.977502080492748,0.356676079590909,0.522646255639875
