"","bcubed.precision","bcubed.recall","bcubed.f1"
"majority-vote",0.996750521413089,0.0474599192667019,0.0906056814458047
