"","bcubed.precision","bcubed.recall","bcubed.f1"
"majority-vote",0.569463369931799,0.349997928896794,0.433538639011003
