"","bcubed.precision","bcubed.recall","bcubed.f1"
"majority-vote",0.743715694635789,0.594448273798685,0.660756859849471
