"","bcubed.precision","bcubed.recall","bcubed.f1"
"majority-vote",0.997359359702244,0.296879429699188,0.457559270110409
