"","bcubed.precision","bcubed.recall","bcubed.f1"
"majority-vote",0.92326463367935,0.500932562364422,0.649479327686068
