"","bcubed.precision","bcubed.recall","bcubed.f1"
"majority-vote",0.81027056218045,0.554572423443058,0.658469456261595
