"","bcubed.precision","bcubed.recall","bcubed.f1"
"majority-vote",0.870185593052379,0.0918904325257165,0.166227467263167
