"","bcubed.precision","bcubed.recall","bcubed.f1"
"majority-vote",0.850619564649331,0.841292911755642,0.845930531655779
