"","bcubed.precision","bcubed.recall","bcubed.f1"
"majority-vote",0.966892497575498,0.299784283526306,0.457668726477327
