"","bcubed.precision","bcubed.recall","bcubed.f1"
"majority-vote",0.981077834794366,0.376911661105757,0.544598728492051
