"","bcubed.precision","bcubed.recall","bcubed.f1"
"majority-vote",0.947448345621067,0.323625183889602,0.482455401609311
