"","bcubed.precision","bcubed.recall","bcubed.f1"
"majority-vote",0.882403479274153,0.762856177725802,0.818286575674599
