"","bcubed.precision","bcubed.recall","bcubed.f1"
"majority-vote",0.98333832820784,0.115621558894983,0.206914031645523
