"","bcubed.precision","bcubed.recall","bcubed.f1"
"majority-vote",0.942326826931345,0.506107953390028,0.658530309106393
