"","bcubed.precision","bcubed.recall","bcubed.f1"
"majority-vote",0.909567432333639,0.258094792727016,0.402093367210197
