"","bcubed.precision","bcubed.recall","bcubed.f1"
"majority-vote",0.997010948521548,0.195659328965007,0.327122251372932
