"","bcubed.precision","bcubed.recall","bcubed.f1"
"majority-vote",0.978210462185186,0.354327274183462,0.52022038428476
