"","bcubed.precision","bcubed.recall","bcubed.f1"
"majority-vote",0.958379258697509,0.404654464144637,0.569043067499347
