"","bcubed.precision","bcubed.recall","bcubed.f1"
"majority-vote",0.922745523056556,0.377643109171535,0.535945146958298
