"","bcubed.precision","bcubed.recall","bcubed.f1"
"majority-vote",0.983277986277142,0.136804724724777,0.240191323228713
