"","bcubed.precision","bcubed.recall","bcubed.f1"
"majority-vote",0.867168172868178,0.673654387886795,0.758259464220449
