"","bcubed.precision","bcubed.recall","bcubed.f1"
"majority-vote",0.964547262350053,0.512838139817617,0.669637892812531
