"","bcubed.precision","bcubed.recall","bcubed.f1"
"majority-vote",0.981973358619373,0.422509328788857,0.590812415643849
