"","bcubed.precision","bcubed.recall","bcubed.f1"
"majority-vote",0.72552381419372,0.42606687414191,0.536860304203747
