"","bcubed.precision","bcubed.recall","bcubed.f1"
"majority-vote",0.992251152669799,0.362013272863449,0.530484417234964
