"","bcubed.precision","bcubed.recall","bcubed.f1"
"majority-vote",0.999759606716588,0.797685072189215,0.887363403630378
