"","bcubed.precision","bcubed.recall","bcubed.f1"
"majority-vote",0.924235345614011,0.453742750481919,0.608667277077406
