"","bcubed.precision","bcubed.recall","bcubed.f1"
"majority-vote",0.972788218480459,0.0524692110138315,0.0995680281632227
