"","bcubed.precision","bcubed.recall","bcubed.f1"
"majority-vote",0.941543477038952,0.464419577780934,0.622023775901907
