"","bcubed.precision","bcubed.recall","bcubed.f1"
"majority-vote",0.858714003580602,0.676575112697863,0.756840542393843
