"","bcubed.precision","bcubed.recall","bcubed.f1"
"majority-vote",0.997011373470145,0.19191225840416,0.321868788217539
