"","bcubed.precision","bcubed.recall","bcubed.f1"
"majority-vote",0.927461098881085,0.517053518879865,0.663955932192596
