"","bcubed.precision","bcubed.recall","bcubed.f1"
"majority-vote",0.997210701559671,0.122690071904496,0.218497666181321
