"","bcubed.precision","bcubed.recall","bcubed.f1"
"majority-vote",0.743798205814608,0.520256237326901,0.612261058828916
