"","bcubed.precision","bcubed.recall","bcubed.f1"
"majority-vote",0.832365062026271,0.755742507617324,0.79220535340683
