"","bcubed.precision","bcubed.recall","bcubed.f1"
"majority-vote",0.789831160292298,0.522927653346388,0.629246668771837
