"","bcubed.precision","bcubed.recall","bcubed.f1"
"majority-vote",0.894341006278714,0.83899396102168,0.865783841573947
