"","bcubed.precision","bcubed.recall","bcubed.f1"
"majority-vote",0.922360406201834,0.379938715923311,0.53818730642921
