"","bcubed.precision","bcubed.recall","bcubed.f1"
"majority-vote",0.974859849467603,0.97790050153887,0.976377808196615
