"","bcubed.precision","bcubed.recall","bcubed.f1"
"majority-vote",0.924003261571565,0.408415610137126,0.566454534465573
