"","bcubed.precision","bcubed.recall","bcubed.f1"
"majority-vote",0.955866590346639,0.246548986384692,0.391990828345055
