"","bcubed.precision","bcubed.recall","bcubed.f1"
"majority-vote",0.96578275394744,0.616462073215796,0.752561713021265
