"","bcubed.precision","bcubed.recall","bcubed.f1"
"majority-vote",0.981307276864023,0.423259320007829,0.591424360581026
