"","bcubed.precision","bcubed.recall","bcubed.f1"
"majority-vote",0.910662784097515,0.672078189554533,0.773388198599197
