"","bcubed.precision","bcubed.recall","bcubed.f1"
"majority-vote",0.93647466277798,0.567843748735004,0.706992986374955
