"","bcubed.precision","bcubed.recall","bcubed.f1"
"majority-vote",0.844805017104997,0.61776761053169,0.713664630282933
