"","bcubed.precision","bcubed.recall","bcubed.f1"
"majority-vote",0.951544792514395,0.699911693647931,0.806557524089868
