"","bcubed.precision","bcubed.recall","bcubed.f1"
"majority-vote",0.972609982070197,0.48110212455589,0.643765332359021
