"","bcubed.precision","bcubed.recall","bcubed.f1"
"majority-vote",0.959352022985594,0.461491388775388,0.623197030365761
