"","bcubed.precision","bcubed.recall","bcubed.f1"
"majority-vote",0.96457517853174,0.463768044805469,0.626374861877217
