"","bcubed.precision","bcubed.recall","bcubed.f1"
"majority-vote",0.997353575619079,0.332046044604808,0.498220858226219
