"","bcubed.precision","bcubed.recall","bcubed.f1"
"majority-vote",0.898823984224065,0.327585746272433,0.480168932646026
