"","bcubed.precision","bcubed.recall","bcubed.f1"
"majority-vote",0.999881737052464,0.164899315399234,0.28310868136651
