"","bcubed.precision","bcubed.recall","bcubed.f1"
"majority-vote",0.872589222291508,0.43734067925676,0.582655243976098
