"","bcubed.precision","bcubed.recall","bcubed.f1"
"majority-vote",0.986813464694455,0.277399043592922,0.433061861856904
