"","bcubed.precision","bcubed.recall","bcubed.f1"
"majority-vote",0.396381638819118,0.320276530948414,0.354288115500908
