"","bcubed.precision","bcubed.recall","bcubed.f1"
"majority-vote",0.406195165622202,0.181193183858475,0.250600119638323
