"","bcubed.precision","bcubed.recall","bcubed.f1"
"majority-vote",0.977877152427765,0.20084784757457,0.333249097553844
