"","bcubed.precision","bcubed.recall","bcubed.f1"
"majority-vote",0.988936391323562,0.504277981774311,0.667953451968452
