"","bcubed.precision","bcubed.recall","bcubed.f1"
"majority-vote",0.941709603327333,0.662743743482476,0.777974814940551
