"","bcubed.precision","bcubed.recall","bcubed.f1"
"majority-vote",0.949414421898568,0.214163348711078,0.349490643503539
