"","bcubed.precision","bcubed.recall","bcubed.f1"
"majority-vote",0.940591249804175,0.754555764744076,0.837365188643199
