"","bcubed.precision","bcubed.recall","bcubed.f1"
"majority-vote",0.977875053542766,0.201647801650188,0.334349358246562
