"","bcubed.precision","bcubed.recall","bcubed.f1"
"majority-vote",0.933206889642347,0.708767757934893,0.805648194187586
