"","bcubed.precision","bcubed.recall","bcubed.f1"
"majority-vote",0.944928590434594,0.319531405107385,0.47757044318083
