"","bcubed.precision","bcubed.recall","bcubed.f1"
"majority-vote",0.915379637863787,0.42515482097097,0.580631200476171
