"","bcubed.precision","bcubed.recall","bcubed.f1"
"majority-vote",0.857060108262852,0.815478558116857,0.835752446690517
