"","bcubed.precision","bcubed.recall","bcubed.f1"
"majority-vote",0.801731544008897,0.573021482508912,0.668351898938243
