"","bcubed.precision","bcubed.recall","bcubed.f1"
"majority-vote",0.972632593104613,0.253745525946422,0.402487886983724
