"","bcubed.precision","bcubed.recall","bcubed.f1"
"majority-vote",0.914046402264737,0.424655775173119,0.579897590427205
