"","bcubed.precision","bcubed.recall","bcubed.f1"
"majority-vote",0.986743993371997,0.195705212968298,0.326628733534758
