"","bcubed.precision","bcubed.recall","bcubed.f1"
"majority-vote",0.974400664780373,0.273405872149458,0.427000269180784
