"","bcubed.precision","bcubed.recall","bcubed.f1"
"majority-vote",0.978068861150071,0.864308266890072,0.917676396883
