"","bcubed.precision","bcubed.recall","bcubed.f1"
"majority-vote",0.910287861392167,0.809404165533786,0.85688690220041
