"","bcubed.precision","bcubed.recall","bcubed.f1"
"majority-vote",0.847532456946974,0.850972727996406,0.849249108389039
