"","bcubed.precision","bcubed.recall","bcubed.f1"
"majority-vote",0.868868461847734,0.0934056026432856,0.168677896020317
