"","bcubed.precision","bcubed.recall","bcubed.f1"
"majority-vote",0.9897408072965,0.309980538441981,0.472101792233706
