"","bcubed.precision","bcubed.recall","bcubed.f1"
"majority-vote",0.894380930433211,0.857507510315423,0.875556167950556
