"","bcubed.precision","bcubed.recall","bcubed.f1"
"majority-vote",0.98860776943883,0.50713330326817,0.670377958993577
