"","bcubed.precision","bcubed.recall","bcubed.f1"
"majority-vote",0.997212606606852,0.120433174080167,0.214911524781307
