"","bcubed.precision","bcubed.recall","bcubed.f1"
"majority-vote",0.872055604907951,0.147674801109845,0.252577813217154
