"","bcubed.precision","bcubed.recall","bcubed.f1"
"majority-vote",0.947543248693567,0.308084956014036,0.464984489836519
