"","bcubed.precision","bcubed.recall","bcubed.f1"
"majority-vote",0.290982402298475,0.172115541048908,0.21629374229263
