"","bcubed.precision","bcubed.recall","bcubed.f1"
"majority-vote",0.93040443433983,0.217848786827116,0.353036200627443
