"","bcubed.precision","bcubed.recall","bcubed.f1"
"majority-vote",0.726758230246998,0.424671415310935,0.536087371761759
