"","bcubed.precision","bcubed.recall","bcubed.f1"
"majority-vote",0.955467357525689,0.275245962711945,0.427375780106478
