"","bcubed.precision","bcubed.recall","bcubed.f1"
"majority-vote",0.923945924126215,0.438677789841429,0.594903129563925
