"","bcubed.precision","bcubed.recall","bcubed.f1"
"majority-vote",0.903693144462777,0.519902439205277,0.660064242245974
