"","bcubed.precision","bcubed.recall","bcubed.f1"
"majority-vote",0.976221657069861,0.908274098553305,0.941022915989678
