"","bcubed.precision","bcubed.recall","bcubed.f1"
"majority-vote",0.978057644723797,0.867982158768432,0.919738116438618
