"","bcubed.precision","bcubed.recall","bcubed.f1"
"majority-vote",0.892227199697169,0.524676287084234,0.660779592597468
