"","bcubed.precision","bcubed.recall","bcubed.f1"
"majority-vote",0.808407090756975,0.458386248292535,0.585040482930246
