"","bcubed.precision","bcubed.recall","bcubed.f1"
"majority-vote",0.912935408161808,0.269700039682242,0.416389879497391
