"","bcubed.precision","bcubed.recall","bcubed.f1"
"majority-vote",0.741556460133944,0.844417151751798,0.789651213912584
