"","bcubed.precision","bcubed.recall","bcubed.f1"
"majority-vote",0.991401604320039,0.195173533893218,0.326140921701617
