"","bcubed.precision","bcubed.recall","bcubed.f1"
"majority-vote",0.972643709755665,0.249332485968058,0.396917182123905
