"","bcubed.precision","bcubed.recall","bcubed.f1"
"majority-vote",0.944394438259469,0.634554800260927,0.759074464862255
