"","bcubed.precision","bcubed.recall","bcubed.f1"
"majority-vote",0.922125357693198,0.298268780132247,0.450741603951397
