"","bcubed.precision","bcubed.recall","bcubed.f1"
"majority-vote",0.985793396189594,0.338080538509612,0.50348836623741
