"","bcubed.precision","bcubed.recall","bcubed.f1"
"majority-vote",0.989890403107356,0.164928841277863,0.282748106199923
