"","bcubed.precision","bcubed.recall","bcubed.f1"
"majority-vote",0.725895247253289,0.351301170678762,0.473465833909439
