"","bcubed.precision","bcubed.recall","bcubed.f1"
"majority-vote",0.97346588588513,0.0497120662459156,0.0945935172009305
