"","bcubed.precision","bcubed.recall","bcubed.f1"
"majority-vote",0.964036168385288,0.350668658009942,0.514270979543947
