"","bcubed.precision","bcubed.recall","bcubed.f1"
"majority-vote",0.9409057332803,0.668404212857589,0.78158388014154
