"","bcubed.precision","bcubed.recall","bcubed.f1"
"majority-vote",0.864980329179584,0.683199120045328,0.763417703351983
