"","bcubed.precision","bcubed.recall","bcubed.f1"
"majority-vote",0.931585990476504,0.395238987075924,0.555007796023355
