"","bcubed.precision","bcubed.recall","bcubed.f1"
"majority-vote",0.971716489158943,0.124385847913886,0.220541048673831
