"","bcubed.precision","bcubed.recall","bcubed.f1"
"majority-vote",0.995622336198801,0.242712690140311,0.390282387952769
