"","bcubed.precision","bcubed.recall","bcubed.f1"
"majority-vote",0.319837236132331,0.125846619179397,0.18062325738402
