"","bcubed.precision","bcubed.recall","bcubed.f1"
"majority-vote",0.955320370578102,0.618611176862871,0.750949886842594
