"","bcubed.precision","bcubed.recall","bcubed.f1"
"majority-vote",0.972241355982238,0.505741917266904,0.665370463008948
