"","bcubed.precision","bcubed.recall","bcubed.f1"
"majority-vote",0.902966824275864,0.553678413751289,0.686444751107997
