"","bcubed.precision","bcubed.recall","bcubed.f1"
"majority-vote",0.898302746742175,0.297441616103353,0.446905925787067
