"","bcubed.precision","bcubed.recall","bcubed.f1"
"majority-vote",0.986761278835328,0.174797179508859,0.296985635376193
