"","bcubed.precision","bcubed.recall","bcubed.f1"
"majority-vote",0.319487123492801,0.201284628990765,0.24697133365199
