"","bcubed.precision","bcubed.recall","bcubed.f1"
"majority-vote",0.9592487178122,0.543440448416298,0.693815547574598
