"","bcubed.precision","bcubed.recall","bcubed.f1"
"majority-vote",0.459667988729615,0.23420059321522,0.310302320767369
