"","bcubed.precision","bcubed.recall","bcubed.f1"
"majority-vote",0.872312354318926,0.440212811188259,0.585136321680502
