"","bcubed.precision","bcubed.recall","bcubed.f1"
"majority-vote",0.991391648059951,0.199329080699233,0.331921971370423
