"","bcubed.precision","bcubed.recall","bcubed.f1"
"majority-vote",0.865965386737247,0.640256208923758,0.736199397444265
