"","bcubed.precision","bcubed.recall","bcubed.f1"
"majority-vote",0.974735739860303,0.256938457979808,0.406677509972528
