"","bcubed.precision","bcubed.recall","bcubed.f1"
"majority-vote",0.923852305238001,0.812712485711283,0.864725931716766
