"","bcubed.precision","bcubed.recall","bcubed.f1"
"majority-vote",0.999762054893936,0.639825216456907,0.780285361267648
