"","bcubed.precision","bcubed.recall","bcubed.f1"
"majority-vote",0.998490003902299,0.059896568612702,0.11301376374365
