"","bcubed.precision","bcubed.recall","bcubed.f1"
"majority-vote",0.511782503271322,0.285129956262011,0.366224724002602
