"","bcubed.precision","bcubed.recall","bcubed.f1"
"majority-vote",0.989862656899928,0.173030463967332,0.294569452194535
