"","bcubed.precision","bcubed.recall","bcubed.f1"
"majority-vote",0.933777215000182,0.637984584023544,0.758048030500023
