"","bcubed.precision","bcubed.recall","bcubed.f1"
"majority-vote",0.506424833572147,0.360595666191998,0.421246326442792
