"","bcubed.precision","bcubed.recall","bcubed.f1"
"majority-vote",0.940830782575476,0.795853193287328,0.8622906562879
