"","bcubed.precision","bcubed.recall","bcubed.f1"
"majority-vote",0.287399507793273,0.260896917906729,0.273507695022625
