"","bcubed.precision","bcubed.recall","bcubed.f1"
"majority-vote",0.89767280827305,0.510584312968522,0.650928935020802
