"","bcubed.precision","bcubed.recall","bcubed.f1"
"majority-vote",0.936219721034812,0.647604904200619,0.765615678770438
