"","bcubed.precision","bcubed.recall","bcubed.f1"
"majority-vote",0.977174152887453,0.197100632371607,0.32803504918794
