"","bcubed.precision","bcubed.recall","bcubed.f1"
"majority-vote",0.948130029976418,0.160590502213926,0.274660156923796
