"","bcubed.precision","bcubed.recall","bcubed.f1"
"majority-vote",0.764366633595088,0.752468952080857,0.758371131608914
