"","bcubed.precision","bcubed.recall","bcubed.f1"
"majority-vote",0.926230782695991,0.28580163606364,0.436817149392633
