"","bcubed.precision","bcubed.recall","bcubed.f1"
"majority-vote",0.877317459574988,0.215849342145763,0.346458374338059
