"","bcubed.precision","bcubed.recall","bcubed.f1"
"majority-vote",0.979656974731363,0.394601236575098,0.562592750718822
