"","bcubed.precision","bcubed.recall","bcubed.f1"
"majority-vote",0.94818250700964,0.742693033982062,0.832951362566505
