"","bcubed.precision","bcubed.recall","bcubed.f1"
"majority-vote",0.976710370586698,0.880163942267379,0.925927236192618
