"","bcubed.precision","bcubed.recall","bcubed.f1"
"majority-vote",0.955243504281617,0.180295979901653,0.303338749639368
