"","bcubed.precision","bcubed.recall","bcubed.f1"
"majority-vote",0.99857030370936,0.259015705023744,0.411336305326129
