"","bcubed.precision","bcubed.recall","bcubed.f1"
"majority-vote",0.956430230175495,0.42887897273015,0.592203984129117
