"","bcubed.precision","bcubed.recall","bcubed.f1"
"majority-vote",0.96151548749005,0.51964155117011,0.67466634037048
