"","bcubed.precision","bcubed.recall","bcubed.f1"
"majority-vote",0.985261651090351,0.153914567466077,0.26623821389223
