"","bcubed.precision","bcubed.recall","bcubed.f1"
"majority-vote",0.949484426514365,0.92056192170822,0.934799513535966
