"","bcubed.precision","bcubed.recall","bcubed.f1"
"majority-vote",0.965415262718644,0.145228665184288,0.252476903588531
