"","bcubed.precision","bcubed.recall","bcubed.f1"
"majority-vote",0.947878028875274,0.856534956474359,0.899894506188524
