"","bcubed.precision","bcubed.recall","bcubed.f1"
"majority-vote",0.937937868233719,0.426251257458532,0.586131626800239
