"","bcubed.precision","bcubed.recall","bcubed.f1"
"majority-vote",0.88456775186935,0.683143561109834,0.770915868313278
