"","bcubed.precision","bcubed.recall","bcubed.f1"
"majority-vote",0.979500534715564,0.358647557768147,0.525047229946423
