"","bcubed.precision","bcubed.recall","bcubed.f1"
"majority-vote",0.956281202487253,0.12806804461319,0.225884905680298
