"","bcubed.precision","bcubed.recall","bcubed.f1"
"majority-vote",0.527751474183458,0.657919893240576,0.585690441874626
