"","bcubed.precision","bcubed.recall","bcubed.f1"
"majority-vote",0.927382304814674,0.495745052931697,0.64610547648569
