"","bcubed.precision","bcubed.recall","bcubed.f1"
"majority-vote",0.972033414793288,0.393256224996621,0.559966442477371
