"","bcubed.precision","bcubed.recall","bcubed.f1"
"majority-vote",0.861925768778499,0.445331114901756,0.587248563560163
