"","bcubed.precision","bcubed.recall","bcubed.f1"
"majority-vote",0.975263995897938,0.858717537629276,0.913287600541195
