"","bcubed.precision","bcubed.recall","bcubed.f1"
"majority-vote",0.876868434625085,0.547893793905266,0.674401333474535
