"","bcubed.precision","bcubed.recall","bcubed.f1"
"majority-vote",0.972321280535358,0.821497662049158,0.890568874882763
