"","bcubed.precision","bcubed.recall","bcubed.f1"
"majority-vote",0.988248277675913,0.258647010268136,0.409990261243138
