"","bcubed.precision","bcubed.recall","bcubed.f1"
"majority-vote",0.937302049902737,0.294523597350991,0.448208838900642
