"","bcubed.precision","bcubed.recall","bcubed.f1"
"majority-vote",0.957963724863924,0.172737328151596,0.292696453864315
