"","bcubed.precision","bcubed.recall","bcubed.f1"
"majority-vote",0.985002752147522,0.241772605230154,0.388248231615338
