"","bcubed.precision","bcubed.recall","bcubed.f1"
"majority-vote",0.946297899173712,0.358908962832769,0.520430603622706
