"","bcubed.precision","bcubed.recall","bcubed.f1"
"majority-vote",0.982634866997808,0.265232660239323,0.417715589402008
