"","bcubed.precision","bcubed.recall","bcubed.f1"
"majority-vote",0.94784704234461,0.813195635962652,0.875373536245735
