"","bcubed.precision","bcubed.recall","bcubed.f1"
"majority-vote",0.966752478306723,0.897419747436397,0.930796793273415
