"","bcubed.precision","bcubed.recall","bcubed.f1"
"majority-vote",0.947954112235065,0.851252591982591,0.897004655695231
