"","bcubed.precision","bcubed.recall","bcubed.f1"
"majority-vote",0.958333461829757,0.614561067400588,0.748879755486194
