"","bcubed.precision","bcubed.recall","bcubed.f1"
"majority-vote",0.996701180784788,0.0266220570201785,0.0518589526489166
