"","bcubed.precision","bcubed.recall","bcubed.f1"
"majority-vote",0.982260565259026,0.60464161349508,0.748522021082732
