"","bcubed.precision","bcubed.recall","bcubed.f1"
"majority-vote",0.888743977841602,0.748377401206675,0.812543183403834
