"","bcubed.precision","bcubed.recall","bcubed.f1"
"majority-vote",0.971953602344544,0.189106063800737,0.316611325491217
