"","bcubed.precision","bcubed.recall","bcubed.f1"
"majority-vote",0.980520047753545,0.541060171559048,0.697328131006189
