"","bcubed.precision","bcubed.recall","bcubed.f1"
"majority-vote",0.998540135347185,0.429915298774992,0.601051555928189
