"","bcubed.precision","bcubed.recall","bcubed.f1"
"majority-vote",0.949961043340235,0.380655663105537,0.543519481042743
