"","bcubed.precision","bcubed.recall","bcubed.f1"
"majority-vote",0.966668991215986,0.0547543071635295,0.103638307358901
