"","bcubed.precision","bcubed.recall","bcubed.f1"
"majority-vote",0.974252866755994,0.475195796534401,0.638809609155898
