"","bcubed.precision","bcubed.recall","bcubed.f1"
"majority-vote",0.965044397604463,0.797968433070916,0.873589746372177
