"","bcubed.precision","bcubed.recall","bcubed.f1"
"majority-vote",0.915463508871482,0.322368211394419,0.476827874290317
