"","bcubed.precision","bcubed.recall","bcubed.f1"
"majority-vote",0.763523836092349,0.76586477638121,0.764692514670728
