"","bcubed.precision","bcubed.recall","bcubed.f1"
"majority-vote",0.959721174995566,0.320716537103065,0.480770675403777
