"","bcubed.precision","bcubed.recall","bcubed.f1"
"majority-vote",0.963564102287805,0.909791914417696,0.935906278856981
