"","bcubed.precision","bcubed.recall","bcubed.f1"
"majority-vote",0.893252722909359,0.330005796017833,0.481956301644762
