"","bcubed.precision","bcubed.recall","bcubed.f1"
"majority-vote",0.673701463356001,0.440089567015281,0.532396072909779
