"","bcubed.precision","bcubed.recall","bcubed.f1"
"majority-vote",0.973897774798072,0.956719988676479,0.965232461551565
