"","bcubed.precision","bcubed.recall","bcubed.f1"
"majority-vote",0.982664654365989,0.251034788416635,0.399907797699698
