"","bcubed.precision","bcubed.recall","bcubed.f1"
"majority-vote",0.985587161200874,0.40829664952664,0.577396670565759
