"","bcubed.precision","bcubed.recall","bcubed.f1"
"majority-vote",0.964636103540095,0.755289500084334,0.847222134342032
