"","bcubed.precision","bcubed.recall","bcubed.f1"
"majority-vote",0.810241553888166,0.183930668403405,0.299803730648103
