"","bcubed.precision","bcubed.recall","bcubed.f1"
"majority-vote",0.961248495011506,0.537351895414096,0.689348146521817
