"","bcubed.precision","bcubed.recall","bcubed.f1"
"majority-vote",0.94825693609589,0.904386787989685,0.925802444879671
