"","bcubed.precision","bcubed.recall","bcubed.f1"
"majority-vote",0.973896441410665,0.957445398889748,0.965600855702169
