"","bcubed.precision","bcubed.recall","bcubed.f1"
"majority-vote",0.974092144958844,0.491114750738772,0.653001323393699
