"","bcubed.precision","bcubed.recall","bcubed.f1"
"majority-vote",0.987787234802771,0.328417977839945,0.492943019939394
