"","bcubed.precision","bcubed.recall","bcubed.f1"
"majority-vote",0.903461831320537,0.743005331236489,0.815414935087222
