"","bcubed.precision","bcubed.recall","bcubed.f1"
"majority-vote",0.863346824205446,0.935445968967924,0.897951458988756
