"","bcubed.precision","bcubed.recall","bcubed.f1"
"majority-vote",0.927675786711806,0.897864465875944,0.912526714830141
