"","bcubed.precision","bcubed.recall","bcubed.f1"
"majority-vote",0.979387448230793,0.496587925494393,0.659024520097083
