"","bcubed.precision","bcubed.recall","bcubed.f1"
"majority-vote",0.970396147952369,0.222661282161487,0.362211650594259
