"","bcubed.precision","bcubed.recall","bcubed.f1"
"majority-vote",0.959053915602669,0.366318200715028,0.530143799506432
