"","bcubed.precision","bcubed.recall","bcubed.f1"
"majority-vote",0.911172953239133,0.20126381068528,0.329701690396002
