"","bcubed.precision","bcubed.recall","bcubed.f1"
"majority-vote",0.966182789322684,0.285292535015221,0.440511661545986
