"","bcubed.precision","bcubed.recall","bcubed.f1"
"majority-vote",0.907272658948744,0.49013580686096,0.636445001754108
