"","bcubed.precision","bcubed.recall","bcubed.f1"
"majority-vote",0.878444666625008,0.559469944980268,0.683577989038219
