"","bcubed.precision","bcubed.recall","bcubed.f1"
"majority-vote",0.999668784808263,0.678309080288884,0.808216160798452
