"","bcubed.precision","bcubed.recall","bcubed.f1"
"majority-vote",0.951415412131512,0.274515508406576,0.426089726903204
