"","bcubed.precision","bcubed.recall","bcubed.f1"
"majority-vote",0.965627268342013,0.370690305426031,0.535723953730683
