"","bcubed.precision","bcubed.recall","bcubed.f1"
"majority-vote",0.948183379219981,0.735273233516911,0.828264719068264
