"","bcubed.precision","bcubed.recall","bcubed.f1"
"majority-vote",0.953398889287147,0.183985143671206,0.308446798158784
