"","bcubed.precision","bcubed.recall","bcubed.f1"
"majority-vote",0.984687663966189,0.874948239895626,0.926580022083906
