"","bcubed.precision","bcubed.recall","bcubed.f1"
"majority-vote",0.966284756802362,0.261284326830735,0.41134151319726
