"","bcubed.precision","bcubed.recall","bcubed.f1"
"majority-vote",0.98604512056175,0.437845654989379,0.606416698632426
