"","bcubed.precision","bcubed.recall","bcubed.f1"
"majority-vote",0.893097932589247,0.529457269632974,0.66479978023333
