"","bcubed.precision","bcubed.recall","bcubed.f1"
"majority-vote",0.955823526666444,0.182347072699438,0.306266252531885
