"","bcubed.precision","bcubed.recall","bcubed.f1"
"majority-vote",0.883867336900437,0.24579218747916,0.384625068863026
