"","bcubed.precision","bcubed.recall","bcubed.f1"
"majority-vote",0.917492417538503,0.476682314169961,0.627399706620276
