"","bcubed.precision","bcubed.recall","bcubed.f1"
"majority-vote",0.901198196179764,0.512401413779117,0.653332423926083
