"","bcubed.precision","bcubed.recall","bcubed.f1"
"majority-vote",0.969049453088892,0.348103878689177,0.512210484722377
