"","bcubed.precision","bcubed.recall","bcubed.f1"
"majority-vote",0.972363216435405,0.121466205164546,0.215955555061304
