"","bcubed.precision","bcubed.recall","bcubed.f1"
"majority-vote",0.893396921641868,0.537729864836385,0.671367778814228
