"","bcubed.precision","bcubed.recall","bcubed.f1"
"majority-vote",0.979667548064869,0.172057654221209,0.292707496375192
