"","bcubed.precision","bcubed.recall","bcubed.f1"
"majority-vote",0.97720863390448,0.185963996165309,0.312465437975816
