"","bcubed.precision","bcubed.recall","bcubed.f1"
"majority-vote",0.996943284108527,0.0331070290559554,0.0640858603745701
