"","bcubed.precision","bcubed.recall","bcubed.f1"
"majority-vote",0.926971048927737,0.473880580596718,0.627152183149252
