"","bcubed.precision","bcubed.recall","bcubed.f1"
"majority-vote",0.952911670668008,0.314060785200898,0.472420984577521
