"","bcubed.precision","bcubed.recall","bcubed.f1"
"majority-vote",0.957958211868059,0.761171260729282,0.848301738148802
