"","bcubed.precision","bcubed.recall","bcubed.f1"
"majority-vote",0.999668857927786,0.69308031267858,0.818610124475135
