"","bcubed.precision","bcubed.recall","bcubed.f1"
"majority-vote",0.954747518169799,0.191849129099614,0.319497672188562
