"","bcubed.precision","bcubed.recall","bcubed.f1"
"majority-vote",0.971511023045076,0.143542235655129,0.250127719233875
