"","bcubed.precision","bcubed.recall","bcubed.f1"
"majority-vote",0.956955429971951,0.150850907300464,0.260618828400647
