"","bcubed.precision","bcubed.recall","bcubed.f1"
"majority-vote",0.859786084945808,0.293791345200051,0.437938024582495
