"","bcubed.precision","bcubed.recall","bcubed.f1"
"majority-vote",0.966162478729889,0.0735372240854926,0.136671976550465
