"","bcubed.precision","bcubed.recall","bcubed.f1"
"majority-vote",0.90012647110793,0.781111351513675,0.836406360741976
