"","bcubed.precision","bcubed.recall","bcubed.f1"
"majority-vote",0.900041667173319,0.329847550466286,0.48276956164308
