"","bcubed.precision","bcubed.recall","bcubed.f1"
"majority-vote",0.876912861452446,0.535317709809758,0.664802184923511
