"","bcubed.precision","bcubed.recall","bcubed.f1"
"majority-vote",0.957051389042054,0.464467518928355,0.625414521977716
