"","bcubed.precision","bcubed.recall","bcubed.f1"
"majority-vote",0.914904798933812,0.352166172578477,0.508572177183805
