"","bcubed.precision","bcubed.recall","bcubed.f1"
"majority-vote",0.972491121478583,0.817443834575892,0.888252244857851
