"","bcubed.precision","bcubed.recall","bcubed.f1"
"majority-vote",0.917379849781954,0.650233438933757,0.761043630882911
