"","bcubed.precision","bcubed.recall","bcubed.f1"
"majority-vote",0.948117595944013,0.16104871651054,0.275329533927039
