"","bcubed.precision","bcubed.recall","bcubed.f1"
"majority-vote",0.893260933101571,0.329265369653891,0.481167383756324
