"","bcubed.precision","bcubed.recall","bcubed.f1"
"majority-vote",0.976824575249772,0.870366888138129,0.920528036934152
