"","bcubed.precision","bcubed.recall","bcubed.f1"
"majority-vote",0.971895547013265,0.658881317304717,0.785348176455151
