"","bcubed.precision","bcubed.recall","bcubed.f1"
"majority-vote",0.951287655262916,0.142868714388852,0.248427460811023
