"","bcubed.precision","bcubed.recall","bcubed.f1"
"majority-vote",0.980262575601121,0.532012652645039,0.689705264482877
