"","bcubed.precision","bcubed.recall","bcubed.f1"
"majority-vote",0.945917036036645,0.609992688410133,0.741691457748422
