"","bcubed.precision","bcubed.recall","bcubed.f1"
"majority-vote",0.964752343104476,0.592504428365347,0.734137164837268
