"","bcubed.precision","bcubed.recall","bcubed.f1"
"majority-vote",0.953850991417579,0.333851679962823,0.494593609218181
