"","bcubed.precision","bcubed.recall","bcubed.f1"
"majority-vote",0.926432879066886,0.152025653365729,0.261190503861004
