"","bcubed.precision","bcubed.recall","bcubed.f1"
"majority-vote",0.677858201626072,0.435161342006435,0.530049425272383
