"","bcubed.precision","bcubed.recall","bcubed.f1"
"majority-vote",0.972023266193549,0.644107284670802,0.774797885344006
