"","bcubed.precision","bcubed.recall","bcubed.f1"
"majority-vote",0.97465744181854,0.229134862948101,0.37104074925239
