"","bcubed.precision","bcubed.recall","bcubed.f1"
"majority-vote",0.95971866179462,0.716051340027685,0.820169633160058
