"","bcubed.precision","bcubed.recall","bcubed.f1"
"majority-vote",0.949555205723547,0.806545850278181,0.872227493023747
