"","bcubed.precision","bcubed.recall","bcubed.f1"
"majority-vote",0.953545095702689,0.339186301786651,0.500381494912767
