"","bcubed.precision","bcubed.recall","bcubed.f1"
"majority-vote",0.982260809754731,0.59841199029426,0.743729690464924
