"","bcubed.precision","bcubed.recall","bcubed.f1"
"majority-vote",0.950113830665375,0.781112732086779,0.857364398204089
