"","bcubed.precision","bcubed.recall","bcubed.f1"
"majority-vote",0.908867787615217,0.749565899668129,0.82156592226384
