"","bcubed.precision","bcubed.recall","bcubed.f1"
"majority-vote",0.96478627230145,0.482747853620701,0.643506075353542
