"","bcubed.precision","bcubed.recall","bcubed.f1"
"majority-vote",0.9631718345999,0.265258929922323,0.415961464912772
