"","bcubed.precision","bcubed.recall","bcubed.f1"
"majority-vote",0.968945461657233,0.289852594549874,0.446221464441897
