"","bcubed.precision","bcubed.recall","bcubed.f1"
"majority-vote",0.983136640640258,0.195517804392855,0.32616975773718
