"","bcubed.precision","bcubed.recall","bcubed.f1"
"majority-vote",0.911102460791428,0.560992682768485,0.694414102230274
