"","bcubed.precision","bcubed.recall","bcubed.f1"
"majority-vote",0.991281360015484,0.640174217778342,0.777946734049978
