"","bcubed.precision","bcubed.recall","bcubed.f1"
"majority-vote",0.924344778723351,0.232478553392172,0.371517985551406
