"","bcubed.precision","bcubed.recall","bcubed.f1"
"majority-vote",0.972950979950957,0.526781197874967,0.683498414277111
