"","bcubed.precision","bcubed.recall","bcubed.f1"
"majority-vote",0.655679360972862,0.658523022339177,0.657098115109337
