"","bcubed.precision","bcubed.recall","bcubed.f1"
"majority-vote",0.904375859698374,0.349258064201824,0.503911957146846
