"","bcubed.precision","bcubed.recall","bcubed.f1"
"majority-vote",0.831414686466501,0.243631188314721,0.376837031419457
