"","bcubed.precision","bcubed.recall","bcubed.f1"
"majority-vote",0.889467025466111,0.291963450321272,0.439622757367942
