"","bcubed.precision","bcubed.recall","bcubed.f1"
"majority-vote",0.951302774376574,0.389388290506474,0.552589885576471
