"","bcubed.precision","bcubed.recall","bcubed.f1"
"majority-vote",0.950576206449517,0.518285268977249,0.67081838973266
