"","bcubed.precision","bcubed.recall","bcubed.f1"
"majority-vote",0.879655887999332,0.463304154216617,0.606940213230356
