"","bcubed.precision","bcubed.recall","bcubed.f1"
"majority-vote",0.991571216083365,0.493091550199799,0.658648413869893
