"","bcubed.precision","bcubed.recall","bcubed.f1"
"majority-vote",0.981825064632601,0.282977381833217,0.439332303608841
