"","bcubed.precision","bcubed.recall","bcubed.f1"
"majority-vote",0.997085237933856,0.398919497893623,0.569850133406529
