"","bcubed.precision","bcubed.recall","bcubed.f1"
"majority-vote",0.670639695689783,0.221498081380687,0.333010011930659
