"","bcubed.precision","bcubed.recall","bcubed.f1"
"majority-vote",0.977714365051068,0.302831380939465,0.462431884623911
