"","bcubed.precision","bcubed.recall","bcubed.f1"
"majority-vote",0.831588544813244,0.2125738644777,0.338594818302987
