"","bcubed.precision","bcubed.recall","bcubed.f1"
"majority-vote",0.96193752025117,0.279522474631623,0.433172485959968
