"","bcubed.precision","bcubed.recall","bcubed.f1"
"majority-vote",0.965474397155197,0.87362795491042,0.917257728649756
