"","bcubed.precision","bcubed.recall","bcubed.f1"
"majority-vote",0.924373770075137,0.224382175058331,0.361108898674262
