"","bcubed.precision","bcubed.recall","bcubed.f1"
"majority-vote",0.993260688230699,0.552567309016367,0.710096319415622
