"","bcubed.precision","bcubed.recall","bcubed.f1"
"majority-vote",0.963021450190815,0.531807974542173,0.685218632163498
