"","bcubed.precision","bcubed.recall","bcubed.f1"
"majority-vote",0.953413260838964,0.332074234940607,0.492581966319831
