"","bcubed.precision","bcubed.recall","bcubed.f1"
"majority-vote",0.989747227915287,0.0760409672520617,0.141231319481649
