"","bcubed.precision","bcubed.recall","bcubed.f1"
"majority-vote",0.989693279439281,0.357197994137572,0.524936884160421
