"","bcubed.precision","bcubed.recall","bcubed.f1"
"majority-vote",0.999587879923717,0.640504056682971,0.780736832871592
