"","bcubed.precision","bcubed.recall","bcubed.f1"
"majority-vote",0.982645928168183,0.444802764161105,0.612398368347148
