"","bcubed.precision","bcubed.recall","bcubed.f1"
"majority-vote",0.987547300881597,0.280308053485944,0.436670414620769
