"","bcubed.precision","bcubed.recall","bcubed.f1"
"majority-vote",0.655389728256696,0.68468782707978,0.669718505684266
