"","bcubed.precision","bcubed.recall","bcubed.f1"
"majority-vote",0.787184236944791,0.565829208904876,0.658399715714797
