"","bcubed.precision","bcubed.recall","bcubed.f1"
"majority-vote",0.857376814896274,0.570472993525858,0.685100513077131
