"","bcubed.precision","bcubed.recall","bcubed.f1"
"majority-vote",0.911027263432507,0.62650102531148,0.742437740893123
