"","bcubed.precision","bcubed.recall","bcubed.f1"
"majority-vote",0.926499827286361,0.661034423536749,0.771571736382497
