"","bcubed.precision","bcubed.recall","bcubed.f1"
"majority-vote",0.96991741849991,0.394883413854532,0.56126035725446
