"","bcubed.precision","bcubed.recall","bcubed.f1"
"majority-vote",0.952442273301584,0.307388577163693,0.464776481878662
