"","bcubed.precision","bcubed.recall","bcubed.f1"
"majority-vote",0.969891163032698,0.320080711349314,0.481318173768159
