"","bcubed.precision","bcubed.recall","bcubed.f1"
"majority-vote",0.978359389802387,0.589654239163333,0.735827483850067
