"","bcubed.precision","bcubed.recall","bcubed.f1"
"majority-vote",0.889424078093592,0.302662863694449,0.451637592994398
