"","bcubed.precision","bcubed.recall","bcubed.f1"
"majority-vote",0.866926135733637,0.390619997465292,0.538570595547765
