"","bcubed.precision","bcubed.recall","bcubed.f1"
"majority-vote",0.878404720681982,0.758045344694904,0.813798872766275
