"","bcubed.precision","bcubed.recall","bcubed.f1"
"majority-vote",0.99212582526162,0.255110397046681,0.405859946457191
