"","bcubed.precision","bcubed.recall","bcubed.f1"
"majority-vote",0.836402780946719,0.50412198494241,0.629080552439544
