"","bcubed.precision","bcubed.recall","bcubed.f1"
"majority-vote",0.999588093386498,0.63827724634032,0.779080331265475
