"","bcubed.precision","bcubed.recall","bcubed.f1"
"majority-vote",0.739316933441803,0.310988820685309,0.437814037179729
