"","bcubed.precision","bcubed.recall","bcubed.f1"
"majority-vote",0.943964533326924,0.587803408996404,0.724477324965643
