"","bcubed.precision","bcubed.recall","bcubed.f1"
"majority-vote",0.915200076778204,0.373382488843738,0.530380732401874
