"","bcubed.precision","bcubed.recall","bcubed.f1"
"majority-vote",0.94366081612223,0.298074081131686,0.453044899177208
