"","bcubed.precision","bcubed.recall","bcubed.f1"
"majority-vote",0.942082083708763,0.702709076174413,0.804977126421899
