"","bcubed.precision","bcubed.recall","bcubed.f1"
"majority-vote",0.901614895713232,0.535290298288981,0.671757202190726
