"","bcubed.precision","bcubed.recall","bcubed.f1"
"majority-vote",0.936957322330816,0.317440428891379,0.474216625410592
