"","bcubed.precision","bcubed.recall","bcubed.f1"
"majority-vote",0.951612800303843,0.627493546952346,0.756289647528136
