"","bcubed.precision","bcubed.recall","bcubed.f1"
"majority-vote",0.682722055231731,0.715236082695565,0.698600959650773
