"","bcubed.precision","bcubed.recall","bcubed.f1"
"majority-vote",0.974737036353571,0.423231707478495,0.590198632206339
