"","bcubed.precision","bcubed.recall","bcubed.f1"
"majority-vote",0.990656146179402,0.352767691986844,0.520269884026046
