"","bcubed.precision","bcubed.recall","bcubed.f1"
"majority-vote",0.951903409764,0.323854471426372,0.483286335382754
