"","bcubed.precision","bcubed.recall","bcubed.f1"
"majority-vote",0.917095525549433,0.615139240221143,0.736364240518947
