"","bcubed.precision","bcubed.recall","bcubed.f1"
"majority-vote",0.979598819385936,0.261462878581672,0.412757444035695
