"","bcubed.precision","bcubed.recall","bcubed.f1"
"majority-vote",0.898927221280583,0.229425858436965,0.365554281052309
