"","bcubed.precision","bcubed.recall","bcubed.f1"
"majority-vote",0.979315893038583,0.0605573636781518,0.114061571076034
