"","bcubed.precision","bcubed.recall","bcubed.f1"
"majority-vote",0.544926883052972,0.311972241387717,0.396784303425263
