"","bcubed.precision","bcubed.recall","bcubed.f1"
"majority-vote",0.954291360072464,0.407674696834549,0.571292417951841
