"","bcubed.precision","bcubed.recall","bcubed.f1"
"majority-vote",0.893234646819162,0.417775517339474,0.569288594219111
