"","bcubed.precision","bcubed.recall","bcubed.f1"
"majority-vote",0.998440238293633,0.243198570969464,0.391127012686618
