"","bcubed.precision","bcubed.recall","bcubed.f1"
"majority-vote",0.965112552852522,0.06450394048469,0.120925729284792
