"","bcubed.precision","bcubed.recall","bcubed.f1"
"majority-vote",0.951812799091573,0.373321163784156,0.536295758491315
