"","bcubed.precision","bcubed.recall","bcubed.f1"
"majority-vote",0.808735465380665,0.569211645017081,0.668155753089979
