"","bcubed.precision","bcubed.recall","bcubed.f1"
"majority-vote",0.926195632737116,0.23019433856806,0.368742372993618
