"","bcubed.precision","bcubed.recall","bcubed.f1"
"majority-vote",0.481125446000139,0.436076220992387,0.457494515907213
