"","bcubed.precision","bcubed.recall","bcubed.f1"
"majority-vote",0.929553000323895,0.0867785279305809,0.158738047101821
