"","bcubed.precision","bcubed.recall","bcubed.f1"
"majority-vote",0.57373298147109,0.170572497165708,0.26296479110993
