"","bcubed.precision","bcubed.recall","bcubed.f1"
"majority-vote",0.830134280868541,0.491014291922268,0.61705065503728
