"","bcubed.precision","bcubed.recall","bcubed.f1"
"majority-vote",0.99322190108897,0.87212784310356,0.928744303331606
