"","bcubed.precision","bcubed.recall","bcubed.f1"
"majority-vote",0.746288088206318,0.190150466352996,0.303078140717728
