"","bcubed.precision","bcubed.recall","bcubed.f1"
"majority-vote",0.942044857405872,0.29133104318601,0.445033685033679
