"","bcubed.precision","bcubed.recall","bcubed.f1"
"majority-vote",0.956163876332321,0.386080730832221,0.55005838160838
