"","bcubed.precision","bcubed.recall","bcubed.f1"
"majority-vote",0.84873792975829,0.637530975957479,0.728127620257718
