"","bcubed.precision","bcubed.recall","bcubed.f1"
"majority-vote",0.915381272898545,0.75484465000742,0.827397835332665
