"","bcubed.precision","bcubed.recall","bcubed.f1"
"majority-vote",0.921246375804149,0.611101037974036,0.734787178705974
