"","bcubed.precision","bcubed.recall","bcubed.f1"
"majority-vote",0.846195020809536,0.577010016849715,0.686145692708484
