"","bcubed.precision","bcubed.recall","bcubed.f1"
"majority-vote",0.969065482330049,0.0506421653328507,0.0962542047948644
