"","bcubed.precision","bcubed.recall","bcubed.f1"
"majority-vote",0.985698337499395,0.191644154336076,0.320897828169011
