"","bcubed.precision","bcubed.recall","bcubed.f1"
"majority-vote",0.944349973416292,0.389994738681494,0.552018556775115
