"","bcubed.precision","bcubed.recall","bcubed.f1"
"majority-vote",0.923137608387913,0.66896941480974,0.775765468871321
