"","bcubed.precision","bcubed.recall","bcubed.f1"
"majority-vote",0.999648883763264,0.69107157029541,0.817200646254627
