"","bcubed.precision","bcubed.recall","bcubed.f1"
"majority-vote",0.943858705779724,0.473133577121214,0.630308649032748
