"","bcubed.precision","bcubed.recall","bcubed.f1"
"majority-vote",0.956169948178011,0.384362950386915,0.548313738135691
