"","bcubed.precision","bcubed.recall","bcubed.f1"
"majority-vote",0.99575123900649,0.574481398304312,0.728606132053633
