"","bcubed.precision","bcubed.recall","bcubed.f1"
"majority-vote",0.959175583308111,0.573602777320859,0.717893457600903
