"","bcubed.precision","bcubed.recall","bcubed.f1"
"majority-vote",0.882148108943654,0.417001445874563,0.566304372796383
