"","bcubed.precision","bcubed.recall","bcubed.f1"
"majority-vote",0.939820266501394,0.297458033497239,0.451890392508564
