"","bcubed.precision","bcubed.recall","bcubed.f1"
"majority-vote",0.944444444444444,0.362860655633308,0.524287299575232
