"","bcubed.precision","bcubed.recall","bcubed.f1"
"majority-vote",0.886747067075892,0.499802549430802,0.639282488774433
