"","bcubed.precision","bcubed.recall","bcubed.f1"
"majority-vote",0.47290843091968,0.316590720320986,0.37927443127824
