"","bcubed.precision","bcubed.recall","bcubed.f1"
"majority-vote",0.817588140735399,0.574734295040521,0.674981500872223
