"","bcubed.precision","bcubed.recall","bcubed.f1"
"majority-vote",0.739571901192772,0.307416512623065,0.434305884761555
