"","bcubed.precision","bcubed.recall","bcubed.f1"
"majority-vote",0.969716578528848,0.483937329938609,0.645658569865786
