"","bcubed.precision","bcubed.recall","bcubed.f1"
"majority-vote",0.994281034080466,0.634748289747323,0.774839564493307
