"","bcubed.precision","bcubed.recall","bcubed.f1"
"majority-vote",0.943308885725774,0.415351918555135,0.576751981424349
