"","bcubed.precision","bcubed.recall","bcubed.f1"
"majority-vote",0.989646382224499,0.396366181095597,0.566030016665593
