"","bcubed.precision","bcubed.recall","bcubed.f1"
"majority-vote",0.902270962514725,0.44975238347157,0.600283297078952
