"","bcubed.precision","bcubed.recall","bcubed.f1"
"majority-vote",0.951071008956827,0.358249620602179,0.520454379824862
