"","bcubed.precision","bcubed.recall","bcubed.f1"
"majority-vote",0.898627796560785,0.246642484011306,0.387052376552797
