"","bcubed.precision","bcubed.recall","bcubed.f1"
"majority-vote",0.903229067333674,0.499059457179975,0.642899089841808
