"","bcubed.precision","bcubed.recall","bcubed.f1"
"majority-vote",0.87945626888615,0.455450180332685,0.600114736869092
