"","bcubed.precision","bcubed.recall","bcubed.f1"
"majority-vote",0.934098129125462,0.555729530595103,0.696867065719563
