"","bcubed.precision","bcubed.recall","bcubed.f1"
"majority-vote",0.992125687654148,0.234245478983174,0.379005904963167
