"","bcubed.precision","bcubed.recall","bcubed.f1"
"majority-vote",0.999254730690048,0.393937665809336,0.565096503750762
