"","bcubed.precision","bcubed.recall","bcubed.f1"
"majority-vote",0.905068121110296,0.320183858947322,0.473026297192631
