"","bcubed.precision","bcubed.recall","bcubed.f1"
"majority-vote",0.934691504358209,0.585110783488084,0.719696348410812
