"","bcubed.precision","bcubed.recall","bcubed.f1"
"majority-vote",0.956542972305436,0.562862774907535,0.70870132312942
