"","bcubed.precision","bcubed.recall","bcubed.f1"
"majority-vote",0.956336954496275,0.32894025125432,0.489509526331457
