"","bcubed.precision","bcubed.recall","bcubed.f1"
"majority-vote",0.953210566370287,0.448361492051094,0.609862203243435
