"","bcubed.precision","bcubed.recall","bcubed.f1"
"majority-vote",0.952587494865919,0.45952086459934,0.619972010381794
