"","bcubed.precision","bcubed.recall","bcubed.f1"
"majority-vote",0.902375553728653,0.446378975627338,0.597293972383365
