"","bcubed.precision","bcubed.recall","bcubed.f1"
"majority-vote",0.84692369305244,0.602447052546554,0.704066484245781
