"","bcubed.precision","bcubed.recall","bcubed.f1"
"majority-vote",0.940659979282372,0.346132723548967,0.506053849771011
