"","bcubed.precision","bcubed.recall","bcubed.f1"
"majority-vote",0.970506993681624,0.332441858395171,0.495241464084752
