"","bcubed.precision","bcubed.recall","bcubed.f1"
"majority-vote",0.983166028081818,0.191467674166431,0.320516110436766
