"","bcubed.precision","bcubed.recall","bcubed.f1"
"majority-vote",0.965498124082013,0.865234007486768,0.912620472121813
