"","bcubed.precision","bcubed.recall","bcubed.f1"
"majority-vote",0.879006694652845,0.506126566684769,0.642376662051918
