"","bcubed.precision","bcubed.recall","bcubed.f1"
"majority-vote",0.979416760773224,0.223838860030637,0.364397269268379
