"","bcubed.precision","bcubed.recall","bcubed.f1"
"majority-vote",0.836409060829221,0.512538723421108,0.635594701737844
