"","bcubed.precision","bcubed.recall","bcubed.f1"
"majority-vote",0.670639695689783,0.221499628156655,0.333011760050941
