"","bcubed.precision","bcubed.recall","bcubed.f1"
"majority-vote",0.97907753020613,0.0600006390895997,0.113071911751262
