"","bcubed.precision","bcubed.recall","bcubed.f1"
"majority-vote",0.915602242231918,0.703451766514745,0.795627584062497
