"","bcubed.precision","bcubed.recall","bcubed.f1"
"majority-vote",0.945831775700935,0.245161677429624,0.389392072790281
