"","bcubed.precision","bcubed.recall","bcubed.f1"
"majority-vote",0.936998822833471,0.219456697809634,0.355622267938496
