"","bcubed.precision","bcubed.recall","bcubed.f1"
"majority-vote",0.96172365721358,0.323169849818095,0.483775640809678
