"","bcubed.precision","bcubed.recall","bcubed.f1"
"majority-vote",0.74431364233098,0.752973314713975,0.74861843658732
