"","bcubed.precision","bcubed.recall","bcubed.f1"
"majority-vote",0.482256944466937,0.331954422149507,0.393232843194935
