"","bcubed.precision","bcubed.recall","bcubed.f1"
"majority-vote",0.926611171980898,0.726323078202661,0.814332546688293
