"","bcubed.precision","bcubed.recall","bcubed.f1"
"majority-vote",0.898470087539456,0.393365349942498,0.547170313096109
