"","bcubed.precision","bcubed.recall","bcubed.f1"
"majority-vote",0.996884207201,0.425911398620465,0.596831119261847
