"","bcubed.precision","bcubed.recall","bcubed.f1"
"majority-vote",0.921363754818688,0.611028774454637,0.734772266477645
