"","bcubed.precision","bcubed.recall","bcubed.f1"
"majority-vote",0.989479978193201,0.672936410250674,0.801071391221704
