"","bcubed.precision","bcubed.recall","bcubed.f1"
"majority-vote",0.951972771453839,0.374496804251981,0.537533264499735
