"","bcubed.precision","bcubed.recall","bcubed.f1"
"majority-vote",0.936995791143171,0.219447848120759,0.355610430259194
