"","bcubed.precision","bcubed.recall","bcubed.f1"
"majority-vote",0.859254267831438,0.775227526880421,0.815081040568998
