"","bcubed.precision","bcubed.recall","bcubed.f1"
"majority-vote",0.940940004841646,0.245451676645272,0.389340730241017
