"","bcubed.precision","bcubed.recall","bcubed.f1"
"majority-vote",0.926911886129707,0.0833015657791503,0.152865142130133
