"","bcubed.precision","bcubed.recall","bcubed.f1"
"majority-vote",0.821192760554433,0.496834715937882,0.619102528888267
