"","bcubed.precision","bcubed.recall","bcubed.f1"
"majority-vote",0.959124758096808,0.580728692929203,0.723434125181811
