"","bcubed.precision","bcubed.recall","bcubed.f1"
"majority-vote",0.921671869793747,0.327375298074622,0.483140446354256
