"","bcubed.precision","bcubed.recall","bcubed.f1"
"majority-vote",0.982287246357857,0.397787815043477,0.566261804741265
