"","bcubed.precision","bcubed.recall","bcubed.f1"
"majority-vote",0.994105338309947,0.125063005667087,0.222175336226789
