"","bcubed.precision","bcubed.recall","bcubed.f1"
"majority-vote",0.990942797277381,0.861899847434474,0.921927664205386
