"","bcubed.precision","bcubed.recall","bcubed.f1"
"majority-vote",0.74993856846428,0.392331347320908,0.515157415786892
