"","bcubed.precision","bcubed.recall","bcubed.f1"
"majority-vote",0.988524199918685,0.185488206844102,0.312363958351193
