"","bcubed.precision","bcubed.recall","bcubed.f1"
"majority-vote",0.997822196347327,0.377841377427261,0.548126039364252
