"","bcubed.precision","bcubed.recall","bcubed.f1"
"majority-vote",0.985968112605598,0.913265700579874,0.948225387371231
