"","bcubed.precision","bcubed.recall","bcubed.f1"
"majority-vote",0.965138075825067,0.630785597834459,0.76293773718654
