"","bcubed.precision","bcubed.recall","bcubed.f1"
"majority-vote",0.875288300712376,0.551728119746286,0.676826365085195
