"","bcubed.precision","bcubed.recall","bcubed.f1"
"majority-vote",0.929292676372048,0.524882091417102,0.670853454917713
