"","bcubed.precision","bcubed.recall","bcubed.f1"
"majority-vote",0.876698899473498,0.484264525986531,0.623902404787903
