"","bcubed.precision","bcubed.recall","bcubed.f1"
"majority-vote",0.971562988040221,0.442227131744133,0.607800984739264
