"","bcubed.precision","bcubed.recall","bcubed.f1"
"majority-vote",0.993895620544706,0.495445699194976,0.661260523858514
