"","bcubed.precision","bcubed.recall","bcubed.f1"
"majority-vote",0.969048787253842,0.256671640482493,0.405846775991756
