"","bcubed.precision","bcubed.recall","bcubed.f1"
"majority-vote",0.990970871957588,0.839871801575056,0.909186249120475
