"","bcubed.precision","bcubed.recall","bcubed.f1"
"majority-vote",0.974878069684106,0.798360299815903,0.877833416402338
