"","bcubed.precision","bcubed.recall","bcubed.f1"
"majority-vote",0.896967803068487,0.436536462182791,0.587263440615399
