"","bcubed.precision","bcubed.recall","bcubed.f1"
"majority-vote",0.971552421501899,0.445160121544452,0.610563372457474
