"","bcubed.precision","bcubed.recall","bcubed.f1"
"majority-vote",0.911105015055559,0.817159487709553,0.861578891612047
