"","bcubed.precision","bcubed.recall","bcubed.f1"
"majority-vote",0.985966013666688,0.532448902941281,0.691479669452901
