"","bcubed.precision","bcubed.recall","bcubed.f1"
"majority-vote",0.721861741951585,0.541574857044651,0.618855223940837
