"","bcubed.precision","bcubed.recall","bcubed.f1"
"majority-vote",0.974879347104838,0.797844886044532,0.877522275662929
