"","bcubed.precision","bcubed.recall","bcubed.f1"
"majority-vote",0.968427881843942,0.249814387254833,0.39717423051215
