"","bcubed.precision","bcubed.recall","bcubed.f1"
"majority-vote",0.953025047571958,0.503647899055912,0.659021043904783
