"","bcubed.precision","bcubed.recall","bcubed.f1"
"majority-vote",0.991298018080942,0.573269757623713,0.726438551761919
