"","bcubed.precision","bcubed.recall","bcubed.f1"
"majority-vote",0.939565899847041,0.302749895935535,0.457940693290601
