"","bcubed.precision","bcubed.recall","bcubed.f1"
"majority-vote",0.953512911797698,0.949313804525857,0.951408724922784
