"","bcubed.precision","bcubed.recall","bcubed.f1"
"majority-vote",0.963765986394558,0.548861707428802,0.699411027596977
