"","bcubed.precision","bcubed.recall","bcubed.f1"
"majority-vote",0.965522567711336,0.400372945555951,0.566030286622204
