"","bcubed.precision","bcubed.recall","bcubed.f1"
"majority-vote",0.864535443885047,0.434586556386223,0.578414469700896
