"","bcubed.precision","bcubed.recall","bcubed.f1"
"majority-vote",0.709676695633078,0.444936130666835,0.546955301009946
