"","bcubed.precision","bcubed.recall","bcubed.f1"
"majority-vote",0.771421357452518,0.756111058475471,0.763689481194624
