"","bcubed.precision","bcubed.recall","bcubed.f1"
"majority-vote",0.771444042502066,0.746522163796511,0.758778520189655
