"","bcubed.precision","bcubed.recall","bcubed.f1"
"majority-vote",0.69552776969085,0.31150347500874,0.430293138101014
