"","bcubed.precision","bcubed.recall","bcubed.f1"
"majority-vote",0.935881159207764,0.391805988187987,0.55236482951449
