"","bcubed.precision","bcubed.recall","bcubed.f1"
"majority-vote",0.926573465668315,0.832083273783325,0.876789956128052
