"","bcubed.precision","bcubed.recall","bcubed.f1"
"majority-vote",0.951488595885793,0.140022275313792,0.244119599073957
