"","bcubed.precision","bcubed.recall","bcubed.f1"
"majority-vote",0.996362802930788,0.414112827809356,0.585060257480961
