"","bcubed.precision","bcubed.recall","bcubed.f1"
"majority-vote",0.978186952574933,0.317597322607881,0.479508145140796
