"","bcubed.precision","bcubed.recall","bcubed.f1"
"majority-vote",0.998214315515429,0.133893096098838,0.23611541432092
