"","bcubed.precision","bcubed.recall","bcubed.f1"
"majority-vote",0.88623575557763,0.547431364713709,0.676800412407251
