"","bcubed.precision","bcubed.recall","bcubed.f1"
"majority-vote",0.756240482105164,0.256536261342753,0.383111297154853
