"","bcubed.precision","bcubed.recall","bcubed.f1"
"majority-vote",0.996058510959519,0.483241348439286,0.650762798228242
