"","bcubed.precision","bcubed.recall","bcubed.f1"
"majority-vote",0.912261816816732,0.37771703728044,0.534236401748227
