"","bcubed.precision","bcubed.recall","bcubed.f1"
"majority-vote",0.991018649385403,0.577881196487757,0.73005430442858
