"","bcubed.precision","bcubed.recall","bcubed.f1"
"majority-vote",0.998016138314416,0.495034984623145,0.661803063664805
