"","bcubed.precision","bcubed.recall","bcubed.f1"
"majority-vote",0.75603251003172,0.262521408493045,0.389718631071633
