"","bcubed.precision","bcubed.recall","bcubed.f1"
"majority-vote",0.963963804895724,0.60269366150716,0.741674408850738
