"","bcubed.precision","bcubed.recall","bcubed.f1"
"majority-vote",0.969901902303613,0.362619079787476,0.527879020329628
