"","bcubed.precision","bcubed.recall","bcubed.f1"
"majority-vote",0.932673122921557,0.26432795443821,0.411915383209393
