"","bcubed.precision","bcubed.recall","bcubed.f1"
"majority-vote",0.924357294667329,0.249379644392149,0.392789705707211
