"","bcubed.precision","bcubed.recall","bcubed.f1"
"majority-vote",0.969698073684917,0.273683594412569,0.426884939854565
