"","bcubed.precision","bcubed.recall","bcubed.f1"
"majority-vote",0.721130989615914,0.55926511630637,0.629966625037754
