"","bcubed.precision","bcubed.recall","bcubed.f1"
"majority-vote",0.994025262379138,0.158090467623146,0.272795370233209
