"","bcubed.precision","bcubed.recall","bcubed.f1"
"majority-vote",0.978092647874705,0.327920110509596,0.491168630812591
