"","bcubed.precision","bcubed.recall","bcubed.f1"
"majority-vote",0.936574789601386,0.502867585961438,0.654382713076707
