"","bcubed.precision","bcubed.recall","bcubed.f1"
"majority-vote",0.895746674869737,0.467400654356786,0.61427341417247
