"","bcubed.precision","bcubed.recall","bcubed.f1"
"majority-vote",0.988411330701437,0.380442529385727,0.549413955265644
