"","bcubed.precision","bcubed.recall","bcubed.f1"
"majority-vote",0.981243429385913,0.411259818520809,0.579597922375573
