"","bcubed.precision","bcubed.recall","bcubed.f1"
"majority-vote",0.670758964684113,0.330934882856893,0.443204358193606
