"","bcubed.precision","bcubed.recall","bcubed.f1"
"majority-vote",0.958862891723123,0.175781307060806,0.297097843676178
