"","bcubed.precision","bcubed.recall","bcubed.f1"
"majority-vote",0.955977181781311,0.200974812217652,0.33212671846267
