"","bcubed.precision","bcubed.recall","bcubed.f1"
"majority-vote",0.986335914495509,0.127056994740431,0.225115277923505
