"","bcubed.precision","bcubed.recall","bcubed.f1"
"majority-vote",0.935876039043581,0.398175802945372,0.558663736407626
