"","bcubed.precision","bcubed.recall","bcubed.f1"
"majority-vote",0.976337760910816,0.713083451015003,0.824199785100266
