"","bcubed.precision","bcubed.recall","bcubed.f1"
"majority-vote",0.821825204035488,0.297894700062601,0.437283238002691
