"","bcubed.precision","bcubed.recall","bcubed.f1"
"majority-vote",0.965295653205101,0.132000385386393,0.232242519344991
