"","bcubed.precision","bcubed.recall","bcubed.f1"
"majority-vote",0.872711420670135,0.267175029738133,0.409105134440083
