"","bcubed.precision","bcubed.recall","bcubed.f1"
"majority-vote",0.952210824945033,0.519956049309315,0.672624533681014
