"","bcubed.precision","bcubed.recall","bcubed.f1"
"majority-vote",0.98667113979594,0.362676525013513,0.530393270236764
