"","bcubed.precision","bcubed.recall","bcubed.f1"
"majority-vote",0.733115784032301,0.435946139504172,0.54676144937071
