"","bcubed.precision","bcubed.recall","bcubed.f1"
"majority-vote",0.960860903823154,0.273448608636998,0.425737749878375
