"","bcubed.precision","bcubed.recall","bcubed.f1"
"majority-vote",0.998216935541466,0.125994554668789,0.223747754495674
