"","bcubed.precision","bcubed.recall","bcubed.f1"
"majority-vote",0.893390470436244,0.275945837648549,0.421653514061387
