"","bcubed.precision","bcubed.recall","bcubed.f1"
"majority-vote",0.989275853247727,0.23147582936051,0.375167942603332
