"","bcubed.precision","bcubed.recall","bcubed.f1"
"majority-vote",0.93280465487307,0.337751037135591,0.495933773875279
