"","bcubed.precision","bcubed.recall","bcubed.f1"
"majority-vote",0.606156655103658,0.630930601422168,0.618295566368752
