"","bcubed.precision","bcubed.recall","bcubed.f1"
"majority-vote",0.881360322894111,0.64999736809139,0.748201277328843
