"","bcubed.precision","bcubed.recall","bcubed.f1"
"majority-vote",0.964527844342071,0.29976159353514,0.457376918555059
