"","bcubed.precision","bcubed.recall","bcubed.f1"
"majority-vote",0.964270945748318,0.528689685828494,0.682938441347633
