"","bcubed.precision","bcubed.recall","bcubed.f1"
"majority-vote",0.997823009994037,0.369295203336841,0.539077378644713
