"","bcubed.precision","bcubed.recall","bcubed.f1"
"majority-vote",0.965213933070032,0.444529153438783,0.608714788759855
