"","bcubed.precision","bcubed.recall","bcubed.f1"
"majority-vote",0.986546749459934,0.124985524268104,0.221863216409698
