"","bcubed.precision","bcubed.recall","bcubed.f1"
"majority-vote",0.85188664237526,0.124944904539434,0.217926817671238
