"","bcubed.precision","bcubed.recall","bcubed.f1"
"majority-vote",0.985766788483223,0.670137236089246,0.797871158303727
