"","bcubed.precision","bcubed.recall","bcubed.f1"
"majority-vote",0.954333326806323,0.648549361742571,0.772273946698159
