"","bcubed.precision","bcubed.recall","bcubed.f1"
"majority-vote",0.977131239228215,0.860024896545373,0.9148456971782
