"","bcubed.precision","bcubed.recall","bcubed.f1"
"majority-vote",0.969874503177323,0.369591881642514,0.535224693428375
