"","bcubed.precision","bcubed.recall","bcubed.f1"
"majority-vote",0.994565121932587,0.218623819706719,0.358453029764966
