"","bcubed.precision","bcubed.recall","bcubed.f1"
"majority-vote",0.954001462737549,0.85687247514441,0.902832138192269
