"","bcubed.precision","bcubed.recall","bcubed.f1"
"majority-vote",0.943610061043062,0.178303501208117,0.29993215755692
