"","bcubed.precision","bcubed.recall","bcubed.f1"
"majority-vote",0.875813959096813,0.470707090714958,0.61232142007975
