"","bcubed.precision","bcubed.recall","bcubed.f1"
"majority-vote",0.972542509238952,0.432658065561708,0.598887259612096
