"","bcubed.precision","bcubed.recall","bcubed.f1"
"majority-vote",0.96276033981345,0.298803545179217,0.456062837746626
