"","bcubed.precision","bcubed.recall","bcubed.f1"
"majority-vote",0.603992762416174,0.621260927604343,0.612505160198617
