"","bcubed.precision","bcubed.recall","bcubed.f1"
"majority-vote",0.968800094207254,0.328442422317465,0.490571416877787
