"","bcubed.precision","bcubed.recall","bcubed.f1"
"majority-vote",0.994550127824164,0.228776169916788,0.371984759019781
