"","bcubed.precision","bcubed.recall","bcubed.f1"
"majority-vote",0.96426734181301,0.512607651625635,0.669373941358694
