"","bcubed.precision","bcubed.recall","bcubed.f1"
"majority-vote",0.968462432625774,0.181915268647433,0.30629610329038
