"","bcubed.precision","bcubed.recall","bcubed.f1"
"majority-vote",0.977134982801949,0.850659980489656,0.909521737502956
