"","bcubed.precision","bcubed.recall","bcubed.f1"
"majority-vote",0.906003320418604,0.254982237242781,0.397963182341501
