"","bcubed.precision","bcubed.recall","bcubed.f1"
"majority-vote",0.954302262601811,0.6755175174882,0.791066476479437
