"","bcubed.precision","bcubed.recall","bcubed.f1"
"majority-vote",0.851333152009858,0.105848238546547,0.188286390532815
