"","bcubed.precision","bcubed.recall","bcubed.f1"
"majority-vote",0.903230659301456,0.293448970407174,0.442979224233541
