"","bcubed.precision","bcubed.recall","bcubed.f1"
"majority-vote",0.930496774070094,0.524621158905986,0.670953583772455
