"","bcubed.precision","bcubed.recall","bcubed.f1"
"majority-vote",0.981424067870714,0.307425502092414,0.468192400202865
