"","bcubed.precision","bcubed.recall","bcubed.f1"
"majority-vote",0.989243880462532,0.195676499639855,0.326725378463537
