"","bcubed.precision","bcubed.recall","bcubed.f1"
"majority-vote",0.980686674504808,0.20633551732932,0.340938010618417
