"","bcubed.precision","bcubed.recall","bcubed.f1"
"majority-vote",0.991300812628663,0.55413661099859,0.710887499412187
