"","bcubed.precision","bcubed.recall","bcubed.f1"
"majority-vote",0.995349642754215,0.143698642182709,0.251140173866722
