"","bcubed.precision","bcubed.recall","bcubed.f1"
"majority-vote",0.899445172800303,0.535635599714021,0.671425419070567
