"","bcubed.precision","bcubed.recall","bcubed.f1"
"majority-vote",0.943592660898655,0.137754971144298,0.240412196637432
