"","bcubed.precision","bcubed.recall","bcubed.f1"
"majority-vote",0.985900922510929,0.407749549251394,0.576903125863431
