"","bcubed.precision","bcubed.recall","bcubed.f1"
"majority-vote",0.984160163476785,0.241652399548126,0.388027782089239
