"","bcubed.precision","bcubed.recall","bcubed.f1"
"majority-vote",0.972865804593888,0.457881230378562,0.622691476147992
