"","bcubed.precision","bcubed.recall","bcubed.f1"
"majority-vote",0.864233786611016,0.648050100084147,0.740690021016226
