"","bcubed.precision","bcubed.recall","bcubed.f1"
"majority-vote",0.987647282830633,0.478839299839765,0.64497601135647
