"","bcubed.precision","bcubed.recall","bcubed.f1"
"majority-vote",0.879882934088172,0.545339573484911,0.673347468823482
