"","bcubed.precision","bcubed.recall","bcubed.f1"
"majority-vote",0.961390031840451,0.661734676251062,0.783901715375859
