"","bcubed.precision","bcubed.recall","bcubed.f1"
"majority-vote",0.963319064458587,0.103925384519365,0.187610822027825
