"","bcubed.precision","bcubed.recall","bcubed.f1"
"majority-vote",0.888733827184679,0.571260144769787,0.695479878043169
