"","bcubed.precision","bcubed.recall","bcubed.f1"
"majority-vote",0.954144111677465,0.497637505330396,0.654117520015808
