"","bcubed.precision","bcubed.recall","bcubed.f1"
"majority-vote",0.995259604460262,0.159470556642516,0.274894704361951
