"","bcubed.precision","bcubed.recall","bcubed.f1"
"majority-vote",0.995583973793625,0.429811321658266,0.60041346419958
