"","bcubed.precision","bcubed.recall","bcubed.f1"
"majority-vote",0.991907651291505,0.749168005131081,0.85361652568181
