"","bcubed.precision","bcubed.recall","bcubed.f1"
"majority-vote",0.830776660633464,0.779537101376267,0.804341669555143
