"","bcubed.precision","bcubed.recall","bcubed.f1"
"majority-vote",0.96681425676271,0.698847341901191,0.811275920622494
