"","bcubed.precision","bcubed.recall","bcubed.f1"
"majority-vote",0.999938500519671,0.733010305798761,0.84591676727373
