"","bcubed.precision","bcubed.recall","bcubed.f1"
"majority-vote",0.995238356514227,0.1361366062952,0.239510996379512
