"","bcubed.precision","bcubed.recall","bcubed.f1"
"majority-vote",0.891701401342395,0.520077895603434,0.656978310023455
