"","bcubed.precision","bcubed.recall","bcubed.f1"
"majority-vote",0.840671626621133,0.16094513102649,0.270167215282138
