"","bcubed.precision","bcubed.recall","bcubed.f1"
"majority-vote",0.988763860793212,0.222034191306917,0.36263583979828
