"","bcubed.precision","bcubed.recall","bcubed.f1"
"majority-vote",0.966819190467538,0.697766496941309,0.810548888904955
