"","bcubed.precision","bcubed.recall","bcubed.f1"
"majority-vote",0.98573316478104,0.868455587927243,0.923385468614137
