"","bcubed.precision","bcubed.recall","bcubed.f1"
"majority-vote",0.748719955646871,0.217295468981939,0.336834070658733
