"","bcubed.precision","bcubed.recall","bcubed.f1"
"majority-vote",0.958082408753018,0.668101160239604,0.787237039038057
