"","bcubed.precision","bcubed.recall","bcubed.f1"
"majority-vote",0.995669368544908,0.0903478602108979,0.165663296205028
