"","bcubed.precision","bcubed.recall","bcubed.f1"
"majority-vote",0.915672672330691,0.764730434835144,0.833422359066136
