"","bcubed.precision","bcubed.recall","bcubed.f1"
"majority-vote",0.89167404949225,0.547161699591953,0.678173153138227
