"","bcubed.precision","bcubed.recall","bcubed.f1"
"majority-vote",0.960641134644063,0.420055981273743,0.58452074653114
