"","bcubed.precision","bcubed.recall","bcubed.f1"
"majority-vote",0.938423940348844,0.797959397144644,0.862510236694405
