"","bcubed.precision","bcubed.recall","bcubed.f1"
"majority-vote",0.997360414087657,0.140226258586514,0.245882133975854
