"","bcubed.precision","bcubed.recall","bcubed.f1"
"majority-vote",0.961928389375021,0.595299271796306,0.735454788010141
