"","bcubed.precision","bcubed.recall","bcubed.f1"
"majority-vote",0.509882689871589,0.66142035244321,0.575848907167646
