"","bcubed.precision","bcubed.recall","bcubed.f1"
"majority-vote",0.998788254137294,0.299207873306559,0.460471804322725
