"","bcubed.precision","bcubed.recall","bcubed.f1"
"majority-vote",0.997503434970379,0.102809899150333,0.186407315754959
