"","bcubed.precision","bcubed.recall","bcubed.f1"
"majority-vote",0.860860070378586,0.58711888942666,0.698114023066209
