"","bcubed.precision","bcubed.recall","bcubed.f1"
"majority-vote",0.989825581395349,0.66136508785359,0.792926092414311
