"","bcubed.precision","bcubed.recall","bcubed.f1"
"majority-vote",0.926399213614302,0.652549717419285,0.765726532606395
