"","bcubed.precision","bcubed.recall","bcubed.f1"
"majority-vote",0.9466115715669,0.393811986555225,0.556222667433841
