"","bcubed.precision","bcubed.recall","bcubed.f1"
"majority-vote",0.915559985326926,0.754713392604337,0.827391960847379
