"","bcubed.precision","bcubed.recall","bcubed.f1"
"majority-vote",0.824177842751328,0.667789987003505,0.737787638477335
