"","bcubed.precision","bcubed.recall","bcubed.f1"
"majority-vote",0.987429529356342,0.761763502354073,0.860039758876479
