"","bcubed.precision","bcubed.recall","bcubed.f1"
"majority-vote",0.922029965535187,0.645219498063724,0.759179346211057
