"","bcubed.precision","bcubed.recall","bcubed.f1"
"majority-vote",0.963734762795554,0.664751869865683,0.786797352553
