"","bcubed.precision","bcubed.recall","bcubed.f1"
"majority-vote",0.989742071196507,0.522229459025777,0.683706612306404
