"","bcubed.precision","bcubed.recall","bcubed.f1"
"majority-vote",0.941859218402472,0.484319550214028,0.639696569686185
