"","bcubed.precision","bcubed.recall","bcubed.f1"
"majority-vote",0.963265362363462,0.145146904264746,0.252279751031325
