"","bcubed.precision","bcubed.recall","bcubed.f1"
"majority-vote",0.980126201882272,0.299065160716543,0.458292025194586
