"","bcubed.precision","bcubed.recall","bcubed.f1"
"majority-vote",0.955992312724242,0.500554505578079,0.657069520071966
