"","bcubed.precision","bcubed.recall","bcubed.f1"
"majority-vote",0.97879893952645,0.753407522121284,0.851439479081599
