"","bcubed.precision","bcubed.recall","bcubed.f1"
"majority-vote",0.853185308126798,0.503625816568974,0.633376510067096
