"","bcubed.precision","bcubed.recall","bcubed.f1"
"majority-vote",0.970910534612549,0.0757836260436411,0.140593353135325
