"","bcubed.precision","bcubed.recall","bcubed.f1"
"majority-vote",0.345548826496644,0.758892036530071,0.474872419953682
