"","bcubed.precision","bcubed.recall","bcubed.f1"
"majority-vote",0.999159489832028,0.22691096805783,0.369832329982328
