"","bcubed.precision","bcubed.recall","bcubed.f1"
"majority-vote",0.95895273242077,0.321032016329064,0.481028433430926
