"","bcubed.precision","bcubed.recall","bcubed.f1"
"majority-vote",0.860701405830179,0.750544055012259,0.801857121073008
