"","bcubed.precision","bcubed.recall","bcubed.f1"
"majority-vote",0.953968415446522,0.429442376328774,0.59226726538142
