"","bcubed.precision","bcubed.recall","bcubed.f1"
"majority-vote",0.986376121573825,0.252551839051517,0.402139771507352
