"","bcubed.precision","bcubed.recall","bcubed.f1"
"majority-vote",0.907167859364245,0.77287729240069,0.834655471207796
