"","bcubed.precision","bcubed.recall","bcubed.f1"
"majority-vote",0.919911487523516,0.715129790624645,0.804696637642056
