"","bcubed.precision","bcubed.recall","bcubed.f1"
"majority-vote",0.941861736663951,0.45339250042773,0.612122201805166
