"","bcubed.precision","bcubed.recall","bcubed.f1"
"majority-vote",0.841953637366674,0.624310177557963,0.71697905859728
