"","bcubed.precision","bcubed.recall","bcubed.f1"
"majority-vote",0.907150699379924,0.807378401507657,0.854361563431916
