"","bcubed.precision","bcubed.recall","bcubed.f1"
"majority-vote",0.980015788310294,0.33242799543627,0.496455068077486
