"","bcubed.precision","bcubed.recall","bcubed.f1"
"majority-vote",0.984733447461578,0.525834078284682,0.685578626412277
