"","bcubed.precision","bcubed.recall","bcubed.f1"
"majority-vote",0.983623651693051,0.123997527049293,0.220232156441107
