"","bcubed.precision","bcubed.recall","bcubed.f1"
"majority-vote",0.97394392109633,0.406031828158732,0.57312924668466
