"","bcubed.precision","bcubed.recall","bcubed.f1"
"majority-vote",0.998458766098169,0.52035827940529,0.684159144937367
