"","bcubed.precision","bcubed.recall","bcubed.f1"
"majority-vote",0.978538268114056,0.280742784163859,0.436308570361293
