"","bcubed.precision","bcubed.recall","bcubed.f1"
"majority-vote",0.816740516952629,0.52985404330275,0.642737284122784
