"","bcubed.precision","bcubed.recall","bcubed.f1"
"majority-vote",0.913517055357888,0.686474773624617,0.78388702044539
