"","bcubed.precision","bcubed.recall","bcubed.f1"
"majority-vote",0.982312153379157,0.592871277061245,0.739449958134533
