"","bcubed.precision","bcubed.recall","bcubed.f1"
"majority-vote",0.970816563995413,0.125015321553858,0.221506503904774
