"","bcubed.precision","bcubed.recall","bcubed.f1"
"majority-vote",0.965946594659466,0.26843778566833,0.420122887289604
