"","bcubed.precision","bcubed.recall","bcubed.f1"
"majority-vote",0.770326402699664,0.39973728905505,0.526344317959137
