"","bcubed.precision","bcubed.recall","bcubed.f1"
"majority-vote",0.942773503730759,0.780746583133813,0.854144024565373
