"","bcubed.precision","bcubed.recall","bcubed.f1"
"majority-vote",0.993149910833548,0.381133918997873,0.55086599936901
