"","bcubed.precision","bcubed.recall","bcubed.f1"
"majority-vote",0.910409109025865,0.283929079275093,0.432861684607266
