"","bcubed.precision","bcubed.recall","bcubed.f1"
"majority-vote",0.923504815691075,0.306100738500035,0.459798681175184
