"","bcubed.precision","bcubed.recall","bcubed.f1"
"majority-vote",0.966055003190132,0.265468369694694,0.416487502192573
