"","bcubed.precision","bcubed.recall","bcubed.f1"
"majority-vote",0.762760713626585,0.212073652108746,0.331874738744657
