"","bcubed.precision","bcubed.recall","bcubed.f1"
"majority-vote",0.896646197769003,0.288838675251892,0.436928561177313
