"","bcubed.precision","bcubed.recall","bcubed.f1"
"majority-vote",0.933286831150115,0.264404992560488,0.412068768880021
