"","bcubed.precision","bcubed.recall","bcubed.f1"
"majority-vote",0.88857124156518,0.599943277686125,0.716274293905281
