"","bcubed.precision","bcubed.recall","bcubed.f1"
"majority-vote",0.75995154059712,0.20930088076908,0.328208675640133
