"","bcubed.precision","bcubed.recall","bcubed.f1"
"majority-vote",0.871891540880062,0.469486643458344,0.610329641210617
