"","bcubed.precision","bcubed.recall","bcubed.f1"
"majority-vote",0.90668073963865,0.428630032842857,0.582082618096579
