"","bcubed.precision","bcubed.recall","bcubed.f1"
"majority-vote",0.918665415808939,0.685562412215612,0.785178348709453
