"","bcubed.precision","bcubed.recall","bcubed.f1"
"majority-vote",0.978835269658393,0.694240247829441,0.81233253740058
