"","bcubed.precision","bcubed.recall","bcubed.f1"
"majority-vote",0.867693408815281,0.669000306057565,0.7555014385018
