"","bcubed.precision","bcubed.recall","bcubed.f1"
"majority-vote",0.993704221249917,0.271837701429903,0.426894228574853
