"","bcubed.precision","bcubed.recall","bcubed.f1"
"majority-vote",0.986065717906583,0.569963152126546,0.72237878821618
