"","bcubed.precision","bcubed.recall","bcubed.f1"
"majority-vote",0.808754314676651,0.628707975303486,0.707455480735208
