"","bcubed.precision","bcubed.recall","bcubed.f1"
"majority-vote",0.994880106390005,0.222168980290053,0.363225281817466
