"","bcubed.precision","bcubed.recall","bcubed.f1"
"majority-vote",0.964023390576496,0.426764772487281,0.591623129787782
