"","bcubed.precision","bcubed.recall","bcubed.f1"
"majority-vote",0.759438129162135,0.663994485420004,0.708516475757966
