"","bcubed.precision","bcubed.recall","bcubed.f1"
"majority-vote",0.95498718653808,0.51120258528262,0.665932784490523
