"","bcubed.precision","bcubed.recall","bcubed.f1"
"majority-vote",0.762792488181798,0.196381130243634,0.312348146556412
