"","bcubed.precision","bcubed.recall","bcubed.f1"
"majority-vote",0.864518952329594,0.455880867712091,0.596967137013273
