"","bcubed.precision","bcubed.recall","bcubed.f1"
"majority-vote",0.898614656209166,0.621279994661754,0.73464474461134
