"","bcubed.precision","bcubed.recall","bcubed.f1"
"majority-vote",0.986352291106161,0.266706913009378,0.419879561694509
