"","bcubed.precision","bcubed.recall","bcubed.f1"
"majority-vote",0.984833464513966,0.222263300634138,0.362675707064744
