"","bcubed.precision","bcubed.recall","bcubed.f1"
"majority-vote",0.985500610758436,0.468143534591535,0.634757468997335
