"","bcubed.precision","bcubed.recall","bcubed.f1"
"majority-vote",0.989812484566361,0.725884183688504,0.837548082546503
