"","bcubed.precision","bcubed.recall","bcubed.f1"
"majority-vote",0.997839860981152,0.471992559137491,0.640852634827413
