"","bcubed.precision","bcubed.recall","bcubed.f1"
"majority-vote",0.900854715154114,0.601277022184227,0.72119272509117
