"","bcubed.precision","bcubed.recall","bcubed.f1"
"majority-vote",0.956044464875509,0.481016411778665,0.640018923994323
