"","bcubed.precision","bcubed.recall","bcubed.f1"
"majority-vote",0.988946521056515,0.849856416954769,0.91414096591988
