"","bcubed.precision","bcubed.recall","bcubed.f1"
"majority-vote",0.962031941465008,0.803767856629994,0.875807498035878
