"","bcubed.precision","bcubed.recall","bcubed.f1"
"majority-vote",0.971603657824611,0.837140184760147,0.899373859885651
