"","bcubed.precision","bcubed.recall","bcubed.f1"
"majority-vote",0.982079936095396,0.115692560481335,0.206999797787849
