"","bcubed.precision","bcubed.recall","bcubed.f1"
"majority-vote",0.997546316669856,0.0930802824909498,0.17027256262571
