"","bcubed.precision","bcubed.recall","bcubed.f1"
"majority-vote",0.910972833766488,0.363602577519926,0.519752801560509
