"","bcubed.precision","bcubed.recall","bcubed.f1"
"majority-vote",0.907426127743954,0.480902951756952,0.628646204674075
