"","bcubed.precision","bcubed.recall","bcubed.f1"
"majority-vote",0.921987635250122,0.680216393117321,0.782860475500912
