"","bcubed.precision","bcubed.recall","bcubed.f1"
"majority-vote",0.914882316630648,0.345490247158745,0.50157060979424
