"","bcubed.precision","bcubed.recall","bcubed.f1"
"majority-vote",0.999042805847152,0.566512908091719,0.72302843036435
