"","bcubed.precision","bcubed.recall","bcubed.f1"
"majority-vote",0.996535015434456,0.898692194566251,0.945087992887745
