"","bcubed.precision","bcubed.recall","bcubed.f1"
"majority-vote",0.857537402056613,0.616556230882366,0.717349314369596
