"","bcubed.precision","bcubed.recall","bcubed.f1"
"majority-vote",0.98575003867854,0.848806899740655,0.912167310512522
