"","bcubed.precision","bcubed.recall","bcubed.f1"
"majority-vote",0.967305250451787,0.2912383272713,0.447686306757841
