"","bcubed.precision","bcubed.recall","bcubed.f1"
"majority-vote",0.999042805847152,0.56647798451453,0.722999986438107
