"","bcubed.precision","bcubed.recall","bcubed.f1"
"majority-vote",0.759312980526892,0.71652902790465,0.737300861073237
