"","bcubed.precision","bcubed.recall","bcubed.f1"
"majority-vote",0.958262429642028,0.661778927520337,0.782890980119561
