"","bcubed.precision","bcubed.recall","bcubed.f1"
"majority-vote",0.948426688100156,0.794782175875805,0.864833402817438
