"","bcubed.precision","bcubed.recall","bcubed.f1"
"majority-vote",0.987624457150787,0.258025533325563,0.409155588215034
