"","bcubed.precision","bcubed.recall","bcubed.f1"
"majority-vote",0.923056174349669,0.678708477826224,0.782244820036353
