"","bcubed.precision","bcubed.recall","bcubed.f1"
"majority-vote",0.987590878473463,0.321874952598753,0.485512122046468
