"","bcubed.precision","bcubed.recall","bcubed.f1"
"majority-vote",0.770749213236542,0.409385712462547,0.534741763707863
