"","bcubed.precision","bcubed.recall","bcubed.f1"
"majority-vote",0.983649720599767,0.088046713903158,0.161626226872238
