"","bcubed.precision","bcubed.recall","bcubed.f1"
"majority-vote",0.949588088745245,0.317674385146479,0.47608103048799
