"","bcubed.precision","bcubed.recall","bcubed.f1"
"majority-vote",0.346513526790515,0.771353932301851,0.47820440484539
