"","bcubed.precision","bcubed.recall","bcubed.f1"
"majority-vote",0.950110509869113,0.0814089311426579,0.149968052952998
