"","bcubed.precision","bcubed.recall","bcubed.f1"
"majority-vote",0.751529790660225,0.223718776010539,0.344796866456143
