"","bcubed.precision","bcubed.recall","bcubed.f1"
"majority-vote",0.977315091121852,0.348397988160837,0.51367768315345
