"","bcubed.precision","bcubed.recall","bcubed.f1"
"majority-vote",0.793020630689051,0.606532192345213,0.68735175091714
