"","bcubed.precision","bcubed.recall","bcubed.f1"
"majority-vote",0.946211812304753,0.776574369492868,0.853041252955193
