"","bcubed.precision","bcubed.recall","bcubed.f1"
"majority-vote",0.839506931220181,0.182195690235886,0.29941108416359
