"","bcubed.precision","bcubed.recall","bcubed.f1"
"majority-vote",0.991986519353195,0.4555936140957,0.624411337297883
