"","bcubed.precision","bcubed.recall","bcubed.f1"
"majority-vote",0.960515623434545,0.433595248539482,0.597477602164366
