"","bcubed.precision","bcubed.recall","bcubed.f1"
"majority-vote",0.996359742839915,0.575000475300234,0.729186495991427
