"","bcubed.precision","bcubed.recall","bcubed.f1"
"majority-vote",0.99315756945023,0.381743877460117,0.551503996657759
