"","bcubed.precision","bcubed.recall","bcubed.f1"
"majority-vote",0.912719644465157,0.661625036101554,0.767148611322498
