"","bcubed.precision","bcubed.recall","bcubed.f1"
"majority-vote",0.971532722474687,0.845877256515693,0.904361089024768
