"","bcubed.precision","bcubed.recall","bcubed.f1"
"majority-vote",0.96605368744619,0.350100385801494,0.513945556306035
