"","bcubed.precision","bcubed.recall","bcubed.f1"
"majority-vote",0.994112432319099,0.663982766233011,0.796182901119616
