"","bcubed.precision","bcubed.recall","bcubed.f1"
"majority-vote",0.907006308410608,0.791070911938941,0.845080893766485
