{
      "avg_bcuded_f1": 0.5755548020318745,
      "avg_bcuded_recall": 0.4579125161139656,
      "avg_bcuded_precision": 0.9223985660683277,
      "avg_bcuded_f1star": 0.6120038500023863
}