"","bcubed.precision","bcubed.recall","bcubed.f1"
"majority-vote",0.960561374399114,0.478593814319872,0.638873049502345
