"","bcubed.precision","bcubed.recall","bcubed.f1"
"majority-vote",0.906727182754049,0.517178572349932,0.658667005462549
