"","bcubed.precision","bcubed.recall","bcubed.f1"
"majority-vote",0.879682254513885,0.25929604258208,0.400531121456328
