"","bcubed.precision","bcubed.recall","bcubed.f1"
"majority-vote",0.987639570774577,0.524982134907912,0.685555586617513
