"","bcubed.precision","bcubed.recall","bcubed.f1"
"majority-vote",0.935870909156344,0.638595809677608,0.75916910003538
