"","bcubed.precision","bcubed.recall","bcubed.f1"
"majority-vote",0.993353311451147,0.430854138647909,0.601022534109851
