"","bcubed.precision","bcubed.recall","bcubed.f1"
"majority-vote",0.971151991914849,0.821955305712562,0.890346644022861
