"","bcubed.precision","bcubed.recall","bcubed.f1"
"majority-vote",0.992493557041711,0.689504230538259,0.813709163490429
