"","bcubed.precision","bcubed.recall","bcubed.f1"
"majority-vote",0.936323577465092,0.472122694124852,0.62772662171403
