"","bcubed.precision","bcubed.recall","bcubed.f1"
"majority-vote",0.968911303313865,0.612509840481699,0.750549858476421
