"","bcubed.precision","bcubed.recall","bcubed.f1"
"majority-vote",0.93193353394828,0.807293587216915,0.865147462931478
