"","bcubed.precision","bcubed.recall","bcubed.f1"
"majority-vote",0.847318736470414,0.781074913854245,0.812849410170283
