"","bcubed.precision","bcubed.recall","bcubed.f1"
"majority-vote",0.970390125328645,0.545430080748563,0.69834134984298
