"","bcubed.precision","bcubed.recall","bcubed.f1"
"majority-vote",0.979353170292049,0.508841331026206,0.669718064775419
