"","bcubed.precision","bcubed.recall","bcubed.f1"
"majority-vote",0.999657710928873,0.304563788718436,0.466883178884
