"","bcubed.precision","bcubed.recall","bcubed.f1"
"majority-vote",0.895798490234719,0.899571811868039,0.897681185864885
