"","bcubed.precision","bcubed.recall","bcubed.f1"
"majority-vote",0.380436407114034,0.948197557308693,0.543007151098315
