"","bcubed.precision","bcubed.recall","bcubed.f1"
"majority-vote",0.98630523762897,0.440338329486717,0.60885284974102
