"","bcubed.precision","bcubed.recall","bcubed.f1"
"majority-vote",0.999832409779776,0.288602415202092,0.447914077863941
