"","bcubed.precision","bcubed.recall","bcubed.f1"
"majority-vote",0.816519902159133,0.878730152951305,0.846483569015826
