"","bcubed.precision","bcubed.recall","bcubed.f1"
"majority-vote",0.992022266058428,0.405351744861571,0.575533755953523
