"","bcubed.precision","bcubed.recall","bcubed.f1"
"majority-vote",0.928345084348049,0.883150249405187,0.905183885930718
