"","bcubed.precision","bcubed.recall","bcubed.f1"
"majority-vote",0.984159164210924,0.565555872786601,0.718321732432322
