"","bcubed.precision","bcubed.recall","bcubed.f1"
"majority-vote",0.936100935177799,0.466336747377452,0.622542121846626
