"","bcubed.precision","bcubed.recall","bcubed.f1"
"majority-vote",0.91313000288607,0.349831047333538,0.505860770933142
