"","bcubed.precision","bcubed.recall","bcubed.f1"
"majority-vote",0.995817771404752,0.128292149416519,0.227300907063156
