"","bcubed.precision","bcubed.recall","bcubed.f1"
"majority-vote",0.974570154194127,0.950354021047064,0.962309764450639
