"","bcubed.precision","bcubed.recall","bcubed.f1"
"majority-vote",0.995204981333161,0.593083586493204,0.743239927027542
