"","bcubed.precision","bcubed.recall","bcubed.f1"
"majority-vote",0.961843285324347,0.853519302000033,0.904449408901212
