"","bcubed.precision","bcubed.recall","bcubed.f1"
"majority-vote",0.932052810765973,0.378903144948026,0.538778957016189
