"","bcubed.precision","bcubed.recall","bcubed.f1"
"majority-vote",0.792746984914065,0.329630985717789,0.465643440800819
