"","bcubed.precision","bcubed.recall","bcubed.f1"
"majority-vote",0.944082803629952,0.877470810905615,0.909558847626272
