"","bcubed.precision","bcubed.recall","bcubed.f1"
"majority-vote",0.968998525261673,0.903679972882518,0.935200101778757
