"","bcubed.precision","bcubed.recall","bcubed.f1"
"majority-vote",0.958461948051262,0.569348145084588,0.7143538777612
