"","bcubed.precision","bcubed.recall","bcubed.f1"
"majority-vote",0.980296060645143,0.526259120651586,0.684860069193467
