"","bcubed.precision","bcubed.recall","bcubed.f1"
"majority-vote",0.991724076227968,0.636441755868929,0.775319810758019
