"","bcubed.precision","bcubed.recall","bcubed.f1"
"majority-vote",0.968527834365776,0.815313491128276,0.885340863681322
