"","bcubed.precision","bcubed.recall","bcubed.f1"
"majority-vote",0.952431690930667,0.277937575192192,0.4303042379263
