"","bcubed.precision","bcubed.recall","bcubed.f1"
"majority-vote",0.813409837307536,0.670274376013734,0.734937753262573
