"","bcubed.precision","bcubed.recall","bcubed.f1"
"majority-vote",0.977660657995993,0.448908935043359,0.615295050386882
