"","bcubed.precision","bcubed.recall","bcubed.f1"
"majority-vote",0.963077671251942,0.415049408485011,0.580098633363387
