"","bcubed.precision","bcubed.recall","bcubed.f1"
"majority-vote",0.91127950254853,0.893286128421175,0.902193109267763
