"","bcubed.precision","bcubed.recall","bcubed.f1"
"majority-vote",0.265652210668696,0.933600670276757,0.413612651478929
