"","bcubed.precision","bcubed.recall","bcubed.f1"
"majority-vote",0.96391351415221,0.639859695368336,0.769147911768947
