"","bcubed.precision","bcubed.recall","bcubed.f1"
"majority-vote",0.999526929049642,0.385952868362124,0.556876088691524
