"","bcubed.precision","bcubed.recall","bcubed.f1"
"majority-vote",0.978948648091055,0.345826551122265,0.511100200088543
