"","bcubed.precision","bcubed.recall","bcubed.f1"
"majority-vote",0.6447424474856,0.402297719701127,0.495450746870389
