"","bcubed.precision","bcubed.recall","bcubed.f1"
"majority-vote",0.977830955614417,0.207856268678241,0.342836271940675
