"","bcubed.precision","bcubed.recall","bcubed.f1"
"majority-vote",0.968190276755107,0.590656039666052,0.733705983055801
