"","bcubed.precision","bcubed.recall","bcubed.f1"
"majority-vote",0.992557515133283,0.902697772088601,0.945497383514981
