"","bcubed.precision","bcubed.recall","bcubed.f1"
"majority-vote",0.668160662356677,0.62598891665084,0.646387675678306
