"","bcubed.precision","bcubed.recall","bcubed.f1"
"majority-vote",0.946256865475882,0.52378296217988,0.674312647395928
