"","bcubed.precision","bcubed.recall","bcubed.f1"
"majority-vote",0.961541670634814,0.403628527016528,0.568582069621859
