"","bcubed.precision","bcubed.recall","bcubed.f1"
"majority-vote",0.981800994344646,0.393251883072988,0.561571261978019
