"","bcubed.precision","bcubed.recall","bcubed.f1"
"majority-vote",0.924883637665593,0.445585296381194,0.601421220969129
