"","bcubed.precision","bcubed.recall","bcubed.f1"
"majority-vote",0.907672653510463,0.101367774189437,0.182368821016833
