"","bcubed.precision","bcubed.recall","bcubed.f1"
"majority-vote",0.994127840016927,0.248758444758547,0.397940983665225
