"","bcubed.precision","bcubed.recall","bcubed.f1"
"majority-vote",0.975462118776511,0.835187739623294,0.899891271953711
