"","bcubed.precision","bcubed.recall","bcubed.f1"
"majority-vote",0.967138639753555,0.644145927983862,0.773269264867219
