"","bcubed.precision","bcubed.recall","bcubed.f1"
"majority-vote",0.900666186185688,0.821177294823831,0.859086938468563
