"","bcubed.precision","bcubed.recall","bcubed.f1"
"majority-vote",0.971424630498412,0.623038584890529,0.759170887446155
