"","bcubed.precision","bcubed.recall","bcubed.f1"
"majority-vote",0.995572182198127,0.350883053806784,0.51888751773325
