"","bcubed.precision","bcubed.recall","bcubed.f1"
"majority-vote",0.994892698103647,0.209199201765872,0.345705769316332
