"","bcubed.precision","bcubed.recall","bcubed.f1"
"majority-vote",0.989377725717314,0.626700705484771,0.767343597596006
