"","bcubed.precision","bcubed.recall","bcubed.f1"
"majority-vote",0.423182916777393,0.715280783390768,0.53175978853856
