"","bcubed.precision","bcubed.recall","bcubed.f1"
"majority-vote",0.982272809794323,0.803938603039065,0.884203319758953
