"","bcubed.precision","bcubed.recall","bcubed.f1"
"majority-vote",0.98860512694277,0.0846843124697726,0.15600516022046
