"","bcubed.precision","bcubed.recall","bcubed.f1"
"majority-vote",0.961077112384777,0.659602049173681,0.78229972690379
