"","bcubed.precision","bcubed.recall","bcubed.f1"
"majority-vote",0.994925301348342,0.394948150074844,0.565438395600438
