"","bcubed.precision","bcubed.recall","bcubed.f1"
"majority-vote",0.301800432103705,0.662004913544433,0.414592780304884
