"","bcubed.precision","bcubed.recall","bcubed.f1"
"majority-vote",0.962053063639447,0.875028634393105,0.916479631136374
