"","bcubed.precision","bcubed.recall","bcubed.f1"
"majority-vote",0.945430713857681,0.634726706819973,0.759532076590182
