"","bcubed.precision","bcubed.recall","bcubed.f1"
"majority-vote",0.9952827460006,0.310195771259849,0.472979823007969
