"","bcubed.precision","bcubed.recall","bcubed.f1"
"majority-vote",0.788066693201137,0.208598848429142,0.329879579097761
