"","bcubed.precision","bcubed.recall","bcubed.f1"
"majority-vote",0.98889079897757,0.969353640310758,0.979024759755829
