"","bcubed.precision","bcubed.recall","bcubed.f1"
"majority-vote",0.988718378222941,0.556774771347193,0.712385492119406
