"","bcubed.precision","bcubed.recall","bcubed.f1"
"majority-vote",0.970837131411862,0.418686519228008,0.585058655318254
