"","bcubed.precision","bcubed.recall","bcubed.f1"
"majority-vote",0.980115376451742,0.979595439749135,0.979855339127462
