"","bcubed.precision","bcubed.recall","bcubed.f1"
"majority-vote",0.955210890150733,0.181323953498278,0.304790681948031
