"","bcubed.precision","bcubed.recall","bcubed.f1"
"majority-vote",0.960179760334317,0.374260285117464,0.538588679336399
