"","bcubed.precision","bcubed.recall","bcubed.f1"
"majority-vote",0.995209045881925,0.420079352034317,0.590786685947963
