"","bcubed.precision","bcubed.recall","bcubed.f1"
"majority-vote",0.931207762858163,0.608638481632088,0.736136975880508
