"","bcubed.precision","bcubed.recall","bcubed.f1"
"majority-vote",0.790160379918522,0.899843390273639,0.841442614113154
