"","bcubed.precision","bcubed.recall","bcubed.f1"
"majority-vote",0.987687647527068,0.455103985407754,0.623098407929129
