"","bcubed.precision","bcubed.recall","bcubed.f1"
"majority-vote",0.978781368649712,0.18280014013202,0.308065116386762
