"","bcubed.precision","bcubed.recall","bcubed.f1"
"majority-vote",0.999421442239644,0.676315123876939,0.806718490460569
