"","bcubed.precision","bcubed.recall","bcubed.f1"
"majority-vote",0.934788875191134,0.798084505836573,0.861044466014004
