"","bcubed.precision","bcubed.recall","bcubed.f1"
"majority-vote",0.940281698600517,0.527863779141992,0.676146415196561
