"","bcubed.precision","bcubed.recall","bcubed.f1"
"majority-vote",0.993901182796934,0.846813173088673,0.914480415334102
