"","bcubed.precision","bcubed.recall","bcubed.f1"
"majority-vote",0.999481137834208,0.657310709127282,0.793062395465079
