"","bcubed.precision","bcubed.recall","bcubed.f1"
"majority-vote",0.939293690202992,0.6752068141436,0.785651659320878
