"","bcubed.precision","bcubed.recall","bcubed.f1"
"majority-vote",0.903770871904105,0.756814804734768,0.82379028744787
