"","bcubed.precision","bcubed.recall","bcubed.f1"
"majority-vote",0.803370458691279,0.283527824456324,0.419133753207493
