"","bcubed.precision","bcubed.recall","bcubed.f1"
"majority-vote",0.899792100546368,0.445601469918383,0.596031810209867
