"","bcubed.precision","bcubed.recall","bcubed.f1"
"majority-vote",0.90544844596249,0.606676423114928,0.726546114999938
