"","bcubed.precision","bcubed.recall","bcubed.f1"
"majority-vote",0.956456588355734,0.44619236133127,0.608510951745305
