"","bcubed.precision","bcubed.recall","bcubed.f1"
"majority-vote",0.929864965721019,0.352942859485626,0.511673211666311
