"","bcubed.precision","bcubed.recall","bcubed.f1"
"majority-vote",0.971447541249384,0.175584229922356,0.297412630978816
