"","bcubed.precision","bcubed.recall","bcubed.f1"
"majority-vote",0.98707653404566,0.931872257555788,0.958680338096811
