"","bcubed.precision","bcubed.recall","bcubed.f1"
"majority-vote",0.998191323073145,0.902858286202974,0.948134444103926
