"","bcubed.precision","bcubed.recall","bcubed.f1"
"majority-vote",0.98007408395706,0.319129084056555,0.481479960057342
