"","bcubed.precision","bcubed.recall","bcubed.f1"
"majority-vote",0.9809551380436,0.85917479119623,0.916035234805023
