"","bcubed.precision","bcubed.recall","bcubed.f1"
"majority-vote",0.985887406962237,0.866730253398726,0.922476839492615
