"","bcubed.precision","bcubed.recall","bcubed.f1"
"majority-vote",0.996742242015808,0.887141477979222,0.938753678224429
