"","bcubed.precision","bcubed.recall","bcubed.f1"
"majority-vote",0.997283982374545,0.664489263584236,0.797563085871047
