"","bcubed.precision","bcubed.recall","bcubed.f1"
"majority-vote",0.959149624030914,0.380585705898346,0.544941420247853
