"","bcubed.precision","bcubed.recall","bcubed.f1"
"majority-vote",0.965729855123209,0.609547963457002,0.747371237627827
