"","bcubed.precision","bcubed.recall","bcubed.f1"
"majority-vote",0.982653749823937,0.96779337485299,0.975166952051139
