"","bcubed.precision","bcubed.recall","bcubed.f1"
"majority-vote",0.520961309400371,0.220102935279877,0.309460655238455
