"","bcubed.precision","bcubed.recall","bcubed.f1"
"majority-vote",0.979089600181588,0.580884397335176,0.729163272264746
