"","bcubed.precision","bcubed.recall","bcubed.f1"
"majority-vote",0.981352402612644,0.992322142511735,0.986806787497225
