"","bcubed.precision","bcubed.recall","bcubed.f1"
"majority-vote",0.9937044610903,0.228024759058379,0.370931981618279
