"","bcubed.precision","bcubed.recall","bcubed.f1"
"majority-vote",0.955281069204414,0.286918294953448,0.441294084485791
