"","bcubed.precision","bcubed.recall","bcubed.f1"
"majority-vote",0.949854152678301,0.334631641777793,0.494908166259303
