"","bcubed.precision","bcubed.recall","bcubed.f1"
"majority-vote",0.99967882658639,0.364775628211561,0.534511754050222
