"","bcubed.precision","bcubed.recall","bcubed.f1"
"majority-vote",0.99754981597938,0.691376503382555,0.816711180132822
