"","bcubed.precision","bcubed.recall","bcubed.f1"
"majority-vote",0.826822886398575,0.123259757380345,0.214537101674957
