"","bcubed.precision","bcubed.recall","bcubed.f1"
"majority-vote",0.957127809368724,0.805438592574065,0.874755895541535
