"","bcubed.precision","bcubed.recall","bcubed.f1"
"majority-vote",0.99757578826441,0.880739015878586,0.935523604544207
