"","bcubed.precision","bcubed.recall","bcubed.f1"
"majority-vote",0.655165999788973,0.535601188312648,0.589380848809669
