"","bcubed.precision","bcubed.recall","bcubed.f1"
"majority-vote",0.94961609382732,0.245319913759806,0.389911655123769
