"","bcubed.precision","bcubed.recall","bcubed.f1"
"majority-vote",0.93017928736694,0.812270558173312,0.867235577408008
