"","bcubed.precision","bcubed.recall","bcubed.f1"
"majority-vote",0.995938951648291,0.834983741177396,0.908386613034082
