"","bcubed.precision","bcubed.recall","bcubed.f1"
"majority-vote",0.972355564759114,0.730928198150645,0.834531645739391
