"","bcubed.precision","bcubed.recall","bcubed.f1"
"majority-vote",0.865284155370634,0.419699312108458,0.565235544236
