"","bcubed.precision","bcubed.recall","bcubed.f1"
"majority-vote",0.993822971383551,0.511204571287604,0.675132954869661
