"","bcubed.precision","bcubed.recall","bcubed.f1"
"majority-vote",0.951879662450933,0.66012131499383,0.779597609784358
