"","bcubed.precision","bcubed.recall","bcubed.f1"
"majority-vote",0.985141151962634,0.953859907013044,0.969248204642253
