"","bcubed.precision","bcubed.recall","bcubed.f1"
"majority-vote",0.872060545288536,0.703301806986778,0.77864214086045
