"","bcubed.precision","bcubed.recall","bcubed.f1"
"majority-vote",0.995784499185549,0.0364412163201908,0.0703094251538469
