"","bcubed.precision","bcubed.recall","bcubed.f1"
"majority-vote",0.983074019710631,0.865004214671595,0.920267502277144
