"","bcubed.precision","bcubed.recall","bcubed.f1"
"majority-vote",0.877240146245137,0.669297188581305,0.759288961696374
