"","bcubed.precision","bcubed.recall","bcubed.f1"
"majority-vote",0.961875375874049,0.224336013244499,0.363819280511179
