"","bcubed.precision","bcubed.recall","bcubed.f1"
"majority-vote",0.964501476799392,0.487088441881674,0.647286834223337
