"","bcubed.precision","bcubed.recall","bcubed.f1"
"majority-vote",0.972164398529556,0.756850871755246,0.851101184774743
