"","bcubed.precision","bcubed.recall","bcubed.f1"
"majority-vote",0.986573744812906,0.815264848687698,0.89277574327179
