"","bcubed.precision","bcubed.recall","bcubed.f1"
"majority-vote",0.963884968113163,0.132832865781951,0.233488685314588
