"","bcubed.precision","bcubed.recall","bcubed.f1"
"majority-vote",0.816766120885618,0.353331309737158,0.493273526953826
