"","bcubed.precision","bcubed.recall","bcubed.f1"
"majority-vote",0.96740799483597,0.330373108627193,0.492541593820226
