"","bcubed.precision","bcubed.recall","bcubed.f1"
"majority-vote",0.993809017572384,0.395060522601055,0.565373058435363
