"","bcubed.precision","bcubed.recall","bcubed.f1"
"majority-vote",0.997282231233658,0.257955520761428,0.409889611581734
