"","bcubed.precision","bcubed.recall","bcubed.f1"
"majority-vote",0.989712096367306,0.55808580939035,0.713716273048182
