"","bcubed.precision","bcubed.recall","bcubed.f1"
"majority-vote",0.982593942888461,0.774674770514071,0.866333909447201
