"","bcubed.precision","bcubed.recall","bcubed.f1"
"majority-vote",0.917512422641303,0.627683299479071,0.745416540457733
