"","bcubed.precision","bcubed.recall","bcubed.f1"
"majority-vote",0.991324617127081,0.263358987890832,0.416159495180664
