"","bcubed.precision","bcubed.recall","bcubed.f1"
"majority-vote",0.921788071005734,0.825352551277711,0.870908874120969
