"","bcubed.precision","bcubed.recall","bcubed.f1"
"majority-vote",0.975268872152078,0.940364259421496,0.957498568574849
