"","bcubed.precision","bcubed.recall","bcubed.f1"
"majority-vote",0.991144156420297,0.646346213168079,0.782444018118978
