"","bcubed.precision","bcubed.recall","bcubed.f1"
"majority-vote",0.879854177910072,0.641486451234513,0.741996267474628
