"","bcubed.precision","bcubed.recall","bcubed.f1"
"majority-vote",0.96245256126475,0.707479552804264,0.815500824138009
