"","bcubed.precision","bcubed.recall","bcubed.f1"
"majority-vote",0.988030694856864,0.491466293055219,0.656417399958817
