"","bcubed.precision","bcubed.recall","bcubed.f1"
"majority-vote",0.999408776839058,0.416547456189206,0.588014197013907
