"","bcubed.precision","bcubed.recall","bcubed.f1"
"majority-vote",0.993149323472365,0.623160545862847,0.765807950913405
