"","bcubed.precision","bcubed.recall","bcubed.f1"
"majority-vote",0.919125695585289,0.492647533103638,0.641469886722197
