"","bcubed.precision","bcubed.recall","bcubed.f1"
"majority-vote",0.957917274813886,0.508169576845784,0.664059452745763
