"","bcubed.precision","bcubed.recall","bcubed.f1"
"majority-vote",0.93674954148693,0.635009667605599,0.756916214046237
