"","bcubed.precision","bcubed.recall","bcubed.f1"
"majority-vote",0.789711655346575,0.43338006259733,0.559639611006893
