"","bcubed.precision","bcubed.recall","bcubed.f1"
"majority-vote",0.848922810674228,0.554507918361148,0.670833851443188
