"","bcubed.precision","bcubed.recall","bcubed.f1"
"majority-vote",0.493601344243956,0.753572760223832,0.596491742571646
