"","bcubed.precision","bcubed.recall","bcubed.f1"
"majority-vote",0.943306541384317,0.595795066647132,0.730318753173911
