"","bcubed.precision","bcubed.recall","bcubed.f1"
"majority-vote",0.956111931445567,0.748028569182082,0.83936628440405
