"","bcubed.precision","bcubed.recall","bcubed.f1"
"majority-vote",0.791592512022045,0.529074632324233,0.634242350983886
