"","bcubed.precision","bcubed.recall","bcubed.f1"
"majority-vote",0.998736430991902,0.538524725539846,0.69974351475842
