"","bcubed.precision","bcubed.recall","bcubed.f1"
"majority-vote",0.819639867195789,0.401727973660584,0.539186069856108
