"","bcubed.precision","bcubed.recall","bcubed.f1"
"majority-vote",0.890020538439301,0.455035763174566,0.602192152795145
