"","bcubed.precision","bcubed.recall","bcubed.f1"
"majority-vote",0.982627438171843,0.476663866657369,0.641932138720491
