"","bcubed.precision","bcubed.recall","bcubed.f1"
"majority-vote",0.904904848900577,0.892488386861954,0.898653731181102
