"","bcubed.precision","bcubed.recall","bcubed.f1"
"majority-vote",0.731254534797457,0.321627083122421,0.446757278394894
