"","bcubed.precision","bcubed.recall","bcubed.f1"
"majority-vote",0.999586281521745,0.678236395187396,0.808137600795593
