"","bcubed.precision","bcubed.recall","bcubed.f1"
"majority-vote",0.980930810901252,0.665676843755822,0.793125094853973
