"","bcubed.precision","bcubed.recall","bcubed.f1"
"majority-vote",0.966363788988765,0.741631535515724,0.839212906981991
