"","bcubed.precision","bcubed.recall","bcubed.f1"
"majority-vote",0.882651143818164,0.840541259630105,0.861081679276501
