"","bcubed.precision","bcubed.recall","bcubed.f1"
"majority-vote",0.977293417350755,0.439529689272166,0.606355825293909
