"","bcubed.precision","bcubed.recall","bcubed.f1"
"majority-vote",0.999641625564531,0.701771293979035,0.824632032623711
