"","bcubed.precision","bcubed.recall","bcubed.f1"
"majority-vote",0.991470629586295,0.577248853956938,0.729671927536661
