"","bcubed.precision","bcubed.recall","bcubed.f1"
"majority-vote",0.971371553507755,0.89854798696579,0.933541722099111
