"","bcubed.precision","bcubed.recall","bcubed.f1"
"majority-vote",0.911654734272415,0.510115722698493,0.654183537637527
