"","bcubed.precision","bcubed.recall","bcubed.f1"
"majority-vote",0.91238006618656,0.794451353328614,0.849341733512094
