"","bcubed.precision","bcubed.recall","bcubed.f1"
"majority-vote",0.704628597730306,0.792408786141295,0.745945155175635
