"","bcubed.precision","bcubed.recall","bcubed.f1"
"majority-vote",0.998830906578808,0.484869754093943,0.652831004111975
