"","bcubed.precision","bcubed.recall","bcubed.f1"
"majority-vote",0.872394840990446,0.580221191280664,0.696924669233046
