"","bcubed.precision","bcubed.recall","bcubed.f1"
"majority-vote",0.967112830040825,0.558163033308932,0.707815082816649
