"","bcubed.precision","bcubed.recall","bcubed.f1"
"majority-vote",0.971300730157845,0.473777390295142,0.636893353532607
