"","bcubed.precision","bcubed.recall","bcubed.f1"
"majority-vote",0.887014139755954,0.844800436249247,0.86539279967676
