"","bcubed.precision","bcubed.recall","bcubed.f1"
"majority-vote",0.986194936018211,0.94671311206849,0.966050793681735
