"","bcubed.precision","bcubed.recall","bcubed.f1"
"majority-vote",0.95722370305935,0.579410742240337,0.721870706434014
