"","bcubed.precision","bcubed.recall","bcubed.f1"
"majority-vote",0.96945824357103,0.616472611493628,0.753682864848345
