"","bcubed.precision","bcubed.recall","bcubed.f1"
"majority-vote",0.951604958529983,0.594013281137253,0.731443210562233
