"","bcubed.precision","bcubed.recall","bcubed.f1"
"majority-vote",0.650831059569629,0.512671391330813,0.573548366095225
