"","bcubed.precision","bcubed.recall","bcubed.f1"
"majority-vote",0.994130387896786,0.981891589481422,0.987973087241558
