"","bcubed.precision","bcubed.recall","bcubed.f1"
"majority-vote",0.991629309240653,0.630905758643287,0.771169331280233
