"","bcubed.precision","bcubed.recall","bcubed.f1"
"majority-vote",0.850823135350686,0.416022798791534,0.558808001045285
