"","bcubed.precision","bcubed.recall","bcubed.f1"
"majority-vote",0.909447195348553,0.811130508356013,0.857479861906529
