"","bcubed.precision","bcubed.recall","bcubed.f1"
"majority-vote",0.929773685141726,0.464664385382864,0.619651352159382
