"","bcubed.precision","bcubed.recall","bcubed.f1"
"majority-vote",0.996877611028345,0.866765056140813,0.927279347817244
