"","bcubed.precision","bcubed.recall","bcubed.f1"
"majority-vote",0.602184294368077,0.305515062994012,0.405368520172871
