"","bcubed.precision","bcubed.recall","bcubed.f1"
"majority-vote",0.990909605387531,0.6764329834064,0.804014658011219
