"","bcubed.precision","bcubed.recall","bcubed.f1"
"majority-vote",0.979761320524716,0.306560065391918,0.466999457176085
