"","bcubed.precision","bcubed.recall","bcubed.f1"
"majority-vote",0.963190266078353,0.682556411912214,0.798946400190734
