"","bcubed.precision","bcubed.recall","bcubed.f1"
"majority-vote",0.975514684035335,0.605809293742947,0.747444382145683
