"","bcubed.precision","bcubed.recall","bcubed.f1"
"majority-vote",0.999819479736291,0.564360921979765,0.72147565942938
