"","bcubed.precision","bcubed.recall","bcubed.f1"
"majority-vote",0.53859758710583,0.34560033711667,0.421035839543907
