"","bcubed.precision","bcubed.recall","bcubed.f1"
"majority-vote",0.9790738973074,0.669767284328054,0.79540913055754
