"","bcubed.precision","bcubed.recall","bcubed.f1"
"majority-vote",0.976492747441643,0.400054669190649,0.567580133201014
