"","bcubed.precision","bcubed.recall","bcubed.f1"
"majority-vote",0.839176927373707,0.651073989516607,0.733254063222564
