"","bcubed.precision","bcubed.recall","bcubed.f1"
"majority-vote",0.978318366155736,0.403666344712714,0.571517464304266
