"","bcubed.precision","bcubed.recall","bcubed.f1"
"majority-vote",0.923558655348708,0.368132635852395,0.526429317088088
