"","bcubed.precision","bcubed.recall","bcubed.f1"
"majority-vote",0.998043638797228,0.621498074370591,0.765997188719548
