"","bcubed.precision","bcubed.recall","bcubed.f1"
"majority-vote",0.930342897797025,0.567921116514173,0.705298094609611
