"","bcubed.precision","bcubed.recall","bcubed.f1"
"majority-vote",0.996250072602712,0.534705602577481,0.695905837151286
