"","bcubed.precision","bcubed.recall","bcubed.f1"
"majority-vote",0.958795878388723,0.267286230065185,0.418035519757678
