"","bcubed.precision","bcubed.recall","bcubed.f1"
"majority-vote",0.998264734208432,0.520953817178436,0.684628058768444
