"","bcubed.precision","bcubed.recall","bcubed.f1"
"majority-vote",0.954283794421259,0.33146954936347,0.492032193936315
