"","bcubed.precision","bcubed.recall","bcubed.f1"
"majority-vote",0.990900416867549,0.991562709340461,0.991231452476142
