"","bcubed.precision","bcubed.recall","bcubed.f1"
"majority-vote",0.982573822761333,0.627140906471088,0.765616698028402
