"","bcubed.precision","bcubed.recall","bcubed.f1"
"majority-vote",0.997700589070539,0.157111343210514,0.271472913102259
