"","bcubed.precision","bcubed.recall","bcubed.f1"
"majority-vote",0.98344187751917,0.969730475064399,0.97653804880395
