"","bcubed.precision","bcubed.recall","bcubed.f1"
"majority-vote",0.725668991183931,0.599479180169675,0.656565750628675
