"","bcubed.precision","bcubed.recall","bcubed.f1"
"majority-vote",0.987621162006372,0.569387490802594,0.722332704168145
