"","bcubed.precision","bcubed.recall","bcubed.f1"
"majority-vote",0.969410561387819,0.591511349640034,0.734716253863361
