"","bcubed.precision","bcubed.recall","bcubed.f1"
"majority-vote",0.693575574158596,0.701185081516808,0.697359569938489
