"","bcubed.precision","bcubed.recall","bcubed.f1"
"majority-vote",0.97200900904052,0.62971184794542,0.764284970920967
