"","bcubed.precision","bcubed.recall","bcubed.f1"
"majority-vote",0.998410075112847,0.443019446993996,0.61371724744922
