"","bcubed.precision","bcubed.recall","bcubed.f1"
"majority-vote",0.985675237807717,0.29470602864134,0.453746774458884
