"","bcubed.precision","bcubed.recall","bcubed.f1"
"majority-vote",0.60804456024075,0.798394845682839,0.69033851127473
