"","bcubed.precision","bcubed.recall","bcubed.f1"
"majority-vote",0.999694832098968,0.206069551808728,0.341703020499744
