"","bcubed.precision","bcubed.recall","bcubed.f1"
"majority-vote",0.915645183693312,0.436031975663342,0.590748427890054
