"","bcubed.precision","bcubed.recall","bcubed.f1"
"majority-vote",0.969027569034922,0.541163153169044,0.694484487365095
