"","bcubed.precision","bcubed.recall","bcubed.f1"
"majority-vote",0.980069261729417,0.754194753288874,0.852422801436297
