"","bcubed.precision","bcubed.recall","bcubed.f1"
"majority-vote",0.785551316079912,0.565424933458225,0.657554565854663
