"","bcubed.precision","bcubed.recall","bcubed.f1"
"majority-vote",0.980373697870822,0.464074027376848,0.629951451136434
