"","bcubed.precision","bcubed.recall","bcubed.f1"
"majority-vote",0.952853895586602,0.234740802236491,0.376683540730129
