"","bcubed.precision","bcubed.recall","bcubed.f1"
"majority-vote",0.999585542617934,0.211954938268715,0.349748267304832
