"","bcubed.precision","bcubed.recall","bcubed.f1"
"majority-vote",0.950083873780025,0.886146310913052,0.9170019388924
