"","bcubed.precision","bcubed.recall","bcubed.f1"
"majority-vote",0.990845720469809,0.954919253239027,0.972550814975973
