"","bcubed.precision","bcubed.recall","bcubed.f1"
"majority-vote",0.982069340034012,0.852401825573364,0.912652882180854
