"","bcubed.precision","bcubed.recall","bcubed.f1"
"majority-vote",0.960010251475095,0.441057842899069,0.604424656270163
