"","bcubed.precision","bcubed.recall","bcubed.f1"
"majority-vote",0.987922777578519,0.640023365198154,0.776799236838699
