"","bcubed.precision","bcubed.recall","bcubed.f1"
"majority-vote",0.827746585084617,0.0940939531721815,0.16897922185689
