"","bcubed.precision","bcubed.recall","bcubed.f1"
"majority-vote",0.971900292188729,0.8183006711982,0.888511041722491
