"","bcubed.precision","bcubed.recall","bcubed.f1"
"majority-vote",0.945176276217253,0.452536294531643,0.612037952108273
