"","bcubed.precision","bcubed.recall","bcubed.f1"
"majority-vote",0.934302048536433,0.76020270284139,0.838308587792538
