"","bcubed.precision","bcubed.recall","bcubed.f1"
"majority-vote",0.998212099461703,0.718145134407878,0.835328622957248
