"","bcubed.precision","bcubed.recall","bcubed.f1"
"majority-vote",0.864609819473571,0.40843413352381,0.554790212264717
