"","bcubed.precision","bcubed.recall","bcubed.f1"
"majority-vote",0.931291821029724,0.515020021210498,0.663251063030746
