"","bcubed.precision","bcubed.recall","bcubed.f1"
"majority-vote",0.994914178800544,0.730891454857678,0.842707031916052
