"","bcubed.precision","bcubed.recall","bcubed.f1"
"majority-vote",0.969880636596013,0.578540789646673,0.724758130893148
