"","bcubed.precision","bcubed.recall","bcubed.f1"
"majority-vote",0.999430640062545,0.265530265495727,0.419584640180245
