"","bcubed.precision","bcubed.recall","bcubed.f1"
"majority-vote",0.96797830573548,0.65531031704573,0.781532207548037
