"","bcubed.precision","bcubed.recall","bcubed.f1"
"majority-vote",0.982179315743126,0.522329775965746,0.681978599900104
