"","bcubed.precision","bcubed.recall","bcubed.f1"
"majority-vote",0.894673585003418,0.724159483133391,0.800436281716009
