"","bcubed.precision","bcubed.recall","bcubed.f1"
"majority-vote",0.97286225953036,0.308292629353046,0.468212339649833
