"","bcubed.precision","bcubed.recall","bcubed.f1"
"majority-vote",0.958987155780069,0.616222173374023,0.750311896247991
