"","bcubed.precision","bcubed.recall","bcubed.f1"
"majority-vote",0.969701794323243,0.535208062172659,0.689731967645607
