"","bcubed.precision","bcubed.recall","bcubed.f1"
"majority-vote",0.901389863236524,0.977393529935379,0.937854383297825
