"","bcubed.precision","bcubed.recall","bcubed.f1"
"majority-vote",0.871175800491012,0.478451026667034,0.617674378969038
