"","bcubed.precision","bcubed.recall","bcubed.f1"
"majority-vote",0.992451586070393,0.902186815603337,0.945168994026881
