"","bcubed.precision","bcubed.recall","bcubed.f1"
"majority-vote",0.871180950005532,0.861289438331904,0.866206956455725
