"","bcubed.precision","bcubed.recall","bcubed.f1"
"majority-vote",0.955935636453173,0.264261280348367,0.414059028901535
