"","bcubed.precision","bcubed.recall","bcubed.f1"
"majority-vote",0.567678752701617,0.479983374995209,0.520160758762566
