"","bcubed.precision","bcubed.recall","bcubed.f1"
"majority-vote",0.983542328557717,0.869906079990536,0.923240644405704
