"","bcubed.precision","bcubed.recall","bcubed.f1"
"majority-vote",0.896282840511945,0.743969045485448,0.813054013268445
