"","bcubed.precision","bcubed.recall","bcubed.f1"
"majority-vote",0.991103291722733,0.579883019509622,0.731672790960557
