"","bcubed.precision","bcubed.recall","bcubed.f1"
"majority-vote",0.961627499483807,0.784540858982225,0.864104610312272
