"","bcubed.precision","bcubed.recall","bcubed.f1"
"majority-vote",0.974312375723349,0.905492714640844,0.938642801345943
