"","bcubed.precision","bcubed.recall","bcubed.f1"
"majority-vote",0.930519464870789,0.574020277004161,0.710033807837146
