"","bcubed.precision","bcubed.recall","bcubed.f1"
"majority-vote",0.934038146034442,0.608987300913847,0.737275422941422
