"","bcubed.precision","bcubed.recall","bcubed.f1"
"majority-vote",0.956577745430591,0.774568996880438,0.856005382567624
