"","bcubed.precision","bcubed.recall","bcubed.f1"
"majority-vote",0.961643718591629,0.511411063626298,0.667721584955604
