"","bcubed.precision","bcubed.recall","bcubed.f1"
"majority-vote",0.999142146150313,0.596886859398422,0.747323282515431
