"","bcubed.precision","bcubed.recall","bcubed.f1"
"majority-vote",0.935697580199818,0.725788887235472,0.817483523137512
