"","bcubed.precision","bcubed.recall","bcubed.f1"
"majority-vote",0.908040232840066,0.720683131896209,0.803585548116582
