"","bcubed.precision","bcubed.recall","bcubed.f1"
"majority-vote",0.901557337927918,0.547517849753144,0.68128795425915
