"","bcubed.precision","bcubed.recall","bcubed.f1"
"majority-vote",0.98696602372511,0.135080393397409,0.237636797765572
