"","bcubed.precision","bcubed.recall","bcubed.f1"
"majority-vote",0.994516777506385,0.112557437043303,0.202227200492094
