"","bcubed.precision","bcubed.recall","bcubed.f1"
"majority-vote",0.906351021691091,0.778050704076295,0.837314566684798
