"","bcubed.precision","bcubed.recall","bcubed.f1"
"majority-vote",0.947462879846891,0.867449875194635,0.905692634085797
