"","bcubed.precision","bcubed.recall","bcubed.f1"
"majority-vote",0.933921303327635,0.847530209793523,0.888630998160744
