"","bcubed.precision","bcubed.recall","bcubed.f1"
"majority-vote",0.993991508733718,0.790291019816287,0.880513652469903
