"","bcubed.precision","bcubed.recall","bcubed.f1"
"majority-vote",0.937237356244363,0.559037243010588,0.700340148716385
