"","bcubed.precision","bcubed.recall","bcubed.f1"
"majority-vote",0.971777381989796,0.955895004258882,0.963770764495443
