"","bcubed.precision","bcubed.recall","bcubed.f1"
"majority-vote",0.345897421178366,0.763034910962843,0.476010664170089
