"","bcubed.precision","bcubed.recall","bcubed.f1"
"majority-vote",0.943247435047045,0.896467723609941,0.919262829268453
