"","bcubed.precision","bcubed.recall","bcubed.f1"
"majority-vote",0.994597478398737,0.526415503125699,0.688451102467347
