"","bcubed.precision","bcubed.recall","bcubed.f1"
"majority-vote",0.973121935921548,0.515352318951866,0.673845240733101
