"","bcubed.precision","bcubed.recall","bcubed.f1"
"majority-vote",0.998666399895478,0.892850879820278,0.942798866661815
