"","bcubed.precision","bcubed.recall","bcubed.f1"
"majority-vote",0.98005007738031,0.603791562930768,0.747228703818716
