"","bcubed.precision","bcubed.recall","bcubed.f1"
"majority-vote",0.998279003275764,0.3924615398552,0.563420857708937
