"","bcubed.precision","bcubed.recall","bcubed.f1"
"majority-vote",0.980386585609454,0.293942686862315,0.452281013020829
