"","bcubed.precision","bcubed.recall","bcubed.f1"
"majority-vote",0.985643734925922,0.494093781717765,0.658225441929156
