"","bcubed.precision","bcubed.recall","bcubed.f1"
"majority-vote",0.834089599539038,0.555276584434837,0.666707494808822
