"","bcubed.precision","bcubed.recall","bcubed.f1"
"majority-vote",0.974069851082986,0.287772756983853,0.444288003510109
