"","bcubed.precision","bcubed.recall","bcubed.f1"
"majority-vote",0.975619447707671,0.542124841914182,0.696965282588809
