"","bcubed.precision","bcubed.recall","bcubed.f1"
"majority-vote",0.97257355528808,0.493527402480754,0.654786695171752
