"","bcubed.precision","bcubed.recall","bcubed.f1"
"majority-vote",0.980113256342801,0.879303220011941,0.926975482080428
