"","bcubed.precision","bcubed.recall","bcubed.f1"
"majority-vote",0.990809043615484,0.568335320152999,0.722334362486666
