"","bcubed.precision","bcubed.recall","bcubed.f1"
"majority-vote",0.986485596579626,0.538351966821102,0.696567915043896
