"","bcubed.precision","bcubed.recall","bcubed.f1"
"majority-vote",0.950984337699892,0.826891570458837,0.884607220193249
