"","bcubed.precision","bcubed.recall","bcubed.f1"
"majority-vote",0.99724062448394,0.598887407652755,0.748354568528815
