"","bcubed.precision","bcubed.recall","bcubed.f1"
"majority-vote",0.979575097063845,0.925606871079132,0.951826603171229
