"","bcubed.precision","bcubed.recall","bcubed.f1"
"majority-vote",0.997645442405828,0.141154740145939,0.247317106790459
