"","bcubed.precision","bcubed.recall","bcubed.f1"
"majority-vote",0.975639788502279,0.558408667869492,0.710284883577366
