"","bcubed.precision","bcubed.recall","bcubed.f1"
"majority-vote",0.923044884091081,0.936135688728654,0.929544199125887
