"","bcubed.precision","bcubed.recall","bcubed.f1"
"majority-vote",0.982553783325075,0.367783099305148,0.535224476667504
