"","bcubed.precision","bcubed.recall","bcubed.f1"
"majority-vote",0.769931165016771,0.591410336940639,0.668965500675543
