"","bcubed.precision","bcubed.recall","bcubed.f1"
"majority-vote",0.968738326703653,0.777642606048899,0.862735251890224
