"","bcubed.precision","bcubed.recall","bcubed.f1"
"majority-vote",0.977251536740186,0.0766173852892885,0.14209444068392
