"","bcubed.precision","bcubed.recall","bcubed.f1"
"majority-vote",0.955801609003631,0.557658567093641,0.704360727980601
