"","bcubed.precision","bcubed.recall","bcubed.f1"
"majority-vote",0.965432503321842,0.491215131063823,0.651132150916539
