"","bcubed.precision","bcubed.recall","bcubed.f1"
"majority-vote",0.985224592887332,0.323074283588516,0.486587178578439
