"","bcubed.precision","bcubed.recall","bcubed.f1"
"majority-vote",0.996596665851701,0.448578823635368,0.618682178405
