"","bcubed.precision","bcubed.recall","bcubed.f1"
"majority-vote",0.913047404516512,0.284435293605947,0.433748073332487
