"","bcubed.precision","bcubed.recall","bcubed.f1"
"majority-vote",0.998630281255151,0.551828660986475,0.710851214323477
