"","bcubed.precision","bcubed.recall","bcubed.f1"
"majority-vote",0.96264591817532,0.768688468319364,0.854802887470226
