"","bcubed.precision","bcubed.recall","bcubed.f1"
"majority-vote",0.864784569478119,0.995907082637911,0.925725739372027
