"","bcubed.precision","bcubed.recall","bcubed.f1"
"majority-vote",0.999346406944361,0.279186817303774,0.436444415283509
