"","bcubed.precision","bcubed.recall","bcubed.f1"
"majority-vote",0.985827316297292,0.710602700280842,0.825889127315151
