"","bcubed.precision","bcubed.recall","bcubed.f1"
"majority-vote",0.831814653194547,0.865410239433592,0.848279943703588
