"","bcubed.precision","bcubed.recall","bcubed.f1"
"majority-vote",0.880753048376382,0.778511305085103,0.826482174125844
