"","bcubed.precision","bcubed.recall","bcubed.f1"
"majority-vote",0.985914583201094,0.850961812572948,0.913480801095895
