"","bcubed.precision","bcubed.recall","bcubed.f1"
"majority-vote",0.985309163411701,0.493315969577592,0.657460412970877
