{
      "avg_bcuded_f1": 0.6726620844756124,
      "avg_bcuded_recall": 0.5658074395340988,
      "avg_bcuded_precision": 0.9380790354447832,
      "avg_bcuded_f1star": 0.7058672392583132
}