"","bcubed.precision","bcubed.recall","bcubed.f1"
"majority-vote",0.977272727272727,0.186155316486931,0.312738746182541
