"","bcubed.precision","bcubed.recall","bcubed.f1"
"majority-vote",0.9863606485539,0.507353048267831,0.670052209871355
