"","bcubed.precision","bcubed.recall","bcubed.f1"
"majority-vote",0.856948228882834,0.385040253339593,0.531340777907262
