"","bcubed.precision","bcubed.recall","bcubed.f1"
"majority-vote",0.983530961791831,0.196543931369082,0.32761826045802
