"","bcubed.precision","bcubed.recall","bcubed.f1"
"majority-vote",0.979715378079864,0.349890986521328,0.515631677574435
