"","bcubed.precision","bcubed.recall","bcubed.f1"
"majority-vote",0.983373441260118,0.158396062401839,0.272844003043656
