"","bcubed.precision","bcubed.recall","bcubed.f1"
"majority-vote",0.91025641025641,0.453895529757599,0.605740905289979
