"","bcubed.precision","bcubed.recall","bcubed.f1"
"majority-vote",0.975103734439834,0.40943687869373,0.57671609723034
