"","bcubed.precision","bcubed.recall","bcubed.f1"
"majority-vote",0.97585886722377,0.663077728295256,0.789622103240183
