"","bcubed.precision","bcubed.recall","bcubed.f1"
"majority-vote",0.9127064035441,0.366590800691668,0.523083721536815
