"","bcubed.precision","bcubed.recall","bcubed.f1"
"majority-vote",0.992072072072072,0.262403202380727,0.415030720821099
