"","bcubed.precision","bcubed.recall","bcubed.f1"
"majority-vote",0.994413407821229,0.45426687125734,0.623642185278619
