"","bcubed.precision","bcubed.recall","bcubed.f1"
"majority-vote",0.881520431301772,0.264331492502496,0.406708068358132
