"","bcubed.precision","bcubed.recall","bcubed.f1"
"majority-vote",0.990277777777778,0.624778742530557,0.766170715360273
