"","bcubed.precision","bcubed.recall","bcubed.f1"
"majority-vote",0.984937888198758,0.126339219679553,0.223951853854771
