"","bcubed.precision","bcubed.recall","bcubed.f1"
"majority-vote",0.824765539259703,0.500165188719261,0.622702761558296
