"","bcubed.precision","bcubed.recall","bcubed.f1"
"majority-vote",0.959026455026455,0.513397182929203,0.668776930325251
