"","bcubed.precision","bcubed.recall","bcubed.f1"
"majority-vote",0.968700410816702,0.104457750832875,0.188580341203865
