"","bcubed.precision","bcubed.recall","bcubed.f1"
"majority-vote",0.951851851851852,0.36800888122894,0.530798327908514
