"","bcubed.precision","bcubed.recall","bcubed.f1"
"majority-vote",0.955284552845528,0.481908322291491,0.640637153351982
