"","bcubed.precision","bcubed.recall","bcubed.f1"
"majority-vote",0.970977503387274,0.393867169847603,0.560409794234546
