"","bcubed.precision","bcubed.recall","bcubed.f1"
"majority-vote",0.968494199687174,0.683797162693033,0.80161840811991
