"","bcubed.precision","bcubed.recall","bcubed.f1"
"majority-vote",0.924157303370786,0.38257599914966,0.541136286993806
