"","bcubed.precision","bcubed.recall","bcubed.f1"
"majority-vote",0.986903648269411,0.237085178726242,0.382324123676604
