"","bcubed.precision","bcubed.recall","bcubed.f1"
"majority-vote",0.912133891213389,0.410365720171364,0.566062141626738
