"","bcubed.precision","bcubed.recall","bcubed.f1"
"majority-vote",0.940855639077808,0.42947800206393,0.58974951496491
