"","bcubed.precision","bcubed.recall","bcubed.f1"
"majority-vote",0.931034482758621,0.655137843454675,0.769091621554869
