"","bcubed.precision","bcubed.recall","bcubed.f1"
"majority-vote",0.962809917355372,0.244338250396906,0.389763737303999
