"","bcubed.precision","bcubed.recall","bcubed.f1"
"majority-vote",0.876558132583652,0.308793585783857,0.456700782922536
