"","bcubed.precision","bcubed.recall","bcubed.f1"
"majority-vote",0.976470588235294,0.120429200593454,0.214414431549418
