"","bcubed.precision","bcubed.recall","bcubed.f1"
"majority-vote",0.993865030674847,0.272777415414239,0.428067028979086
