"","bcubed.precision","bcubed.recall","bcubed.f1"
"majority-vote",0.996631986127784,0.250389140666604,0.400227103142788
