"","bcubed.precision","bcubed.recall","bcubed.f1"
"majority-vote",0.964788732394366,0.403749562736307,0.569268730327999
