"","bcubed.precision","bcubed.recall","bcubed.f1"
"majority-vote",0.988819875776398,0.29813801182307,0.458142095643864
