"","bcubed.precision","bcubed.recall","bcubed.f1"
"majority-vote",0.957781239031239,0.426550728641019,0.590237450160793
