"","bcubed.precision","bcubed.recall","bcubed.f1"
"majority-vote",0.951612903225806,0.19574812443878,0.324704145437732
