"","bcubed.precision","bcubed.recall","bcubed.f1"
"majority-vote",0.989261744966443,0.0537267532454169,0.101918327494627
