"","bcubed.precision","bcubed.recall","bcubed.f1"
"majority-vote",0.940811103311103,0.519667357365986,0.669518699524807
