"","bcubed.precision","bcubed.recall","bcubed.f1"
"majority-vote",0.97841726618705,0.181000554419203,0.305487917273128
