"","bcubed.precision","bcubed.recall","bcubed.f1"
"majority-vote",0.997549019607843,0.311131124706855,0.474323003629486
