"","bcubed.precision","bcubed.recall","bcubed.f1"
"majority-vote",0.94029799029799,0.740350769172309,0.82843049321942
