"","bcubed.precision","bcubed.recall","bcubed.f1"
"majority-vote",0.976608187134503,0.233713554455313,0.377166769598885
