"","bcubed.precision","bcubed.recall","bcubed.f1"
"majority-vote",0.877783669141039,0.174091852620654,0.290557165747107
