"","bcubed.precision","bcubed.recall","bcubed.f1"
"majority-vote",0.998198198198198,0.150555157970069,0.261646917692495
