"","bcubed.precision","bcubed.recall","bcubed.f1"
"majority-vote",0.961538461538462,0.350484939414102,0.513717589475862
