"","bcubed.precision","bcubed.recall","bcubed.f1"
"majority-vote",0.989036130259092,0.143327329337415,0.250371744101949
