"","bcubed.precision","bcubed.recall","bcubed.f1"
"majority-vote",0.994789227166276,0.690453924166549,0.81514186848627
