"","bcubed.precision","bcubed.recall","bcubed.f1"
"majority-vote",0.998324958123953,0.466626962160938,0.635987210239954
