"","bcubed.precision","bcubed.recall","bcubed.f1"
"majority-vote",0.839258904252216,0.296092670273677,0.437747065466956
