"","bcubed.precision","bcubed.recall","bcubed.f1"
"majority-vote",0.939142461964039,0.244450246442463,0.387926699178083
