"","bcubed.precision","bcubed.recall","bcubed.f1"
"majority-vote",0.781195775179178,0.355282061785742,0.488429842864655
