"","bcubed.precision","bcubed.recall","bcubed.f1"
"majority-vote",0.977272727272727,0.320454940531192,0.482646523566694
