"","bcubed.precision","bcubed.recall","bcubed.f1"
"majority-vote",0.99001996007984,0.105334895375137,0.190410711916716
