"","bcubed.precision","bcubed.recall","bcubed.f1"
"majority-vote",0.923694779116466,0.217539163662453,0.35214478328445
