"","bcubed.precision","bcubed.recall","bcubed.f1"
"majority-vote",0.936437493966897,0.288815708556063,0.441472599755878
