"","bcubed.precision","bcubed.recall","bcubed.f1"
"majority-vote",0.982919254658385,0.353009797324621,0.519458913418163
