"","bcubed.precision","bcubed.recall","bcubed.f1"
"majority-vote",0.972483407079646,0.228977162426965,0.370676319659576
