"","bcubed.precision","bcubed.recall","bcubed.f1"
"majority-vote",0.943572910771553,0.471571866064819,0.628857832193665
