"","bcubed.precision","bcubed.recall","bcubed.f1"
"majority-vote",0.849630164171027,0.458554074465261,0.595636856128692
