"","bcubed.precision","bcubed.recall","bcubed.f1"
"majority-vote",0.927461496149615,0.492606533386152,0.643453106421601
