"","bcubed.precision","bcubed.recall","bcubed.f1"
"majority-vote",0.993630573248408,0.557393404144915,0.714164494885748
