"","bcubed.precision","bcubed.recall","bcubed.f1"
"majority-vote",0.977639751552795,0.313955377682,0.475280915030297
