"","bcubed.precision","bcubed.recall","bcubed.f1"
"majority-vote",0.997368421052632,0.696958139833802,0.820531360969924
