"","bcubed.precision","bcubed.recall","bcubed.f1"
"majority-vote",0.997481108312343,0.15234645332467,0.264322606588759
