"","bcubed.precision","bcubed.recall","bcubed.f1"
"majority-vote",0.988875878220141,0.339506031409818,0.505471088604242
