"","bcubed.precision","bcubed.recall","bcubed.f1"
"majority-vote",0.946548771994679,0.751955286660305,0.83810497779658
