"","bcubed.precision","bcubed.recall","bcubed.f1"
"majority-vote",0.923799057084608,0.440325899517856,0.59638620174159
