"","bcubed.precision","bcubed.recall","bcubed.f1"
"majority-vote",0.954010301692421,0.346426779954565,0.508282517505917
