"","bcubed.precision","bcubed.recall","bcubed.f1"
"majority-vote",0.982269503546099,0.464555684493748,0.630786476969496
