"","bcubed.precision","bcubed.recall","bcubed.f1"
"majority-vote",0.983372921615202,0.309272368998914,0.470554567885872
