"","bcubed.precision","bcubed.recall","bcubed.f1"
"majority-vote",0.982415059687787,0.105725500197363,0.19090607852698
