"","bcubed.precision","bcubed.recall","bcubed.f1"
"majority-vote",0.997237569060773,0.112517535419549,0.202218873417202
