"","bcubed.precision","bcubed.recall","bcubed.f1"
"majority-vote",0.992524716662648,0.753694850651932,0.856777443221312
