"","bcubed.precision","bcubed.recall","bcubed.f1"
"majority-vote",0.997701149425287,0.3235680026366,0.488657693466924
