"","bcubed.precision","bcubed.recall","bcubed.f1"
"majority-vote",0.99664214720871,0.0326320643701609,0.0631949976709154
