"","bcubed.precision","bcubed.recall","bcubed.f1"
"majority-vote",0.939236111111111,0.217932002495482,0.3537767833449
