"","bcubed.precision","bcubed.recall","bcubed.f1"
"majority-vote",0.931506849315068,0.385201289704543,0.545022285640227
