"","bcubed.precision","bcubed.recall","bcubed.f1"
"majority-vote",0.985428051001822,0.147841716735331,0.257109787848943
