"","bcubed.precision","bcubed.recall","bcubed.f1"
"majority-vote",0.97581471141127,0.0327131257654953,0.063304052107433
