"","bcubed.precision","bcubed.recall","bcubed.f1"
"majority-vote",0.99746192893401,0.260339184942204,0.412908563563436
