"","bcubed.precision","bcubed.recall","bcubed.f1"
"majority-vote",0.937453183520599,0.453456853980593,0.611246680075782
