"","bcubed.precision","bcubed.recall","bcubed.f1"
"majority-vote",0.96893983931021,0.114120412353921,0.204191435958105
