"","bcubed.precision","bcubed.recall","bcubed.f1"
"majority-vote",0.859060402684564,0.463822760746742,0.602399030595952
