"","bcubed.precision","bcubed.recall","bcubed.f1"
"majority-vote",0.981245601688951,0.562332247423525,0.714944237881442
