"","bcubed.precision","bcubed.recall","bcubed.f1"
"majority-vote",0.936822490190106,0.392259561603379,0.552979522680751
