"","bcubed.precision","bcubed.recall","bcubed.f1"
"majority-vote",0.977058823529412,0.354935870265045,0.520712620621095
