"","bcubed.precision","bcubed.recall","bcubed.f1"
"majority-vote",0.977237356958287,0.2883712099268,0.445330612300314
