"","bcubed.precision","bcubed.recall","bcubed.f1"
"majority-vote",0.978372591006424,0.454303640575851,0.620486639110299
