"","bcubed.precision","bcubed.recall","bcubed.f1"
"majority-vote",0.989723061339471,0.193713139350073,0.324009627536363
