"","bcubed.precision","bcubed.recall","bcubed.f1"
"majority-vote",0.931761226944667,0.552744801702749,0.693868754566256
