"","bcubed.precision","bcubed.recall","bcubed.f1"
"majority-vote",0.993042378241619,0.165527116133232,0.283755859042562
