"","bcubed.precision","bcubed.recall","bcubed.f1"
"majority-vote",0.988007127192982,0.361549599541817,0.529379127389997
