"","bcubed.precision","bcubed.recall","bcubed.f1"
"majority-vote",0.896639882505631,0.487826730887846,0.631874973993425
