"","bcubed.precision","bcubed.recall","bcubed.f1"
"majority-vote",0.98157546337158,0.545453622091333,0.701236010432246
