"","bcubed.precision","bcubed.recall","bcubed.f1"
"majority-vote",0.982807000675575,0.663367829037353,0.792093931498834
