"","bcubed.precision","bcubed.recall","bcubed.f1"
"majority-vote",0.966244725738397,0.183506472974898,0.308435706523783
