"","bcubed.precision","bcubed.recall","bcubed.f1"
"majority-vote",0.98683234421365,0.38117767301718,0.549935237151084
