"","bcubed.precision","bcubed.recall","bcubed.f1"
"majority-vote",0.961946259985476,0.497441619908919,0.655770974152708
