"","bcubed.precision","bcubed.recall","bcubed.f1"
"majority-vote",0.993634259259259,0.152632838705327,0.264617588509535
