"","bcubed.precision","bcubed.recall","bcubed.f1"
"majority-vote",0.980769230769231,0.415249408571839,0.583464764073081
