"","bcubed.precision","bcubed.recall","bcubed.f1"
"majority-vote",0.970402278885569,0.440233686067019,0.605689607830165
