"","bcubed.precision","bcubed.recall","bcubed.f1"
"majority-vote",0.98629128562814,0.296148817752626,0.455520686585653
