"","bcubed.precision","bcubed.recall","bcubed.f1"
"majority-vote",0.992424242424242,0.099881363244176,0.181496251114164
