"","bcubed.precision","bcubed.recall","bcubed.f1"
"majority-vote",0.991323210412148,0.452734030776968,0.621589975869772
