"","bcubed.precision","bcubed.recall","bcubed.f1"
"majority-vote",0.998042094958394,0.756718549374924,0.860786305814331
