"","bcubed.precision","bcubed.recall","bcubed.f1"
"majority-vote",0.987740507406777,0.0833475246363358,0.153723548041809
