"","bcubed.precision","bcubed.recall","bcubed.f1"
"majority-vote",0.937009266640096,0.867063252166111,0.900680314758474
