"","bcubed.precision","bcubed.recall","bcubed.f1"
"majority-vote",0.982620320855615,0.15400631782241,0.266278709794194
