"","bcubed.precision","bcubed.recall","bcubed.f1"
"majority-vote",0.992518101367659,0.784285821148565,0.876200085188456
