"","bcubed.precision","bcubed.recall","bcubed.f1"
"majority-vote",0.959755030621172,0.252530480087769,0.399852009297183
