"","bcubed.precision","bcubed.recall","bcubed.f1"
"majority-vote",0.994515539305302,0.0703776169630734,0.131452875393282
