"","bcubed.precision","bcubed.recall","bcubed.f1"
"majority-vote",0.961404864976294,0.398168415117867,0.563119409566075
