"","bcubed.precision","bcubed.recall","bcubed.f1"
"majority-vote",0.892684714704782,0.828335061333085,0.859306857714834
