"","bcubed.precision","bcubed.recall","bcubed.f1"
"majority-vote",0.997333333333333,0.723360654253345,0.838535727692636
