"","bcubed.precision","bcubed.recall","bcubed.f1"
"majority-vote",0.988425925925926,0.366644374583748,0.53488118704567
