"","bcubed.precision","bcubed.recall","bcubed.f1"
"majority-vote",0.649390243902439,0.149438970120788,0.242966099766217
