"","bcubed.precision","bcubed.recall","bcubed.f1"
"majority-vote",0.971487360376249,0.218635585830947,0.356940783034434
