"","bcubed.precision","bcubed.recall","bcubed.f1"
"majority-vote",0.991402238912907,0.0290287259697009,0.0564058616595616
