"","bcubed.precision","bcubed.recall","bcubed.f1"
"majority-vote",0.938220964953638,0.295171987612416,0.449064584760019
