"","bcubed.precision","bcubed.recall","bcubed.f1"
"majority-vote",0.970660670307313,0.566635290016312,0.715555891152184
