"","bcubed.precision","bcubed.recall","bcubed.f1"
"majority-vote",0.724954128440367,0.304915635212371,0.429277286070049
