"","bcubed.precision","bcubed.recall","bcubed.f1"
"majority-vote",0.987460815047022,0.308441155618575,0.470056473121542
