"","bcubed.precision","bcubed.recall","bcubed.f1"
"majority-vote",0.988416988416988,0.177001013171226,0.300237010492439
