"","bcubed.precision","bcubed.recall","bcubed.f1"
"majority-vote",0.973856209150327,0.224569575926667,0.364976252389946
