"","bcubed.precision","bcubed.recall","bcubed.f1"
"majority-vote",0.993406593406593,0.259187380351707,0.411112392304789
