"","bcubed.precision","bcubed.recall","bcubed.f1"
"majority-vote",0.94949494949495,0.24755862694007,0.392723718655145
