"","bcubed.precision","bcubed.recall","bcubed.f1"
"majority-vote",0.885813148788927,0.181483310403564,0.301247701623313
