"","bcubed.precision","bcubed.recall","bcubed.f1"
"majority-vote",0.963131313131313,0.129779850967223,0.228737782879448
