"","bcubed.precision","bcubed.recall","bcubed.f1"
"majority-vote",0.9957805907173,0.558346949891068,0.715502481051311
