"","bcubed.precision","bcubed.recall","bcubed.f1"
"majority-vote",0.95023053708911,0.590677865625502,0.728505528960923
