"","bcubed.precision","bcubed.recall","bcubed.f1"
"majority-vote",0.913837559088956,0.224745938545592,0.360766303608559
