"","bcubed.precision","bcubed.recall","bcubed.f1"
"majority-vote",0.891330891330891,0.174389277656337,0.291706124769486
