"","bcubed.precision","bcubed.recall","bcubed.f1"
"majority-vote",0.841120402315654,0.434421991664176,0.572934623149997
