"","bcubed.precision","bcubed.recall","bcubed.f1"
"majority-vote",0.954395951929159,0.387772018821608,0.551477986511218
