"","bcubed.precision","bcubed.recall","bcubed.f1"
"majority-vote",0.906976744186046,0.417679274636214,0.571960393099414
