"","bcubed.precision","bcubed.recall","bcubed.f1"
"majority-vote",0.992030938708543,0.28245285778593,0.439710531308433
