"","bcubed.precision","bcubed.recall","bcubed.f1"
"majority-vote",0.984748290058025,0.0282784131897839,0.0549780552574082
