"","bcubed.precision","bcubed.recall","bcubed.f1"
"majority-vote",0.979465541490858,0.40059242670388,0.568623184215819
