"","bcubed.precision","bcubed.recall","bcubed.f1"
"majority-vote",0.969827586206897,0.701883530999397,0.814382345922412
