"","bcubed.precision","bcubed.recall","bcubed.f1"
"majority-vote",0.956521739130435,0.179956882754088,0.302922848077863
