"","bcubed.precision","bcubed.recall","bcubed.f1"
"majority-vote",0.883319967551026,0.142687755209968,0.245688098648666
