"","bcubed.precision","bcubed.recall","bcubed.f1"
"majority-vote",0.979166666666667,0.395865442871014,0.563795192062622
