"","bcubed.precision","bcubed.recall","bcubed.f1"
"majority-vote",0.991809602943795,0.573004868572793,0.726363082050546
