"","bcubed.precision","bcubed.recall","bcubed.f1"
"majority-vote",0.90253930361832,0.434121096795796,0.586254148423504
