"","bcubed.precision","bcubed.recall","bcubed.f1"
"majority-vote",0.961352657004831,0.140366942998522,0.244966384562577
