"","bcubed.precision","bcubed.recall","bcubed.f1"
"majority-vote",0.970511492437073,0.322221639231724,0.483811849987334
