"","bcubed.precision","bcubed.recall","bcubed.f1"
"majority-vote",0.957142857142857,0.38302163272603,0.547106601713915
