"","bcubed.precision","bcubed.recall","bcubed.f1"
"majority-vote",0.913654618473896,0.39714067319077,0.553632458938379
