"","bcubed.precision","bcubed.recall","bcubed.f1"
"majority-vote",0.984790874524715,0.205449125723768,0.339972483111992
