"","bcubed.precision","bcubed.recall","bcubed.f1"
"majority-vote",0.90071639898563,0.495989703042728,0.639713764563374
