"","bcubed.precision","bcubed.recall","bcubed.f1"
"majority-vote",0.991752577319588,0.426891478363191,0.596866736524265
