"","bcubed.precision","bcubed.recall","bcubed.f1"
"majority-vote",0.967248735723531,0.452157443853813,0.616241809015955
