"","bcubed.precision","bcubed.recall","bcubed.f1"
"majority-vote",0.724895902926261,0.347152701476995,0.469474182339961
