"","bcubed.precision","bcubed.recall","bcubed.f1"
"majority-vote",0.544149245063879,0.07865001713216,0.137435446843078
