"","bcubed.precision","bcubed.recall","bcubed.f1"
"majority-vote",0.962179487179487,0.308857913669065,0.467612910189787
