"","bcubed.precision","bcubed.recall","bcubed.f1"
"majority-vote",0.905660377358491,0.128513265038088,0.225086711435127
