"","bcubed.precision","bcubed.recall","bcubed.f1"
"majority-vote",0.990468409586057,0.301248979921754,0.461985880899558
