"","bcubed.precision","bcubed.recall","bcubed.f1"
"majority-vote",0.982077205882353,0.241786561176532,0.388038402330979
