"","bcubed.precision","bcubed.recall","bcubed.f1"
"majority-vote",0.908716213284741,0.588245306251043,0.714177405635299
