"","bcubed.precision","bcubed.recall","bcubed.f1"
"majority-vote",0.986666666666667,0.441378960022273,0.609915956581458
