"","bcubed.precision","bcubed.recall","bcubed.f1"
"majority-vote",0.973856209150327,0.114984007077719,0.205682868021783
