"","bcubed.precision","bcubed.recall","bcubed.f1"
"majority-vote",0.981481481481482,0.417347784885098,0.585659925840721
