"","bcubed.precision","bcubed.recall","bcubed.f1"
"majority-vote",0.425559947299078,0.639199075856758,0.510946644488608
