"","bcubed.precision","bcubed.recall","bcubed.f1"
"majority-vote",0.996462264150943,0.254868358010556,0.405914626535615
