"","bcubed.precision","bcubed.recall","bcubed.f1"
"majority-vote",0.956460674157303,0.229206085282317,0.369794641040108
