"","bcubed.precision","bcubed.recall","bcubed.f1"
"majority-vote",0.870605397520058,0.407237987822986,0.554909301625754
