"","bcubed.precision","bcubed.recall","bcubed.f1"
"majority-vote",0.961904761904762,0.332824595454147,0.494536655752408
