"","bcubed.precision","bcubed.recall","bcubed.f1"
"majority-vote",0.91675008341675,0.278377918655907,0.427072212694534
