"","bcubed.precision","bcubed.recall","bcubed.f1"
"majority-vote",0.995959595959596,0.584814026880034,0.736919105313326
