"","bcubed.precision","bcubed.recall","bcubed.f1"
"majority-vote",0.990283687943262,0.554164410758298,0.710648647726006
