"","bcubed.precision","bcubed.recall","bcubed.f1"
"majority-vote",0.970930232558139,0.182913466461854,0.307834093440321
