"","bcubed.precision","bcubed.recall","bcubed.f1"
"majority-vote",0.992592592592593,0.2978597883847,0.458216705924389
