"","bcubed.precision","bcubed.recall","bcubed.f1"
"majority-vote",0.954022988505747,0.444776714374943,0.606701887899876
