"","bcubed.precision","bcubed.recall","bcubed.f1"
"majority-vote",0.993535162409335,0.230864561407275,0.374668590739886
