"","bcubed.precision","bcubed.recall","bcubed.f1"
"majority-vote",0.981884057971015,0.442426731764967,0.609995736704016
