"","bcubed.precision","bcubed.recall","bcubed.f1"
"majority-vote",0.890721586106202,0.336368843477861,0.488327481913237
