"","bcubed.precision","bcubed.recall","bcubed.f1"
"majority-vote",0.993846153846154,0.360788708984265,0.529395013540293
