"","bcubed.precision","bcubed.recall","bcubed.f1"
"majority-vote",0.989491886139931,0.176957649258067,0.300224146553428
