"","bcubed.precision","bcubed.recall","bcubed.f1"
"majority-vote",0.900875979714154,0.190147187045805,0.314015391494373
