"","bcubed.precision","bcubed.recall","bcubed.f1"
"majority-vote",0.844067177802118,0.575774646240069,0.684572707286904
