"","bcubed.precision","bcubed.recall","bcubed.f1"
"majority-vote",0.967164179104478,0.152929062374551,0.264098568932343
