"","bcubed.precision","bcubed.recall","bcubed.f1"
"majority-vote",0.825529807882749,0.699363057324841,0.757227033487459
