"","bcubed.precision","bcubed.recall","bcubed.f1"
"majority-vote",0.998607242339833,0.300515711858546,0.461999636491726
