"","bcubed.precision","bcubed.recall","bcubed.f1"
"majority-vote",0.978629899774361,0.379862872424204,0.547290603787126
