"","bcubed.precision","bcubed.recall","bcubed.f1"
"majority-vote",0.966514459665145,0.509647314048662,0.667381457952637
