"","bcubed.precision","bcubed.recall","bcubed.f1"
"majority-vote",0.915525435662735,0.256026349401296,0.4001507027945
