"","bcubed.precision","bcubed.recall","bcubed.f1"
"majority-vote",0.995327102803738,0.419766355983167,0.590497861976372
