"","bcubed.precision","bcubed.recall","bcubed.f1"
"majority-vote",0.951219512195122,0.240880847002257,0.384414885902567
