"","bcubed.precision","bcubed.recall","bcubed.f1"
"majority-vote",0.938011695906433,0.321767559626166,0.479166064954789
