"","bcubed.precision","bcubed.recall","bcubed.f1"
"majority-vote",0.968306010928962,0.358812443780289,0.52360095645672
