"","bcubed.precision","bcubed.recall","bcubed.f1"
"majority-vote",0.978851963746224,0.151699962919777,0.262689051430226
