"","bcubed.precision","bcubed.recall","bcubed.f1"
"majority-vote",0.962739965095986,0.246282292042638,0.392227361977676
