"","bcubed.precision","bcubed.recall","bcubed.f1"
"majority-vote",0.997422680412371,0.223197563108413,0.364769161971239
