"","bcubed.precision","bcubed.recall","bcubed.f1"
"majority-vote",0.935763888888889,0.589090271140904,0.723019181085032
