"","bcubed.precision","bcubed.recall","bcubed.f1"
"majority-vote",0.970221477607061,0.234777977218075,0.378069276386806
