"","bcubed.precision","bcubed.recall","bcubed.f1"
"majority-vote",0.950276243093923,0.435199229194586,0.59699286892938
