"","bcubed.precision","bcubed.recall","bcubed.f1"
"majority-vote",0.923070794383598,0.329347378592825,0.485478337739766
