"","bcubed.precision","bcubed.recall","bcubed.f1"
"majority-vote",0.985614428889283,0.300091877380998,0.460097119998114
