"","bcubed.precision","bcubed.recall","bcubed.f1"
"majority-vote",0.944638694638695,0.290609839592714,0.44447945804337
