"","bcubed.precision","bcubed.recall","bcubed.f1"
"majority-vote",0.957364341085271,0.425800365453888,0.589439687666132
