"","bcubed.precision","bcubed.recall","bcubed.f1"
"majority-vote",0.903328673772497,0.207210182859913,0.337095633452397
