"","bcubed.precision","bcubed.recall","bcubed.f1"
"majority-vote",0.981094527363184,0.550590157530088,0.705342288397227
