"","bcubed.precision","bcubed.recall","bcubed.f1"
"majority-vote",0.992665036674817,0.132227808813693,0.233369646205677
