"","bcubed.precision","bcubed.recall","bcubed.f1"
"majority-vote",0.595875621104563,0.451853943206773,0.513966119174764
