"","bcubed.precision","bcubed.recall","bcubed.f1"
"majority-vote",0.964640324214792,0.213517322833154,0.349643224808379
