"","bcubed.precision","bcubed.recall","bcubed.f1"
"majority-vote",0.997707659115426,0.351909831995973,0.52030021396844
