"","bcubed.precision","bcubed.recall","bcubed.f1"
"majority-vote",0.996685449121644,0.0926531934843374,0.169545238089738
