"","bcubed.precision","bcubed.recall","bcubed.f1"
"majority-vote",0.98027397260274,0.357636617043863,0.524073686314712
