"","bcubed.precision","bcubed.recall","bcubed.f1"
"majority-vote",0.996177370030581,0.157849269158509,0.272516880411126
