"","bcubed.precision","bcubed.recall","bcubed.f1"
"majority-vote",0.987767584097859,0.330580354684969,0.495372350032059
