"","bcubed.precision","bcubed.recall","bcubed.f1"
"majority-vote",0.942901234567901,0.339646912825419,0.499401904047274
