"","bcubed.precision","bcubed.recall","bcubed.f1"
"majority-vote",0.89713167146053,0.38501349037779,0.538796707951913
