"","bcubed.precision","bcubed.recall","bcubed.f1"
"majority-vote",0.995454545454545,0.247461072802218,0.396384510944551
