"","bcubed.precision","bcubed.recall","bcubed.f1"
"majority-vote",0.992486981617416,0.341649779901986,0.508318140396651
