"","bcubed.precision","bcubed.recall","bcubed.f1"
"majority-vote",0.024390243902439,0.333333333333333,0.0454545454545454
