"","bcubed.precision","bcubed.recall","bcubed.f1"
"majority-vote",0.977659473333967,0.494970184407807,0.657208398948335
