"","bcubed.precision","bcubed.recall","bcubed.f1"
"majority-vote",0.988394584139265,0.40229217171519,0.571837478268947
