"","bcubed.precision","bcubed.recall","bcubed.f1"
"majority-vote",0.978967417733831,0.255864058790362,0.405695160330634
