"","bcubed.precision","bcubed.recall","bcubed.f1"
"majority-vote",0.980714285714286,0.657813666423292,0.787447365982129
