"","bcubed.precision","bcubed.recall","bcubed.f1"
"majority-vote",0.918967010539134,0.296542045278879,0.448392145734688
