"","bcubed.precision","bcubed.recall","bcubed.f1"
"majority-vote",0.941501103752759,0.36841953448726,0.529600631118961
