"","bcubed.precision","bcubed.recall","bcubed.f1"
"majority-vote",0.950744995960865,0.669372179281111,0.785624965418793
