"","bcubed.precision","bcubed.recall","bcubed.f1"
"majority-vote",0.963718820861678,0.405376556346085,0.570696568537945
