"","bcubed.precision","bcubed.recall","bcubed.f1"
"majority-vote",0.988679245283019,0.396417997994138,0.565924521149343
