"","bcubed.precision","bcubed.recall","bcubed.f1"
"majority-vote",0.980019550342131,0.314075377081834,0.475699275684486
