"","bcubed.precision","bcubed.recall","bcubed.f1"
"majority-vote",0.861770917975525,0.414368153549943,0.559641863543445
