"","bcubed.precision","bcubed.recall","bcubed.f1"
"majority-vote",0.996744775692144,0.847304197430484,0.915969200948871
