"","bcubed.precision","bcubed.recall","bcubed.f1"
"majority-vote",0.979166666666667,0.218305515239477,0.357014529275708
