"","bcubed.precision","bcubed.recall","bcubed.f1"
"majority-vote",0.996894409937888,0.505176548411842,0.670551113905801
