"","bcubed.precision","bcubed.recall","bcubed.f1"
"majority-vote",0.976584022038568,0.0788283687633045,0.145881412969045
