"","bcubed.precision","bcubed.recall","bcubed.f1"
"majority-vote",0.980537172491195,0.745261996946058,0.846862258589351
