"","bcubed.precision","bcubed.recall","bcubed.f1"
"majority-vote",0.985815602836879,0.231697737746125,0.375209432863812
