"","bcubed.precision","bcubed.recall","bcubed.f1"
"majority-vote",0.860685610131571,0.440120479789916,0.582416344164328
