"","bcubed.precision","bcubed.recall","bcubed.f1"
"majority-vote",0.982758620689655,0.633078558717608,0.770081811561904
