"","bcubed.precision","bcubed.recall","bcubed.f1"
"majority-vote",0.994202898550725,0.239879321197115,0.386503771985763
