"","bcubed.precision","bcubed.recall","bcubed.f1"
"majority-vote",0.980250626566416,0.279614198183295,0.435113335306418
