"","bcubed.precision","bcubed.recall","bcubed.f1"
"majority-vote",0.986244019138756,0.276514454051447,0.431928563226645
