"","bcubed.precision","bcubed.recall","bcubed.f1"
"majority-vote",0.960432729663499,0.591231483760219,0.731908441141275
