"","bcubed.precision","bcubed.recall","bcubed.f1"
"majority-vote",0.988099173553719,0.164408471585199,0.281910277270194
