"","bcubed.precision","bcubed.recall","bcubed.f1"
"majority-vote",0.990772779700115,0.134924034555031,0.237504555527938
