"","bcubed.precision","bcubed.recall","bcubed.f1"
"majority-vote",0.934217418444336,0.221561726866021,0.358177122919556
