"","bcubed.precision","bcubed.recall","bcubed.f1"
"majority-vote",0.971937980080927,0.342862845663557,0.506907837497506
