"","bcubed.precision","bcubed.recall","bcubed.f1"
"majority-vote",0.977142857142857,0.224072339873258,0.364548645295741
