"","bcubed.precision","bcubed.recall","bcubed.f1"
"majority-vote",0.881714559386973,0.298505709225278,0.446013065329812
