"","bcubed.precision","bcubed.recall","bcubed.f1"
"majority-vote",0.959077380952381,0.348682946682947,0.51142999251571
