"","bcubed.precision","bcubed.recall","bcubed.f1"
"majority-vote",0.968845024640872,0.561190000235016,0.710710710233589
