"","bcubed.precision","bcubed.recall","bcubed.f1"
"majority-vote",0.990291262135922,0.0495394778631773,0.094358649290793
