"","bcubed.precision","bcubed.recall","bcubed.f1"
"majority-vote",0.979166666666667,0.225616250760803,0.366731481676385
