"","bcubed.precision","bcubed.recall","bcubed.f1"
"majority-vote",0.654205607476635,0.611780455153949,0.632282165057467
