"","bcubed.precision","bcubed.recall","bcubed.f1"
"majority-vote",0.968045112781955,0.392826446114718,0.558867909093734
