"","bcubed.precision","bcubed.recall","bcubed.f1"
"majority-vote",0.902690374502455,0.534093679831007,0.671111601513015
