"","bcubed.precision","bcubed.recall","bcubed.f1"
"majority-vote",0.989329268292683,0.311627339334572,0.473962076515624
