"","bcubed.precision","bcubed.recall","bcubed.f1"
"majority-vote",0.986174663183252,0.261556557799593,0.41345515116341
