"","bcubed.precision","bcubed.recall","bcubed.f1"
"majority-vote",0.958580947235729,0.339262970735275,0.501155825205621
