"","bcubed.precision","bcubed.recall","bcubed.f1"
"majority-vote",0.985767880534451,0.317097383365738,0.479841506538792
