"","bcubed.precision","bcubed.recall","bcubed.f1"
"majority-vote",0.959131798581008,0.126503555797218,0.223525482123175
