"","bcubed.precision","bcubed.recall","bcubed.f1"
"majority-vote",0.997357992073976,0.532565943583318,0.694359879938791
