"","bcubed.precision","bcubed.recall","bcubed.f1"
"majority-vote",0.965367965367965,0.461483623502056,0.624453881743406
