"","bcubed.precision","bcubed.recall","bcubed.f1"
"majority-vote",0.985429748822606,0.228328282672836,0.370751791386576
