"","bcubed.precision","bcubed.recall","bcubed.f1"
"majority-vote",0.983116883116883,0.268141583578453,0.421359015580368
