"","bcubed.precision","bcubed.recall","bcubed.f1"
"majority-vote",0.969610636277303,0.50364573943258,0.662939966079253
