"","bcubed.precision","bcubed.recall","bcubed.f1"
"majority-vote",0.99929228591649,0.365044109697697,0.534744604062175
