"","bcubed.precision","bcubed.recall","bcubed.f1"
"majority-vote",0.942047148529742,0.50861456539044,0.660579784286113
