"","bcubed.precision","bcubed.recall","bcubed.f1"
"majority-vote",0.955775577557756,0.237731510600039,0.380756803377089
