"","bcubed.precision","bcubed.recall","bcubed.f1"
"majority-vote",0.713679602762555,0.370371109653555,0.487664097970381
