"","bcubed.precision","bcubed.recall","bcubed.f1"
"majority-vote",0.980108499095841,0.443056656203378,0.610250458576771
