"","bcubed.precision","bcubed.recall","bcubed.f1"
"majority-vote",0.99144067033066,0.159911882445977,0.275403295964784
