"","bcubed.precision","bcubed.recall","bcubed.f1"
"majority-vote",0.980392156862745,0.535900054801396,0.692995989226882
