"","bcubed.precision","bcubed.recall","bcubed.f1"
"majority-vote",0.937436631478499,0.478422398736373,0.633524485594058
