"","bcubed.precision","bcubed.recall","bcubed.f1"
"majority-vote",0.990670484371272,0.312758687962283,0.475424069786936
