"","bcubed.precision","bcubed.recall","bcubed.f1"
"majority-vote",0.864678852389076,0.62270971084031,0.724012449002398
