"","bcubed.precision","bcubed.recall","bcubed.f1"
"majority-vote",0.896580914774864,0.174358100262742,0.291942198083963
