"","bcubed.precision","bcubed.recall","bcubed.f1"
"majority-vote",0.994436717663421,0.296305350922853,0.45656979464621
