"","bcubed.precision","bcubed.recall","bcubed.f1"
"majority-vote",0.995206710605153,0.157885970970545,0.272535209581905
