"","bcubed.precision","bcubed.recall","bcubed.f1"
"majority-vote",0.997950935153231,0.0930383681799283,0.170208316885646
