"","bcubed.precision","bcubed.recall","bcubed.f1"
"majority-vote",0.964241293532338,0.420300072200805,0.585422285416572
