"","bcubed.precision","bcubed.recall","bcubed.f1"
"majority-vote",0.984894259818731,0.313633123749426,0.475762725035539
