"","bcubed.precision","bcubed.recall","bcubed.f1"
"majority-vote",0.958490919303501,0.126724473058408,0.223852808456108
