"","bcubed.precision","bcubed.recall","bcubed.f1"
"majority-vote",0.948312980280019,0.0845977461502966,0.155337995286416
