"","bcubed.precision","bcubed.recall","bcubed.f1"
"majority-vote",0.991335372069317,0.308635697237109,0.470720450598431
