"","bcubed.precision","bcubed.recall","bcubed.f1"
"majority-vote",0.979166666666667,0.249353317102861,0.397483898602481
