"","bcubed.precision","bcubed.recall","bcubed.f1"
"majority-vote",0.991730474732006,0.193184056507024,0.323376093413302
