"","bcubed.precision","bcubed.recall","bcubed.f1"
"majority-vote",0.98252427184466,0.296637536667844,0.455694624052744
