"","bcubed.precision","bcubed.recall","bcubed.f1"
"majority-vote",0.992013888888889,0.452481970554909,0.621487969422244
