"","bcubed.precision","bcubed.recall","bcubed.f1"
"majority-vote",0.990724946695096,0.460642219003653,0.628882544201955
