"","bcubed.precision","bcubed.recall","bcubed.f1"
"majority-vote",0.988602941176471,0.540017449824179,0.698489752362035
