"","bcubed.precision","bcubed.recall","bcubed.f1"
"majority-vote",0.946831364124597,0.435192186091221,0.596304760723896
