"","bcubed.precision","bcubed.recall","bcubed.f1"
"majority-vote",0.9960407239819,0.619287318030873,0.763727704294262
