"","bcubed.precision","bcubed.recall","bcubed.f1"
"majority-vote",0.956998880179171,0.216695009050209,0.353374730676368
