"","bcubed.precision","bcubed.recall","bcubed.f1"
"majority-vote",0.984894815432926,0.259226975393649,0.410428152562039
