{
      "avg_bcuded_f1": 0.468945404247795,
      "avg_bcuded_recall": 0.33441516576943836,
      "avg_bcuded_precision": 0.9606830128968235,
      "avg_bcuded_f1star": 0.4961275898644639
}