"","bcubed.precision","bcubed.recall","bcubed.f1"
"majority-vote",0.571641496200014,0.57496373751049,0.573297803826757
