"","bcubed.precision","bcubed.recall","bcubed.f1"
"majority-vote",0.952142524452725,0.807472142243352,0.873860145055983
