"","bcubed.precision","bcubed.recall","bcubed.f1"
"majority-vote",0.510883371998671,0.775670614198682,0.616028900758954
