"","bcubed.precision","bcubed.recall","bcubed.f1"
"majority-vote",0.557920582760388,0.923859695461219,0.695704143530882
