"","bcubed.precision","bcubed.recall","bcubed.f1"
"majority-vote",0.712316715542522,0.858420302393942,0.778573527425461
