"","bcubed.precision","bcubed.recall","bcubed.f1"
"majority-vote",0.916107382550336,0.844783075946775,0.879000745099092
