"","bcubed.precision","bcubed.recall","bcubed.f1"
"majority-vote",0.489267809974949,0.971502590673575,0.6507866598513
