"","bcubed.precision","bcubed.recall","bcubed.f1"
"majority-vote",0.665298861480076,0.809749079443477,0.730451025613418
