"","bcubed.precision","bcubed.recall","bcubed.f1"
"majority-vote",0.45054833748955,0.623230567603206,0.523004307077605
