"","bcubed.precision","bcubed.recall","bcubed.f1"
"majority-vote",0.458117041135495,0.658887762972756,0.540459112267545
