"","bcubed.precision","bcubed.recall","bcubed.f1"
"majority-vote",0.723334822136096,0.98812873308499,0.835247609232633
