"","bcubed.precision","bcubed.recall","bcubed.f1"
"majority-vote",0.631409346536401,0.896802960886122,0.741061655837664
