"","bcubed.precision","bcubed.recall","bcubed.f1"
"majority-vote",0.421499971364029,0.968616091788902,0.587392183679622
