"","bcubed.precision","bcubed.recall","bcubed.f1"
"majority-vote",0.544080306897218,0.64850578472708,0.59172118282608
