"","bcubed.precision","bcubed.recall","bcubed.f1"
"majority-vote",0.368478583466069,0.968806514365035,0.533894309665019
