"","bcubed.precision","bcubed.recall","bcubed.f1"
"majority-vote",0.752486135016255,0.466080234572837,0.575625461318859
