"","bcubed.precision","bcubed.recall","bcubed.f1"
"majority-vote",0.616055939833114,0.871004192657736,0.721675330785113
