"","bcubed.precision","bcubed.recall","bcubed.f1"
"majority-vote",0.390546705565707,0.997303673744523,0.561290568545409
