"","bcubed.precision","bcubed.recall","bcubed.f1"
"majority-vote",0.951656242642766,0.97882334964993,0.965048638543313
