"","bcubed.precision","bcubed.recall","bcubed.f1"
"majority-vote",0.467192730750837,0.139020979020979,0.214279518174914
