"","bcubed.precision","bcubed.recall","bcubed.f1"
"majority-vote",0.691550911678246,0.60758200408446,0.646852810433527
