"","bcubed.precision","bcubed.recall","bcubed.f1"
"majority-vote",0.846177944862155,0.312695529690859,0.456643570659775
