"","bcubed.precision","bcubed.recall","bcubed.f1"
"majority-vote",0.342660959876668,0.960924600990644,0.505177958438701
