"","bcubed.precision","bcubed.recall","bcubed.f1"
"majority-vote",0.701464138286894,0.880274261603376,0.780762263108211
