"","bcubed.precision","bcubed.recall","bcubed.f1"
"majority-vote",0.421842499402434,0.909158815041168,0.576290680901461
