"","bcubed.precision","bcubed.recall","bcubed.f1"
"majority-vote",0.414932221902933,0.655763564906102,0.508262825690949
