"","bcubed.precision","bcubed.recall","bcubed.f1"
"majority-vote",0.550812823540096,0.767330944917152,0.641289265212977
