"","bcubed.precision","bcubed.recall","bcubed.f1"
"majority-vote",0.686860090331515,0.648501156912305,0.667129683651136
