"","bcubed.precision","bcubed.recall","bcubed.f1"
"majority-vote",0.637308615580656,0.829894409430177,0.720962059287149
