"","bcubed.precision","bcubed.recall","bcubed.f1"
"majority-vote",0.566590766990338,0.800585489779038,0.66356381549092
