"","bcubed.precision","bcubed.recall","bcubed.f1"
"majority-vote",0.622016331658292,0.989999014681249,0.764007063401303
