"","bcubed.precision","bcubed.recall","bcubed.f1"
"majority-vote",0.774992327502235,0.592521614207447,0.671583215182309
