"","bcubed.precision","bcubed.recall","bcubed.f1"
"majority-vote",0.38200083961243,0.703194760299708,0.495064648008706
