"","bcubed.precision","bcubed.recall","bcubed.f1"
"majority-vote",0.537294145931001,0.798645549218944,0.642405611311707
