"","bcubed.precision","bcubed.recall","bcubed.f1"
"majority-vote",0.558157445568461,0.957974114171058,0.705348267505614
