"","bcubed.precision","bcubed.recall","bcubed.f1"
"majority-vote",0.441176936902092,0.959437899550817,0.604422947201642
