"","bcubed.precision","bcubed.recall","bcubed.f1"
"majority-vote",0.688832466006379,0.692902221129416,0.690861350048694
