"","bcubed.precision","bcubed.recall","bcubed.f1"
"majority-vote",0.50874901529276,0.832108385530509,0.631438244656849
