"","bcubed.precision","bcubed.recall","bcubed.f1"
"majority-vote",0.445348320714315,0.83883537507562,0.581807613459684
