"","bcubed.precision","bcubed.recall","bcubed.f1"
"majority-vote",0.738072047496791,0.767629581186682,0.752560701154241
