"","bcubed.precision","bcubed.recall","bcubed.f1"
"majority-vote",0.913179026924894,0.929115677672593,0.921078422817369
