"","bcubed.precision","bcubed.recall","bcubed.f1"
"majority-vote",0.412794612794613,0.884619472789116,0.56291380955104
