"","bcubed.precision","bcubed.recall","bcubed.f1"
"majority-vote",0.669158272886534,0.662284238964081,0.665703511132743
