"","bcubed.precision","bcubed.recall","bcubed.f1"
"majority-vote",0.691456667368126,0.706837320864038,0.699062403713795
