"","bcubed.precision","bcubed.recall","bcubed.f1"
"majority-vote",0.79809008762322,0.955446967519402,0.869708172736481
