"","bcubed.precision","bcubed.recall","bcubed.f1"
"majority-vote",0.895319996695805,0.826504046971475,0.859536842135726
