"","bcubed.precision","bcubed.recall","bcubed.f1"
"majority-vote",0.327374147437842,0.825084619365602,0.468756681990617
