"","bcubed.precision","bcubed.recall","bcubed.f1"
"majority-vote",0.747677127265632,0.861067036018895,0.800376023194778
