"","bcubed.precision","bcubed.recall","bcubed.f1"
"majority-vote",0.987269242803504,0.943536040163991,0.964907357720548
