"","bcubed.precision","bcubed.recall","bcubed.f1"
"majority-vote",0.840577260053482,0.858467433848446,0.84942815922313
