"","bcubed.precision","bcubed.recall","bcubed.f1"
"majority-vote",0.472253944124136,0.863310061601643,0.610530951486479
