"","bcubed.precision","bcubed.recall","bcubed.f1"
"majority-vote",0.41202164775693,0.972014809283803,0.578729182064405
