"","bcubed.precision","bcubed.recall","bcubed.f1"
"majority-vote",0.935893477521982,0.732028192661638,0.821501900384578
