"","bcubed.precision","bcubed.recall","bcubed.f1"
"majority-vote",0.183705611090193,0.952327397688222,0.307997893016103
