"","bcubed.precision","bcubed.recall","bcubed.f1"
"majority-vote",0.747382693309434,0.862139485245803,0.800670085913083
