"","bcubed.precision","bcubed.recall","bcubed.f1"
"majority-vote",0.518270806997513,0.644795959979081,0.574651313261742
