"","bcubed.precision","bcubed.recall","bcubed.f1"
"majority-vote",0.948531323805771,0.470552822485085,0.629045279378153
