"","bcubed.precision","bcubed.recall","bcubed.f1"
"majority-vote",0.382877537941285,0.993590982286634,0.552753170055175
