"","bcubed.precision","bcubed.recall","bcubed.f1"
"majority-vote",0.659351892608196,0.513097052048437,0.577102335929693
