"","bcubed.precision","bcubed.recall","bcubed.f1"
"majority-vote",0.603487292538704,0.934215228986372,0.733284899123731
