"","bcubed.precision","bcubed.recall","bcubed.f1"
"majority-vote",0.741099970938681,0.610095882684715,0.669247229726138
