"","bcubed.precision","bcubed.recall","bcubed.f1"
"majority-vote",0.566286167261197,0.8404015205512,0.676635987016459
