"","bcubed.precision","bcubed.recall","bcubed.f1"
"majority-vote",0.515745183638927,0.797617284802304,0.62643372703071
