"","bcubed.precision","bcubed.recall","bcubed.f1"
"majority-vote",0.884133335229128,0.756407457422448,0.81529828592946
