"","bcubed.precision","bcubed.recall","bcubed.f1"
"majority-vote",0.509420509441744,0.969576235013157,0.667914951719587
