"","bcubed.precision","bcubed.recall","bcubed.f1"
"majority-vote",0.465379656490307,0.945074404761905,0.623655053969503
