"","bcubed.precision","bcubed.recall","bcubed.f1"
"majority-vote",0.662500842767219,0.970510495300548,0.78745812238122
