"","bcubed.precision","bcubed.recall","bcubed.f1"
"majority-vote",0.821324579716515,0.699205571409036,0.755361176689424
