"","bcubed.precision","bcubed.recall","bcubed.f1"
"majority-vote",0.713380090455367,0.928797939993366,0.80695995947062
