"","bcubed.precision","bcubed.recall","bcubed.f1"
"majority-vote",0.854788373883891,0.879834385262726,0.867130561385988
