"","bcubed.precision","bcubed.recall","bcubed.f1"
"majority-vote",0.625441264162194,0.325430072199998,0.428107122319717
