"","bcubed.precision","bcubed.recall","bcubed.f1"
"majority-vote",0.353008470939692,0.985913825757576,0.519874727558854
