"","bcubed.precision","bcubed.recall","bcubed.f1"
"majority-vote",0.974911016636785,0.982661614375723,0.9787709720742
