"","bcubed.precision","bcubed.recall","bcubed.f1"
"majority-vote",0.86219563687544,0.651135227230638,0.741947402580434
