"","bcubed.precision","bcubed.recall","bcubed.f1"
"majority-vote",0.48911779381301,0.807031509410542,0.609086423051352
