"","bcubed.precision","bcubed.recall","bcubed.f1"
"majority-vote",0.796255516878017,0.856835154826958,0.825435326402661
