"","bcubed.precision","bcubed.recall","bcubed.f1"
"majority-vote",0.480851670624502,0.840456013161624,0.611719258087038
