"","bcubed.precision","bcubed.recall","bcubed.f1"
"majority-vote",0.842689378477596,0.702717916031218,0.766364861884042
