"","bcubed.precision","bcubed.recall","bcubed.f1"
"majority-vote",0.807299043625238,0.365694011704198,0.503369435252729
