"","bcubed.precision","bcubed.recall","bcubed.f1"
"majority-vote",0.613741130554358,0.985163043478261,0.756311841452964
