"","bcubed.precision","bcubed.recall","bcubed.f1"
"majority-vote",0.925249129565974,0.464859842081699,0.618816471267665
