"","bcubed.precision","bcubed.recall","bcubed.f1"
"majority-vote",0.838759815757394,0.824919218033262,0.831781945049597
