"","bcubed.precision","bcubed.recall","bcubed.f1"
"majority-vote",0.407157142857143,0.996063241106719,0.578033597557091
