"","bcubed.precision","bcubed.recall","bcubed.f1"
"majority-vote",0.995511412472543,0.648274564366714,0.785217463022365
