"","bcubed.precision","bcubed.recall","bcubed.f1"
"majority-vote",0.616634633433718,0.911077128439829,0.735481293194154
