"","bcubed.precision","bcubed.recall","bcubed.f1"
"majority-vote",0.666127089582967,0.900270482954053,0.765699037283795
