"","bcubed.precision","bcubed.recall","bcubed.f1"
"majority-vote",0.80951383313562,0.856573905109489,0.832379243147779
