"","bcubed.precision","bcubed.recall","bcubed.f1"
"majority-vote",0.952091732551443,0.432303786847125,0.594617442256155
