"","bcubed.precision","bcubed.recall","bcubed.f1"
"majority-vote",0.297791223927588,0.990039483129935,0.457863083714669
