"","bcubed.precision","bcubed.recall","bcubed.f1"
"majority-vote",0.748530289979865,0.778033846278793,0.762996963883262
