"","bcubed.precision","bcubed.recall","bcubed.f1"
"majority-vote",0.769343565525384,0.838955499046408,0.802643027247349
