"","bcubed.precision","bcubed.recall","bcubed.f1"
"majority-vote",0.770971005314391,0.813863901727802,0.791837014336372
