"","bcubed.precision","bcubed.recall","bcubed.f1"
"majority-vote",0.98481308411215,0.693084323666125,0.813587895392489
