"","bcubed.precision","bcubed.recall","bcubed.f1"
"majority-vote",0.469647566732983,0.771119505494505,0.583758881940149
