"","bcubed.precision","bcubed.recall","bcubed.f1"
"majority-vote",0.870623625848389,0.364910159530636,0.514270690059707
