"","bcubed.precision","bcubed.recall","bcubed.f1"
"majority-vote",0.810949378834112,0.629855323938451,0.709021538755866
