"","bcubed.precision","bcubed.recall","bcubed.f1"
"majority-vote",0.421519511064318,0.906613047363718,0.575477328711225
