"","bcubed.precision","bcubed.recall","bcubed.f1"
"majority-vote",0.659275394940585,0.687459882706776,0.673072716219429
