"","bcubed.precision","bcubed.recall","bcubed.f1"
"majority-vote",0.847227917621741,0.473120735867446,0.607174619784508
