"","bcubed.precision","bcubed.recall","bcubed.f1"
"majority-vote",0.823000219394471,0.294889463144001,0.434200434364021
