"","bcubed.precision","bcubed.recall","bcubed.f1"
"majority-vote",0.632590406324939,0.778733633046207,0.698095421894884
