"","bcubed.precision","bcubed.recall","bcubed.f1"
"majority-vote",0.327463324820336,0.982641254700078,0.491226391235892
