"","bcubed.precision","bcubed.recall","bcubed.f1"
"majority-vote",0.717092479092335,0.701735805106528,0.709331035694473
