"","bcubed.precision","bcubed.recall","bcubed.f1"
"majority-vote",0.620195461104552,0.850832266325224,0.717433532892253
