"","bcubed.precision","bcubed.recall","bcubed.f1"
"majority-vote",0.455293047702796,0.967219917012448,0.619141638408329
