"","bcubed.precision","bcubed.recall","bcubed.f1"
"majority-vote",0.708472479901051,0.234479805908377,0.352345483602123
