"","bcubed.precision","bcubed.recall","bcubed.f1"
"majority-vote",0.67883209768073,0.666787450646042,0.672755868316681
