"","bcubed.precision","bcubed.recall","bcubed.f1"
"majority-vote",0.385795188279567,0.812877211527762,0.523252419793649
