"","bcubed.precision","bcubed.recall","bcubed.f1"
"majority-vote",0.87986482680935,0.791195637819266,0.833177766547036
