"","bcubed.precision","bcubed.recall","bcubed.f1"
"majority-vote",0.509436823441583,0.499228130360206,0.504280815834434
