"","bcubed.precision","bcubed.recall","bcubed.f1"
"majority-vote",0.53467985805475,0.756175825011165,0.62642476317898
