"","bcubed.precision","bcubed.recall","bcubed.f1"
"majority-vote",0.578454798884906,0.996383888134058,0.731964545160817
