"","bcubed.precision","bcubed.recall","bcubed.f1"
"majority-vote",0.219483753486114,0.992853628341058,0.359496035141921
