"","bcubed.precision","bcubed.recall","bcubed.f1"
"majority-vote",0.37580364848493,0.973430203676105,0.542261256639813
