"","bcubed.precision","bcubed.recall","bcubed.f1"
"majority-vote",0.844650548497442,0.764960368639742,0.802832769175727
