"","bcubed.precision","bcubed.recall","bcubed.f1"
"majority-vote",0.78013836521901,0.571256081557337,0.659553969088219
