"","bcubed.precision","bcubed.recall","bcubed.f1"
"majority-vote",0.898524949669255,0.847889715903408,0.872473278340653
