"","bcubed.precision","bcubed.recall","bcubed.f1"
"majority-vote",0.345371458998062,0.724730278505593,0.467808143647077
