"","bcubed.precision","bcubed.recall","bcubed.f1"
"majority-vote",0.745444208364561,0.959275980686446,0.838949088089377
