"","bcubed.precision","bcubed.recall","bcubed.f1"
"majority-vote",0.590336343423311,0.871366576598706,0.703835713214311
