"","bcubed.precision","bcubed.recall","bcubed.f1"
"majority-vote",0.732409381663113,0.70641146854504,0.719175548230282
