"","bcubed.precision","bcubed.recall","bcubed.f1"
"majority-vote",0.54378418152572,0.519522060585301,0.531376319091403
