"","bcubed.precision","bcubed.recall","bcubed.f1"
"majority-vote",0.54140393176042,0.945649959250204,0.688581105368271
