"","bcubed.precision","bcubed.recall","bcubed.f1"
"majority-vote",0.683707705446836,0.828236386857076,0.749064204831464
