"","bcubed.precision","bcubed.recall","bcubed.f1"
"majority-vote",0.434661093423199,0.926368621257285,0.591693764633435
