"","bcubed.precision","bcubed.recall","bcubed.f1"
"majority-vote",0.345664317287354,0.677990672847142,0.457883144839864
