"","bcubed.precision","bcubed.recall","bcubed.f1"
"majority-vote",0.829888583113557,0.411288112367249,0.549999544894265
