"","bcubed.precision","bcubed.recall","bcubed.f1"
"majority-vote",0.761796585967417,0.970149253731343,0.853440531950953
