"","bcubed.precision","bcubed.recall","bcubed.f1"
"majority-vote",0.513123687016512,0.97721052631579,0.672909289431578
