"","bcubed.precision","bcubed.recall","bcubed.f1"
"majority-vote",0.638050261426885,0.670341636041922,0.653797469931322
