"","bcubed.precision","bcubed.recall","bcubed.f1"
"majority-vote",0.397455198661529,0.917847889204256,0.554706239968879
