"","bcubed.precision","bcubed.recall","bcubed.f1"
"majority-vote",0.748390812920617,0.48751187510822,0.590417695591552
