"","bcubed.precision","bcubed.recall","bcubed.f1"
"majority-vote",0.826470049459608,0.502735053533992,0.625178858587812
