"","bcubed.precision","bcubed.recall","bcubed.f1"
"majority-vote",0.425745942571785,0.991305355900765,0.595665426621259
