"","bcubed.precision","bcubed.recall","bcubed.f1"
"majority-vote",0.437783893591121,0.795671403648936,0.564807052007416
