"","bcubed.precision","bcubed.recall","bcubed.f1"
"majority-vote",0.837113984877394,0.698675512922952,0.761655218500815
