"","bcubed.precision","bcubed.recall","bcubed.f1"
"majority-vote",0.742051820728291,0.344274146905726,0.47033628055026
