"","bcubed.precision","bcubed.recall","bcubed.f1"
"majority-vote",0.577332890626179,0.870677259953026,0.694291568453568
