"","bcubed.precision","bcubed.recall","bcubed.f1"
"majority-vote",0.882601766685866,0.675733259207836,0.765436646773948
