"","bcubed.precision","bcubed.recall","bcubed.f1"
"majority-vote",0.353994844720805,0.636555179795316,0.454973997174839
