"","bcubed.precision","bcubed.recall","bcubed.f1"
"majority-vote",0.637977725349652,0.682673376529309,0.659569218993998
