"","bcubed.precision","bcubed.recall","bcubed.f1"
"majority-vote",0.807379317525468,0.798100598161462,0.802713145102865
