"","bcubed.precision","bcubed.recall","bcubed.f1"
"majority-vote",0.648160383573032,0.626611232010321,0.637203670878917
