"","bcubed.precision","bcubed.recall","bcubed.f1"
"majority-vote",0.664434984520124,0.277978375660045,0.391969310989609
