"","bcubed.precision","bcubed.recall","bcubed.f1"
"majority-vote",0.8422989708704,0.821914480077745,0.831981883475998
