"","bcubed.precision","bcubed.recall","bcubed.f1"
"majority-vote",0.365428485390074,0.93079594017094,0.524815524096735
