"","bcubed.precision","bcubed.recall","bcubed.f1"
"majority-vote",0.89342095951904,0.694012456862257,0.781192166839344
