"","bcubed.precision","bcubed.recall","bcubed.f1"
"majority-vote",0.558072009291522,0.13716814159292,0.220210815765353
