"","bcubed.precision","bcubed.recall","bcubed.f1"
"majority-vote",0.859322164551108,0.839698605030038,0.849397059487206
