"","bcubed.precision","bcubed.recall","bcubed.f1"
"majority-vote",0.689883010491929,0.962142432730668,0.803578081363514
