"","bcubed.precision","bcubed.recall","bcubed.f1"
"majority-vote",0.865256145976485,0.894596395875096,0.879681690699993
