"","bcubed.precision","bcubed.recall","bcubed.f1"
"majority-vote",0.491726003120105,0.895997711997712,0.634975635172435
