"","bcubed.precision","bcubed.recall","bcubed.f1"
"majority-vote",0.0040650406504065,0.0208333333333333,0.00680272108843537
