"","bcubed.precision","bcubed.recall","bcubed.f1"
"majority-vote",0.497523071500097,0.913348601608799,0.644157807239008
