"","bcubed.precision","bcubed.recall","bcubed.f1"
"majority-vote",0.607400240412945,0.689869108398897,0.646013355173676
