"","bcubed.precision","bcubed.recall","bcubed.f1"
"majority-vote",0.317858552135102,0.619463468065469,0.42013685119175
