"","bcubed.precision","bcubed.recall","bcubed.f1"
"majority-vote",0.311164737063589,0.614349533154665,0.413097706001075
