"","bcubed.precision","bcubed.recall","bcubed.f1"
"majority-vote",0.879365079365079,0.993552222425462,0.932977796821301
