"","bcubed.precision","bcubed.recall","bcubed.f1"
"majority-vote",0.869468621296025,0.382292163493697,0.531077573868838
