"","bcubed.precision","bcubed.recall","bcubed.f1"
"majority-vote",0.873145639834881,0.708909234652447,0.782502575931255
