"","bcubed.precision","bcubed.recall","bcubed.f1"
"majority-vote",0.885168096890452,0.913787235180731,0.899250018616593
