"","bcubed.precision","bcubed.recall","bcubed.f1"
"majority-vote",0.58621396237696,0.993965603942472,0.737481394612259
