"","bcubed.precision","bcubed.recall","bcubed.f1"
"majority-vote",0.481093950448618,0.62224967155569,0.542642467285524
