"","bcubed.precision","bcubed.recall","bcubed.f1"
"majority-vote",0.668701245624323,0.988311933534743,0.797682757545072
