"","bcubed.precision","bcubed.recall","bcubed.f1"
"majority-vote",0.706378277806849,0.898390387230876,0.790897116021961
