"","bcubed.precision","bcubed.recall","bcubed.f1"
"majority-vote",0.865163858755805,0.890775816312489,0.877783050829797
