"","bcubed.precision","bcubed.recall","bcubed.f1"
"majority-vote",0.833137139319823,0.869601346691739,0.850978801834049
