"","bcubed.precision","bcubed.recall","bcubed.f1"
"majority-vote",0.644187816612211,0.552304338121332,0.594718025140861
