"","bcubed.precision","bcubed.recall","bcubed.f1"
"majority-vote",0.816859525828991,0.820228027418805,0.818540311078351
