"","bcubed.precision","bcubed.recall","bcubed.f1"
"majority-vote",0.349955205967444,0.959626548566641,0.512875664757478
