"","bcubed.precision","bcubed.recall","bcubed.f1"
"majority-vote",0.466702415231827,0.814804460597024,0.593475098534053
