"","bcubed.precision","bcubed.recall","bcubed.f1"
"majority-vote",0.850237424690433,0.709356967887436,0.773434226787545
