"","bcubed.precision","bcubed.recall","bcubed.f1"
"majority-vote",0.670366879341388,0.874525603395091,0.758956375544889
