"","bcubed.precision","bcubed.recall","bcubed.f1"
"majority-vote",0.400926157824825,0.701065334167124,0.510122687614826
