"","bcubed.precision","bcubed.recall","bcubed.f1"
"majority-vote",0.45596469270799,0.997474043620654,0.625843985598644
