"","bcubed.precision","bcubed.recall","bcubed.f1"
"majority-vote",0.679233594260818,0.271173271173271,0.387602409758177
