"","bcubed.precision","bcubed.recall","bcubed.f1"
"majority-vote",0.706976974624394,0.403546104930347,0.513807969663276
