"","bcubed.precision","bcubed.recall","bcubed.f1"
"majority-vote",0.451613510010504,0.902212866636512,0.601925810438821
