"","bcubed.precision","bcubed.recall","bcubed.f1"
"majority-vote",0.482691815867127,0.92587005833719,0.634561971185307
