"","bcubed.precision","bcubed.recall","bcubed.f1"
"majority-vote",0.707587306825056,0.287500434314839,0.408871800178817
