"","bcubed.precision","bcubed.recall","bcubed.f1"
"majority-vote",0.898618566492963,0.967661495508273,0.93186291130565
