"","bcubed.precision","bcubed.recall","bcubed.f1"
"majority-vote",0.497898852351625,0.93898267379776,0.650740352845708
