"","bcubed.precision","bcubed.recall","bcubed.f1"
"majority-vote",0.750908286584025,0.921170237534142,0.827370670386145
