"","bcubed.precision","bcubed.recall","bcubed.f1"
"majority-vote",0.354324601647142,0.795436507936508,0.490263101545081
