"","bcubed.precision","bcubed.recall","bcubed.f1"
"majority-vote",0.732196588171577,0.994062297209604,0.843267517532462
