"","bcubed.precision","bcubed.recall","bcubed.f1"
"majority-vote",0.411357534580522,0.94015268584081,0.572306276538798
