"","bcubed.precision","bcubed.recall","bcubed.f1"
"majority-vote",0.426624020820449,0.928736999607535,0.584673023770702
