"","bcubed.precision","bcubed.recall","bcubed.f1"
"majority-vote",0.673445426280478,0.747887950200089,0.708717219713328
