"","bcubed.precision","bcubed.recall","bcubed.f1"
"majority-vote",0.447570300869594,0.907159665479792,0.599407608159216
