"","bcubed.precision","bcubed.recall","bcubed.f1"
"majority-vote",0.695637398349388,0.862200758669949,0.770014638444354
