"","bcubed.precision","bcubed.recall","bcubed.f1"
"majority-vote",0.203289391342635,0.921525672227585,0.333097233636156
