"","bcubed.precision","bcubed.recall","bcubed.f1"
"majority-vote",0.31511190093643,0.801962809917355,0.452446059440792
