"","bcubed.precision","bcubed.recall","bcubed.f1"
"majority-vote",0.5078724483835,0.995991649269311,0.672715996443324
