"","bcubed.precision","bcubed.recall","bcubed.f1"
"majority-vote",0.824127358914047,0.625199195370428,0.711011276447897
