"","bcubed.precision","bcubed.recall","bcubed.f1"
"majority-vote",0.684214834451852,0.573346152989166,0.623893309459852
