"","bcubed.precision","bcubed.recall","bcubed.f1"
"majority-vote",0.97906717605858,0.875433661811371,0.924354786575067
