"","bcubed.precision","bcubed.recall","bcubed.f1"
"majority-vote",0.590113656941382,0.930487522553853,0.722205667175469
