"","bcubed.precision","bcubed.recall","bcubed.f1"
"majority-vote",0.927005154946619,0.881804901549412,0.903840274945192
