"","bcubed.precision","bcubed.recall","bcubed.f1"
"majority-vote",0.953565371880804,0.572240652429332,0.715253265284233
