"","bcubed.precision","bcubed.recall","bcubed.f1"
"majority-vote",0.718400783087646,0.654846420740639,0.685152942821564
