"","bcubed.precision","bcubed.recall","bcubed.f1"
"majority-vote",0.858895630513278,0.957688563724429,0.905605724617259
