"","bcubed.precision","bcubed.recall","bcubed.f1"
"majority-vote",0.402250929091156,0.932094942034405,0.561977317197732
