"","bcubed.precision","bcubed.recall","bcubed.f1"
"majority-vote",0.368146588811532,0.970412629165094,0.533789008911816
