"","bcubed.precision","bcubed.recall","bcubed.f1"
"majority-vote",0.499746339213652,0.857607208029197,0.631502475631947
