"","bcubed.precision","bcubed.recall","bcubed.f1"
"majority-vote",0.58508933528449,0.669764303936501,0.624569972368665
