"","bcubed.precision","bcubed.recall","bcubed.f1"
"majority-vote",0.376610872004248,0.990862668405041,0.545779706235176
