"","bcubed.precision","bcubed.recall","bcubed.f1"
"majority-vote",0.378779549202859,0.967079615351295,0.544351133303589
