"","bcubed.precision","bcubed.recall","bcubed.f1"
"majority-vote",0.707993040494811,0.955527566253441,0.813343536790656
