"","bcubed.precision","bcubed.recall","bcubed.f1"
"majority-vote",0.488825757885803,0.993562044768393,0.655265401767171
