"","bcubed.precision","bcubed.recall","bcubed.f1"
"majority-vote",0.64948759043665,0.953246302700517,0.77258195747236
