"","bcubed.precision","bcubed.recall","bcubed.f1"
"majority-vote",0.339818789296081,0.998662386302836,0.50708855561919
