"","bcubed.precision","bcubed.recall","bcubed.f1"
"majority-vote",0.355942037944522,0.947542866518993,0.517490210732248
