"","bcubed.precision","bcubed.recall","bcubed.f1"
"majority-vote",0.807555252201178,0.806534571207189,0.8070445889868
