"","bcubed.precision","bcubed.recall","bcubed.f1"
"majority-vote",0.375130990202765,0.993522178304787,0.544624404650733
