"","bcubed.precision","bcubed.recall","bcubed.f1"
"majority-vote",0.893886044446269,0.994623655913978,0.941568057953882
