"","bcubed.precision","bcubed.recall","bcubed.f1"
"majority-vote",0.94815829729789,0.988394891334557,0.967858587852685
