"","bcubed.precision","bcubed.recall","bcubed.f1"
"majority-vote",0.904664278580065,0.99017199017199,0.945488793867229
