{
      "avg_bcuded_f1": 0.6472444901055331,
      "avg_bcuded_recall": 0.7910155324476811,
      "avg_bcuded_precision": 0.6197533505248247,
      "avg_bcuded_f1star": 0.6949891402746267
}