"","bcubed.precision","bcubed.recall","bcubed.f1"
"majority-vote",0.947431865828092,0.273572095531182,0.424553775598019
