"","bcubed.precision","bcubed.recall","bcubed.f1"
"majority-vote",0.920125920738666,0.59350660454408,0.721576474935473
