"","bcubed.precision","bcubed.recall","bcubed.f1"
"majority-vote",0.830154964630304,0.611827956989247,0.704463289237549
