"","bcubed.precision","bcubed.recall","bcubed.f1"
"majority-vote",0.991715604026846,0.503092949050351,0.667543849440832
