"","bcubed.precision","bcubed.recall","bcubed.f1"
"majority-vote",0.954439813060503,0.390077816846702,0.553813189665517
