"","bcubed.precision","bcubed.recall","bcubed.f1"
"majority-vote",0.988271644128415,0.56925977587503,0.722403782568886
