"","bcubed.precision","bcubed.recall","bcubed.f1"
"majority-vote",0.99740932642487,0.285725020739749,0.444201031807004
