"","bcubed.precision","bcubed.recall","bcubed.f1"
"majority-vote",0.971627627627628,0.677709626852743,0.798479989669296
