"","bcubed.precision","bcubed.recall","bcubed.f1"
"majority-vote",0.889606228644133,0.761992611574675,0.820869277612031
