"","bcubed.precision","bcubed.recall","bcubed.f1"
"majority-vote",0.918866493642594,0.432745687247064,0.588386991330505
