"","bcubed.precision","bcubed.recall","bcubed.f1"
"majority-vote",0.786570111915734,0.577635707597549,0.666103276606209
