"","bcubed.precision","bcubed.recall","bcubed.f1"
"majority-vote",0.991575266253378,0.732542041292041,0.842599939641072
