"","bcubed.precision","bcubed.recall","bcubed.f1"
"majority-vote",0.958784738577485,0.567322921285275,0.71284690206251
