"","bcubed.precision","bcubed.recall","bcubed.f1"
"majority-vote",0.946080051105824,0.550408405995019,0.695936424236319
