"","bcubed.precision","bcubed.recall","bcubed.f1"
"majority-vote",0.928895246272978,0.470501039693736,0.624621036257918
