"","bcubed.precision","bcubed.recall","bcubed.f1"
"majority-vote",0.995398773006135,0.26631536949456,0.420206103899505
