"","bcubed.precision","bcubed.recall","bcubed.f1"
"majority-vote",0.976284180935344,0.329596482054487,0.492816595943793
