"","bcubed.precision","bcubed.recall","bcubed.f1"
"majority-vote",0.994219653179191,0.194162957543239,0.324879591079735
