"","bcubed.precision","bcubed.recall","bcubed.f1"
"majority-vote",0.964740740740741,0.443296368933011,0.607464198768462
