"","bcubed.precision","bcubed.recall","bcubed.f1"
"majority-vote",0.98251552795031,0.112365262547564,0.201666914267429
