"","bcubed.precision","bcubed.recall","bcubed.f1"
"majority-vote",0.924914599065084,0.617231081284862,0.740378869974918
