"","bcubed.precision","bcubed.recall","bcubed.f1"
"majority-vote",0.994708994708995,0.346619847037758,0.514095975367404
