"","bcubed.precision","bcubed.recall","bcubed.f1"
"majority-vote",0.946965354679275,0.559312230149176,0.703255906792229
