"","bcubed.precision","bcubed.recall","bcubed.f1"
"majority-vote",0.967165603103103,0.239538784773531,0.383977510266187
