"","bcubed.precision","bcubed.recall","bcubed.f1"
"majority-vote",0.978076062639821,0.664380677968302,0.791271783950445
