"","bcubed.precision","bcubed.recall","bcubed.f1"
"majority-vote",0.967357187696171,0.337703127968729,0.500635172530848
