"","bcubed.precision","bcubed.recall","bcubed.f1"
"majority-vote",0.993345164152618,0.516796866667578,0.679879981983743
