"","bcubed.precision","bcubed.recall","bcubed.f1"
"majority-vote",0.875762823684645,0.579432231108883,0.697425688986839
