"","bcubed.precision","bcubed.recall","bcubed.f1"
"majority-vote",0.812569025753975,0.0893600114557442,0.161013060793771
