"","bcubed.precision","bcubed.recall","bcubed.f1"
"majority-vote",0.99288256227758,0.522879797832359,0.685012700008359
