"","bcubed.precision","bcubed.recall","bcubed.f1"
"majority-vote",0.958904109589041,0.562628750559785,0.709162496867737
