"","bcubed.precision","bcubed.recall","bcubed.f1"
"majority-vote",0.968786221739014,0.154763940311291,0.266891818558441
