"","bcubed.precision","bcubed.recall","bcubed.f1"
"majority-vote",0.993993993993994,0.301729396267969,0.462934002667281
