"","bcubed.precision","bcubed.recall","bcubed.f1"
"majority-vote",0.870783420759628,0.324185188759413,0.472472808706076
