"","bcubed.precision","bcubed.recall","bcubed.f1"
"majority-vote",0.992850759606792,0.696131352265272,0.818427308406013
