"","bcubed.precision","bcubed.recall","bcubed.f1"
"majority-vote",0.994295319105588,0.342127154129424,0.5090836688287
