"","bcubed.precision","bcubed.recall","bcubed.f1"
"majority-vote",0.995729882021483,0.88910637022246,0.939402327467096
