"","bcubed.precision","bcubed.recall","bcubed.f1"
"majority-vote",0.993723849372385,0.733004484317278,0.843681109009819
