"","bcubed.precision","bcubed.recall","bcubed.f1"
"majority-vote",0.989150090415913,0.820176004698019,0.896772750246464
