"","bcubed.precision","bcubed.recall","bcubed.f1"
"majority-vote",0.978998819580456,0.490030371003566,0.653137674657562
