"","bcubed.precision","bcubed.recall","bcubed.f1"
"majority-vote",0.953040337146297,0.756705391050243,0.843600015035737
