"","bcubed.precision","bcubed.recall","bcubed.f1"
"majority-vote",0.937675546458146,0.572639458036073,0.711043742715498
