"","bcubed.precision","bcubed.recall","bcubed.f1"
"majority-vote",0.816041118814248,0.694064917023354,0.750126809609501
