"","bcubed.precision","bcubed.recall","bcubed.f1"
"majority-vote",0.975535168195719,0.31145314563124,0.472162013507311
