"","bcubed.precision","bcubed.recall","bcubed.f1"
"majority-vote",0.958011583011583,0.49902086183591,0.656221167200245
