"","bcubed.precision","bcubed.recall","bcubed.f1"
"majority-vote",0.787595645095645,0.616309795080215,0.691503710640458
