"","bcubed.precision","bcubed.recall","bcubed.f1"
"majority-vote",0.945252894930483,0.709760286851196,0.810752413621906
