"","bcubed.precision","bcubed.recall","bcubed.f1"
"majority-vote",0.962250712250712,0.504930670202975,0.662317424213061
