"","bcubed.precision","bcubed.recall","bcubed.f1"
"majority-vote",0.995924718435092,0.742074032639066,0.850460763055543
