"","bcubed.precision","bcubed.recall","bcubed.f1"
"majority-vote",0.91304347826087,0.683923521831372,0.782047357523694
