"","bcubed.precision","bcubed.recall","bcubed.f1"
"majority-vote",0.98993288590604,0.762832191962627,0.861670149396001
