"","bcubed.precision","bcubed.recall","bcubed.f1"
"majority-vote",0.985074626865672,0.395756812754312,0.564659788975824
