"","bcubed.precision","bcubed.recall","bcubed.f1"
"majority-vote",0.532928921568627,0.525996932515337,0.529440237789449
