"","bcubed.precision","bcubed.recall","bcubed.f1"
"majority-vote",0.989247311827957,0.244221217288161,0.391733030865064
