"","bcubed.precision","bcubed.recall","bcubed.f1"
"majority-vote",0.948148148148148,0.684588303443458,0.795096026086828
