"","bcubed.precision","bcubed.recall","bcubed.f1"
"majority-vote",0.887533358245736,0.234979578675272,0.371580955054076
