"","bcubed.precision","bcubed.recall","bcubed.f1"
"majority-vote",0.997474747474748,0.225490965429046,0.367829680629597
