"","bcubed.precision","bcubed.recall","bcubed.f1"
"majority-vote",0.990654205607477,0.220686681797714,0.360962288514472
