"","bcubed.precision","bcubed.recall","bcubed.f1"
"majority-vote",0.99050424128181,0.2263641413494,0.368510917501005
