"","bcubed.precision","bcubed.recall","bcubed.f1"
"majority-vote",0.98268830381615,0.4835898722008,0.648196391419495
