"","bcubed.precision","bcubed.recall","bcubed.f1"
"majority-vote",0.870779220779221,0.629223040978527,0.730551364206012
