"","bcubed.precision","bcubed.recall","bcubed.f1"
"majority-vote",0.962069983223279,0.204065640780227,0.336711139872167
