"","bcubed.precision","bcubed.recall","bcubed.f1"
"majority-vote",0.946512607243506,0.446409942319259,0.606685042950388
