"","bcubed.precision","bcubed.recall","bcubed.f1"
"majority-vote",0.997489539748954,0.916041148387336,0.955031940863136
