"","bcubed.precision","bcubed.recall","bcubed.f1"
"majority-vote",0.883424999422272,0.149045070166578,0.255058514341699
