"","bcubed.precision","bcubed.recall","bcubed.f1"
"majority-vote",0.926864745651645,0.857460971672217,0.890813081601661
