"","bcubed.precision","bcubed.recall","bcubed.f1"
"majority-vote",0.977047511918153,0.796962287389232,0.877864395439371
