"","bcubed.precision","bcubed.recall","bcubed.f1"
"majority-vote",0.968210124548011,0.536926121616163,0.690777739766639
