"","bcubed.precision","bcubed.recall","bcubed.f1"
"majority-vote",0.782295947745918,0.261198290623789,0.391634868310131
