"","bcubed.precision","bcubed.recall","bcubed.f1"
"majority-vote",0.995555555555556,0.512886229304621,0.676998927074253
