"","bcubed.precision","bcubed.recall","bcubed.f1"
"majority-vote",0.921894532211231,0.569036219118112,0.703709918877726
