"","bcubed.precision","bcubed.recall","bcubed.f1"
"majority-vote",0.977366902701285,0.307093615819058,0.467345055460586
