"","bcubed.precision","bcubed.recall","bcubed.f1"
"majority-vote",0.951599651858585,0.810013380094691,0.875116653337006
