"","bcubed.precision","bcubed.recall","bcubed.f1"
"majority-vote",0.991586538461538,0.185505544370946,0.312541054843518
