"","bcubed.precision","bcubed.recall","bcubed.f1"
"majority-vote",0.789558823529412,0.111101992848232,0.194793771794869
