"","bcubed.precision","bcubed.recall","bcubed.f1"
"majority-vote",0.775624188630257,0.812145288653969,0.793464718366492
