"","bcubed.precision","bcubed.recall","bcubed.f1"
"majority-vote",0.993525179856115,0.704825015889107,0.824637230216287
