"","bcubed.precision","bcubed.recall","bcubed.f1"
"majority-vote",0.985622514530437,0.733154278913773,0.840846079232565
