"","bcubed.precision","bcubed.recall","bcubed.f1"
"majority-vote",0.993203883495146,0.0285541707078599,0.0555123849924557
