"","bcubed.precision","bcubed.recall","bcubed.f1"
"majority-vote",0.934346206269877,0.450354849697087,0.607766338411391
