"","bcubed.precision","bcubed.recall","bcubed.f1"
"majority-vote",0.9552008757526,0.68389367472282,0.797093537804057
