"","bcubed.precision","bcubed.recall","bcubed.f1"
"majority-vote",0.99396621078037,0.61868256545389,0.76265777684843
