"","bcubed.precision","bcubed.recall","bcubed.f1"
"majority-vote",0.988197424892704,0.743470094358963,0.848540755730936
