"","bcubed.precision","bcubed.recall","bcubed.f1"
"majority-vote",0.997858672376874,0.715149869290039,0.833175645961271
