"","bcubed.precision","bcubed.recall","bcubed.f1"
"majority-vote",0.991629464285714,0.552585395807618,0.709693934668779
