"","bcubed.precision","bcubed.recall","bcubed.f1"
"majority-vote",0.99512987012987,0.422562631396197,0.593224124484518
