"","bcubed.precision","bcubed.recall","bcubed.f1"
"majority-vote",0.96653886371558,0.661403218694885,0.785374273891394
