"","bcubed.precision","bcubed.recall","bcubed.f1"
"majority-vote",0.995412844036697,0.229178432802316,0.372576809752363
