"","bcubed.precision","bcubed.recall","bcubed.f1"
"majority-vote",0.994392270016449,0.0289323971032013,0.0562287863409937
