"","bcubed.precision","bcubed.recall","bcubed.f1"
"majority-vote",0.996672828096118,0.36485524310076,0.534166448242621
