"","bcubed.precision","bcubed.recall","bcubed.f1"
"majority-vote",0.99746192893401,0.663351211789669,0.79679954721953
