"","bcubed.precision","bcubed.recall","bcubed.f1"
"majority-vote",0.963078483580576,0.703871125452234,0.813321689466077
