"","bcubed.precision","bcubed.recall","bcubed.f1"
"majority-vote",0.980929943100996,0.645513022158761,0.778635421741969
