"","bcubed.precision","bcubed.recall","bcubed.f1"
"majority-vote",0.997062070657507,0.742305996884299,0.851027644035043
