"","bcubed.precision","bcubed.recall","bcubed.f1"
"majority-vote",0.997497914929108,0.833175012981787,0.907961575822043
