"","bcubed.precision","bcubed.recall","bcubed.f1"
"majority-vote",0.997858672376874,0.929089414186829,0.962246918663138
