"","bcubed.precision","bcubed.recall","bcubed.f1"
"majority-vote",0.808245405883521,0.670066276002969,0.732697976824164
