"","bcubed.precision","bcubed.recall","bcubed.f1"
"majority-vote",0.919956140350877,0.46948903014875,0.621700410038363
