"","bcubed.precision","bcubed.recall","bcubed.f1"
"majority-vote",0.997472620050548,0.848251160768085,0.916829827502127
