"","bcubed.precision","bcubed.recall","bcubed.f1"
"majority-vote",0.960105300530832,0.569208437001404,0.714699703611861
