"","bcubed.precision","bcubed.recall","bcubed.f1"
"majority-vote",0.986537981009495,0.579275800086426,0.729943222066857
