"","bcubed.precision","bcubed.recall","bcubed.f1"
"majority-vote",0.962809341233879,0.576009316770186,0.720795979356542
