"","bcubed.precision","bcubed.recall","bcubed.f1"
"majority-vote",0.745427642332375,0.801092405735339,0.772258237510437
