"","bcubed.precision","bcubed.recall","bcubed.f1"
"majority-vote",0.929233205309615,0.695618527163877,0.795631774580747
