"","bcubed.precision","bcubed.recall","bcubed.f1"
"majority-vote",0.973072709450499,0.383881689411329,0.550563520686081
