"","bcubed.precision","bcubed.recall","bcubed.f1"
"majority-vote",0.997890486775847,0.67658732267169,0.806412660661029
