"","bcubed.precision","bcubed.recall","bcubed.f1"
"majority-vote",0.957597117794486,0.758911130013349,0.846755163211191
