"","bcubed.precision","bcubed.recall","bcubed.f1"
"majority-vote",0.972067039106145,0.438612391193036,0.604475601280806
