"","bcubed.precision","bcubed.recall","bcubed.f1"
"majority-vote",0.963095007427501,0.498376976082183,0.656850603908118
