"","bcubed.precision","bcubed.recall","bcubed.f1"
"majority-vote",0.829206632147809,0.531464075167216,0.647759275639241
