"","bcubed.precision","bcubed.recall","bcubed.f1"
"majority-vote",0.972026502908856,0.878182109848345,0.922724366611762
