"","bcubed.precision","bcubed.recall","bcubed.f1"
"majority-vote",0.962745098039216,0.399845291135185,0.565025406127669
