"","bcubed.precision","bcubed.recall","bcubed.f1"
"majority-vote",0.936729495917037,0.774917376774519,0.848174907224751
