"","bcubed.precision","bcubed.recall","bcubed.f1"
"majority-vote",0.98797617709855,0.72640104788786,0.837233392829653
