"","bcubed.precision","bcubed.recall","bcubed.f1"
"majority-vote",0.99192425508215,0.38605242594469,0.55579280883402
