"","bcubed.precision","bcubed.recall","bcubed.f1"
"majority-vote",0.938648886586018,0.54722896290709,0.691383692025007
