"","bcubed.precision","bcubed.recall","bcubed.f1"
"majority-vote",0.907243558580457,0.315779337951601,0.468492897560208
