"","bcubed.precision","bcubed.recall","bcubed.f1"
"majority-vote",0.993730407523511,0.680308714716642,0.807679399287278
