"","bcubed.precision","bcubed.recall","bcubed.f1"
"majority-vote",0.743835607807234,0.696020201539364,0.719133966467223
