"","bcubed.precision","bcubed.recall","bcubed.f1"
"majority-vote",0.849535080304311,0.437291482887345,0.577380768562457
