"","bcubed.precision","bcubed.recall","bcubed.f1"
"majority-vote",0.99746835443038,0.467396690396215,0.636527452521617
