"","bcubed.precision","bcubed.recall","bcubed.f1"
"majority-vote",0.974807862076128,0.46819327654469,0.63256843633978
