"","bcubed.precision","bcubed.recall","bcubed.f1"
"majority-vote",0.980808080808081,0.622151308054086,0.761355571032792
