"","bcubed.precision","bcubed.recall","bcubed.f1"
"majority-vote",0.954501862542667,0.203099367830954,0.334931787889195
