"","bcubed.precision","bcubed.recall","bcubed.f1"
"majority-vote",0.99607265586647,0.0860431481027927,0.158403059516346
