"","bcubed.precision","bcubed.recall","bcubed.f1"
"majority-vote",0.996666666666667,0.285311378224455,0.443627473076094
