"","bcubed.precision","bcubed.recall","bcubed.f1"
"majority-vote",0.993333333333333,0.520674421310477,0.68322405471882
