"","bcubed.precision","bcubed.recall","bcubed.f1"
"majority-vote",0.662977739257537,0.506877143860088,0.57451273276241
