"","bcubed.precision","bcubed.recall","bcubed.f1"
"majority-vote",0.934871099050203,0.339650359401653,0.49827219884131
