"","bcubed.precision","bcubed.recall","bcubed.f1"
"majority-vote",0.94570749915168,0.616423939926462,0.746360681389396
