"","bcubed.precision","bcubed.recall","bcubed.f1"
"majority-vote",0.970552117103841,0.532630059211883,0.687801172401155
