"","bcubed.precision","bcubed.recall","bcubed.f1"
"majority-vote",0.94247311827957,0.433018443544759,0.59339984931484
