"","bcubed.precision","bcubed.recall","bcubed.f1"
"majority-vote",0.989130434782609,0.520505026888006,0.682081703330576
