"","bcubed.precision","bcubed.recall","bcubed.f1"
"majority-vote",0.994891443167305,0.201389974728213,0.334973292403473
