"","bcubed.precision","bcubed.recall","bcubed.f1"
"majority-vote",0.997340425531915,0.356196313176791,0.524919601215336
