"","bcubed.precision","bcubed.recall","bcubed.f1"
"majority-vote",0.993224932249323,0.401559437266726,0.571900364802203
