"","bcubed.precision","bcubed.recall","bcubed.f1"
"majority-vote",0.549126637554585,0.385269110715539,0.452830680603031
