"","bcubed.precision","bcubed.recall","bcubed.f1"
"majority-vote",0.903930612286482,0.240274755103251,0.37963762920103
