"","bcubed.precision","bcubed.recall","bcubed.f1"
"majority-vote",0.952380952380952,0.51087814893785,0.665023190489683
