"","bcubed.precision","bcubed.recall","bcubed.f1"
"majority-vote",0.829253898811081,0.751171583722092,0.788283878439127
