"","bcubed.precision","bcubed.recall","bcubed.f1"
"majority-vote",0.979272254710851,0.896927331010111,0.936292765902665
