"","bcubed.precision","bcubed.recall","bcubed.f1"
"majority-vote",0.621952067274747,0.398792698819908,0.485978379088974
