"","bcubed.precision","bcubed.recall","bcubed.f1"
"majority-vote",0.994328922495274,0.624652579669185,0.76728501918765
