"","bcubed.precision","bcubed.recall","bcubed.f1"
"majority-vote",0.940315512708151,0.534171469378645,0.681307770370372
