"","bcubed.precision","bcubed.recall","bcubed.f1"
"majority-vote",0.962280701754386,0.498565216924249,0.656824488712877
