"","bcubed.precision","bcubed.recall","bcubed.f1"
"majority-vote",0.989764585465711,0.656657746616143,0.789513807858217
