"","bcubed.precision","bcubed.recall","bcubed.f1"
"majority-vote",0.9957805907173,0.763414011437909,0.864251009342779
