"","bcubed.precision","bcubed.recall","bcubed.f1"
"majority-vote",0.967078189300411,0.419366347937776,0.58503609415934
