"","bcubed.precision","bcubed.recall","bcubed.f1"
"majority-vote",0.970382695507488,0.829336355701064,0.894332532388465
