"","bcubed.precision","bcubed.recall","bcubed.f1"
"majority-vote",0.848964173581521,0.822984670537251,0.835772581380826
