"","bcubed.precision","bcubed.recall","bcubed.f1"
"majority-vote",0.938823529411765,0.772342188361112,0.84748427537984
