"","bcubed.precision","bcubed.recall","bcubed.f1"
"majority-vote",0.979862931636192,0.655974999695712,0.785854850252248
