"","bcubed.precision","bcubed.recall","bcubed.f1"
"majority-vote",0.909090909090909,0.331034935644865,0.48533921273185
