"","bcubed.precision","bcubed.recall","bcubed.f1"
"majority-vote",0.974113924050633,0.522666608336158,0.680309250153985
