"","bcubed.precision","bcubed.recall","bcubed.f1"
"majority-vote",0.996282527881041,0.276194678179358,0.432491726929622
