"","bcubed.precision","bcubed.recall","bcubed.f1"
"majority-vote",0.974576271186441,0.593593732337742,0.737805677906448
