"","bcubed.precision","bcubed.recall","bcubed.f1"
"majority-vote",0.627450980392157,0.627647285329226,0.627549117509053
