"","bcubed.precision","bcubed.recall","bcubed.f1"
"majority-vote",0.988888888888889,0.357126807601341,0.524746825586353
