"","bcubed.precision","bcubed.recall","bcubed.f1"
"majority-vote",0.868566618566619,0.503541927874821,0.637500160953069
