"","bcubed.precision","bcubed.recall","bcubed.f1"
"majority-vote",0.846332655347529,0.417768543750943,0.559403252216776
