"","bcubed.precision","bcubed.recall","bcubed.f1"
"majority-vote",0.980555555555556,0.728476367484061,0.835925344164409
