"","bcubed.precision","bcubed.recall","bcubed.f1"
"majority-vote",0.954867458866545,0.648187538691478,0.772192081846387
