"","bcubed.precision","bcubed.recall","bcubed.f1"
"majority-vote",0.893756845564075,0.470169912700562,0.616187893533294
