"","bcubed.precision","bcubed.recall","bcubed.f1"
"majority-vote",0.987341772151899,0.390174153332048,0.559318745971508
