"","bcubed.precision","bcubed.recall","bcubed.f1"
"majority-vote",0.994949494949495,0.813860212117455,0.895339961790441
