"","bcubed.precision","bcubed.recall","bcubed.f1"
"majority-vote",0.989469608981804,0.332205836658172,0.497410435192687
