"","bcubed.precision","bcubed.recall","bcubed.f1"
"majority-vote",0.817572085535302,0.698452245670839,0.75333231450924
