"","bcubed.precision","bcubed.recall","bcubed.f1"
"majority-vote",0.966236198892635,0.666833118710408,0.789088731229329
