"","bcubed.precision","bcubed.recall","bcubed.f1"
"majority-vote",0.989177489177489,0.324435037092812,0.488612629637238
