"","bcubed.precision","bcubed.recall","bcubed.f1"
"majority-vote",0.98366368286445,0.43016914712633,0.598573973585978
