"","bcubed.precision","bcubed.recall","bcubed.f1"
"majority-vote",0.974713577720259,0.398201832018955,0.565413906186227
