"","bcubed.precision","bcubed.recall","bcubed.f1"
"majority-vote",0.997130559540889,0.189469636387141,0.31843238387292
