"","bcubed.precision","bcubed.recall","bcubed.f1"
"majority-vote",0.982140274765004,0.617923430309085,0.758579156196031
