"","bcubed.precision","bcubed.recall","bcubed.f1"
"majority-vote",0.988789237668161,0.503701849540981,0.667414327747844
