"","bcubed.precision","bcubed.recall","bcubed.f1"
"majority-vote",0.947321605409841,0.492911417395415,0.648430674561756
