"","bcubed.precision","bcubed.recall","bcubed.f1"
"majority-vote",0.962263957879853,0.257944188505858,0.406832877618396
