"","bcubed.precision","bcubed.recall","bcubed.f1"
"majority-vote",0.992020373514431,0.590752105350964,0.740520993421366
