"","bcubed.precision","bcubed.recall","bcubed.f1"
"majority-vote",0.942322179012133,0.618460702436112,0.746790913303974
