"","bcubed.precision","bcubed.recall","bcubed.f1"
"majority-vote",0.988571428571429,0.312794628092521,0.475223448098189
