"","bcubed.precision","bcubed.recall","bcubed.f1"
"majority-vote",0.989861853832442,0.161490257795868,0.277678816659525
