"","bcubed.precision","bcubed.recall","bcubed.f1"
"majority-vote",0.937034839823104,0.54152680678535,0.686382587861624
