"","bcubed.precision","bcubed.recall","bcubed.f1"
"majority-vote",0.948630136986301,0.507249100412507,0.661032551669919
