"","bcubed.precision","bcubed.recall","bcubed.f1"
"majority-vote",0.990252817544928,0.864477944710995,0.923100794871477
