"","bcubed.precision","bcubed.recall","bcubed.f1"
"majority-vote",0.772718124014954,0.496045825478587,0.604215779999532
