"","bcubed.precision","bcubed.recall","bcubed.f1"
"majority-vote",0.993086419753086,0.780752019376914,0.874210650230686
