"","bcubed.precision","bcubed.recall","bcubed.f1"
"majority-vote",0.911926994906621,0.294898136125901,0.445674462961792
