"","bcubed.precision","bcubed.recall","bcubed.f1"
"majority-vote",0.954203109815355,0.543815923607752,0.692796064530461
