"","bcubed.precision","bcubed.recall","bcubed.f1"
"majority-vote",0.956684981305982,0.299139161712739,0.455767545037192
