"","bcubed.precision","bcubed.recall","bcubed.f1"
"majority-vote",0.968484619739573,0.548152349585107,0.700071448322498
