"","bcubed.precision","bcubed.recall","bcubed.f1"
"majority-vote",0.949965493443754,0.45592892990434,0.616144062710491
