"","bcubed.precision","bcubed.recall","bcubed.f1"
"majority-vote",0.978260869565217,0.441249850171708,0.608177812428913
