"","bcubed.precision","bcubed.recall","bcubed.f1"
"majority-vote",0.923069993389945,0.375854180926133,0.534195487562995
