"","bcubed.precision","bcubed.recall","bcubed.f1"
"majority-vote",0.976905311778291,0.490938865620386,0.653476428857613
