"","bcubed.precision","bcubed.recall","bcubed.f1"
"majority-vote",0.938713729815853,0.521762239188886,0.670720214533679
