"","bcubed.precision","bcubed.recall","bcubed.f1"
"majority-vote",0.909540576794098,0.400311340306732,0.555939801448221
