"","bcubed.precision","bcubed.recall","bcubed.f1"
"majority-vote",0.955847990940237,0.649619678364484,0.773528706073345
