"","bcubed.precision","bcubed.recall","bcubed.f1"
"majority-vote",0.94760101010101,0.519309641860871,0.670931580630915
