"","bcubed.precision","bcubed.recall","bcubed.f1"
"majority-vote",0.960488505747127,0.151907601023357,0.262326528887535
