"","bcubed.precision","bcubed.recall","bcubed.f1"
"majority-vote",0.992682926829268,0.533682015279551,0.694168229770672
