"","bcubed.precision","bcubed.recall","bcubed.f1"
"majority-vote",0.99625468164794,0.485770193858429,0.653094071273445
