"","bcubed.precision","bcubed.recall","bcubed.f1"
"majority-vote",0.936821040594626,0.481333644882232,0.635929903401409
