"","bcubed.precision","bcubed.recall","bcubed.f1"
"majority-vote",0.976348588809507,0.447683062973624,0.613883443139621
