"","bcubed.precision","bcubed.recall","bcubed.f1"
"majority-vote",0.891696862708662,0.515554356758573,0.653356268046361
