"","bcubed.precision","bcubed.recall","bcubed.f1"
"majority-vote",0.851610653709452,0.671524648519314,0.750921528863167
