"","bcubed.precision","bcubed.recall","bcubed.f1"
"majority-vote",0.997424299535117,0.336278059882289,0.502978653308579
