"","bcubed.precision","bcubed.recall","bcubed.f1"
"majority-vote",0.992917847025496,0.259548627101819,0.411524730352446
