"","bcubed.precision","bcubed.recall","bcubed.f1"
"majority-vote",0.947049441786284,0.61425343077124,0.74518324272894
