"","bcubed.precision","bcubed.recall","bcubed.f1"
"majority-vote",0.964005768380899,0.596718580914632,0.737145101069792
