"","bcubed.precision","bcubed.recall","bcubed.f1"
"majority-vote",0.959656084656085,0.960884353741497,0.960269826433058
