"","bcubed.precision","bcubed.recall","bcubed.f1"
"majority-vote",0.97940074906367,0.620564692982456,0.759743315920897
