"","bcubed.precision","bcubed.recall","bcubed.f1"
"majority-vote",0.989583333333333,0.41682181936959,0.586573399030986
