"","bcubed.precision","bcubed.recall","bcubed.f1"
"majority-vote",0.980339105339105,0.419040836891579,0.587120204801565
