"","bcubed.precision","bcubed.recall","bcubed.f1"
"majority-vote",0.799540427594588,0.657042512433387,0.721321164627568
