"","bcubed.precision","bcubed.recall","bcubed.f1"
"majority-vote",0.863203832271221,0.640933415994178,0.735645874809477
