"","bcubed.precision","bcubed.recall","bcubed.f1"
"majority-vote",0.975218965250525,0.430177179897853,0.597008815916571
