"","bcubed.precision","bcubed.recall","bcubed.f1"
"majority-vote",0.973732227144643,0.851503545015975,0.908525305011392
