"","bcubed.precision","bcubed.recall","bcubed.f1"
"majority-vote",0.851380913651364,0.481791864149832,0.615356695425783
