"","bcubed.precision","bcubed.recall","bcubed.f1"
"majority-vote",0.973684210526316,0.868877938389711,0.918300346050661
