"","bcubed.precision","bcubed.recall","bcubed.f1"
"majority-vote",0.999222999222999,0.36483801344429,0.534513530756976
