"","bcubed.precision","bcubed.recall","bcubed.f1"
"majority-vote",0.731188820894386,0.528827645032264,0.613758427264879
