"","bcubed.precision","bcubed.recall","bcubed.f1"
"majority-vote",0.988864142538975,0.421989131992499,0.591542619918581
