"","bcubed.precision","bcubed.recall","bcubed.f1"
"majority-vote",0.986366734832992,0.492403064469402,0.656883854608833
