"","bcubed.precision","bcubed.recall","bcubed.f1"
"majority-vote",0.984227067722575,0.19448581451438,0.324791907881505
