"","bcubed.precision","bcubed.recall","bcubed.f1"
"majority-vote",0.985238330859311,0.76287402329813,0.859913526247506
