"","bcubed.precision","bcubed.recall","bcubed.f1"
"majority-vote",0.983735429655733,0.427141046756405,0.595649283519228
