"","bcubed.precision","bcubed.recall","bcubed.f1"
"majority-vote",0.862312034011104,0.45182922563719,0.592961792690599
