"","bcubed.precision","bcubed.recall","bcubed.f1"
"majority-vote",0.995154840032814,0.628816625201629,0.770666137255266
