"","bcubed.precision","bcubed.recall","bcubed.f1"
"majority-vote",0.995789895749799,0.618202233286734,0.762828425692968
