"","bcubed.precision","bcubed.recall","bcubed.f1"
"majority-vote",0.979094076655052,0.691848295392599,0.81078148390323
