"","bcubed.precision","bcubed.recall","bcubed.f1"
"majority-vote",0.993506703278953,0.873943616526636,0.929897660032482
