"","bcubed.precision","bcubed.recall","bcubed.f1"
"majority-vote",0.938837311921922,0.185087440626001,0.309214642410705
