"","bcubed.precision","bcubed.recall","bcubed.f1"
"majority-vote",0.974400258648561,0.608793513523863,0.749382125508529
