"","bcubed.precision","bcubed.recall","bcubed.f1"
"majority-vote",0.998565279770445,0.891042828236309,0.941744933560645
