"","bcubed.precision","bcubed.recall","bcubed.f1"
"majority-vote",0.423474274767378,0.438994071524192,0.431094536663815
