"","bcubed.precision","bcubed.recall","bcubed.f1"
"majority-vote",0.991632837825998,0.590887964199094,0.740519692412465
