"","bcubed.precision","bcubed.recall","bcubed.f1"
"majority-vote",0.983132530120482,0.544460068650806,0.700810419313088
