"","bcubed.precision","bcubed.recall","bcubed.f1"
"majority-vote",0.977777777777778,0.666504329004329,0.7926779948588
