"","bcubed.precision","bcubed.recall","bcubed.f1"
"majority-vote",0.984387545440177,0.971842076680786,0.978074583475588
