"","bcubed.precision","bcubed.recall","bcubed.f1"
"majority-vote",0.980142140468227,0.504963614799275,0.6665331630592
