"","bcubed.precision","bcubed.recall","bcubed.f1"
"majority-vote",0.968149038461539,0.525339037272188,0.681098821028764
