"","bcubed.precision","bcubed.recall","bcubed.f1"
"majority-vote",0.937890805321247,0.520447911674358,0.669423783815644
