"","bcubed.precision","bcubed.recall","bcubed.f1"
"majority-vote",0.993011879804333,0.839286683868923,0.909700705077935
