"","bcubed.precision","bcubed.recall","bcubed.f1"
"majority-vote",0.983134992088494,0.976527914366895,0.979820315221286
