"","bcubed.precision","bcubed.recall","bcubed.f1"
"majority-vote",0.95760293518141,0.775867650867651,0.857208822304344
