"","bcubed.precision","bcubed.recall","bcubed.f1"
"majority-vote",0.989164555348407,0.969431109431109,0.979198422160589
