"","bcubed.precision","bcubed.recall","bcubed.f1"
"majority-vote",0.98038602448396,0.451757513327665,0.618508886614583
