"","bcubed.precision","bcubed.recall","bcubed.f1"
"majority-vote",0.994466876028114,0.471960390398381,0.640125815707496
