"","bcubed.precision","bcubed.recall","bcubed.f1"
"majority-vote",0.990521327014218,0.560721116341994,0.716079200414745
