"","bcubed.precision","bcubed.recall","bcubed.f1"
"majority-vote",0.97022011221407,0.385755753680282,0.552027510277335
