"","bcubed.precision","bcubed.recall","bcubed.f1"
"majority-vote",0.992897727272727,0.384293648694436,0.554119488478625
