"","bcubed.precision","bcubed.recall","bcubed.f1"
"majority-vote",0.982266164469554,0.617282448137688,0.758133460837135
