"","bcubed.precision","bcubed.recall","bcubed.f1"
"majority-vote",0.99468085106383,0.39712416448191,0.567625202514435
