"","bcubed.precision","bcubed.recall","bcubed.f1"
"majority-vote",0.997028655161185,0.786030808046704,0.879045545740942
