"","bcubed.precision","bcubed.recall","bcubed.f1"
"majority-vote",0.993624900389069,0.252567786160045,0.402758969898467
