"","bcubed.precision","bcubed.recall","bcubed.f1"
"majority-vote",0.989526823387583,0.671210210316954,0.79986234275596
