"","bcubed.precision","bcubed.recall","bcubed.f1"
"majority-vote",0.991935483870968,0.267331911260302,0.421159175208369
