"","bcubed.precision","bcubed.recall","bcubed.f1"
"majority-vote",0.99402522046362,0.294566552957087,0.454459804546307
