"","bcubed.precision","bcubed.recall","bcubed.f1"
"majority-vote",0.932392867330092,0.288049623777667,0.440127931638361
