"","bcubed.precision","bcubed.recall","bcubed.f1"
"majority-vote",0.818848319962795,0.6159109511863,0.703027550010764
