"","bcubed.precision","bcubed.recall","bcubed.f1"
"majority-vote",0.821960600556701,0.888863912452862,0.854104099791852
