"","bcubed.precision","bcubed.recall","bcubed.f1"
"majority-vote",0.857142857142857,0.194693448850243,0.317311920236358
