"","bcubed.precision","bcubed.recall","bcubed.f1"
"majority-vote",0.987879334632043,0.486880235283885,0.652281134754943
