"","bcubed.precision","bcubed.recall","bcubed.f1"
"majority-vote",0.976350849794301,0.318172259546915,0.47994161517548
