"","bcubed.precision","bcubed.recall","bcubed.f1"
"majority-vote",0.992248062015504,0.478594492723334,0.645731191779859
