"","bcubed.precision","bcubed.recall","bcubed.f1"
"majority-vote",0.958770570151644,0.923373737373737,0.940739305806852
