"","bcubed.precision","bcubed.recall","bcubed.f1"
"majority-vote",0.988840255789408,0.660475697256247,0.791970703019661
