"","bcubed.precision","bcubed.recall","bcubed.f1"
"majority-vote",0.992657784693183,0.520541369924046,0.682949685153195
