"","bcubed.precision","bcubed.recall","bcubed.f1"
"majority-vote",0.994082840236686,0.463757775920572,0.632460972701067
