{
      "avg_bcuded_f1": 0.6326684916485416,
      "avg_bcuded_recall": 0.5040491797972672,
      "avg_bcuded_precision": 0.9613087286038079,
      "avg_bcuded_f1star": 0.6613358735183219
}