"","bcubed.precision","bcubed.recall","bcubed.f1"
"majority-vote",0.87413959021668,0.200072279400277,0.325617516013928
