"","bcubed.precision","bcubed.recall","bcubed.f1"
"majority-vote",0.967950818451675,0.342402446663386,0.505861644048451
