"","bcubed.precision","bcubed.recall","bcubed.f1"
"majority-vote",0.986317310839515,0.853790028652439,0.91528126322736
