"","bcubed.precision","bcubed.recall","bcubed.f1"
"majority-vote",0.984742475091637,0.570812406949485,0.722704456039361
