"","bcubed.precision","bcubed.recall","bcubed.f1"
"majority-vote",0.913524768820541,0.46624727290495,0.617389567715913
