"","bcubed.precision","bcubed.recall","bcubed.f1"
"majority-vote",0.93684409915994,0.783915813295234,0.853584394438799
