"","bcubed.precision","bcubed.recall","bcubed.f1"
"majority-vote",0.954095990173262,0.748759572217454,0.839047681124002
