"","bcubed.precision","bcubed.recall","bcubed.f1"
"majority-vote",0.910621864987603,0.449339048593147,0.601749592000096
