"","bcubed.precision","bcubed.recall","bcubed.f1"
"majority-vote",0.994464934979816,0.713705587250185,0.831012092976418
