"","bcubed.precision","bcubed.recall","bcubed.f1"
"majority-vote",0.973500320327188,0.471234815491159,0.635060686843636
