"","bcubed.precision","bcubed.recall","bcubed.f1"
"majority-vote",0.901278509892093,0.888117965699823,0.894649841611602
