"","bcubed.precision","bcubed.recall","bcubed.f1"
"majority-vote",0.990923274111788,0.839081969897002,0.908703246158034
