"","bcubed.precision","bcubed.recall","bcubed.f1"
"majority-vote",0.947530429116163,0.499766656925459,0.654384119834968
