"","bcubed.precision","bcubed.recall","bcubed.f1"
"majority-vote",0.89905600693953,0.82609756934177,0.861034046181357
