"","bcubed.precision","bcubed.recall","bcubed.f1"
"majority-vote",0.919722304137701,0.563372684614918,0.698736665569978
