"","bcubed.precision","bcubed.recall","bcubed.f1"
"majority-vote",0.994265970381502,0.677707587446813,0.806019436028548
