"","bcubed.precision","bcubed.recall","bcubed.f1"
"majority-vote",0.899850166046093,0.209398625758988,0.339738730483395
