"","bcubed.precision","bcubed.recall","bcubed.f1"
"majority-vote",0.902867615351445,0.383058406822481,0.53790190779942
