"","bcubed.precision","bcubed.recall","bcubed.f1"
"majority-vote",0.913104667048933,0.89104279852278,0.901938841915749
