"","bcubed.precision","bcubed.recall","bcubed.f1"
"majority-vote",0.956578146894357,0.838959939708405,0.893916704338243
