"","bcubed.precision","bcubed.recall","bcubed.f1"
"majority-vote",0.833943192969046,0.749591922016928,0.789520958461522
