"","bcubed.precision","bcubed.recall","bcubed.f1"
"majority-vote",0.999498138711009,0.804166840075633,0.891255603808879
