"","bcubed.precision","bcubed.recall","bcubed.f1"
"majority-vote",0.949501652412683,0.541885056879521,0.689989730656822
