"","bcubed.precision","bcubed.recall","bcubed.f1"
"majority-vote",0.995628273384409,0.18036105789247,0.305398295510533
