"","bcubed.precision","bcubed.recall","bcubed.f1"
"majority-vote",0.971540263950527,0.413683838743485,0.580282288047499
