"","bcubed.precision","bcubed.recall","bcubed.f1"
"majority-vote",0.970161003890352,0.741409239529911,0.840498758237999
