"","bcubed.precision","bcubed.recall","bcubed.f1"
"majority-vote",0.969624336514396,0.60348731396693,0.743947177838266
