"","bcubed.precision","bcubed.recall","bcubed.f1"
"majority-vote",0.984064914451503,0.843863731328627,0.908587643719783
