"","bcubed.precision","bcubed.recall","bcubed.f1"
"majority-vote",0.99568056109939,0.227146718370346,0.369905997021829
