"","bcubed.precision","bcubed.recall","bcubed.f1"
"majority-vote",0.951611099797587,0.843521355790924,0.894312040972817
