"","bcubed.precision","bcubed.recall","bcubed.f1"
"majority-vote",0.976654157554495,0.262420320050568,0.413686023296266
