"","bcubed.precision","bcubed.recall","bcubed.f1"
"majority-vote",0.998015129832092,0.853782164270602,0.920281631511657
