"","bcubed.precision","bcubed.recall","bcubed.f1"
"majority-vote",0.969518130387529,0.62030069375383,0.756555098925949
