"","bcubed.precision","bcubed.recall","bcubed.f1"
"majority-vote",0.745054311753667,0.56456625239491,0.642373114980677
