"","bcubed.precision","bcubed.recall","bcubed.f1"
"majority-vote",0.995209553599102,0.368804961560424,0.538173482877866
