"","bcubed.precision","bcubed.recall","bcubed.f1"
"majority-vote",0.956758582389818,0.263600325649943,0.413324100352479
