"","bcubed.precision","bcubed.recall","bcubed.f1"
"majority-vote",0.415436883170331,0.938179952118873,0.575871317495668
