"","bcubed.precision","bcubed.recall","bcubed.f1"
"majority-vote",0.972744144975722,0.634515163692079,0.768041481609304
