"","bcubed.precision","bcubed.recall","bcubed.f1"
"majority-vote",0.923685502791772,0.34460728844935,0.50194838083966
