"","bcubed.precision","bcubed.recall","bcubed.f1"
"majority-vote",0.772912542960951,0.765491501198704,0.769184123056146
