"","bcubed.precision","bcubed.recall","bcubed.f1"
"majority-vote",0.8915280186605,0.900895059079828,0.896187063218376
