"","bcubed.precision","bcubed.recall","bcubed.f1"
"majority-vote",0.922719110291789,0.81911801530059,0.867837566666967
