"","bcubed.precision","bcubed.recall","bcubed.f1"
"majority-vote",0.999656144292449,0.647876491060673,0.786210483645588
