"","bcubed.precision","bcubed.recall","bcubed.f1"
"majority-vote",0.999780599023962,0.467967562488547,0.637527475376225
