"","bcubed.precision","bcubed.recall","bcubed.f1"
"majority-vote",0.845439401165367,0.445318022093003,0.583361978234531
