"","bcubed.precision","bcubed.recall","bcubed.f1"
"majority-vote",0.926848189398725,0.425916634404204,0.583634427043387
