"","bcubed.precision","bcubed.recall","bcubed.f1"
"majority-vote",0.946957507881603,0.525409867031992,0.675837874131404
