"","bcubed.precision","bcubed.recall","bcubed.f1"
"majority-vote",0.900375309817496,0.578960901984434,0.704751357179982
