"","bcubed.precision","bcubed.recall","bcubed.f1"
"majority-vote",0.766538004035177,0.86829038484338,0.814247639750551
