"","bcubed.precision","bcubed.recall","bcubed.f1"
"majority-vote",0.9303769636108,0.836709789571276,0.88106088967387
