"","bcubed.precision","bcubed.recall","bcubed.f1"
"majority-vote",0.981165207847933,0.623563287771889,0.762519771441751
