"","bcubed.precision","bcubed.recall","bcubed.f1"
"majority-vote",0.880836140749444,0.766617123972774,0.819767192638966
