"","bcubed.precision","bcubed.recall","bcubed.f1"
"majority-vote",0.994109050028106,0.544676716315507,0.703760152805996
