"","bcubed.precision","bcubed.recall","bcubed.f1"
"majority-vote",0.971629234582787,0.402785898351788,0.569491043482155
