"","bcubed.precision","bcubed.recall","bcubed.f1"
"majority-vote",0.969802959562403,0.895002850777778,0.930902733880628
