"","bcubed.precision","bcubed.recall","bcubed.f1"
"majority-vote",0.950266035902582,0.843134721674108,0.893500558993513
