"","bcubed.precision","bcubed.recall","bcubed.f1"
"majority-vote",0.984299165670485,0.263296184164789,0.415458769434885
