"","bcubed.precision","bcubed.recall","bcubed.f1"
"majority-vote",0.930457985335371,0.538771089863582,0.682403950879515
