"","bcubed.precision","bcubed.recall","bcubed.f1"
"majority-vote",0.998265882529024,0.376053270053877,0.546308546748736
