"","bcubed.precision","bcubed.recall","bcubed.f1"
"majority-vote",0.775208787258917,0.953465238318237,0.855146337775787
