"","bcubed.precision","bcubed.recall","bcubed.f1"
"majority-vote",0.969071835461099,0.388161404758207,0.554298662628413
