"","bcubed.precision","bcubed.recall","bcubed.f1"
"majority-vote",0.981379256389367,0.872012816027698,0.923469245057488
