"","bcubed.precision","bcubed.recall","bcubed.f1"
"majority-vote",0.969870433742779,0.240121381739839,0.384939180048989
