"","bcubed.precision","bcubed.recall","bcubed.f1"
"majority-vote",0.999879016646037,0.370331508924246,0.540481477942383
