"","bcubed.precision","bcubed.recall","bcubed.f1"
"majority-vote",0.857671935991448,0.750562658932945,0.800550530129806
