"","bcubed.precision","bcubed.recall","bcubed.f1"
"majority-vote",0.333354582350566,0.858951334579315,0.48030519572602
