"","bcubed.precision","bcubed.recall","bcubed.f1"
"majority-vote",0.992359981957467,0.534308715414918,0.694619059264739
