"","bcubed.precision","bcubed.recall","bcubed.f1"
"majority-vote",0.980233176636334,0.527290014619316,0.685717034453581
