"","bcubed.precision","bcubed.recall","bcubed.f1"
"majority-vote",0.945010705386798,0.877651164164549,0.910086242090357
