"","bcubed.precision","bcubed.recall","bcubed.f1"
"majority-vote",0.925658702207293,0.466991133082922,0.620794108092173
