"","bcubed.precision","bcubed.recall","bcubed.f1"
"majority-vote",0.99950286432444,0.292185287712863,0.452183495717368
