"","bcubed.precision","bcubed.recall","bcubed.f1"
"majority-vote",0.986592242702624,0.840175771551411,0.90751632637689
