"","bcubed.precision","bcubed.recall","bcubed.f1"
"majority-vote",0.995222418615332,0.373422150027976,0.543074665007837
