"","bcubed.precision","bcubed.recall","bcubed.f1"
"majority-vote",0.84463044715065,0.905324469393062,0.873924927060584
