"","bcubed.precision","bcubed.recall","bcubed.f1"
"majority-vote",0.856732831827125,0.808036032700997,0.831672207793849
