"","bcubed.precision","bcubed.recall","bcubed.f1"
"majority-vote",0.975665093996162,0.0937879936648343,0.17112610681193
