"","bcubed.precision","bcubed.recall","bcubed.f1"
"majority-vote",0.968034860799699,0.807851135673397,0.880718765981128
