"","bcubed.precision","bcubed.recall","bcubed.f1"
"majority-vote",0.92224170477171,0.432373385098256,0.588732209987722
