"","bcubed.precision","bcubed.recall","bcubed.f1"
"majority-vote",0.973427267205046,0.0934470106613043,0.170524062869776
