"","bcubed.precision","bcubed.recall","bcubed.f1"
"majority-vote",0.979991554463152,0.417487421650825,0.585531738659999
