"","bcubed.precision","bcubed.recall","bcubed.f1"
"majority-vote",0.754618113955519,0.352501980448265,0.480533920386851
