"","bcubed.precision","bcubed.recall","bcubed.f1"
"majority-vote",0.776506079574804,0.956657300160335,0.857218907726564
