"","bcubed.precision","bcubed.recall","bcubed.f1"
"majority-vote",0.979749386912056,0.507550605166645,0.668691450127501
