"","bcubed.precision","bcubed.recall","bcubed.f1"
"majority-vote",0.974429009516984,0.794004292192694,0.87501271916285
