"","bcubed.precision","bcubed.recall","bcubed.f1"
"majority-vote",0.769620203869033,0.379877549005048,0.50867683034533
