"","bcubed.precision","bcubed.recall","bcubed.f1"
"majority-vote",0.967631814124412,0.792955098548665,0.871628176950245
