"","bcubed.precision","bcubed.recall","bcubed.f1"
"majority-vote",0.867617098578565,0.530223096813268,0.658202026773907
