"","bcubed.precision","bcubed.recall","bcubed.f1"
"majority-vote",0.802417290747412,0.728051033663734,0.763427414524348
