"","bcubed.precision","bcubed.recall","bcubed.f1"
"majority-vote",0.857701118220689,0.220143738880556,0.350361241254965
