"","bcubed.precision","bcubed.recall","bcubed.f1"
"majority-vote",0.980117688381885,0.339665721945716,0.504495479501993
