"","bcubed.precision","bcubed.recall","bcubed.f1"
"majority-vote",0.770090995746049,0.934555871374388,0.844389621626156
