"","bcubed.precision","bcubed.recall","bcubed.f1"
"majority-vote",0.998274538400507,0.373106732505513,0.543193871854455
