"","bcubed.precision","bcubed.recall","bcubed.f1"
"majority-vote",0.990610572184469,0.359424076740337,0.527466892201892
