"","bcubed.precision","bcubed.recall","bcubed.f1"
"majority-vote",0.989939108741886,0.43896068494518,0.608222285631495
