"","bcubed.precision","bcubed.recall","bcubed.f1"
"majority-vote",0.939854642714452,0.428813987247956,0.588926797842889
