"","bcubed.precision","bcubed.recall","bcubed.f1"
"majority-vote",0.845401667411863,0.444146194091974,0.582346641437737
