"","bcubed.precision","bcubed.recall","bcubed.f1"
"majority-vote",0.899894288541985,0.267088752298428,0.411919684032545
