"","bcubed.precision","bcubed.recall","bcubed.f1"
"majority-vote",0.994341863729619,0.567611649341185,0.722684792546668
