"","bcubed.precision","bcubed.recall","bcubed.f1"
"majority-vote",0.689278581933067,0.552638848423705,0.613441944611704
