"","bcubed.precision","bcubed.recall","bcubed.f1"
"majority-vote",0.971473759328635,0.548794544969279,0.701375537716766
