"","bcubed.precision","bcubed.recall","bcubed.f1"
"majority-vote",0.957166468794376,0.518544744870674,0.672670421914134
