"","bcubed.precision","bcubed.recall","bcubed.f1"
"majority-vote",0.785057380097352,0.794044156431298,0.78952519608071
