"","bcubed.precision","bcubed.recall","bcubed.f1"
"majority-vote",0.972337342434397,0.527115963219505,0.683628537012812
