"","bcubed.precision","bcubed.recall","bcubed.f1"
"majority-vote",0.969412896353478,0.299715958073475,0.457870789062716
