"","bcubed.precision","bcubed.recall","bcubed.f1"
"majority-vote",0.496176923617902,0.588835049228201,0.538549565454215
