"","bcubed.precision","bcubed.recall","bcubed.f1"
"majority-vote",0.875822357373348,0.738759604200541,0.801473314432925
