"","bcubed.precision","bcubed.recall","bcubed.f1"
"majority-vote",0.950876639726938,0.538492216903893,0.6875928249057
