"","bcubed.precision","bcubed.recall","bcubed.f1"
"majority-vote",0.996566935160716,0.687034133234864,0.813346478998308
