"","bcubed.precision","bcubed.recall","bcubed.f1"
"majority-vote",0.902151258611314,0.235206571156984,0.37313130247875
