"","bcubed.precision","bcubed.recall","bcubed.f1"
"majority-vote",0.813075350037601,0.685823565025021,0.744047820160651
