"","bcubed.precision","bcubed.recall","bcubed.f1"
"majority-vote",0.881810944077001,0.69122690059168,0.774973657306447
