"","bcubed.precision","bcubed.recall","bcubed.f1"
"majority-vote",0.959207318041592,0.787542989054492,0.864939877559575
