"","bcubed.precision","bcubed.recall","bcubed.f1"
"majority-vote",0.972551965757539,0.627627304359114,0.76291473088895
