"","bcubed.precision","bcubed.recall","bcubed.f1"
"majority-vote",0.91099883850787,0.647924342765354,0.757264156169811
