"","bcubed.precision","bcubed.recall","bcubed.f1"
"majority-vote",0.96422775525117,0.409442322911472,0.574804180715378
