"","bcubed.precision","bcubed.recall","bcubed.f1"
"majority-vote",0.790525809100433,0.365696857958084,0.500064239802988
