"","bcubed.precision","bcubed.recall","bcubed.f1"
"majority-vote",0.857679681005055,0.847737169310911,0.852679442936196
