"","bcubed.precision","bcubed.recall","bcubed.f1"
"majority-vote",0.970381130501497,0.717062730460234,0.82470790184145
