"","bcubed.precision","bcubed.recall","bcubed.f1"
"majority-vote",0.919845319832723,0.472291199406307,0.62412679125686
