"","bcubed.precision","bcubed.recall","bcubed.f1"
"majority-vote",0.991707348545869,0.278299105096184,0.434629708890301
