"","bcubed.precision","bcubed.recall","bcubed.f1"
"majority-vote",0.975404941901755,0.604409294808385,0.74634574038925
