"","bcubed.precision","bcubed.recall","bcubed.f1"
"majority-vote",0.990282959536749,0.372211160926359,0.541058290790245
