"","bcubed.precision","bcubed.recall","bcubed.f1"
"majority-vote",0.994456426065915,0.48513324888329,0.652131986345181
