"","bcubed.precision","bcubed.recall","bcubed.f1"
"majority-vote",0.830046977984882,0.758572444368266,0.792701834272946
