"","bcubed.precision","bcubed.recall","bcubed.f1"
"majority-vote",0.869902316366392,0.858665138446302,0.864247201736708
