"","bcubed.precision","bcubed.recall","bcubed.f1"
"majority-vote",0.899543207929403,0.704235123883093,0.789996859177446
