"","bcubed.precision","bcubed.recall","bcubed.f1"
"majority-vote",0.848925466794392,0.701755013633666,0.768356486127709
