"","bcubed.precision","bcubed.recall","bcubed.f1"
"majority-vote",0.991761252682181,0.254751989009928,0.405375800742868
