"","bcubed.precision","bcubed.recall","bcubed.f1"
"majority-vote",0.947253207583507,0.716209522108806,0.815686164780987
