"","bcubed.precision","bcubed.recall","bcubed.f1"
"majority-vote",0.96925766461744,0.38359641662392,0.549658343923326
