"","bcubed.precision","bcubed.recall","bcubed.f1"
"majority-vote",0.999801443004318,0.559553830276791,0.717530811015479
