"","bcubed.precision","bcubed.recall","bcubed.f1"
"majority-vote",0.990458499097058,0.387422632806147,0.556979888207604
