"","bcubed.precision","bcubed.recall","bcubed.f1"
"majority-vote",0.879364172141319,0.735693356715972,0.801138495711844
