"","bcubed.precision","bcubed.recall","bcubed.f1"
"majority-vote",0.889623949208451,0.720079454346578,0.795922934007476
