"","bcubed.precision","bcubed.recall","bcubed.f1"
"majority-vote",0.980091237029656,0.344636024511233,0.509953644639737
