"","bcubed.precision","bcubed.recall","bcubed.f1"
"majority-vote",0.973907918023101,0.47414141585695,0.637782247278073
