"","bcubed.precision","bcubed.recall","bcubed.f1"
"majority-vote",0.923737085101838,0.43174578277467,0.588453901317209
