"","bcubed.precision","bcubed.recall","bcubed.f1"
"majority-vote",0.993316619663978,0.582152625788012,0.734082090203364
