"","bcubed.precision","bcubed.recall","bcubed.f1"
"majority-vote",0.97260051863949,0.279667759938711,0.434419705451556
