"","bcubed.precision","bcubed.recall","bcubed.f1"
"majority-vote",0.947502815725782,0.410196816852227,0.572531110185605
