"","bcubed.precision","bcubed.recall","bcubed.f1"
"majority-vote",0.954815113347913,0.571559406533265,0.715071632061322
