"","bcubed.precision","bcubed.recall","bcubed.f1"
"majority-vote",0.909987985334634,0.214751191718813,0.3474956830656
