"","bcubed.precision","bcubed.recall","bcubed.f1"
"majority-vote",0.976772361496806,0.240811141893536,0.386368026648081
