"","bcubed.precision","bcubed.recall","bcubed.f1"
"majority-vote",0.930683990360068,0.805962470558916,0.863844639723967
