"","bcubed.precision","bcubed.recall","bcubed.f1"
"majority-vote",0.97169015118075,0.661507880269592,0.787143603908956
