"","bcubed.precision","bcubed.recall","bcubed.f1"
"majority-vote",0.980679657353549,0.683338838014364,0.805443568548957
