"","bcubed.precision","bcubed.recall","bcubed.f1"
"majority-vote",0.985596350168627,0.83803117751388,0.905843388901724
