"","bcubed.precision","bcubed.recall","bcubed.f1"
"majority-vote",0.978902487253336,0.772744483169172,0.863691724826421
