"","bcubed.precision","bcubed.recall","bcubed.f1"
"majority-vote",0.967346921215331,0.523738245909638,0.679554180906079
