"","bcubed.precision","bcubed.recall","bcubed.f1"
"majority-vote",0.923502686972578,0.929197070030587,0.926341127488827
