"","bcubed.precision","bcubed.recall","bcubed.f1"
"majority-vote",0.94301842190882,0.999637285063172,0.970502772733553
