"","bcubed.precision","bcubed.recall","bcubed.f1"
"majority-vote",0.826023510922624,0.403368807868239,0.542043599556078
