"","bcubed.precision","bcubed.recall","bcubed.f1"
"majority-vote",0.647430110538197,0.884612718428989,0.747661748414792
