"","bcubed.precision","bcubed.recall","bcubed.f1"
"majority-vote",0.982267939609486,0.553466886166927,0.708003450585831
