"","bcubed.precision","bcubed.recall","bcubed.f1"
"majority-vote",0.947867526165811,0.399250279150706,0.561845998807316
