"","bcubed.precision","bcubed.recall","bcubed.f1"
"majority-vote",0.997237070538849,0.135184377865333,0.238093111279406
