"","bcubed.precision","bcubed.recall","bcubed.f1"
"majority-vote",0.911794480892917,0.51453906851164,0.657845961862919
