"","bcubed.precision","bcubed.recall","bcubed.f1"
"majority-vote",0.958757280984541,0.641768772326045,0.768872811415217
