"","bcubed.precision","bcubed.recall","bcubed.f1"
"majority-vote",0.911165497079721,0.379321882727541,0.535650355418858
