"","bcubed.precision","bcubed.recall","bcubed.f1"
"majority-vote",0.967012682924639,0.711393387924085,0.819737774570194
