"","bcubed.precision","bcubed.recall","bcubed.f1"
"majority-vote",0.905628406168536,0.336607758377457,0.490794836640023
