"","bcubed.precision","bcubed.recall","bcubed.f1"
"majority-vote",0.972584825070788,0.769973289246203,0.859499985312364
