"","bcubed.precision","bcubed.recall","bcubed.f1"
"majority-vote",0.839064676781669,0.394369147102098,0.53655285681069
