"","bcubed.precision","bcubed.recall","bcubed.f1"
"majority-vote",0.97358286534639,0.917312905382928,0.944610634458686
