"","bcubed.precision","bcubed.recall","bcubed.f1"
"majority-vote",0.863444397034247,0.135550533336008,0.234316201145489
