"","bcubed.precision","bcubed.recall","bcubed.f1"
"majority-vote",0.81357046555623,0.396346633968384,0.533021503119508
