"","bcubed.precision","bcubed.recall","bcubed.f1"
"majority-vote",0.984459810022571,0.195316596082819,0.325962340116116
