"","bcubed.precision","bcubed.recall","bcubed.f1"
"majority-vote",0.953249138060261,0.48237302423679,0.640588703146668
