"","bcubed.precision","bcubed.recall","bcubed.f1"
"majority-vote",0.991043618319226,0.713033227350525,0.829360520226501
