"","bcubed.precision","bcubed.recall","bcubed.f1"
"majority-vote",0.939688006896529,0.71207089364332,0.810196304797304
