"","bcubed.precision","bcubed.recall","bcubed.f1"
"majority-vote",0.909498432968282,0.34885724109048,0.50428526789734
