"","bcubed.precision","bcubed.recall","bcubed.f1"
"majority-vote",0.878669362405392,0.775452430558762,0.823840536571112
