"","bcubed.precision","bcubed.recall","bcubed.f1"
"majority-vote",0.976156635754485,0.766054476451003,0.858436908475963
