"","bcubed.precision","bcubed.recall","bcubed.f1"
"majority-vote",0.462082344406721,0.415747875257543,0.437692274833266
