"","bcubed.precision","bcubed.recall","bcubed.f1"
"majority-vote",0.917328318066814,0.725392722729292,0.81014763889149
