"","bcubed.precision","bcubed.recall","bcubed.f1"
"majority-vote",0.98479495163954,0.867568025394452,0.922472131223839
