"","bcubed.precision","bcubed.recall","bcubed.f1"
"majority-vote",0.788726845230196,0.776630378648539,0.782631873565043
