"","bcubed.precision","bcubed.recall","bcubed.f1"
"majority-vote",0.83140769639292,0.669738034711311,0.741867155318033
