"","bcubed.precision","bcubed.recall","bcubed.f1"
"majority-vote",0.880615006504311,0.671683593795997,0.762088753033817
