"","bcubed.precision","bcubed.recall","bcubed.f1"
"majority-vote",0.905763005760767,0.379073243557482,0.534465805537935
