"","bcubed.precision","bcubed.recall","bcubed.f1"
"majority-vote",0.985348576006617,0.200227438603259,0.332823571114662
