"","bcubed.precision","bcubed.recall","bcubed.f1"
"majority-vote",0.910145542655739,0.332978804161052,0.48757660515949
