"","bcubed.precision","bcubed.recall","bcubed.f1"
"majority-vote",0.965662675990115,0.403141991345565,0.568816257654201
