"","bcubed.precision","bcubed.recall","bcubed.f1"
"majority-vote",0.767740849864617,0.343961295113952,0.475078937688674
