"","bcubed.precision","bcubed.recall","bcubed.f1"
"majority-vote",0.910226236269239,0.541289876903395,0.678871206338195
