"","bcubed.precision","bcubed.recall","bcubed.f1"
"majority-vote",0.764268785417809,0.590814583258174,0.666440389413152
