"","bcubed.precision","bcubed.recall","bcubed.f1"
"majority-vote",0.950916607624844,0.195359502776266,0.324128879528472
