"","bcubed.precision","bcubed.recall","bcubed.f1"
"majority-vote",0.997302178600395,0.859778053695904,0.923448013878728
