"","bcubed.precision","bcubed.recall","bcubed.f1"
"majority-vote",0.953962944891776,0.236062486725503,0.378470676394017
