"","bcubed.precision","bcubed.recall","bcubed.f1"
"majority-vote",0.977833227235165,0.301464169773192,0.460849342325621
