"","bcubed.precision","bcubed.recall","bcubed.f1"
"majority-vote",0.919775605338961,0.197160690395225,0.324716089986339
