"","bcubed.precision","bcubed.recall","bcubed.f1"
"majority-vote",0.997630124807376,0.988548978722905,0.993068791498843
