"","bcubed.precision","bcubed.recall","bcubed.f1"
"majority-vote",0.990583115365204,0.97622999485546,0.983354183060518
