"","bcubed.precision","bcubed.recall","bcubed.f1"
"majority-vote",0.958079730931496,0.227214580821642,0.367317521561936
