"","bcubed.precision","bcubed.recall","bcubed.f1"
"majority-vote",0.938513407042381,0.64545124428782,0.764871420391345
