"","bcubed.precision","bcubed.recall","bcubed.f1"
"majority-vote",0.967494366809669,0.428817226267054,0.594248809307889
