"","bcubed.precision","bcubed.recall","bcubed.f1"
"majority-vote",0.953753475440222,0.444519634424914,0.606408209158896
