"","bcubed.precision","bcubed.recall","bcubed.f1"
"majority-vote",0.902062975987653,0.342112564452609,0.496082856449155
