"","bcubed.precision","bcubed.recall","bcubed.f1"
"majority-vote",0.917806284684253,0.43307178664711,0.588470589521705
