"","bcubed.precision","bcubed.recall","bcubed.f1"
"majority-vote",0.964117690417169,0.587184245220642,0.729857554285483
