"","bcubed.precision","bcubed.recall","bcubed.f1"
"majority-vote",0.962747192486069,0.219619778170601,0.357652624093059
