"","bcubed.precision","bcubed.recall","bcubed.f1"
"majority-vote",0.972448170686103,0.418065715043782,0.584743876336776
