"","bcubed.precision","bcubed.recall","bcubed.f1"
"majority-vote",0.986999002411804,0.668791245321176,0.797318733888568
