"","bcubed.precision","bcubed.recall","bcubed.f1"
"majority-vote",0.904320240299407,0.701258150289556,0.789948273717291
