"","bcubed.precision","bcubed.recall","bcubed.f1"
"majority-vote",0.992970333080281,0.734860109376413,0.844636452333137
