"","bcubed.precision","bcubed.recall","bcubed.f1"
"majority-vote",0.963028738128407,0.295477460903556,0.452208001101965
