"","bcubed.precision","bcubed.recall","bcubed.f1"
"majority-vote",0.994944024834305,0.745948393205806,0.852639587563265
