"","bcubed.precision","bcubed.recall","bcubed.f1"
"majority-vote",0.978883421073417,0.930377417785458,0.954014256276901
