"","bcubed.precision","bcubed.recall","bcubed.f1"
"majority-vote",0.940872026881775,0.66341334780829,0.778149662223777
