"","bcubed.precision","bcubed.recall","bcubed.f1"
"majority-vote",0.998177127953243,0.911391217143881,0.952812052950343
