"","bcubed.precision","bcubed.recall","bcubed.f1"
"majority-vote",0.947882161430515,0.528151781128221,0.678338942519641
