"","bcubed.precision","bcubed.recall","bcubed.f1"
"majority-vote",0.985845667343079,0.922813589633286,0.953288834327074
