"","bcubed.precision","bcubed.recall","bcubed.f1"
"majority-vote",0.998192820827386,0.700372702106885,0.823173429234409
