"","bcubed.precision","bcubed.recall","bcubed.f1"
"majority-vote",0.988179563352392,0.950408277361143,0.968925954042456
