"","bcubed.precision","bcubed.recall","bcubed.f1"
"majority-vote",0.883063293317366,0.547971842229172,0.676285029800151
