"","bcubed.precision","bcubed.recall","bcubed.f1"
"majority-vote",0.986974845660654,0.735460210773291,0.842854103910719
