"","bcubed.precision","bcubed.recall","bcubed.f1"
"majority-vote",0.954862049473721,0.630724628274385,0.759662047694509
