"","bcubed.precision","bcubed.recall","bcubed.f1"
"majority-vote",0.788370849049072,0.880486118462054,0.831886257841595
