"","bcubed.precision","bcubed.recall","bcubed.f1"
"majority-vote",0.994010533077092,0.56092205762837,0.717153189598931
