"","bcubed.precision","bcubed.recall","bcubed.f1"
"majority-vote",0.795816240482961,0.812138738120395,0.803894643720592
