"","bcubed.precision","bcubed.recall","bcubed.f1"
"majority-vote",0.970682973917798,0.228595202645006,0.370045041197622
