"","bcubed.precision","bcubed.recall","bcubed.f1"
"majority-vote",0.853779375196294,0.632520020707646,0.726680707221149
