"","bcubed.precision","bcubed.recall","bcubed.f1"
"majority-vote",0.879711883254943,0.606780871876093,0.718190306247594
