"","bcubed.precision","bcubed.recall","bcubed.f1"
"majority-vote",0.990962484990576,0.958240714511397,0.974326945404132
