"","bcubed.precision","bcubed.recall","bcubed.f1"
"majority-vote",0.976321600243515,0.248708191542929,0.396429835729568
