"","bcubed.precision","bcubed.recall","bcubed.f1"
"majority-vote",0.94134997545844,0.227796722081357,0.366825547541693
