"","bcubed.precision","bcubed.recall","bcubed.f1"
"majority-vote",0.910621799593774,0.641819940522576,0.752949645904308
