"","bcubed.precision","bcubed.recall","bcubed.f1"
"majority-vote",0.997440926782923,0.415525867408812,0.586655692114279
