"","bcubed.precision","bcubed.recall","bcubed.f1"
"majority-vote",0.97403601087902,0.232993512266513,0.376037316232908
