"","bcubed.precision","bcubed.recall","bcubed.f1"
"majority-vote",0.968134831613039,0.428399934385651,0.593968597756883
