"","bcubed.precision","bcubed.recall","bcubed.f1"
"majority-vote",0.837504096361497,0.820753123797618,0.829044004664178
