"","bcubed.precision","bcubed.recall","bcubed.f1"
"majority-vote",0.852913788917055,0.753584021888202,0.80017812542657
