"","bcubed.precision","bcubed.recall","bcubed.f1"
"majority-vote",0.949228494989698,0.655651798210614,0.775588524938128
