"","bcubed.precision","bcubed.recall","bcubed.f1"
"majority-vote",0.97666494467591,0.204087824061703,0.337624316747283
