"","bcubed.precision","bcubed.recall","bcubed.f1"
"majority-vote",0.999670682057716,0.470163723395896,0.639539921370829
