"","bcubed.precision","bcubed.recall","bcubed.f1"
"majority-vote",0.901960734911319,0.381307410123579,0.536013167930452
