"","bcubed.precision","bcubed.recall","bcubed.f1"
"majority-vote",0.786836570407021,0.63305216041493,0.701616373138326
