"","bcubed.precision","bcubed.recall","bcubed.f1"
"majority-vote",0.987574041368837,0.278821575630119,0.434867187740891
