"","bcubed.precision","bcubed.recall","bcubed.f1"
"majority-vote",0.984964660181681,0.758890885882961,0.857273648858731
