"","bcubed.precision","bcubed.recall","bcubed.f1"
"majority-vote",0.813188422453534,0.692992523507716,0.748294550497961
