"","bcubed.precision","bcubed.recall","bcubed.f1"
"majority-vote",0.976948072637731,0.532194268612546,0.689035289486519
