"","bcubed.precision","bcubed.recall","bcubed.f1"
"majority-vote",0.98583189010141,0.93383968877498,0.959131713535704
