"","bcubed.precision","bcubed.recall","bcubed.f1"
"majority-vote",0.968349222130871,0.282693328879118,0.437628384263478
