"","bcubed.precision","bcubed.recall","bcubed.f1"
"majority-vote",0.973327172642653,0.568375588342435,0.717668046526639
