"","bcubed.precision","bcubed.recall","bcubed.f1"
"majority-vote",0.95429966879922,0.454504753297454,0.615747265889357
