"","bcubed.precision","bcubed.recall","bcubed.f1"
"majority-vote",0.858836619859641,0.477904811920582,0.614093561442049
