"","bcubed.precision","bcubed.recall","bcubed.f1"
"majority-vote",0.936294169928227,0.645547021216328,0.76420049719662
