"","bcubed.precision","bcubed.recall","bcubed.f1"
"majority-vote",0.964752621084722,0.563360488434682,0.711339369379355
