"","bcubed.precision","bcubed.recall","bcubed.f1"
"majority-vote",0.866260578828645,0.256287690893676,0.395549892059663
