"","bcubed.precision","bcubed.recall","bcubed.f1"
"majority-vote",0.922406823272852,0.609896124382136,0.734283448946831
