"","bcubed.precision","bcubed.recall","bcubed.f1"
"majority-vote",0.941868579633797,0.618368437608523,0.746581186812406
