"","bcubed.precision","bcubed.recall","bcubed.f1"
"majority-vote",0.885227049683922,0.714818903157365,0.790948569416566
