"","bcubed.precision","bcubed.recall","bcubed.f1"
"majority-vote",0.946227814850127,0.490698557973168,0.646258058927223
