"","bcubed.precision","bcubed.recall","bcubed.f1"
"majority-vote",0.945834523416406,0.602780689395508,0.736310455124346
