"","bcubed.precision","bcubed.recall","bcubed.f1"
"majority-vote",0.996798161849009,0.790152171894126,0.881526719184445
