"","bcubed.precision","bcubed.recall","bcubed.f1"
"majority-vote",0.859719295672868,0.623480776993588,0.722786445794681
