"","bcubed.precision","bcubed.recall","bcubed.f1"
"majority-vote",0.974566210380311,0.499373250016203,0.660369450591502
