"","bcubed.precision","bcubed.recall","bcubed.f1"
"majority-vote",0.833067904445245,0.534263347605782,0.651016564924153
