"","bcubed.precision","bcubed.recall","bcubed.f1"
"majority-vote",0.827751084035442,0.636082415322872,0.719368574431715
