"","bcubed.precision","bcubed.recall","bcubed.f1"
"majority-vote",0.851811127109655,0.623870550592632,0.720236464138092
