"","bcubed.precision","bcubed.recall","bcubed.f1"
"majority-vote",0.851935683023216,0.623818987922554,0.720246618251337
