"","bcubed.precision","bcubed.recall","bcubed.f1"
"majority-vote",0.999697007953541,0.548220612651109,0.708118441021027
