"","bcubed.precision","bcubed.recall","bcubed.f1"
"majority-vote",0.739580961006747,0.668393695601315,0.702187712546702
