"","bcubed.precision","bcubed.recall","bcubed.f1"
"majority-vote",0.794873641366898,0.308497690212204,0.444486231160832
