"","bcubed.precision","bcubed.recall","bcubed.f1"
"majority-vote",0.871041349888331,0.388748163202336,0.537575081112779
