"","bcubed.precision","bcubed.recall","bcubed.f1"
"majority-vote",0.990032376385193,0.547075478568993,0.704729254182193
