"","bcubed.precision","bcubed.recall","bcubed.f1"
"majority-vote",0.784821920231578,0.358436913772197,0.492118037633545
