"","bcubed.precision","bcubed.recall","bcubed.f1"
"majority-vote",0.295174053799701,0.912080240916305,0.446007810086449
