"","bcubed.precision","bcubed.recall","bcubed.f1"
"majority-vote",0.954016110517713,0.563706721307514,0.708673919186867
