"","bcubed.precision","bcubed.recall","bcubed.f1"
"majority-vote",0.972053605311847,0.604469802559257,0.745408597102044
