"","bcubed.precision","bcubed.recall","bcubed.f1"
"majority-vote",0.891667160091585,0.653338656015596,0.754120946230879
