"","bcubed.precision","bcubed.recall","bcubed.f1"
"majority-vote",0.550545570379108,0.37358925546268,0.445125330167829
