"","bcubed.precision","bcubed.recall","bcubed.f1"
"majority-vote",0.999379943883484,0.513060914549502,0.678033504758043
