"","bcubed.precision","bcubed.recall","bcubed.f1"
"majority-vote",0.994870416148714,0.550395078555082,0.708708998841988
