"","bcubed.precision","bcubed.recall","bcubed.f1"
"majority-vote",0.95571654388155,0.400114715679945,0.564076466786082
