"","bcubed.precision","bcubed.recall","bcubed.f1"
"majority-vote",0.976995405128951,0.656923411173486,0.785609600470301
