"","bcubed.precision","bcubed.recall","bcubed.f1"
"majority-vote",0.985366899927068,0.647857675263162,0.781738799140546
