"","bcubed.precision","bcubed.recall","bcubed.f1"
"majority-vote",0.981648472650902,0.291108448859869,0.449050654322677
