"","bcubed.precision","bcubed.recall","bcubed.f1"
"majority-vote",0.981881050425135,0.649461950428725,0.781802946117816
