"","bcubed.precision","bcubed.recall","bcubed.f1"
"majority-vote",0.998980321184743,0.536713698035104,0.698272462791435
