"","bcubed.precision","bcubed.recall","bcubed.f1"
"majority-vote",0.974731394316779,0.617635473674622,0.756143196063559
