"","bcubed.precision","bcubed.recall","bcubed.f1"
"majority-vote",0.938165019700185,0.702413947005471,0.803350777748089
