"","bcubed.precision","bcubed.recall","bcubed.f1"
"majority-vote",0.886666194891154,0.906971328126277,0.896703827908586
