"","bcubed.precision","bcubed.recall","bcubed.f1"
"majority-vote",0.970700742974051,0.849774361893049,0.906221241086514
