"","bcubed.precision","bcubed.recall","bcubed.f1"
"majority-vote",0.888337963458313,0.984479616836976,0.933941059811376
