"","bcubed.precision","bcubed.recall","bcubed.f1"
"majority-vote",0.98642382583848,0.624090752486324,0.764498497589905
