"","bcubed.precision","bcubed.recall","bcubed.f1"
"majority-vote",0.893473657097307,0.981483076168664,0.935412810210309
