"","bcubed.precision","bcubed.recall","bcubed.f1"
"majority-vote",0.915626514229702,0.690734099471116,0.787437702797317
