"","bcubed.precision","bcubed.recall","bcubed.f1"
"majority-vote",0.919931337226788,0.394965748851816,0.55265369943684
