"","bcubed.precision","bcubed.recall","bcubed.f1"
"majority-vote",0.968753580396127,0.755010219842835,0.848630019503853
