"","bcubed.precision","bcubed.recall","bcubed.f1"
"majority-vote",0.960134581182485,0.565876094211422,0.71207523705772
