"","bcubed.precision","bcubed.recall","bcubed.f1"
"majority-vote",0.988650919880443,0.808321890426317,0.889438255209944
