"","bcubed.precision","bcubed.recall","bcubed.f1"
"majority-vote",0.930777926251382,0.76871314757529,0.842018225810668
