"","bcubed.precision","bcubed.recall","bcubed.f1"
"majority-vote",0.947535711393556,0.554764391677484,0.699805679902933
