"","bcubed.precision","bcubed.recall","bcubed.f1"
"majority-vote",0.992669216678529,0.644983489640731,0.781918233288018
