"","bcubed.precision","bcubed.recall","bcubed.f1"
"majority-vote",0.986251384627682,0.927857210963512,0.956163575209173
