"","bcubed.precision","bcubed.recall","bcubed.f1"
"majority-vote",0.979650559233598,0.945479716063816,0.962261873361111
