"","bcubed.precision","bcubed.recall","bcubed.f1"
"majority-vote",0.993235671008041,0.798378208845229,0.8852105075738
