"","bcubed.precision","bcubed.recall","bcubed.f1"
"majority-vote",0.846562998202494,0.502344465964455,0.630534337653671
