"","bcubed.precision","bcubed.recall","bcubed.f1"
"majority-vote",0.775502764956626,0.511740331939987,0.61659843943394
