"","bcubed.precision","bcubed.recall","bcubed.f1"
"majority-vote",0.90571360684466,0.589797394838622,0.714387958611624
