"","bcubed.precision","bcubed.recall","bcubed.f1"
"majority-vote",0.651061046993851,0.809606870516587,0.721729409475001
