"","bcubed.precision","bcubed.recall","bcubed.f1"
"majority-vote",0.367656790197044,0.903010746583457,0.522556881312158
