"","bcubed.precision","bcubed.recall","bcubed.f1"
"majority-vote",0.969172919770226,0.658968124255233,0.784519330636034
