"","bcubed.precision","bcubed.recall","bcubed.f1"
"majority-vote",0.908455732173969,0.856360469766369,0.881639206067025
