"","bcubed.precision","bcubed.recall","bcubed.f1"
"majority-vote",0.990682200079015,0.533843188856875,0.693814545395106
