"","bcubed.precision","bcubed.recall","bcubed.f1"
"majority-vote",0.925687831464619,0.356187618451206,0.514431482622271
