"","bcubed.precision","bcubed.recall","bcubed.f1"
"majority-vote",0.983018905049251,0.928801065383967,0.955141195742853
