"","bcubed.precision","bcubed.recall","bcubed.f1"
"majority-vote",0.923083056344315,0.517410334760632,0.663123782648695
