"","bcubed.precision","bcubed.recall","bcubed.f1"
"majority-vote",0.964373955790902,0.693081296219946,0.806525003325931
