"","bcubed.precision","bcubed.recall","bcubed.f1"
"majority-vote",0.975756900083957,0.405802262144632,0.573213754695201
