"","bcubed.precision","bcubed.recall","bcubed.f1"
"majority-vote",0.966324689319317,0.322397558446826,0.483487766341362
