"","bcubed.precision","bcubed.recall","bcubed.f1"
"majority-vote",0.947312099337256,0.667102709157906,0.782889830495308
