"","bcubed.precision","bcubed.recall","bcubed.f1"
"majority-vote",0.911860188004127,0.677462363505348,0.777376445788165
