"","bcubed.precision","bcubed.recall","bcubed.f1"
"majority-vote",0.96225318846374,0.769091592867642,0.854897124405744
