"","bcubed.precision","bcubed.recall","bcubed.f1"
"majority-vote",0.989747133984931,0.43000641740598,0.599537319425255
