"","bcubed.precision","bcubed.recall","bcubed.f1"
"majority-vote",0.955888603689417,0.516197541211623,0.670378358774457
