"","bcubed.precision","bcubed.recall","bcubed.f1"
"majority-vote",0.987550401340651,0.699819382325795,0.819152883465906
