"","bcubed.precision","bcubed.recall","bcubed.f1"
"majority-vote",0.990723432686033,0.601163209884605,0.748277500387408
