"","bcubed.precision","bcubed.recall","bcubed.f1"
"majority-vote",0.972028541382628,0.421385030028802,0.58790625339536
