"","bcubed.precision","bcubed.recall","bcubed.f1"
"majority-vote",0.762897675212622,0.514498730664366,0.614546719746271
