"","bcubed.precision","bcubed.recall","bcubed.f1"
"majority-vote",0.518491147591195,0.452996693836575,0.483536212449461
