"","bcubed.precision","bcubed.recall","bcubed.f1"
"majority-vote",0.778405025132224,0.256259709924162,0.385581607617125
