"","bcubed.precision","bcubed.recall","bcubed.f1"
"majority-vote",0.976850698582672,0.636132988859575,0.770506186016476
