"","bcubed.precision","bcubed.recall","bcubed.f1"
"majority-vote",0.952072501388016,0.806751273679466,0.873408369864124
