"","bcubed.precision","bcubed.recall","bcubed.f1"
"majority-vote",0.960139824657617,0.762855643699443,0.850203146127915
