"","bcubed.precision","bcubed.recall","bcubed.f1"
"majority-vote",0.968562194253818,0.684378590293979,0.802041107959973
