"","bcubed.precision","bcubed.recall","bcubed.f1"
"majority-vote",0.858778575476568,0.872590488211721,0.865629439912157
