"","bcubed.precision","bcubed.recall","bcubed.f1"
"majority-vote",0.488748617935997,0.404433543360636,0.442611471499871
