"","bcubed.precision","bcubed.recall","bcubed.f1"
"majority-vote",0.973211349393946,0.47729875990312,0.640481672222858
