"","bcubed.precision","bcubed.recall","bcubed.f1"
"majority-vote",0.920075079656169,0.627528272170323,0.746151298163303
