"","bcubed.precision","bcubed.recall","bcubed.f1"
"majority-vote",0.915273703201109,0.792858198527949,0.849679417316032
