"","bcubed.precision","bcubed.recall","bcubed.f1"
"majority-vote",0.982400777839703,0.357909551561714,0.524670464947497
