"","bcubed.precision","bcubed.recall","bcubed.f1"
"majority-vote",0.990207848728146,0.703843694416099,0.822822131131923
