"","bcubed.precision","bcubed.recall","bcubed.f1"
"majority-vote",0.952283818628821,0.770394756721015,0.851736907023326
