"","bcubed.precision","bcubed.recall","bcubed.f1"
"majority-vote",0.98236782116945,0.408580150379946,0.577125816797785
