"","bcubed.precision","bcubed.recall","bcubed.f1"
"majority-vote",0.961112961482606,0.716941941494696,0.821262988926623
