"","bcubed.precision","bcubed.recall","bcubed.f1"
"majority-vote",0.949820256352475,0.667534217101879,0.784042745876944
