"","bcubed.precision","bcubed.recall","bcubed.f1"
"majority-vote",0.618628242797038,0.296602664802865,0.400962825473388
