"","bcubed.precision","bcubed.recall","bcubed.f1"
"majority-vote",0.538160583348881,0.84131846301884,0.656428143700433
