"","bcubed.precision","bcubed.recall","bcubed.f1"
"majority-vote",0.930010363028754,0.630758878665022,0.751696379016625
