"","bcubed.precision","bcubed.recall","bcubed.f1"
"majority-vote",0.996798531357603,0.782560939970233,0.876782469455755
