"","bcubed.precision","bcubed.recall","bcubed.f1"
"majority-vote",0.91136041938368,0.466433089592241,0.617057132837225
