"","bcubed.precision","bcubed.recall","bcubed.f1"
"majority-vote",0.923085143058526,0.393259935288972,0.551545957965859
