"","bcubed.precision","bcubed.recall","bcubed.f1"
"majority-vote",0.505943558991844,0.393553888604932,0.442727337554643
