"","bcubed.precision","bcubed.recall","bcubed.f1"
"majority-vote",0.989911513070185,0.629028171818892,0.769246977069038
