"","bcubed.precision","bcubed.recall","bcubed.f1"
"majority-vote",0.962617205721702,0.672729698001118,0.791980197744761
