"","bcubed.precision","bcubed.recall","bcubed.f1"
"majority-vote",0.98302543603669,0.886665057824439,0.932362129398627
