"","bcubed.precision","bcubed.recall","bcubed.f1"
"majority-vote",0.825768045016849,0.649834516524611,0.727313156375162
