"","bcubed.precision","bcubed.recall","bcubed.f1"
"majority-vote",0.909467304820759,0.527851238565363,0.667998677806491
