"","bcubed.precision","bcubed.recall","bcubed.f1"
"majority-vote",0.987529747353697,0.601946076899556,0.74796942258677
