"","bcubed.precision","bcubed.recall","bcubed.f1"
"majority-vote",0.514778314454515,0.4762227625749,0.494750523900598
