"","bcubed.precision","bcubed.recall","bcubed.f1"
"majority-vote",0.910554356200356,0.467138162144926,0.617488565589912
