"","bcubed.precision","bcubed.recall","bcubed.f1"
"majority-vote",0.98492129778653,0.754192168425719,0.854251253570179
