"","bcubed.precision","bcubed.recall","bcubed.f1"
"majority-vote",0.753786603688575,0.299340493109181,0.428512103303263
