"","bcubed.precision","bcubed.recall","bcubed.f1"
"majority-vote",0.923308763984567,0.293055599819394,0.444900905846679
