"","bcubed.precision","bcubed.recall","bcubed.f1"
"majority-vote",0.993145230618875,0.818190669403723,0.897218634097667
