"","bcubed.precision","bcubed.recall","bcubed.f1"
"majority-vote",0.957655824903482,0.605270415826037,0.74173780470536
