"","bcubed.precision","bcubed.recall","bcubed.f1"
"majority-vote",0.985566790265891,0.548721590478669,0.704954535880948
