"","bcubed.precision","bcubed.recall","bcubed.f1"
"majority-vote",0.986624988763428,0.640900281770437,0.77704259927444
