"","bcubed.precision","bcubed.recall","bcubed.f1"
"majority-vote",0.898043535904286,0.518145500243065,0.657139979584988
