"","bcubed.precision","bcubed.recall","bcubed.f1"
"majority-vote",0.991440680970249,0.674112371638508,0.802547151219142
