"","bcubed.precision","bcubed.recall","bcubed.f1"
"majority-vote",0.999122529431984,0.553499714142664,0.712361344457977
