"","bcubed.precision","bcubed.recall","bcubed.f1"
"majority-vote",0.787083434932894,0.450036449617902,0.572646578611708
