"","bcubed.precision","bcubed.recall","bcubed.f1"
"majority-vote",0.978878935688133,0.788620900772558,0.873509996533261
