"","bcubed.precision","bcubed.recall","bcubed.f1"
"majority-vote",0.979937791252007,0.815338623252262,0.890092604277762
