"","bcubed.precision","bcubed.recall","bcubed.f1"
"majority-vote",0.966106230911137,0.389096442514152,0.554763512365522
