"","bcubed.precision","bcubed.recall","bcubed.f1"
"majority-vote",0.845938831867507,0.562007306957681,0.675343738852802
