"","bcubed.precision","bcubed.recall","bcubed.f1"
"majority-vote",0.944545510913886,0.531410370861009,0.680157566290186
