"","bcubed.precision","bcubed.recall","bcubed.f1"
"majority-vote",0.983754651372149,0.582477833064601,0.73171164982514
