"","bcubed.precision","bcubed.recall","bcubed.f1"
"majority-vote",0.990784329312845,0.579657012323411,0.731405967176023
