"","bcubed.precision","bcubed.recall","bcubed.f1"
"majority-vote",0.980139560501137,0.602940348883674,0.746602474151665
