"","bcubed.precision","bcubed.recall","bcubed.f1"
"majority-vote",0.898389338872472,0.541864159226823,0.675999029905376
