"","bcubed.precision","bcubed.recall","bcubed.f1"
"majority-vote",0.96202862449682,0.602572055239382,0.741008965380103
