"","bcubed.precision","bcubed.recall","bcubed.f1"
"majority-vote",0.888761868234073,0.88823130627606,0.888496508049362
