"","bcubed.precision","bcubed.recall","bcubed.f1"
"majority-vote",0.990876728361376,0.612408070880184,0.756972068821357
