"","bcubed.precision","bcubed.recall","bcubed.f1"
"majority-vote",0.986208228459205,0.851604630478293,0.913977165724267
