"","bcubed.precision","bcubed.recall","bcubed.f1"
"majority-vote",0.955168242828909,0.978511364821831,0.966698906299683
