"","bcubed.precision","bcubed.recall","bcubed.f1"
"majority-vote",0.957360852929636,0.606078184207328,0.742255391597903
