"","bcubed.precision","bcubed.recall","bcubed.f1"
"majority-vote",0.600134671138967,0.312252211877357,0.410776134501004
