"","bcubed.precision","bcubed.recall","bcubed.f1"
"majority-vote",0.997871733457846,0.589675152212423,0.741294851354007
