"","bcubed.precision","bcubed.recall","bcubed.f1"
"majority-vote",0.959856605521524,0.67899642077033,0.795360156336324
