"","bcubed.precision","bcubed.recall","bcubed.f1"
"majority-vote",0.953011322277629,0.706834156574958,0.811667065122414
