"","bcubed.precision","bcubed.recall","bcubed.f1"
"majority-vote",0.732245842731943,0.666092631256322,0.697604434383768
