"","bcubed.precision","bcubed.recall","bcubed.f1"
"majority-vote",0.628268888264709,0.603674684185926,0.615726290048465
