"","bcubed.precision","bcubed.recall","bcubed.f1"
"majority-vote",0.950553926347924,0.806453135066689,0.872594323367195
