"","bcubed.precision","bcubed.recall","bcubed.f1"
"majority-vote",0.687738060199474,0.672866151892137,0.680220828310981
