"","bcubed.precision","bcubed.recall","bcubed.f1"
"majority-vote",0.986510344494535,0.594334741138116,0.741777136234181
