"","bcubed.precision","bcubed.recall","bcubed.f1"
"majority-vote",0.566534702260435,0.724221269228162,0.635746012717906
