"","bcubed.precision","bcubed.recall","bcubed.f1"
"majority-vote",0.637701017765699,0.733644308555169,0.6823164279107
