"","bcubed.precision","bcubed.recall","bcubed.f1"
"majority-vote",0.94496815766476,0.661839713478376,0.778459535762781
