"","bcubed.precision","bcubed.recall","bcubed.f1"
"majority-vote",0.96433608289961,0.804900734970537,0.87743462496887
