"","bcubed.precision","bcubed.recall","bcubed.f1"
"majority-vote",0.795477665765828,0.713126796169104,0.752054569007538
