"","bcubed.precision","bcubed.recall","bcubed.f1"
"majority-vote",0.999895819524412,0.649929643550758,0.787794767526612
