"","bcubed.precision","bcubed.recall","bcubed.f1"
"majority-vote",0.972855124431021,0.415765184264259,0.582562832386533
