"","bcubed.precision","bcubed.recall","bcubed.f1"
"majority-vote",0.953354463120657,0.546598413080401,0.694824544041235
