"","bcubed.precision","bcubed.recall","bcubed.f1"
"majority-vote",0.885247299172117,0.831306057473916,0.857429149306607
