"","bcubed.precision","bcubed.recall","bcubed.f1"
"majority-vote",0.96037249306846,0.494037302356339,0.652443124661705
