"","bcubed.precision","bcubed.recall","bcubed.f1"
"majority-vote",0.951032284706323,0.556199081203083,0.701900577326388
