"","bcubed.precision","bcubed.recall","bcubed.f1"
"majority-vote",0.786442190605911,0.596939967521986,0.678711624202991
