"","bcubed.precision","bcubed.recall","bcubed.f1"
"majority-vote",0.890359079906599,0.518234515812869,0.655142559326078
