"","bcubed.precision","bcubed.recall","bcubed.f1"
"majority-vote",0.991969460993658,0.750119833442895,0.854256976651321
