"","bcubed.precision","bcubed.recall","bcubed.f1"
"majority-vote",0.995490251485121,0.452238878783054,0.621938711819244
