"","bcubed.precision","bcubed.recall","bcubed.f1"
"majority-vote",0.985593163037241,0.892363951879428,0.936664424259
