"","bcubed.precision","bcubed.recall","bcubed.f1"
"majority-vote",0.780161070006637,0.808016457270721,0.793844482824253
