"","bcubed.precision","bcubed.recall","bcubed.f1"
"majority-vote",0.966697036092423,0.404010502363944,0.56986008207887
