"","bcubed.precision","bcubed.recall","bcubed.f1"
"majority-vote",0.98686770117521,0.639948777477594,0.776417976073358
