"","bcubed.precision","bcubed.recall","bcubed.f1"
"majority-vote",0.831673389505552,0.551390706693792,0.663131924598514
