"","bcubed.precision","bcubed.recall","bcubed.f1"
"majority-vote",0.892011418047405,0.5906590469166,0.710710338504512
