"","bcubed.precision","bcubed.recall","bcubed.f1"
"majority-vote",0.991253632555007,0.685888308338405,0.810771301569474
