"","bcubed.precision","bcubed.recall","bcubed.f1"
"majority-vote",0.967028521856304,0.522729749747216,0.678626307185085
