"","bcubed.precision","bcubed.recall","bcubed.f1"
"majority-vote",0.979518312659631,0.924037536770077,0.950969407199009
