"","bcubed.precision","bcubed.recall","bcubed.f1"
"majority-vote",0.959761270057119,0.305113513421404,0.463027861694878
