"","bcubed.precision","bcubed.recall","bcubed.f1"
"majority-vote",0.931780715055675,0.661925026462323,0.774006089584442
