"","bcubed.precision","bcubed.recall","bcubed.f1"
"majority-vote",0.850521611702803,0.711432580034156,0.774784289820497
