"","bcubed.precision","bcubed.recall","bcubed.f1"
"majority-vote",0.960740435941722,0.515350642720752,0.670850475702382
