"","bcubed.precision","bcubed.recall","bcubed.f1"
"majority-vote",0.93877350445356,0.604794014478465,0.735652427873469
