"","bcubed.precision","bcubed.recall","bcubed.f1"
"majority-vote",0.973363523333023,0.570093761678019,0.719046102391001
