"","bcubed.precision","bcubed.recall","bcubed.f1"
"majority-vote",0.884128216301523,0.541871164481079,0.671926780017198
