"","bcubed.precision","bcubed.recall","bcubed.f1"
"majority-vote",0.990880975545248,0.555482871867733,0.711886029792802
