"","bcubed.precision","bcubed.recall","bcubed.f1"
"majority-vote",0.918470653108161,0.778357868251696,0.842629470928604
