"","bcubed.precision","bcubed.recall","bcubed.f1"
"majority-vote",0.906573421204761,0.343415569037913,0.498134671181765
