"","bcubed.precision","bcubed.recall","bcubed.f1"
"majority-vote",0.940053572986116,0.627302734190108,0.752474946404218
