"","bcubed.precision","bcubed.recall","bcubed.f1"
"majority-vote",0.89487007026513,0.501525555724826,0.64279807375229
