"","bcubed.precision","bcubed.recall","bcubed.f1"
"majority-vote",0.910261291195571,0.574472371443444,0.70439564447786
