"","bcubed.precision","bcubed.recall","bcubed.f1"
"majority-vote",0.958631210947666,0.45205736981069,0.61438975228179
