"","bcubed.precision","bcubed.recall","bcubed.f1"
"majority-vote",0.83750848946597,0.769575337333686,0.802106109902316
