"","bcubed.precision","bcubed.recall","bcubed.f1"
"majority-vote",0.756403406158243,0.42226691975958,0.54197366199981
