"","bcubed.precision","bcubed.recall","bcubed.f1"
"majority-vote",0.993299735191487,0.476641506309115,0.644172526943719
