"","bcubed.precision","bcubed.recall","bcubed.f1"
"majority-vote",0.918705834575002,0.626826235609257,0.745204749908883
