"","bcubed.precision","bcubed.recall","bcubed.f1"
"majority-vote",0.997310288204291,0.614918475884105,0.760766134516746
