"","bcubed.precision","bcubed.recall","bcubed.f1"
"majority-vote",0.886560337633257,0.563979247548373,0.689400878449006
