"","bcubed.precision","bcubed.recall","bcubed.f1"
"majority-vote",0.983099439707392,0.188456811000023,0.31628320909268
