"","bcubed.precision","bcubed.recall","bcubed.f1"
"majority-vote",0.986285553647983,0.294281465387377,0.453307876438311
