"","bcubed.precision","bcubed.recall","bcubed.f1"
"majority-vote",0.908418339492462,0.793258923226864,0.846941978496875
