"","bcubed.precision","bcubed.recall","bcubed.f1"
"majority-vote",0.974817244814776,0.591909135917934,0.736571797286477
