"","bcubed.precision","bcubed.recall","bcubed.f1"
"majority-vote",0.993018275488896,0.600805774044239,0.748653672053627
