"","bcubed.precision","bcubed.recall","bcubed.f1"
"majority-vote",0.862720639460132,0.787912643344971,0.823621462848641
