"","bcubed.precision","bcubed.recall","bcubed.f1"
"majority-vote",0.78888426586701,0.388634149744464,0.520734727962285
