"","bcubed.precision","bcubed.recall","bcubed.f1"
"majority-vote",0.996696327604757,0.603865940866712,0.752074414702063
