"","bcubed.precision","bcubed.recall","bcubed.f1"
"majority-vote",0.983126817277309,0.59137844948881,0.738517711085798
