"","bcubed.precision","bcubed.recall","bcubed.f1"
"majority-vote",0.943296760108719,0.481462730549821,0.637528280132142
