"","bcubed.precision","bcubed.recall","bcubed.f1"
"majority-vote",0.892223736412807,0.496958754890578,0.638358746827444
