"","bcubed.precision","bcubed.recall","bcubed.f1"
"majority-vote",0.990954689019499,0.473259862876632,0.640587924269711
