"","bcubed.precision","bcubed.recall","bcubed.f1"
"majority-vote",0.850829247015158,0.55592618136116,0.672466933117812
