"","bcubed.precision","bcubed.recall","bcubed.f1"
"majority-vote",0.974975497604719,0.467702716442274,0.632155783950213
