"","bcubed.precision","bcubed.recall","bcubed.f1"
"majority-vote",0.907612763042591,0.351544387539955,0.506793250960992
