"","bcubed.precision","bcubed.recall","bcubed.f1"
"majority-vote",0.992519027451593,0.753676118044774,0.856763219877875
