"","bcubed.precision","bcubed.recall","bcubed.f1"
"majority-vote",0.964041705143326,0.60951502466634,0.746840444399979
