"","bcubed.precision","bcubed.recall","bcubed.f1"
"majority-vote",0.892037176105581,0.530829293951112,0.665585245467766
