"","bcubed.precision","bcubed.recall","bcubed.f1"
"majority-vote",0.987562273557278,0.127948109304581,0.226545136044395
