"","bcubed.precision","bcubed.recall","bcubed.f1"
"majority-vote",0.956771347864583,0.83927044573086,0.894177316416833
