"","bcubed.precision","bcubed.recall","bcubed.f1"
"majority-vote",0.977597170111755,0.517916742456545,0.67711030639562
