"","bcubed.precision","bcubed.recall","bcubed.f1"
"majority-vote",0.833982974474761,0.495746691248451,0.621847148049511
