"","bcubed.precision","bcubed.recall","bcubed.f1"
"majority-vote",0.968331256695255,0.62194835776275,0.757416531528906
