"","bcubed.precision","bcubed.recall","bcubed.f1"
"majority-vote",0.998715157615853,0.0646045830952456,0.121358748301852
