"","bcubed.precision","bcubed.recall","bcubed.f1"
"majority-vote",0.684590644872952,0.551938365669542,0.611149173957613
