"","bcubed.precision","bcubed.recall","bcubed.f1"
"majority-vote",0.904277154658556,0.52812898163662,0.666815033398697
