"","bcubed.precision","bcubed.recall","bcubed.f1"
"majority-vote",0.998935701199593,0.0530435288883954,0.100737872400386
