"","bcubed.precision","bcubed.recall","bcubed.f1"
"majority-vote",0.583977580877596,0.599466912423232,0.591620881781555
