"","bcubed.precision","bcubed.recall","bcubed.f1"
"majority-vote",0.909549021637505,0.316630084740767,0.469736569965858
