"","bcubed.precision","bcubed.recall","bcubed.f1"
"majority-vote",0.964373019572302,0.499601825309725,0.658211474797026
