"","bcubed.precision","bcubed.recall","bcubed.f1"
"majority-vote",0.974797304175627,0.673380272484553,0.796527368893248
