"","bcubed.precision","bcubed.recall","bcubed.f1"
"majority-vote",0.917120355084035,0.405123779883493,0.561994952420583
