"","bcubed.precision","bcubed.recall","bcubed.f1"
"majority-vote",0.970083176230806,0.615912719379829,0.753452854134778
