"","bcubed.precision","bcubed.recall","bcubed.f1"
"majority-vote",0.977093838874204,0.622917510708572,0.760805680533347
