"","bcubed.precision","bcubed.recall","bcubed.f1"
"majority-vote",0.998864559013055,0.0502221701628369,0.095635841074432
