"","bcubed.precision","bcubed.recall","bcubed.f1"
"majority-vote",0.941363908602276,0.639715784217257,0.761764702639899
