"","bcubed.precision","bcubed.recall","bcubed.f1"
"majority-vote",0.995805965652305,0.19842801620339,0.330916395430061
