"","bcubed.precision","bcubed.recall","bcubed.f1"
"majority-vote",0.93848585993196,0.668081277861226,0.78052739634557
