"","bcubed.precision","bcubed.recall","bcubed.f1"
"majority-vote",0.805935844902734,0.63618723666723,0.71107120418815
