"","bcubed.precision","bcubed.recall","bcubed.f1"
"majority-vote",0.922625651987895,0.407654573777069,0.565463666425073
