"","bcubed.precision","bcubed.recall","bcubed.f1"
"majority-vote",0.974407973621103,0.410042165929751,0.577194287592674
