"","bcubed.precision","bcubed.recall","bcubed.f1"
"majority-vote",0.835982349316831,0.59113152758419,0.692552334027023
