"","bcubed.precision","bcubed.recall","bcubed.f1"
"majority-vote",0.836503408062283,0.797322732888933,0.816443275903052
