"","bcubed.precision","bcubed.recall","bcubed.f1"
"majority-vote",0.84677618744024,0.846322990096394,0.846549528113916
