"","bcubed.precision","bcubed.recall","bcubed.f1"
"majority-vote",0.854948299901893,0.747328021676706,0.797523888978225
