"","bcubed.precision","bcubed.recall","bcubed.f1"
"majority-vote",0.865320552825087,0.270725340035288,0.412420312199284
