"","bcubed.precision","bcubed.recall","bcubed.f1"
"majority-vote",0.957301821814834,0.935697540525096,0.946376399308563
