"","bcubed.precision","bcubed.recall","bcubed.f1"
"majority-vote",0.981891574459659,0.0988991519878234,0.179698514581523
