"","bcubed.precision","bcubed.recall","bcubed.f1"
"majority-vote",0.804188428565014,0.619988059985739,0.700176175772102
