"","bcubed.precision","bcubed.recall","bcubed.f1"
"majority-vote",0.990075666145708,0.546312204470339,0.704106599784103
