"","bcubed.precision","bcubed.recall","bcubed.f1"
"majority-vote",0.986903118228093,0.794645963751865,0.880400756225594
