"","bcubed.precision","bcubed.recall","bcubed.f1"
"majority-vote",0.998689844357456,0.246973200008559,0.396013396708809
