"","bcubed.precision","bcubed.recall","bcubed.f1"
"majority-vote",0.88534323512959,0.849613108419608,0.867110254172678
