"","bcubed.precision","bcubed.recall","bcubed.f1"
"majority-vote",0.980798290175974,0.33216053510102,0.496256971077957
