"","bcubed.precision","bcubed.recall","bcubed.f1"
"majority-vote",0.949638056367898,0.305438838601857,0.462212867102657
