"","bcubed.precision","bcubed.recall","bcubed.f1"
"majority-vote",0.946208945595365,0.607389364761905,0.739853083729265
