"","bcubed.precision","bcubed.recall","bcubed.f1"
"majority-vote",0.958565148414594,0.548874585508343,0.698047207697791
