"","bcubed.precision","bcubed.recall","bcubed.f1"
"majority-vote",0.932197172395611,0.345850797005135,0.504521180359332
