"","bcubed.precision","bcubed.recall","bcubed.f1"
"majority-vote",0.963481996829289,0.424577493290795,0.589416770615789
