"","bcubed.precision","bcubed.recall","bcubed.f1"
"majority-vote",0.827000809034638,0.579223579913684,0.681282977261973
