"","bcubed.precision","bcubed.recall","bcubed.f1"
"majority-vote",0.906117434113521,0.606495054363017,0.726631237873033
