"","bcubed.precision","bcubed.recall","bcubed.f1"
"majority-vote",0.922144863767631,0.447797282285077,0.602848762713225
