"","bcubed.precision","bcubed.recall","bcubed.f1"
"majority-vote",0.97308694440622,0.725095949729919,0.830983994198034
