"","bcubed.precision","bcubed.recall","bcubed.f1"
"majority-vote",0.973287505105818,0.614936176883608,0.753684388648149
