"","bcubed.precision","bcubed.recall","bcubed.f1"
"majority-vote",0.981068806060533,0.804328773571666,0.883950867381198
