"","bcubed.precision","bcubed.recall","bcubed.f1"
"majority-vote",0.993260239183914,0.54422630169633,0.703171484393733
