"","bcubed.precision","bcubed.recall","bcubed.f1"
"majority-vote",0.998482745529062,0.528234216642833,0.690937173011568
