"","bcubed.precision","bcubed.recall","bcubed.f1"
"majority-vote",0.634279863486213,0.676452897319025,0.65468791838662
