"","bcubed.precision","bcubed.recall","bcubed.f1"
"majority-vote",0.985649414648953,0.862244443761716,0.91982634977639
