"","bcubed.precision","bcubed.recall","bcubed.f1"
"majority-vote",0.993042054538607,0.725729047902074,0.838598535597494
