"","bcubed.precision","bcubed.recall","bcubed.f1"
"majority-vote",0.708007750657546,0.437257271686394,0.540628642882568
