"","bcubed.precision","bcubed.recall","bcubed.f1"
"majority-vote",0.54353116574678,0.644274179932265,0.5896304429897
