"","bcubed.precision","bcubed.recall","bcubed.f1"
"majority-vote",0.942793637966474,0.836716369285352,0.886593350450322
