"","bcubed.precision","bcubed.recall","bcubed.f1"
"majority-vote",0.776822527058436,0.472202131468438,0.587365910745627
