"","bcubed.precision","bcubed.recall","bcubed.f1"
"majority-vote",0.283010087575298,0.92677115499782,0.433608286371395
