"","bcubed.precision","bcubed.recall","bcubed.f1"
"majority-vote",0.978914288208429,0.494991250937717,0.65751026129097
