"","bcubed.precision","bcubed.recall","bcubed.f1"
"majority-vote",0.944554601900143,0.837874979756473,0.888022366875677
