"","bcubed.precision","bcubed.recall","bcubed.f1"
"majority-vote",0.932206788867507,0.79031124913998,0.855414568103869
