"","bcubed.precision","bcubed.recall","bcubed.f1"
"majority-vote",0.991081543597589,0.498320004407864,0.663186848214951
