"","bcubed.precision","bcubed.recall","bcubed.f1"
"majority-vote",0.909882537520943,0.716109267532638,0.801449694223262
