"","bcubed.precision","bcubed.recall","bcubed.f1"
"majority-vote",0.957791085541702,0.946600872714452,0.952163102266101
