"","bcubed.precision","bcubed.recall","bcubed.f1"
"majority-vote",0.957937616202956,0.812942986535349,0.879504428956315
