"","bcubed.precision","bcubed.recall","bcubed.f1"
"majority-vote",0.976417367234383,0.471972721330568,0.636351167556853
