"","bcubed.precision","bcubed.recall","bcubed.f1"
"majority-vote",0.656788665419281,0.415455176038825,0.508963054972666
