"","bcubed.precision","bcubed.recall","bcubed.f1"
"majority-vote",0.99470405276782,0.872094690965268,0.929372945436782
