"","bcubed.precision","bcubed.recall","bcubed.f1"
"majority-vote",0.916724157489703,0.489486593117603,0.638203319786095
