"","bcubed.precision","bcubed.recall","bcubed.f1"
"majority-vote",0.90073247083052,0.707742317298804,0.792659593891769
