"","bcubed.precision","bcubed.recall","bcubed.f1"
"majority-vote",0.764685940841931,0.777929774147518,0.77125100629098
