"","bcubed.precision","bcubed.recall","bcubed.f1"
"majority-vote",0.661182015701602,0.553934805363483,0.602825547022668
