"","bcubed.precision","bcubed.recall","bcubed.f1"
"majority-vote",0.998293454687667,0.71842152207972,0.835544062823324
