"","bcubed.precision","bcubed.recall","bcubed.f1"
"majority-vote",0.952620042511811,0.869893403007169,0.909379179166998
