"","bcubed.precision","bcubed.recall","bcubed.f1"
"majority-vote",0.971199051306348,0.916685660302769,0.943155308327444
