"","bcubed.precision","bcubed.recall","bcubed.f1"
"majority-vote",0.973624363584747,0.791666391704884,0.873267686340586
