"","bcubed.precision","bcubed.recall","bcubed.f1"
"majority-vote",0.888405772005395,0.543453595306015,0.674378115489806
