"","bcubed.precision","bcubed.recall","bcubed.f1"
"majority-vote",0.993696299207058,0.643389782394007,0.781063443025906
