"","bcubed.precision","bcubed.recall","bcubed.f1"
"majority-vote",0.913641649581105,0.441078781181655,0.594938905597125
