"","bcubed.precision","bcubed.recall","bcubed.f1"
"majority-vote",0.99213749233578,0.949913304309606,0.970566377874425
