"","bcubed.precision","bcubed.recall","bcubed.f1"
"majority-vote",0.954577714124718,0.573091948394259,0.716203005798286
