"","bcubed.precision","bcubed.recall","bcubed.f1"
"majority-vote",0.895223698644603,0.7585375101724,0.82123193094239
