"","bcubed.precision","bcubed.recall","bcubed.f1"
"majority-vote",0.967554068422342,0.329132837358246,0.491180738261029
