"","bcubed.precision","bcubed.recall","bcubed.f1"
"majority-vote",0.875948259457804,0.851596172906424,0.863600578304588
