"","bcubed.precision","bcubed.recall","bcubed.f1"
"majority-vote",0.972541356307367,0.540771736849842,0.695061558360549
