"","bcubed.precision","bcubed.recall","bcubed.f1"
"majority-vote",0.855750902590685,0.734520755996295,0.790514999775483
