"","bcubed.precision","bcubed.recall","bcubed.f1"
"majority-vote",0.98514188333835,0.811207340848769,0.889753859418158
