"","bcubed.precision","bcubed.recall","bcubed.f1"
"majority-vote",0.978294754667232,0.444881591513247,0.61162529660288
