"","bcubed.precision","bcubed.recall","bcubed.f1"
"majority-vote",0.777807732407018,0.338348727093581,0.471565171609022
