"","bcubed.precision","bcubed.recall","bcubed.f1"
"majority-vote",0.992251349880909,0.644276401946599,0.781268913789015
