"","bcubed.precision","bcubed.recall","bcubed.f1"
"majority-vote",0.981374270358207,0.890389442240142,0.933670509083723
