"","bcubed.precision","bcubed.recall","bcubed.f1"
"majority-vote",0.979761235468116,0.991118990525319,0.985407386857849
