"","bcubed.precision","bcubed.recall","bcubed.f1"
"majority-vote",0.718979645554454,0.779721278121522,0.748119547160941
