"","bcubed.precision","bcubed.recall","bcubed.f1"
"majority-vote",0.992519406210733,0.260335885947686,0.412479271234894
