"","bcubed.precision","bcubed.recall","bcubed.f1"
"majority-vote",0.762080378741386,0.7750459175913,0.768508466518495
