"","bcubed.precision","bcubed.recall","bcubed.f1"
"majority-vote",0.96743969613388,0.303913038252747,0.46252708540437
