"","bcubed.precision","bcubed.recall","bcubed.f1"
"majority-vote",0.654051482991119,0.381706446495034,0.482073388559436
