"","bcubed.precision","bcubed.recall","bcubed.f1"
"majority-vote",0.34080470571324,0.704045525823063,0.459285017114944
