"","bcubed.precision","bcubed.recall","bcubed.f1"
"majority-vote",0.975597322891095,0.58969664421238,0.735077856942164
