"","bcubed.precision","bcubed.recall","bcubed.f1"
"majority-vote",0.989665347383008,0.703935430433038,0.822697428366898
