"","bcubed.precision","bcubed.recall","bcubed.f1"
"majority-vote",0.68244951675523,0.901868401241412,0.776964834661824
