"","bcubed.precision","bcubed.recall","bcubed.f1"
"majority-vote",0.925985369216047,0.497718574538979,0.64743814194205
