"","bcubed.precision","bcubed.recall","bcubed.f1"
"majority-vote",0.945717236414577,0.484742493534527,0.640953844082692
