"","bcubed.precision","bcubed.recall","bcubed.f1"
"majority-vote",0.95193521463123,0.592431808383725,0.730340252367157
