"","bcubed.precision","bcubed.recall","bcubed.f1"
"majority-vote",0.970510212592073,0.902063428852056,0.935035878676138
