"","bcubed.precision","bcubed.recall","bcubed.f1"
"majority-vote",0.959178600267603,0.701810547303524,0.810555155522843
