"","bcubed.precision","bcubed.recall","bcubed.f1"
"majority-vote",0.991659653487508,0.312025893443788,0.474690373150089
