"","bcubed.precision","bcubed.recall","bcubed.f1"
"majority-vote",0.979773169197837,0.703431962841162,0.818918324842621
