"","bcubed.precision","bcubed.recall","bcubed.f1"
"majority-vote",0.963514886542073,0.788738423265702,0.867410217632969
