"","bcubed.precision","bcubed.recall","bcubed.f1"
"majority-vote",0.98895943094322,0.415978142568822,0.585628165856942
