"","bcubed.precision","bcubed.recall","bcubed.f1"
"majority-vote",0.971514360623136,0.953065960752575,0.962201740512816
