"","bcubed.precision","bcubed.recall","bcubed.f1"
"majority-vote",0.989086743604942,0.533631989632265,0.693244675314022
