"","bcubed.precision","bcubed.recall","bcubed.f1"
"majority-vote",0.946700193502899,0.572242687171918,0.713314858074973
