"","bcubed.precision","bcubed.recall","bcubed.f1"
"majority-vote",0.992381422517814,0.212022516900708,0.349396411023556
