"","bcubed.precision","bcubed.recall","bcubed.f1"
"majority-vote",0.957970390266714,0.754432117271377,0.844104848749912
