"","bcubed.precision","bcubed.recall","bcubed.f1"
"majority-vote",0.965148446114189,0.78687185953852,0.866939897984407
