"","bcubed.precision","bcubed.recall","bcubed.f1"
"majority-vote",0.973430306315728,0.592864050672188,0.736913635517699
