"","bcubed.precision","bcubed.recall","bcubed.f1"
"majority-vote",0.968944903539574,0.81180729287198,0.88344300871245
