"","bcubed.precision","bcubed.recall","bcubed.f1"
"majority-vote",0.9797190399731,0.293543472465747,0.451737369513303
