"","bcubed.precision","bcubed.recall","bcubed.f1"
"majority-vote",0.886111198210425,0.101246113373515,0.181728162202254
