"","bcubed.precision","bcubed.recall","bcubed.f1"
"majority-vote",0.994414107639213,0.129208189469461,0.228700421416656
