"","bcubed.precision","bcubed.recall","bcubed.f1"
"majority-vote",0.999127942862181,0.316876959595753,0.481154172283104
