"","bcubed.precision","bcubed.recall","bcubed.f1"
"majority-vote",0.881626778907645,0.830761035118627,0.855438434488157
