"","bcubed.precision","bcubed.recall","bcubed.f1"
"majority-vote",0.857750596168171,0.532581377450589,0.65714088819707
