"","bcubed.precision","bcubed.recall","bcubed.f1"
"majority-vote",0.888278419875861,0.864107942388286,0.876026490727903
