"","bcubed.precision","bcubed.recall","bcubed.f1"
"majority-vote",0.993844696261819,0.13093042632093,0.231378712359069
