"","bcubed.precision","bcubed.recall","bcubed.f1"
"majority-vote",0.961342752136139,0.500682143006001,0.658439060650898
