"","bcubed.precision","bcubed.recall","bcubed.f1"
"majority-vote",0.975196907498533,0.565567020873273,0.715929545834592
