"","bcubed.precision","bcubed.recall","bcubed.f1"
"majority-vote",0.948484659145713,0.906273029852666,0.926898506377897
