"","bcubed.precision","bcubed.recall","bcubed.f1"
"majority-vote",0.976624866967638,0.365619412752194,0.532053689086207
