"","bcubed.precision","bcubed.recall","bcubed.f1"
"majority-vote",0.967314171027167,0.590188077485786,0.733093376228962
