"","bcubed.precision","bcubed.recall","bcubed.f1"
"majority-vote",0.784573377990292,0.619601857918719,0.692396661391984
