"","bcubed.precision","bcubed.recall","bcubed.f1"
"majority-vote",0.965615745335597,0.758515042746129,0.849627039216061
