"","bcubed.precision","bcubed.recall","bcubed.f1"
"majority-vote",0.994668853015784,0.938544685976175,0.965792083983397
