"","bcubed.precision","bcubed.recall","bcubed.f1"
"majority-vote",0.962961845278127,0.272964161829958,0.425355678995088
