"","bcubed.precision","bcubed.recall","bcubed.f1"
"majority-vote",0.968475220532425,0.533916634764308,0.688349086526651
