"","bcubed.precision","bcubed.recall","bcubed.f1"
"majority-vote",0.992219403661787,0.65100168786017,0.786183319875923
