"","bcubed.precision","bcubed.recall","bcubed.f1"
"majority-vote",0.946018068690356,0.866804415183089,0.904680569750728
