"","bcubed.precision","bcubed.recall","bcubed.f1"
"majority-vote",0.875883611641682,0.490453171473778,0.628805285022132
