"","bcubed.precision","bcubed.recall","bcubed.f1"
"majority-vote",0.998357917063408,0.762091935536259,0.864370565567957
