"","bcubed.precision","bcubed.recall","bcubed.f1"
"majority-vote",0.924974544902958,0.530705223510989,0.674446170436995
