"","bcubed.precision","bcubed.recall","bcubed.f1"
"majority-vote",0.930936718786072,0.548513038731205,0.690298438177063
