"","bcubed.precision","bcubed.recall","bcubed.f1"
"majority-vote",0.943716360620666,0.49866570658754,0.652530278191812
