"","bcubed.precision","bcubed.recall","bcubed.f1"
"majority-vote",0.338969060368956,0.799992757375347,0.476175388928394
