"","bcubed.precision","bcubed.recall","bcubed.f1"
"majority-vote",0.935839491175933,0.829791381480661,0.879630681874774
