"","bcubed.precision","bcubed.recall","bcubed.f1"
"majority-vote",0.980921529030805,0.518159814632991,0.678114126095221
