"","bcubed.precision","bcubed.recall","bcubed.f1"
"majority-vote",0.953192733712067,0.130225541940236,0.229145184479029
