"","bcubed.precision","bcubed.recall","bcubed.f1"
"majority-vote",0.657900464325454,0.341758277686582,0.4498393704326
