"","bcubed.precision","bcubed.recall","bcubed.f1"
"majority-vote",0.991999082878035,0.255999233159995,0.406973312782029
