"","bcubed.precision","bcubed.recall","bcubed.f1"
"majority-vote",0.659595706595716,0.963616401892669,0.783135165354965
