"","bcubed.precision","bcubed.recall","bcubed.f1"
"majority-vote",0.999199811885602,0.309137517417961,0.472187321010298
