"","bcubed.precision","bcubed.recall","bcubed.f1"
"majority-vote",0.885903557935107,0.728054092915882,0.799259771089181
