"","bcubed.precision","bcubed.recall","bcubed.f1"
"majority-vote",0.965884738029752,0.91935314321941,0.942044692319598
