"","bcubed.precision","bcubed.recall","bcubed.f1"
"majority-vote",0.872626698745116,0.81333689539561,0.841939283224441
