"","bcubed.precision","bcubed.recall","bcubed.f1"
"majority-vote",0.959376348347303,0.513900525011152,0.669289008759192
