"","bcubed.precision","bcubed.recall","bcubed.f1"
"majority-vote",0.847531310239194,0.629298161409732,0.722290427580923
