"","bcubed.precision","bcubed.recall","bcubed.f1"
"majority-vote",0.899042280721626,0.860204848210632,0.879194873653099
