"","bcubed.precision","bcubed.recall","bcubed.f1"
"majority-vote",0.977233020380528,0.321670266037412,0.48401880098901
