"","bcubed.precision","bcubed.recall","bcubed.f1"
"majority-vote",0.978667011130116,0.515379784943975,0.675193300575827
