"","bcubed.precision","bcubed.recall","bcubed.f1"
"majority-vote",0.889837456911016,0.463281671857522,0.609326076255181
