"","bcubed.precision","bcubed.recall","bcubed.f1"
"majority-vote",0.945318950327488,0.50346840271268,0.657015980953572
