"","bcubed.precision","bcubed.recall","bcubed.f1"
"majority-vote",0.998665456369631,0.0410129740191611,0.0787902090083851
