"","bcubed.precision","bcubed.recall","bcubed.f1"
"majority-vote",0.938553649124123,0.820483687455092,0.87555612708635
