"","bcubed.precision","bcubed.recall","bcubed.f1"
"majority-vote",0.996088008554399,0.825420831725806,0.902759047127759
