"","bcubed.precision","bcubed.recall","bcubed.f1"
"majority-vote",0.971223298041076,0.735385831936343,0.837009295778637
