"","bcubed.precision","bcubed.recall","bcubed.f1"
"majority-vote",0.975015938198184,0.945931852187221,0.960253721572335
