"","bcubed.precision","bcubed.recall","bcubed.f1"
"majority-vote",0.982132527031143,0.703776389015426,0.819975120636328
