"","bcubed.precision","bcubed.recall","bcubed.f1"
"majority-vote",0.885429559911447,0.36000161206699,0.511880666088555
