"","bcubed.precision","bcubed.recall","bcubed.f1"
"majority-vote",0.868937377077139,0.851039363040213,0.85989524702422
