"","bcubed.precision","bcubed.recall","bcubed.f1"
"majority-vote",0.99917076133964,0.0360272841956208,0.069546902902285
