"","bcubed.precision","bcubed.recall","bcubed.f1"
"majority-vote",0.989917271560348,0.25400747079897,0.404279091631137
