"","bcubed.precision","bcubed.recall","bcubed.f1"
"majority-vote",0.963744989950101,0.454668640356863,0.617851682850118
