"","bcubed.precision","bcubed.recall","bcubed.f1"
"majority-vote",0.900658199578829,0.389363849990341,0.543686434244283
