"","bcubed.precision","bcubed.recall","bcubed.f1"
"majority-vote",0.869505948057094,0.496598463052802,0.63215565941934
