"","bcubed.precision","bcubed.recall","bcubed.f1"
"majority-vote",0.940609432132507,0.978371584419031,0.959118962092401
