"","bcubed.precision","bcubed.recall","bcubed.f1"
"majority-vote",0.985283251065393,0.430321770177872,0.599021374412331
