"","bcubed.precision","bcubed.recall","bcubed.f1"
"majority-vote",0.955074313882449,0.889651844636859,0.921202988515989
