"","bcubed.precision","bcubed.recall","bcubed.f1"
"majority-vote",0.9991292515398,0.435143839619578,0.606251266193423
