"","bcubed.precision","bcubed.recall","bcubed.f1"
"majority-vote",0.904789979351268,0.46870041157358,0.617514965538326
