"","bcubed.precision","bcubed.recall","bcubed.f1"
"majority-vote",0.980357722379583,0.748553317805199,0.848915888286251
