"","bcubed.precision","bcubed.recall","bcubed.f1"
"majority-vote",0.954700306003316,0.784759240434459,0.861428354014911
