"","bcubed.precision","bcubed.recall","bcubed.f1"
"majority-vote",0.350820628465457,0.917858118760844,0.50762032984283
