"","bcubed.precision","bcubed.recall","bcubed.f1"
"majority-vote",0.679194931480514,0.917252080900392,0.780474340088974
