"","bcubed.precision","bcubed.recall","bcubed.f1"
"majority-vote",0.998529357569298,0.262219953333095,0.415363021465601
