"","bcubed.precision","bcubed.recall","bcubed.f1"
"majority-vote",0.658135939515449,0.564124937921953,0.607514979620009
