"","bcubed.precision","bcubed.recall","bcubed.f1"
"majority-vote",0.999422597980378,0.259785992296186,0.412379638043193
