"","bcubed.precision","bcubed.recall","bcubed.f1"
"majority-vote",0.930764623562301,0.581161443469169,0.715543602236532
