"","bcubed.precision","bcubed.recall","bcubed.f1"
"majority-vote",0.919485067900999,0.947413597687317,0.933240429442733
