"","bcubed.precision","bcubed.recall","bcubed.f1"
"majority-vote",0.966287301268452,0.57637545572423,0.722055784525279
