"","bcubed.precision","bcubed.recall","bcubed.f1"
"majority-vote",0.951743562712638,0.713975812981434,0.815889991859474
