"","bcubed.precision","bcubed.recall","bcubed.f1"
"majority-vote",0.879403905860815,0.976038672904093,0.925204833656909
