"","bcubed.precision","bcubed.recall","bcubed.f1"
"majority-vote",0.965389986411912,0.91501177207444,0.939526032905584
