"","bcubed.precision","bcubed.recall","bcubed.f1"
"majority-vote",0.701555266256054,0.956623126543085,0.809471399655282
