"","bcubed.precision","bcubed.recall","bcubed.f1"
"majority-vote",0.761908613816183,0.455347510840702,0.570024966417122
