"","bcubed.precision","bcubed.recall","bcubed.f1"
"majority-vote",0.505490820658236,0.313166865695406,0.386737896881982
