"","bcubed.precision","bcubed.recall","bcubed.f1"
"majority-vote",0.980230942674289,0.983502764401641,0.981864127909389
