"","bcubed.precision","bcubed.recall","bcubed.f1"
"majority-vote",0.705361002725056,0.393556076381971,0.505223030823947
