"","bcubed.precision","bcubed.recall","bcubed.f1"
"majority-vote",0.512405803283278,0.554169772548914,0.532470110684241
