"","bcubed.precision","bcubed.recall","bcubed.f1"
"majority-vote",0.743107273740329,0.444178608928176,0.556011589041266
