"","bcubed.precision","bcubed.recall","bcubed.f1"
"majority-vote",0.686115469556089,0.709724070814388,0.697720117561404
