"","bcubed.precision","bcubed.recall","bcubed.f1"
"majority-vote",0.915464510418831,0.522849627410873,0.665571262342741
