"","bcubed.precision","bcubed.recall","bcubed.f1"
"majority-vote",0.74192013527064,0.318858514754095,0.446026232509557
