"","bcubed.precision","bcubed.recall","bcubed.f1"
"majority-vote",0.931435327355362,0.892636861645713,0.911623468029255
