"","bcubed.precision","bcubed.recall","bcubed.f1"
"majority-vote",0.964883340542618,0.141656721057904,0.247044304978827
