"","bcubed.precision","bcubed.recall","bcubed.f1"
"majority-vote",0.771575561284068,0.958533191506273,0.854952943337298
