"","bcubed.precision","bcubed.recall","bcubed.f1"
"majority-vote",0.969723220245111,0.867846335060616,0.915960694149486
