"","bcubed.precision","bcubed.recall","bcubed.f1"
"majority-vote",0.487563453277089,0.843481634244735,0.617936720887259
