"","bcubed.precision","bcubed.recall","bcubed.f1"
"majority-vote",0.62681925825466,0.324172168156546,0.427337938802467
