"","bcubed.precision","bcubed.recall","bcubed.f1"
"majority-vote",0.642572038562414,0.514424463782967,0.571401513676697
