"","bcubed.precision","bcubed.recall","bcubed.f1"
"majority-vote",0.403765011575538,0.887422211910369,0.555008651180772
