"","bcubed.precision","bcubed.recall","bcubed.f1"
"majority-vote",0.44413449939902,0.978130739136163,0.610886906890099
