"","bcubed.precision","bcubed.recall","bcubed.f1"
"majority-vote",0.753934388621243,0.628908995202416,0.685769804943867
