"","bcubed.precision","bcubed.recall","bcubed.f1"
"majority-vote",0.671317977703847,0.81460633938697,0.736053477410817
