"","bcubed.precision","bcubed.recall","bcubed.f1"
"majority-vote",0.781337396440796,0.609858542617936,0.685029725156723
