"","bcubed.precision","bcubed.recall","bcubed.f1"
"majority-vote",0.850487330468418,0.76174953678143,0.803676361932982
