"","bcubed.precision","bcubed.recall","bcubed.f1"
"majority-vote",0.479046140109358,0.958154416098341,0.638741994188754
