"","bcubed.precision","bcubed.recall","bcubed.f1"
"majority-vote",0.812797043982361,0.718703405510181,0.76285972190513
