"","bcubed.precision","bcubed.recall","bcubed.f1"
"majority-vote",0.580532386292158,0.877409900570313,0.698744892612471
