"","bcubed.precision","bcubed.recall","bcubed.f1"
"majority-vote",0.675600800909346,0.945296167247387,0.788011650629623
