"","bcubed.precision","bcubed.recall","bcubed.f1"
"majority-vote",0.934482091679624,0.21485229865811,0.34937721717908
