"","bcubed.precision","bcubed.recall","bcubed.f1"
"majority-vote",0.765560212982893,0.810736097717776,0.787500795920599
