"","bcubed.precision","bcubed.recall","bcubed.f1"
"majority-vote",0.583881139135195,0.943186718413109,0.721263214129059
