"","bcubed.precision","bcubed.recall","bcubed.f1"
"majority-vote",0.889229489355804,0.948208236882298,0.917772302424743
