"","bcubed.precision","bcubed.recall","bcubed.f1"
"majority-vote",0.89347207846684,0.468877089408469,0.615009129080498
