"","bcubed.precision","bcubed.recall","bcubed.f1"
"majority-vote",0.83339997102709,0.804126838235294,0.818501755081823
