"","bcubed.precision","bcubed.recall","bcubed.f1"
"majority-vote",0.735995772299366,0.398712364400719,0.517226597873556
