"","bcubed.precision","bcubed.recall","bcubed.f1"
"majority-vote",0.451145970715747,0.954318279034992,0.612661398457312
