"","bcubed.precision","bcubed.recall","bcubed.f1"
"majority-vote",0.452232381160695,0.869278215152257,0.594949080584336
