"","bcubed.precision","bcubed.recall","bcubed.f1"
"majority-vote",0.543996869491756,0.801096987243282,0.647975977345449
