"","bcubed.precision","bcubed.recall","bcubed.f1"
"majority-vote",0.868916511458418,0.824139013922328,0.845935630815329
