"","bcubed.precision","bcubed.recall","bcubed.f1"
"majority-vote",0.765244839554214,0.859849264877656,0.809793366362799
