"","bcubed.precision","bcubed.recall","bcubed.f1"
"majority-vote",0.514708484894635,0.892261737371973,0.652827870418366
