"","bcubed.precision","bcubed.recall","bcubed.f1"
"majority-vote",0.866253931826724,0.920651089510287,0.892624528562933
