"","bcubed.precision","bcubed.recall","bcubed.f1"
"majority-vote",0.513298258176912,0.673911480653623,0.58274048446684
