"","bcubed.precision","bcubed.recall","bcubed.f1"
"majority-vote",0.755213349635791,0.976690472666272,0.851790583196729
