"","bcubed.precision","bcubed.recall","bcubed.f1"
"majority-vote",0.832950567722671,0.267292103169226,0.404712732877579
