"","bcubed.precision","bcubed.recall","bcubed.f1"
"majority-vote",0.963471721050053,0.980629518054601,0.971974905903231
