"","bcubed.precision","bcubed.recall","bcubed.f1"
"majority-vote",0.287551423405719,0.978445565046368,0.444477226281718
