"","bcubed.precision","bcubed.recall","bcubed.f1"
"majority-vote",0.471762619494772,0.974627339042182,0.635779782324881
