"","bcubed.precision","bcubed.recall","bcubed.f1"
"majority-vote",0.409225655247112,0.993599684907565,0.579696517407919
