"","bcubed.precision","bcubed.recall","bcubed.f1"
"majority-vote",0.987581950410233,0.949104466572398,0.967960979146
