"","bcubed.precision","bcubed.recall","bcubed.f1"
"majority-vote",0.974146870367826,0.868714938471271,0.918414972294274
