"","bcubed.precision","bcubed.recall","bcubed.f1"
"majority-vote",0.912429062960811,0.728175635783167,0.809955760259847
