"","bcubed.precision","bcubed.recall","bcubed.f1"
"majority-vote",0.439068281411553,0.85864750090381,0.581028431183159
