"","bcubed.precision","bcubed.recall","bcubed.f1"
"majority-vote",0.961020209189922,0.979773164899807,0.970306086635632
