"","bcubed.precision","bcubed.recall","bcubed.f1"
"majority-vote",0.710907804611377,0.869200494264824,0.78212539682806
