"","bcubed.precision","bcubed.recall","bcubed.f1"
"majority-vote",0.872329540044998,0.964790754694392,0.916233387320579
