"","bcubed.precision","bcubed.recall","bcubed.f1"
"majority-vote",0.833655632509455,0.948605174567046,0.887423483325792
