"","bcubed.precision","bcubed.recall","bcubed.f1"
"majority-vote",0.807588973923322,0.915380679200673,0.858113016818996
