"","bcubed.precision","bcubed.recall","bcubed.f1"
"majority-vote",0.930178340071867,0.546211366658409,0.688265408585005
