"","bcubed.precision","bcubed.recall","bcubed.f1"
"majority-vote",0.889441486442549,0.783900043208465,0.83334239579786
