"","bcubed.precision","bcubed.recall","bcubed.f1"
"majority-vote",0.995980614281159,0.997870873153849,0.996924847693245
