"","bcubed.precision","bcubed.recall","bcubed.f1"
"majority-vote",0.83273682600916,0.964461953208516,0.893772013434223
