"","bcubed.precision","bcubed.recall","bcubed.f1"
"majority-vote",0.795923937535953,0.850139253835288,0.822138768321263
