"","bcubed.precision","bcubed.recall","bcubed.f1"
"majority-vote",0.681541550086151,0.960069884033018,0.797177094841549
