"","bcubed.precision","bcubed.recall","bcubed.f1"
"majority-vote",0.393857843329751,0.924471065378981,0.552381393786712
