"","bcubed.precision","bcubed.recall","bcubed.f1"
"majority-vote",0.924214996035875,0.606261929976073,0.732211453418755
