"","bcubed.precision","bcubed.recall","bcubed.f1"
"majority-vote",0.670534813539174,0.803322693231358,0.730946960399124
