"","bcubed.precision","bcubed.recall","bcubed.f1"
"majority-vote",0.641863192253284,0.86182237805166,0.735754965872783
