"","bcubed.precision","bcubed.recall","bcubed.f1"
"majority-vote",0.858535566002133,0.840458211578181,0.849400716942066
