"","bcubed.precision","bcubed.recall","bcubed.f1"
"majority-vote",0.669748773686487,0.169712586137496,0.270804117698957
