"","bcubed.precision","bcubed.recall","bcubed.f1"
"majority-vote",0.347238822415149,0.946332000159449,0.508056000668166
