"","bcubed.precision","bcubed.recall","bcubed.f1"
"majority-vote",0.73109830953921,0.954403737685176,0.82795860187602
