"","bcubed.precision","bcubed.recall","bcubed.f1"
"majority-vote",0.697925160822687,0.935121357817297,0.799297162198288
