"","bcubed.precision","bcubed.recall","bcubed.f1"
"majority-vote",0.987671837957084,0.977215914171745,0.982416056067551
