"","bcubed.precision","bcubed.recall","bcubed.f1"
"majority-vote",0.67933611324708,0.714783579622232,0.696609195432865
