"","bcubed.precision","bcubed.recall","bcubed.f1"
"majority-vote",0.961579034129215,0.979994139930098,0.970699256784732
