"","bcubed.precision","bcubed.recall","bcubed.f1"
"majority-vote",0.508292296814482,0.895996910799331,0.648624692491573
