"","bcubed.precision","bcubed.recall","bcubed.f1"
"majority-vote",0.611616446525069,0.881691605185489,0.722231539402501
