"","bcubed.precision","bcubed.recall","bcubed.f1"
"majority-vote",0.556339460440824,0.8163589435819,0.661722477227965
