"","bcubed.precision","bcubed.recall","bcubed.f1"
"majority-vote",0.669717301237074,0.774199112949068,0.718178054422401
