"","bcubed.precision","bcubed.recall","bcubed.f1"
"majority-vote",0.844925521350546,0.771988149072197,0.8068117689434
