"","bcubed.precision","bcubed.recall","bcubed.f1"
"majority-vote",0.336667136498856,0.982093772088275,0.501438427343973
