"","bcubed.precision","bcubed.recall","bcubed.f1"
"majority-vote",0.592999071299016,0.962895591212013,0.733977955069427
