"","bcubed.precision","bcubed.recall","bcubed.f1"
"majority-vote",0.889379534600343,0.865230401579566,0.877138782827455
