"","bcubed.precision","bcubed.recall","bcubed.f1"
"majority-vote",0.922243657409191,0.171404176357113,0.289081017889298
