"","bcubed.precision","bcubed.recall","bcubed.f1"
"majority-vote",0.407475164761079,0.968834506947977,0.573673219711704
