"","bcubed.precision","bcubed.recall","bcubed.f1"
"majority-vote",0.696887648548054,0.931586746114316,0.797324537672868
