"","bcubed.precision","bcubed.recall","bcubed.f1"
"majority-vote",0.297205942633126,0.945871718351282,0.452294662652028
