"","bcubed.precision","bcubed.recall","bcubed.f1"
"majority-vote",0.590917561121049,0.909090909090909,0.716259665868965
