"","bcubed.precision","bcubed.recall","bcubed.f1"
"majority-vote",0.92199840099604,0.700351198656283,0.796033956472926
