"","bcubed.precision","bcubed.recall","bcubed.f1"
"majority-vote",0.831640442500231,0.533383461450348,0.649927457854881
