"","bcubed.precision","bcubed.recall","bcubed.f1"
"majority-vote",0.599505418903793,0.926033755740021,0.727824317961018
