"","bcubed.precision","bcubed.recall","bcubed.f1"
"majority-vote",0.416678889930839,0.657258908067142,0.510021926262599
