"","bcubed.precision","bcubed.recall","bcubed.f1"
"majority-vote",0.877587882865954,0.722636653939651,0.792610232659213
