"","bcubed.precision","bcubed.recall","bcubed.f1"
"majority-vote",0.970288982540638,0.773630024273479,0.860871045251718
