"","bcubed.precision","bcubed.recall","bcubed.f1"
"majority-vote",0.364132869602007,0.864858120252679,0.512490769624668
