"","bcubed.precision","bcubed.recall","bcubed.f1"
"majority-vote",0.574175133528036,0.969403268063982,0.721190773735985
