"","bcubed.precision","bcubed.recall","bcubed.f1"
"majority-vote",0.537167157118189,0.944462809917355,0.684832804269261
