"","bcubed.precision","bcubed.recall","bcubed.f1"
"majority-vote",0.887295060140381,0.984893074357465,0.933550152937215
