"","bcubed.precision","bcubed.recall","bcubed.f1"
"majority-vote",0.584415822721471,0.491191973379878,0.533764002599208
