"","bcubed.precision","bcubed.recall","bcubed.f1"
"majority-vote",0.351285277941236,0.977934375532204,0.516895680889786
