"","bcubed.precision","bcubed.recall","bcubed.f1"
"majority-vote",0.804638399984452,0.276891833838779,0.412004759887666
