"","bcubed.precision","bcubed.recall","bcubed.f1"
"majority-vote",0.914510651195685,0.742932877065181,0.819840938909658
