"","bcubed.precision","bcubed.recall","bcubed.f1"
"majority-vote",0.769461696129729,0.773176874307158,0.771314811536417
