"","bcubed.precision","bcubed.recall","bcubed.f1"
"majority-vote",0.809403722177925,0.825628628378496,0.817435673023583
