"","bcubed.precision","bcubed.recall","bcubed.f1"
"majority-vote",0.951261076532638,0.457742768034158,0.618071952002485
