"","bcubed.precision","bcubed.recall","bcubed.f1"
"majority-vote",0.964941210706095,0.115066187525055,0.205613603172739
