"","bcubed.precision","bcubed.recall","bcubed.f1"
"majority-vote",0.415361212027174,0.831110076174397,0.553901067494095
