"","bcubed.precision","bcubed.recall","bcubed.f1"
"majority-vote",0.688805804282903,0.989217126178215,0.812120604359519
