"","bcubed.precision","bcubed.recall","bcubed.f1"
"majority-vote",0.657993252595098,0.873485968633023,0.750578741951355
