"","bcubed.precision","bcubed.recall","bcubed.f1"
"majority-vote",0.404762857986868,0.875587216338354,0.553606691183517
