"","bcubed.precision","bcubed.recall","bcubed.f1"
"majority-vote",0.78231648771661,0.675642908426589,0.725077239419923
