"","bcubed.precision","bcubed.recall","bcubed.f1"
"majority-vote",0.775608669560564,0.682945150525229,0.726333402699607
