"","bcubed.precision","bcubed.recall","bcubed.f1"
"majority-vote",0.555328753167294,0.542589174253523,0.548885052506826
