"","bcubed.precision","bcubed.recall","bcubed.f1"
"majority-vote",0.893685396757142,0.748197658318727,0.814495671978829
