"","bcubed.precision","bcubed.recall","bcubed.f1"
"majority-vote",0.586150203898156,0.807571356379527,0.67927214257898
