"","bcubed.precision","bcubed.recall","bcubed.f1"
"majority-vote",0.967735829544115,0.242740419356936,0.388125915404843
