"","bcubed.precision","bcubed.recall","bcubed.f1"
"majority-vote",0.51480538950391,0.867062448075325,0.64603634177865
