"","bcubed.precision","bcubed.recall","bcubed.f1"
"majority-vote",0.582632769787568,0.981533279337992,0.731218342833962
