"","bcubed.precision","bcubed.recall","bcubed.f1"
"majority-vote",0.938846911475024,0.895263765883712,0.916537515354123
