"","bcubed.precision","bcubed.recall","bcubed.f1"
"majority-vote",0.877690761448106,0.474674692167359,0.616131668987422
