"","bcubed.precision","bcubed.recall","bcubed.f1"
"majority-vote",0.343342284921891,0.589668095157393,0.433988721796802
