"","bcubed.precision","bcubed.recall","bcubed.f1"
"majority-vote",0.777626417294171,0.925634430386451,0.845199708319152
