"","bcubed.precision","bcubed.recall","bcubed.f1"
"majority-vote",0.936961169888661,0.703414902312722,0.80356262317771
