"","bcubed.precision","bcubed.recall","bcubed.f1"
"majority-vote",0.292702963547873,0.40149391140571,0.338573859822507
