"","bcubed.precision","bcubed.recall","bcubed.f1"
"majority-vote",0.639257482220729,0.668225663444204,0.653420667922075
