"","bcubed.precision","bcubed.recall","bcubed.f1"
"majority-vote",0.718726979007226,0.818595916131774,0.765417560213784
