"","bcubed.precision","bcubed.recall","bcubed.f1"
"majority-vote",0.313225581105042,0.246063047781645,0.275611686521517
