"","bcubed.precision","bcubed.recall","bcubed.f1"
"majority-vote",0.93205544229782,0.912148525105135,0.921994542941366
