"","bcubed.precision","bcubed.recall","bcubed.f1"
"majority-vote",0.788403998018475,0.940003801278471,0.85755543961554
