"","bcubed.precision","bcubed.recall","bcubed.f1"
"majority-vote",0.83048848217701,0.929329242208122,0.877133149768445
