"","bcubed.precision","bcubed.recall","bcubed.f1"
"majority-vote",0.665829300213441,0.885875839704367,0.76025022441776
