"","bcubed.precision","bcubed.recall","bcubed.f1"
"majority-vote",0.571217783742584,0.985355746729517,0.723194522875053
