"","bcubed.precision","bcubed.recall","bcubed.f1"
"majority-vote",0.270658582415654,0.390687417859221,0.319780879120639
