"","bcubed.precision","bcubed.recall","bcubed.f1"
"majority-vote",0.878440298352891,0.958843342569273,0.91688252500575
