"","bcubed.precision","bcubed.recall","bcubed.f1"
"majority-vote",0.409186256788786,0.720110980127453,0.521845811356946
