"","bcubed.precision","bcubed.recall","bcubed.f1"
"majority-vote",0.940999409208863,0.866480870492568,0.902204020017273
