"","bcubed.precision","bcubed.recall","bcubed.f1"
"majority-vote",0.767477845490174,0.454740059238358,0.571097706181692
