"","bcubed.precision","bcubed.recall","bcubed.f1"
"majority-vote",0.661467678026843,0.930733235505594,0.773331992112004
