"","bcubed.precision","bcubed.recall","bcubed.f1"
"majority-vote",0.640573359863398,0.942143326758711,0.762627855504252
