"","bcubed.precision","bcubed.recall","bcubed.f1"
"majority-vote",0.861240504466913,0.157850497643356,0.266800986249916
