"","bcubed.precision","bcubed.recall","bcubed.f1"
"majority-vote",0.929627459415993,0.963482170982171,0.946252101220762
