"","bcubed.precision","bcubed.recall","bcubed.f1"
"majority-vote",0.565116004749856,0.863469703412025,0.68313794016964
