"","bcubed.precision","bcubed.recall","bcubed.f1"
"majority-vote",0.733208991268407,0.343697694773018,0.468011283339934
