"","bcubed.precision","bcubed.recall","bcubed.f1"
"majority-vote",0.922707141938473,0.893826991338305,0.908037491238894
