"","bcubed.precision","bcubed.recall","bcubed.f1"
"majority-vote",0.473700670023116,0.947682972594807,0.631663465974373
