"","bcubed.precision","bcubed.recall","bcubed.f1"
"majority-vote",0.75296470680221,0.709537195702435,0.730606183297802
