"","bcubed.precision","bcubed.recall","bcubed.f1"
"majority-vote",0.464004395763375,0.954857280103278,0.624525960254663
