"","bcubed.precision","bcubed.recall","bcubed.f1"
"majority-vote",0.41894732121502,0.961133338776843,0.583537251530474
