"","bcubed.precision","bcubed.recall","bcubed.f1"
"majority-vote",0.730590691762997,0.308456034299143,0.433772806986554
