"","bcubed.precision","bcubed.recall","bcubed.f1"
"majority-vote",0.521026063557575,0.959096464216398,0.675233632278001
