"","bcubed.precision","bcubed.recall","bcubed.f1"
"majority-vote",0.689005252609822,0.936148904518049,0.793785019850415
