"","bcubed.precision","bcubed.recall","bcubed.f1"
"majority-vote",0.647609137994821,0.981758629377677,0.780420323050249
