"","bcubed.precision","bcubed.recall","bcubed.f1"
"majority-vote",0.695572373430774,0.993759153428152,0.818349035673091
