"","bcubed.precision","bcubed.recall","bcubed.f1"
"majority-vote",0.977170924058733,0.823485832919495,0.893769908323452
