"","bcubed.precision","bcubed.recall","bcubed.f1"
"majority-vote",0.97715237148209,0.536340458365738,0.692552142274193
