"","bcubed.precision","bcubed.recall","bcubed.f1"
"majority-vote",0.535648757255857,0.900855022250988,0.671828198464047
