"","bcubed.precision","bcubed.recall","bcubed.f1"
"majority-vote",0.402953582736509,0.9748222970775,0.570206145852748
