"","bcubed.precision","bcubed.recall","bcubed.f1"
"majority-vote",0.955821437838763,0.0681913532074564,0.1273006701495
