"","bcubed.precision","bcubed.recall","bcubed.f1"
"majority-vote",0.730590691762997,0.364168060024724,0.486057397498735
