"","bcubed.precision","bcubed.recall","bcubed.f1"
"majority-vote",0.48023256303031,0.977835858520537,0.644124258669277
