"","bcubed.precision","bcubed.recall","bcubed.f1"
"majority-vote",0.462783435347044,0.964235780593539,0.625404818719969
