"","bcubed.precision","bcubed.recall","bcubed.f1"
"majority-vote",0.873696124847636,0.62097691620451,0.725971647853903
