"","bcubed.precision","bcubed.recall","bcubed.f1"
"majority-vote",0.89817910529191,0.879553508193062,0.88876873501976
