"","bcubed.precision","bcubed.recall","bcubed.f1"
"majority-vote",0.624074601866631,0.995536498071054,0.767207687945949
