"","bcubed.precision","bcubed.recall","bcubed.f1"
"majority-vote",0.446671074023392,0.957577745332459,0.609183036614194
