"","bcubed.precision","bcubed.recall","bcubed.f1"
"majority-vote",0.657101817323821,0.713950496484167,0.684347583231156
