"","bcubed.precision","bcubed.recall","bcubed.f1"
"majority-vote",0.6308952136961,0.929420795045446,0.75160048069586
