"","bcubed.precision","bcubed.recall","bcubed.f1"
"majority-vote",0.608283715645617,0.606877382376573,0.607579735220534
