"","bcubed.precision","bcubed.recall","bcubed.f1"
"majority-vote",0.429367453217738,0.949947003481691,0.591418909003194
