"","bcubed.precision","bcubed.recall","bcubed.f1"
"majority-vote",0.800373032951314,0.880266855325064,0.838420958252511
