"","bcubed.precision","bcubed.recall","bcubed.f1"
"majority-vote",0.197601483375701,0.95301379628448,0.327332590053798
