"","bcubed.precision","bcubed.recall","bcubed.f1"
"majority-vote",0.414156761346264,0.954973295088735,0.577751755879151
