"","bcubed.precision","bcubed.recall","bcubed.f1"
"majority-vote",0.307156428867162,0.686665173815091,0.42444966389793
