"","bcubed.precision","bcubed.recall","bcubed.f1"
"majority-vote",0.643269907776728,0.480563930795029,0.550138828060572
