{
      "avg_bcuded_f1": 0.6895668612453039,
      "avg_bcuded_recall": 0.7993660108937308,
      "avg_bcuded_precision": 0.6862215617422504,
      "avg_bcuded_f1star": 0.7384851657393071
}