"","bcubed.precision","bcubed.recall","bcubed.f1"
"majority-vote",0.809227503601316,0.565933711574484,0.666058814875316
