"","bcubed.precision","bcubed.recall","bcubed.f1"
"majority-vote",0.554376912918228,0.405516618652746,0.468404138150244
