"","bcubed.precision","bcubed.recall","bcubed.f1"
"majority-vote",0.293067528083727,0.733778104692903,0.418848809285613
