"","bcubed.precision","bcubed.recall","bcubed.f1"
"majority-vote",0.28991999241468,0.333183236999805,0.310049689950897
