"","bcubed.precision","bcubed.recall","bcubed.f1"
"majority-vote",0.314778293131809,0.650309666691817,0.424217015256881
