"","bcubed.precision","bcubed.recall","bcubed.f1"
"majority-vote",0.650371701245883,0.885523378058932,0.749946208749968
