"","bcubed.precision","bcubed.recall","bcubed.f1"
"majority-vote",0.101762742749489,0.965993786497918,0.184128449698696
