"","bcubed.precision","bcubed.recall","bcubed.f1"
"majority-vote",0.08331564671331,0.961366058672794,0.15334208399284
