"","bcubed.precision","bcubed.recall","bcubed.f1"
"majority-vote",0.71942405511645,0.273759943334517,0.396602218459707
