"","bcubed.precision","bcubed.recall","bcubed.f1"
"majority-vote",0.442253597167142,0.783160900881016,0.565287461715141
