"","bcubed.precision","bcubed.recall","bcubed.f1"
"majority-vote",0.248624498858517,0.616525962334873,0.354350983544142
