"","bcubed.precision","bcubed.recall","bcubed.f1"
"majority-vote",0.217987182766209,0.646464291568347,0.326035489236492
