"","bcubed.precision","bcubed.recall","bcubed.f1"
"majority-vote",0.831805476702229,0.375606015665472,0.517522224838483
