"","bcubed.precision","bcubed.recall","bcubed.f1"
"majority-vote",0.160768079036866,0.874067615811735,0.271583541700201
