"","bcubed.precision","bcubed.recall","bcubed.f1"
"majority-vote",0.722902917194871,0.537596916104828,0.616629004876267
