"","bcubed.precision","bcubed.recall","bcubed.f1"
"majority-vote",0.931583677308443,0.0164637362849504,0.0323556559949618
