"","bcubed.precision","bcubed.recall","bcubed.f1"
"majority-vote",0.35275743859625,0.428427707852975,0.386927635613208
