"","bcubed.precision","bcubed.recall","bcubed.f1"
"majority-vote",0.996425811546852,0.0995349518047074,0.180990412149395
