"","bcubed.precision","bcubed.recall","bcubed.f1"
"majority-vote",0.4672962175514,0.719939189187956,0.566736568105759
