"","bcubed.precision","bcubed.recall","bcubed.f1"
"majority-vote",0.20552419004569,0.964820304155262,0.33886417637489
