"","bcubed.precision","bcubed.recall","bcubed.f1"
"majority-vote",0.986489182110899,0.112654811042208,0.202216912612295
