"","bcubed.precision","bcubed.recall","bcubed.f1"
"majority-vote",0.293588945601767,0.553605498739114,0.383695751878089
