"","bcubed.precision","bcubed.recall","bcubed.f1"
"majority-vote",0.101789444005711,0.844948521504859,0.181690907834343
