"","bcubed.precision","bcubed.recall","bcubed.f1"
"majority-vote",0.149991749754428,0.697651197577518,0.246900948500301
