"","bcubed.precision","bcubed.recall","bcubed.f1"
"majority-vote",0.162524672728852,0.837423239099931,0.272218055081164
