"","bcubed.precision","bcubed.recall","bcubed.f1"
"majority-vote",0.593087721157475,0.673984488486598,0.630953660461529
