"","bcubed.precision","bcubed.recall","bcubed.f1"
"majority-vote",0.357518977092026,0.383498669230014,0.370053405933823
