"","bcubed.precision","bcubed.recall","bcubed.f1"
"majority-vote",0.446144829508274,0.765146465998222,0.5636400441215
