"","bcubed.precision","bcubed.recall","bcubed.f1"
"majority-vote",0.585276542050941,0.205881970151465,0.304611239599624
