"","bcubed.precision","bcubed.recall","bcubed.f1"
"majority-vote",0.340929153154927,0.658793422913763,0.449328422013334
