"","bcubed.precision","bcubed.recall","bcubed.f1"
"majority-vote",0.294541212460494,0.497143994162106,0.369918229071478
