"","bcubed.precision","bcubed.recall","bcubed.f1"
"majority-vote",0.788979498517319,0.213715355574657,0.336327714017123
