"","bcubed.precision","bcubed.recall","bcubed.f1"
"majority-vote",0.935432875769684,0.364019221707778,0.524090958117762
