"","bcubed.precision","bcubed.recall","bcubed.f1"
"majority-vote",0.644533964356492,0.512366626685971,0.570900725021326
