"","bcubed.precision","bcubed.recall","bcubed.f1"
"majority-vote",0.644706822403884,0.0694276329123617,0.125355857762472
