"","bcubed.precision","bcubed.recall","bcubed.f1"
"majority-vote",0.257119104025347,0.936102003381733,0.403428512773919
