"","bcubed.precision","bcubed.recall","bcubed.f1"
"majority-vote",0.315800335247148,0.626257088110698,0.419872915328933
