"","bcubed.precision","bcubed.recall","bcubed.f1"
"majority-vote",0.845241599595953,0.896662841053114,0.870193239518443
