"","bcubed.precision","bcubed.recall","bcubed.f1"
"majority-vote",0.837663765757515,0.540366011609043,0.656945206273864
