"","bcubed.precision","bcubed.recall","bcubed.f1"
"majority-vote",0.482652102894496,0.851028523698553,0.615965619348596
