"","bcubed.precision","bcubed.recall","bcubed.f1"
"majority-vote",0.76305249543056,0.514729600693791,0.614761636546126
