"","bcubed.precision","bcubed.recall","bcubed.f1"
"majority-vote",0.570705181147641,0.346021686857594,0.430829239048654
