"","bcubed.precision","bcubed.recall","bcubed.f1"
"majority-vote",0.185673176964204,0.580004180139693,0.281296600401994
