"","bcubed.precision","bcubed.recall","bcubed.f1"
"majority-vote",0.275779651484519,0.946117931851741,0.427073556847397
