"","bcubed.precision","bcubed.recall","bcubed.f1"
"majority-vote",0.305293481070021,0.400543938140884,0.34649184038226
