"","bcubed.precision","bcubed.recall","bcubed.f1"
"majority-vote",0.0798969214382203,0.961480421547048,0.147534083052963
