"","bcubed.precision","bcubed.recall","bcubed.f1"
"majority-vote",0.351542309970924,0.583538617354685,0.43876098315643
