"","bcubed.precision","bcubed.recall","bcubed.f1"
"majority-vote",0.722934344807398,0.175733501576765,0.282738020135639
