"","bcubed.precision","bcubed.recall","bcubed.f1"
"majority-vote",0.286970627874967,0.560159453416865,0.379515055850693
