"","bcubed.precision","bcubed.recall","bcubed.f1"
"majority-vote",0.468475908717474,0.355667696616636,0.404351247271719
