"","bcubed.precision","bcubed.recall","bcubed.f1"
"majority-vote",0.938449130537414,0.0050914029307946,0.0101278588129268
