"","bcubed.precision","bcubed.recall","bcubed.f1"
"majority-vote",0.099699048762731,0.997709035367906,0.181282866796015
