"","bcubed.precision","bcubed.recall","bcubed.f1"
"majority-vote",0.240046662933076,0.689593549189387,0.35612622626372
