"","bcubed.precision","bcubed.recall","bcubed.f1"
"majority-vote",0.355780216603692,0.328182939285366,0.341424815706076
