"","bcubed.precision","bcubed.recall","bcubed.f1"
"majority-vote",0.562564241967955,0.744729970511021,0.640955107629359
