"","bcubed.precision","bcubed.recall","bcubed.f1"
"majority-vote",0.33165566014653,0.517497162324614,0.404240222614483
