"","bcubed.precision","bcubed.recall","bcubed.f1"
"majority-vote",0.614381908978119,0.567509443509545,0.590016221935499
