"","bcubed.precision","bcubed.recall","bcubed.f1"
"majority-vote",0.26683194087029,0.264102375935553,0.265460141974997
