"","bcubed.precision","bcubed.recall","bcubed.f1"
"majority-vote",0.383995924862468,0.630062585869222,0.477174566993217
