"","bcubed.precision","bcubed.recall","bcubed.f1"
"majority-vote",0.154830741887537,0.132711776483768,0.142920517818246
