"","bcubed.precision","bcubed.recall","bcubed.f1"
"majority-vote",0.691924152861931,0.997697133515714,0.817142574476707
