"","bcubed.precision","bcubed.recall","bcubed.f1"
"majority-vote",0.229080939200711,0.787130230621227,0.354880044342709
