"","bcubed.precision","bcubed.recall","bcubed.f1"
"majority-vote",0.591115205072025,0.82497522527143,0.688734827969124
