"","bcubed.precision","bcubed.recall","bcubed.f1"
"majority-vote",0.151520463875144,0.827414162203271,0.256135955014959
