"","bcubed.precision","bcubed.recall","bcubed.f1"
"majority-vote",0.649658928907648,0.378122675424346,0.478021344761342
