"","bcubed.precision","bcubed.recall","bcubed.f1"
"majority-vote",0.483654364669788,0.816058381073752,0.607349891926907
