"","bcubed.precision","bcubed.recall","bcubed.f1"
"majority-vote",0.769400738600396,0.0511016241875398,0.0958379382601116
