"","bcubed.precision","bcubed.recall","bcubed.f1"
"majority-vote",0.312380526237379,0.621495931822212,0.415779249089122
