"","bcubed.precision","bcubed.recall","bcubed.f1"
"majority-vote",0.199742161603463,0.864951399582992,0.324538944411615
