"","bcubed.precision","bcubed.recall","bcubed.f1"
"majority-vote",0.539910314176916,0.677476407300292,0.600920797738136
