"","bcubed.precision","bcubed.recall","bcubed.f1"
"majority-vote",0.305452212013871,0.724170259144774,0.429670901182861
