"","bcubed.precision","bcubed.recall","bcubed.f1"
"majority-vote",0.316791546487725,0.587960837518987,0.411739225636517
