"","bcubed.precision","bcubed.recall","bcubed.f1"
"majority-vote",0.627160618191181,0.775195200681977,0.693364543770641
