"","bcubed.precision","bcubed.recall","bcubed.f1"
"majority-vote",0.196714640730579,0.971424186476886,0.327175769504418
