"","bcubed.precision","bcubed.recall","bcubed.f1"
"majority-vote",0.358937853232997,0.789945280803984,0.493594613521748
