"","bcubed.precision","bcubed.recall","bcubed.f1"
"majority-vote",0.197393419429478,0.668437061082324,0.304782703150937
