"","bcubed.precision","bcubed.recall","bcubed.f1"
"majority-vote",0.412994411540215,0.54874275354038,0.471288203916659
