"","bcubed.precision","bcubed.recall","bcubed.f1"
"majority-vote",0.795212055793901,0.849448004217212,0.821435760675104
