"","bcubed.precision","bcubed.recall","bcubed.f1"
"majority-vote",0.21121492648474,0.698304999723914,0.324330308617727
