"","bcubed.precision","bcubed.recall","bcubed.f1"
"majority-vote",0.483922626634193,0.431959609650357,0.456467044824172
