"","bcubed.precision","bcubed.recall","bcubed.f1"
"majority-vote",0.082286370104835,0.561244341439496,0.143529310320269
