"","bcubed.precision","bcubed.recall","bcubed.f1"
"majority-vote",0.354009897151991,0.392541349263252,0.372281268962732
