"","bcubed.precision","bcubed.recall","bcubed.f1"
"majority-vote",0.666940913003865,0.128049342894815,0.214848785947125
