"","bcubed.precision","bcubed.recall","bcubed.f1"
"majority-vote",0.700763894581583,0.482981400616679,0.571839108766933
