"","bcubed.precision","bcubed.recall","bcubed.f1"
"majority-vote",0.603039880996443,0.303775510397749,0.404026551332012
