"","bcubed.precision","bcubed.recall","bcubed.f1"
"majority-vote",0.99538112523435,0.410842327365217,0.581621217240698
