"","bcubed.precision","bcubed.recall","bcubed.f1"
"majority-vote",0.515864852602766,0.345330449537285,0.413712989393034
