"","bcubed.precision","bcubed.recall","bcubed.f1"
"majority-vote",0.571376542746354,0.328287847859737,0.416990996852438
