"","bcubed.precision","bcubed.recall","bcubed.f1"
"majority-vote",0.478700162861103,0.946526166069953,0.635831966688149
