"","bcubed.precision","bcubed.recall","bcubed.f1"
"majority-vote",0.462899340227319,0.981830985849879,0.62916782095756
