"","bcubed.precision","bcubed.recall","bcubed.f1"
"majority-vote",0.664178129343924,0.523477571314518,0.58549351276876
