"","bcubed.precision","bcubed.recall","bcubed.f1"
"majority-vote",0.610682863017598,0.328753926702981,0.427414364402247
