"","bcubed.precision","bcubed.recall","bcubed.f1"
"majority-vote",0.321176340490573,0.681711294877944,0.436638225935518
