"","bcubed.precision","bcubed.recall","bcubed.f1"
"majority-vote",0.0564512248648908,0.975962622523522,0.106729071104906
