"","bcubed.precision","bcubed.recall","bcubed.f1"
"majority-vote",0.215154416826483,0.847637432419255,0.343195965572924
