"","bcubed.precision","bcubed.recall","bcubed.f1"
"majority-vote",0.722380171436033,0.683004247916939,0.702140594285128
