"","bcubed.precision","bcubed.recall","bcubed.f1"
"majority-vote",0.902011852586019,0.135348655370416,0.235378328824569
