"","bcubed.precision","bcubed.recall","bcubed.f1"
"majority-vote",0.970751714703659,0.00199270389260835,0.00397724352597716
