"","bcubed.precision","bcubed.recall","bcubed.f1"
"majority-vote",0.407934456177569,0.378840390841834,0.392849490299859
