"","bcubed.precision","bcubed.recall","bcubed.f1"
"majority-vote",0.827754692091427,0.750160871990509,0.78704994835997
