"","bcubed.precision","bcubed.recall","bcubed.f1"
"majority-vote",0.0213359951462682,0.506481470619288,0.0409470580255782
