"","bcubed.precision","bcubed.recall","bcubed.f1"
"majority-vote",0.388864207117999,0.615266063184897,0.476541653813178
