"","bcubed.precision","bcubed.recall","bcubed.f1"
"majority-vote",0.919780863038464,0.295270871160645,0.447033634967436
