"","bcubed.precision","bcubed.recall","bcubed.f1"
"majority-vote",0.245672029646595,0.602011471841134,0.348944812298878
