"","bcubed.precision","bcubed.recall","bcubed.f1"
"majority-vote",0.189990353064916,0.956261242470343,0.316999185496266
