"","bcubed.precision","bcubed.recall","bcubed.f1"
"majority-vote",0.216426444883287,0.65862132550565,0.32579494932065
