"","bcubed.precision","bcubed.recall","bcubed.f1"
"majority-vote",0.171461592930103,0.700762904115454,0.275511463420145
