"","bcubed.precision","bcubed.recall","bcubed.f1"
"majority-vote",0.0896011413627209,0.996419539987083,0.164417362564393
