"","bcubed.precision","bcubed.recall","bcubed.f1"
"majority-vote",0.881555239682381,0.27445449071218,0.418589546403044
