"","bcubed.precision","bcubed.recall","bcubed.f1"
"majority-vote",0.313071276642514,0.472157581118004,0.376499093827592
