"","bcubed.precision","bcubed.recall","bcubed.f1"
"majority-vote",0.0219208267999226,0.994933328648818,0.0428965374393469
