"","bcubed.precision","bcubed.recall","bcubed.f1"
"majority-vote",0.443247473691817,0.836217186140806,0.579384748716827
