"","bcubed.precision","bcubed.recall","bcubed.f1"
"majority-vote",0.961659272512324,0.70462448093987,0.813317256837132
