"","bcubed.precision","bcubed.recall","bcubed.f1"
"majority-vote",0.260006435426611,0.761086375200529,0.387599155352216
