"","bcubed.precision","bcubed.recall","bcubed.f1"
"majority-vote",0.95138119917011,0.424240885893975,0.586810588665414
