"","bcubed.precision","bcubed.recall","bcubed.f1"
"majority-vote",0.369239413547889,0.516510444444205,0.430631767822739
