"","bcubed.precision","bcubed.recall","bcubed.f1"
"majority-vote",0.077030307042669,0.645867336393556,0.137644270064952
