"","bcubed.precision","bcubed.recall","bcubed.f1"
"majority-vote",0.325884671198245,0.732637940657965,0.451110768394455
