"","bcubed.precision","bcubed.recall","bcubed.f1"
"majority-vote",0.354412517447776,0.870662053627121,0.503762852577198
