"","bcubed.precision","bcubed.recall","bcubed.f1"
"majority-vote",0.786312777104943,0.79093502788531,0.788617129557415
