"","bcubed.precision","bcubed.recall","bcubed.f1"
"majority-vote",0.486242371871377,0.23230872626099,0.314405882496484
