"","bcubed.precision","bcubed.recall","bcubed.f1"
"majority-vote",0.630311619753013,0.802894453977204,0.706212055688433
