"","bcubed.precision","bcubed.recall","bcubed.f1"
"majority-vote",0.18816879863604,0.690917926651277,0.295782412529509
