"","bcubed.precision","bcubed.recall","bcubed.f1"
"majority-vote",0.653429059648289,0.666344840387039,0.659823750786308
