"","bcubed.precision","bcubed.recall","bcubed.f1"
"majority-vote",0.196317313177772,0.685557193562825,0.305228794440105
