"","bcubed.precision","bcubed.recall","bcubed.f1"
"majority-vote",0.630738014251659,0.760043962363842,0.689379971304971
