"","bcubed.precision","bcubed.recall","bcubed.f1"
"majority-vote",0.289774398607895,0.750868955956895,0.418169393368668
