"","bcubed.precision","bcubed.recall","bcubed.f1"
"majority-vote",0.153940166108998,0.980051385786294,0.266085356405242
