"","bcubed.precision","bcubed.recall","bcubed.f1"
"majority-vote",0.713736608830775,0.511549536045349,0.595961412985497
