"","bcubed.precision","bcubed.recall","bcubed.f1"
"majority-vote",0.649917813864746,0.584473327752781,0.615460715211515
