"","bcubed.precision","bcubed.recall","bcubed.f1"
"majority-vote",0.607392456741716,0.692891358581246,0.647330958955659
