"","bcubed.precision","bcubed.recall","bcubed.f1"
"majority-vote",0.939958280656215,0.078993965734809,0.145739964708441
