"","bcubed.precision","bcubed.recall","bcubed.f1"
"majority-vote",0.358416228623228,0.872511564891552,0.508108284118984
