"","bcubed.precision","bcubed.recall","bcubed.f1"
"majority-vote",0.108506693780493,0.802554927613742,0.191167270638279
