"","bcubed.precision","bcubed.recall","bcubed.f1"
"majority-vote",0.0584080343302234,0.670366017066832,0.107453774633153
