"","bcubed.precision","bcubed.recall","bcubed.f1"
"majority-vote",0.57488014376879,0.41657447972957,0.483088970733395
