"","bcubed.precision","bcubed.recall","bcubed.f1"
"majority-vote",0.229167678939687,0.755352815859058,0.351648244004026
