"","bcubed.precision","bcubed.recall","bcubed.f1"
"majority-vote",0.0956048523784971,0.816838644501011,0.171174956677637
