"","bcubed.precision","bcubed.recall","bcubed.f1"
"majority-vote",0.253322990845118,0.962297385305487,0.401066083640278
