"","bcubed.precision","bcubed.recall","bcubed.f1"
"majority-vote",0.570361845015896,0.715027420025822,0.634553857908013
