"","bcubed.precision","bcubed.recall","bcubed.f1"
"majority-vote",0.395168141948286,0.621068575791149,0.483010524681287
