"","bcubed.precision","bcubed.recall","bcubed.f1"
"majority-vote",0.215031030025085,0.52365648926282,0.304871522329368
