"","bcubed.precision","bcubed.recall","bcubed.f1"
"majority-vote",0.484929777945337,0.983089289938919,0.649486483520398
