"","bcubed.precision","bcubed.recall","bcubed.f1"
"majority-vote",0.251455569364177,0.961785634714819,0.398678108805401
