"","bcubed.precision","bcubed.recall","bcubed.f1"
"majority-vote",0.216172143994392,0.670947847324669,0.326991243763845
