"","bcubed.precision","bcubed.recall","bcubed.f1"
"majority-vote",0.303793673254504,0.26847649317847,0.285045297935265
