"","bcubed.precision","bcubed.recall","bcubed.f1"
"majority-vote",0.339403550663237,0.793221007545609,0.475395000877259
