"","bcubed.precision","bcubed.recall","bcubed.f1"
"majority-vote",0.393824871762129,0.900344314764686,0.547962334438748
