"","bcubed.precision","bcubed.recall","bcubed.f1"
"majority-vote",0.110241240062347,0.847830836222844,0.195112507841176
