"","bcubed.precision","bcubed.recall","bcubed.f1"
"majority-vote",0.201994925926679,0.745888140816508,0.317899169296246
