"","bcubed.precision","bcubed.recall","bcubed.f1"
"majority-vote",0.291660669233022,0.519753565026831,0.373648048583353
