"","bcubed.precision","bcubed.recall","bcubed.f1"
"majority-vote",0.233331503544544,0.529106292794344,0.32384849603576
