"","bcubed.precision","bcubed.recall","bcubed.f1"
"majority-vote",0.830489346575074,0.209238760780782,0.334261544897402
