"","bcubed.precision","bcubed.recall","bcubed.f1"
"majority-vote",0.442337306764592,0.993608147828189,0.612154104717461
