"","bcubed.precision","bcubed.recall","bcubed.f1"
"majority-vote",0.518098489915997,0.960300292967409,0.673066208404126
