"","bcubed.precision","bcubed.recall","bcubed.f1"
"majority-vote",0.859607767097795,0.359556931247549,0.507032284044515
