"","bcubed.precision","bcubed.recall","bcubed.f1"
"majority-vote",0.083665472239949,0.984508744172134,0.154224634408783
