"","bcubed.precision","bcubed.recall","bcubed.f1"
"majority-vote",0.525453669361188,0.861977873990558,0.652903473280291
