"","bcubed.precision","bcubed.recall","bcubed.f1"
"majority-vote",0.409329239908403,0.723907385251667,0.52295602381769
