"","bcubed.precision","bcubed.recall","bcubed.f1"
"majority-vote",0.712721762238351,0.462151909985099,0.560716835339474
