"","bcubed.precision","bcubed.recall","bcubed.f1"
"majority-vote",0.505461709630776,0.581099468733138,0.540647939168342
