"","bcubed.precision","bcubed.recall","bcubed.f1"
"majority-vote",0.260289233287799,0.584676623528278,0.360215809507201
