"","bcubed.precision","bcubed.recall","bcubed.f1"
"majority-vote",0.971172817176521,0.84960015881652,0.906327796590291
