"","bcubed.precision","bcubed.recall","bcubed.f1"
"majority-vote",0.345491134832628,0.997156575178862,0.513178183965194
