"","bcubed.precision","bcubed.recall","bcubed.f1"
"majority-vote",0.964956832007935,0.641867586776638,0.770929923473615
