"","bcubed.precision","bcubed.recall","bcubed.f1"
"majority-vote",0.322044142028066,0.538482426927517,0.403044176515168
