"","bcubed.precision","bcubed.recall","bcubed.f1"
"majority-vote",0.357723504050007,0.968996561155932,0.522541045936922
