"","bcubed.precision","bcubed.recall","bcubed.f1"
"majority-vote",0.333119125623183,0.802503711345394,0.470806549375748
