"","bcubed.precision","bcubed.recall","bcubed.f1"
"majority-vote",0.276340285110043,0.865704833658735,0.418948632804116
