"","bcubed.precision","bcubed.recall","bcubed.f1"
"majority-vote",0.604685153238287,0.565902165213186,0.584651195337548
