"","bcubed.precision","bcubed.recall","bcubed.f1"
"majority-vote",0.36065278831166,0.679238140453113,0.471143891163715
