"","bcubed.precision","bcubed.recall","bcubed.f1"
"majority-vote",0.94788020609785,0.834740391263363,0.887719905492137
