"","bcubed.precision","bcubed.recall","bcubed.f1"
"majority-vote",0.22291476700877,0.883235647669026,0.355984621985304
