"","bcubed.precision","bcubed.recall","bcubed.f1"
"majority-vote",0.357943548275817,0.990533304164394,0.525859980371732
