"","bcubed.precision","bcubed.recall","bcubed.f1"
"majority-vote",0.538918912174638,0.631611480003402,0.581595102519428
