"","bcubed.precision","bcubed.recall","bcubed.f1"
"majority-vote",0.326789760066692,0.718272001817268,0.449205862653217
