"","bcubed.precision","bcubed.recall","bcubed.f1"
"majority-vote",0.487938025502607,0.281220937614755,0.35680111812933
