"","bcubed.precision","bcubed.recall","bcubed.f1"
"majority-vote",0.469265756207307,0.830150841566056,0.599594253453692
