"","bcubed.precision","bcubed.recall","bcubed.f1"
"majority-vote",0.38480173830126,0.67059238445145,0.489002372981695
