"","bcubed.precision","bcubed.recall","bcubed.f1"
"majority-vote",0.235358207580469,0.709183486617331,0.353424640291144
