"","bcubed.precision","bcubed.recall","bcubed.f1"
"majority-vote",0.950832188148846,0.140839435352538,0.245338736687849
