"","bcubed.precision","bcubed.recall","bcubed.f1"
"majority-vote",0.833594342186134,0.0263709570461112,0.051124575866718
