"","bcubed.precision","bcubed.recall","bcubed.f1"
"majority-vote",0.496717765360896,0.676854643472595,0.572961196853692
