"","bcubed.precision","bcubed.recall","bcubed.f1"
"majority-vote",0.66432363886707,0.265867535545593,0.379754384966703
