"","bcubed.precision","bcubed.recall","bcubed.f1"
"majority-vote",0.0761065263278421,0.81965961018923,0.13928065185694
