"","bcubed.precision","bcubed.recall","bcubed.f1"
"majority-vote",0.183855168831283,0.741730278027176,0.294669597403068
