"","bcubed.precision","bcubed.recall","bcubed.f1"
"majority-vote",0.452522037988459,0.465136098249741,0.458742372153581
