"","bcubed.precision","bcubed.recall","bcubed.f1"
"majority-vote",0.0689478862404387,0.976913772510209,0.128805065354845
