"","bcubed.precision","bcubed.recall","bcubed.f1"
"majority-vote",0.0483251204044082,0.922569038772997,0.0918395881953963
