"","bcubed.precision","bcubed.recall","bcubed.f1"
"majority-vote",0.188043968359693,0.950709727071727,0.313984017007293
