"","bcubed.precision","bcubed.recall","bcubed.f1"
"majority-vote",0.257604097763875,0.606584420351861,0.361630891979607
