"","bcubed.precision","bcubed.recall","bcubed.f1"
"majority-vote",0.181556098726404,0.697210411894258,0.288092003609803
