"","bcubed.precision","bcubed.recall","bcubed.f1"
"majority-vote",0.355664645053685,0.51274287639066,0.419997544083862
