"","bcubed.precision","bcubed.recall","bcubed.f1"
"majority-vote",0.145737017812738,0.596665174284712,0.234256321057731
