"","bcubed.precision","bcubed.recall","bcubed.f1"
"majority-vote",0.415925098702614,0.830235229461851,0.554207451410271
