"","bcubed.precision","bcubed.recall","bcubed.f1"
"majority-vote",0.441190684265216,0.459694708750092,0.450252661834658
