"","bcubed.precision","bcubed.recall","bcubed.f1"
"majority-vote",0.800825904366392,0.457176185134055,0.58206347186616
