"","bcubed.precision","bcubed.recall","bcubed.f1"
"majority-vote",0.809585330379908,0.497886622051175,0.616581800711757
