"","bcubed.precision","bcubed.recall","bcubed.f1"
"majority-vote",0.916110092234524,0.238906912646273,0.378981491796184
