"","bcubed.precision","bcubed.recall","bcubed.f1"
"majority-vote",0.632050320616877,0.840887753659175,0.721664248599604
