"","bcubed.precision","bcubed.recall","bcubed.f1"
"majority-vote",0.292146566496121,0.674301020072322,0.407667690491997
