"","bcubed.precision","bcubed.recall","bcubed.f1"
"majority-vote",0.404839887960615,0.806605141989531,0.539101531210105
