"","bcubed.precision","bcubed.recall","bcubed.f1"
"majority-vote",0.407314511717916,0.826451993505883,0.545688165090987
