"","bcubed.precision","bcubed.recall","bcubed.f1"
"majority-vote",0.893587973114992,0.078484802466622,0.144295936103173
