"","bcubed.precision","bcubed.recall","bcubed.f1"
"majority-vote",0.238734611795178,0.824224381332626,0.370232321249869
