"","bcubed.precision","bcubed.recall","bcubed.f1"
"majority-vote",0.553615260157256,0.881168388598171,0.680002545497759
