"","bcubed.precision","bcubed.recall","bcubed.f1"
"majority-vote",0.478501610159896,0.192830840850921,0.274885766945193
