"","bcubed.precision","bcubed.recall","bcubed.f1"
"majority-vote",0.366312480005134,0.570651508247806,0.446200220767702
