"","bcubed.precision","bcubed.recall","bcubed.f1"
"majority-vote",0.206647720778205,0.972563746783238,0.340868600947175
