"","bcubed.precision","bcubed.recall","bcubed.f1"
"majority-vote",0.904110597844784,0.591033561087142,0.714793557622636
