"","bcubed.precision","bcubed.recall","bcubed.f1"
"majority-vote",0.202926424909978,0.923208497764318,0.33271927923686
