"","bcubed.precision","bcubed.recall","bcubed.f1"
"majority-vote",0.581705868547003,0.986703861007864,0.731915156671669
