"","bcubed.precision","bcubed.recall","bcubed.f1"
"majority-vote",0.471594438844633,0.741184743420317,0.576425796657756
