"","bcubed.precision","bcubed.recall","bcubed.f1"
"majority-vote",0.725293949204707,0.417619324340526,0.530043313042604
