"","bcubed.precision","bcubed.recall","bcubed.f1"
"majority-vote",0.461554656161615,0.745614736219168,0.57016348389343
