"","bcubed.precision","bcubed.recall","bcubed.f1"
"majority-vote",0.763134887611407,0.697430315954349,0.728804718177922
