"","bcubed.precision","bcubed.recall","bcubed.f1"
"majority-vote",0.274870228236354,0.444536169248238,0.33969605699314
