"","bcubed.precision","bcubed.recall","bcubed.f1"
"majority-vote",0.246491429825608,0.8960220174534,0.386624330353949
