"","bcubed.precision","bcubed.recall","bcubed.f1"
"majority-vote",0.68738772353058,0.958038280661185,0.800453804815514
