"","bcubed.precision","bcubed.recall","bcubed.f1"
"majority-vote",0.734678268509369,0.719497424546118,0.727008606438483
