"","bcubed.precision","bcubed.recall","bcubed.f1"
"majority-vote",0.551175204833995,0.481825298963438,0.51417236850148
