"","bcubed.precision","bcubed.recall","bcubed.f1"
"majority-vote",0.595915905655762,0.801648119906953,0.683639327649756
