"","bcubed.precision","bcubed.recall","bcubed.f1"
"majority-vote",0.262023688866721,0.591805679019054,0.363227391657468
