"","bcubed.precision","bcubed.recall","bcubed.f1"
"majority-vote",0.782466711320656,0.362750196888464,0.495696407476385
