"","bcubed.precision","bcubed.recall","bcubed.f1"
"majority-vote",0.670590718760951,0.482658429018414,0.561311947994454
