"","bcubed.precision","bcubed.recall","bcubed.f1"
"majority-vote",0.334896207555361,0.564164431130803,0.420297631313133
