"","bcubed.precision","bcubed.recall","bcubed.f1"
"majority-vote",0.623859040386757,0.616750889748852,0.620284601775417
