"","bcubed.precision","bcubed.recall","bcubed.f1"
"majority-vote",0.8089520613451,0.43540245481487,0.566108305572181
