"","bcubed.precision","bcubed.recall","bcubed.f1"
"majority-vote",0.871935999956464,0.0807643611752117,0.147835262576163
