"","bcubed.precision","bcubed.recall","bcubed.f1"
"majority-vote",0.432194588351314,0.630339107865602,0.512791551393947
