"","bcubed.precision","bcubed.recall","bcubed.f1"
"majority-vote",0.500501819398954,0.413037734150278,0.452582784444253
