"","bcubed.precision","bcubed.recall","bcubed.f1"
"majority-vote",0.387368077636479,0.441377668557722,0.412612963061438
