"","bcubed.precision","bcubed.recall","bcubed.f1"
"majority-vote",0.338170285781562,0.801058400619819,0.475574661170148
