"","bcubed.precision","bcubed.recall","bcubed.f1"
"majority-vote",0.586081353166358,0.292698914703164,0.390416995628366
