"","bcubed.precision","bcubed.recall","bcubed.f1"
"majority-vote",0.0103164301571149,0.985928713327875,0.02041920059025
