"","bcubed.precision","bcubed.recall","bcubed.f1"
"majority-vote",0.26320270111194,0.805463025637065,0.396756513635743
