"","bcubed.precision","bcubed.recall","bcubed.f1"
"majority-vote",0.585120935913798,0.643878601364852,0.613095185828455
