"","bcubed.precision","bcubed.recall","bcubed.f1"
"majority-vote",0.403819125289324,0.748326464449245,0.524566584286132
