"","bcubed.precision","bcubed.recall","bcubed.f1"
"majority-vote",0.242399689214543,0.851531359980193,0.377374674880247
