"","bcubed.precision","bcubed.recall","bcubed.f1"
"majority-vote",0.754326516369628,0.491756170286702,0.595377373922128
