"","bcubed.precision","bcubed.recall","bcubed.f1"
"majority-vote",0.773336961226273,0.410651457179807,0.536444352126514
