"","bcubed.precision","bcubed.recall","bcubed.f1"
"majority-vote",0.621046969176958,0.57900654246889,0.599290373044721
