"","bcubed.precision","bcubed.recall","bcubed.f1"
"majority-vote",0.26657497347454,0.323217867508405,0.292176467635497
