"","bcubed.precision","bcubed.recall","bcubed.f1"
"majority-vote",0.626894201965388,0.18606569895744,0.286960052343662
