"","bcubed.precision","bcubed.recall","bcubed.f1"
"majority-vote",0.979481318963088,0.19039631828496,0.318819047431587
