"","bcubed.precision","bcubed.recall","bcubed.f1"
"majority-vote",0.497132516893002,0.276725626271672,0.355541408441196
