"","bcubed.precision","bcubed.recall","bcubed.f1"
"majority-vote",0.956148662144903,0.0338911596170827,0.0654619869102668
