"","bcubed.precision","bcubed.recall","bcubed.f1"
"majority-vote",0.473568324432319,0.827284458772722,0.602336744062058
