"","bcubed.precision","bcubed.recall","bcubed.f1"
"majority-vote",0.594047760158027,0.496556186902292,0.54094447652976
