"","bcubed.precision","bcubed.recall","bcubed.f1"
"majority-vote",0.203089400356555,0.738497535172476,0.318570736113082
