"","bcubed.precision","bcubed.recall","bcubed.f1"
"majority-vote",0.182544003034772,0.78757893773131,0.296390912858564
