"","bcubed.precision","bcubed.recall","bcubed.f1"
"majority-vote",0.521676472394054,0.576035610355573,0.547510098332756
