"","bcubed.precision","bcubed.recall","bcubed.f1"
"majority-vote",0.902520557191873,0.165714245156536,0.280014304990838
