"","bcubed.precision","bcubed.recall","bcubed.f1"
"majority-vote",0.431618370433977,0.555186416147243,0.485665776013805
