"","bcubed.precision","bcubed.recall","bcubed.f1"
"majority-vote",0.404081801303443,0.789989113317127,0.534675487042962
