"","bcubed.precision","bcubed.recall","bcubed.f1"
"majority-vote",0.895044202401432,0.247990049889718,0.388373412191495
