"","bcubed.precision","bcubed.recall","bcubed.f1"
"majority-vote",0.493458961837654,0.0436503127457985,0.0802057943539902
