"","bcubed.precision","bcubed.recall","bcubed.f1"
"majority-vote",0.529911807899976,0.319130563304338,0.398357159765457
