"","bcubed.precision","bcubed.recall","bcubed.f1"
"majority-vote",0.88489141066681,0.345517558510337,0.496981942459076
