"","bcubed.precision","bcubed.recall","bcubed.f1"
"majority-vote",0.0287855610980432,0.561762577524607,0.0547648868579757
