"","bcubed.precision","bcubed.recall","bcubed.f1"
"majority-vote",0.460550029052186,0.534053120218822,0.494585564528854
