"","bcubed.precision","bcubed.recall","bcubed.f1"
"majority-vote",0.304317537046609,0.632090553175759,0.410838484505611
