"","bcubed.precision","bcubed.recall","bcubed.f1"
"majority-vote",0.24413869751377,0.951662581692375,0.388589086175271
