"","bcubed.precision","bcubed.recall","bcubed.f1"
"majority-vote",0.199236059847525,0.540420626482368,0.291138519452674
