"","bcubed.precision","bcubed.recall","bcubed.f1"
"majority-vote",0.77747152318222,0.730051575077055,0.753015739171272
