"","bcubed.precision","bcubed.recall","bcubed.f1"
"majority-vote",0.586963157985042,0.552426439869993,0.569171367389962
