"","bcubed.precision","bcubed.recall","bcubed.f1"
"majority-vote",0.622233619883376,0.378395446187998,0.470604695011226
