"","bcubed.precision","bcubed.recall","bcubed.f1"
"majority-vote",0.578194733331129,0.373971826338202,0.454182176862132
