"","bcubed.precision","bcubed.recall","bcubed.f1"
"majority-vote",0.603122095005648,0.221984888709614,0.324525167718954
