"","bcubed.precision","bcubed.recall","bcubed.f1"
"majority-vote",0.53367893811153,0.761559975484023,0.627573051980534
