"","bcubed.precision","bcubed.recall","bcubed.f1"
"majority-vote",0.882225950850705,0.398912917694457,0.549403873007566
