"","bcubed.precision","bcubed.recall","bcubed.f1"
"majority-vote",0.819721182216004,0.35460213359381,0.495050853972674
