"","bcubed.precision","bcubed.recall","bcubed.f1"
"majority-vote",0.398973318776833,0.490151883892284,0.439887483189467
