"","bcubed.precision","bcubed.recall","bcubed.f1"
"majority-vote",0.717689898805723,0.456257146356661,0.557863570673763
