"","bcubed.precision","bcubed.recall","bcubed.f1"
"majority-vote",0.282231690925106,0.904676490592731,0.430241158762019
