"","bcubed.precision","bcubed.recall","bcubed.f1"
"majority-vote",0.944937312511774,0.182360043398195,0.305720240387015
