"","bcubed.precision","bcubed.recall","bcubed.f1"
"majority-vote",0.281048867115352,0.972702299857438,0.43609431698557
