"","bcubed.precision","bcubed.recall","bcubed.f1"
"majority-vote",0.490587285424836,0.359055124065965,0.414640033655963
