"","bcubed.precision","bcubed.recall","bcubed.f1"
"majority-vote",0.504514687690537,0.582961759510658,0.540908763204931
