"","bcubed.precision","bcubed.recall","bcubed.f1"
"majority-vote",0.989092552319384,0.0879029421641212,0.161456841494383
