"","bcubed.precision","bcubed.recall","bcubed.f1"
"majority-vote",0.767578833100292,0.428813110168921,0.550234174633692
