"","bcubed.precision","bcubed.recall","bcubed.f1"
"majority-vote",0.160859431493573,0.564585263296081,0.250381221713367
