"","bcubed.precision","bcubed.recall","bcubed.f1"
"majority-vote",0.22101619767142,0.567216699586754,0.318088926850094
