"","bcubed.precision","bcubed.recall","bcubed.f1"
"majority-vote",0.917630153887349,0.431809790789264,0.587268349858983
