"","bcubed.precision","bcubed.recall","bcubed.f1"
"majority-vote",0.323214047205804,0.620207605964674,0.424963344349785
