"","bcubed.precision","bcubed.recall","bcubed.f1"
"majority-vote",0.358090982654974,0.377886414718401,0.367722481862654
