"","bcubed.precision","bcubed.recall","bcubed.f1"
"majority-vote",0.54933030886533,0.799251083744728,0.651132882450193
