"","bcubed.precision","bcubed.recall","bcubed.f1"
"majority-vote",0.494665323943857,0.823722855659478,0.618129227095088
