"","bcubed.precision","bcubed.recall","bcubed.f1"
"majority-vote",0.523193856264039,0.61389958845575,0.564928932682784
