"","bcubed.precision","bcubed.recall","bcubed.f1"
"majority-vote",0.463547168793522,0.330404266117985,0.385811915897259
