"","bcubed.precision","bcubed.recall","bcubed.f1"
"majority-vote",0.331266856171153,0.491585366604215,0.395808468221584
