"","bcubed.precision","bcubed.recall","bcubed.f1"
"majority-vote",0.256475988178313,0.56731476227107,0.353251391041342
