"","bcubed.precision","bcubed.recall","bcubed.f1"
"majority-vote",0.250107422774834,0.538635205446925,0.341598534756124
