"","bcubed.precision","bcubed.recall","bcubed.f1"
"majority-vote",0.0824247195713919,0.665187966634318,0.146674695664573
