"","bcubed.precision","bcubed.recall","bcubed.f1"
"majority-vote",0.302256812077745,0.753752896729239,0.431486464110506
