"","bcubed.precision","bcubed.recall","bcubed.f1"
"majority-vote",0.466855128685337,0.523904499552716,0.493737321518601
