"","bcubed.precision","bcubed.recall","bcubed.f1"
"majority-vote",0.346088633446598,0.572264069789517,0.431324673376872
