"","bcubed.precision","bcubed.recall","bcubed.f1"
"majority-vote",0.741105419145441,0.518069001060515,0.609834091315822
