"","bcubed.precision","bcubed.recall","bcubed.f1"
"majority-vote",0.0997257943398855,0.968252199214833,0.180827171104239
