"","bcubed.precision","bcubed.recall","bcubed.f1"
"majority-vote",0.158758427584284,0.927738986026031,0.271121460180404
