"","bcubed.precision","bcubed.recall","bcubed.f1"
"majority-vote",0.370818239686727,0.534234205151593,0.437773056499816
