"","bcubed.precision","bcubed.recall","bcubed.f1"
"majority-vote",0.603302519589707,0.129024161576755,0.212584366428436
