"","bcubed.precision","bcubed.recall","bcubed.f1"
"majority-vote",0.561105801120886,0.664185888590072,0.608309936711369
