"","bcubed.precision","bcubed.recall","bcubed.f1"
"majority-vote",0.298557943808429,0.819815601129967,0.437711462834927
