"","bcubed.precision","bcubed.recall","bcubed.f1"
"majority-vote",0.134588692821955,0.9821334629661,0.236735804465215
