"","bcubed.precision","bcubed.recall","bcubed.f1"
"majority-vote",0.268115672874297,0.7425678910593,0.393979078854977
