"","bcubed.precision","bcubed.recall","bcubed.f1"
"majority-vote",0.851190307673326,0.107153893891811,0.190345714538068
