"","bcubed.precision","bcubed.recall","bcubed.f1"
"majority-vote",0.862372471936711,0.316790268142203,0.463364720301461
