"","bcubed.precision","bcubed.recall","bcubed.f1"
"majority-vote",0.306253175613983,0.680904324931353,0.422483973802204
