{
      "avg_bcuded_f1": 0.4024740782686833,
      "avg_bcuded_recall": 0.6038004670758049,
      "avg_bcuded_precision": 0.48365751073212654,
      "avg_bcuded_f1star": 0.5370922589090765
}