"","bcubed.precision","bcubed.recall","bcubed.f1"
"majority-vote",0.995155918861641,0.265596487017495,0.419289171849746
