"","bcubed.precision","bcubed.recall","bcubed.f1"
"majority-vote",0.995165798020999,0.274600647177648,0.430430609060354
