"","bcubed.precision","bcubed.recall","bcubed.f1"
"majority-vote",0.962471002663459,0.247381107307451,0.393597102369683
