"","bcubed.precision","bcubed.recall","bcubed.f1"
"majority-vote",0.964996464535635,0.46218105806668,0.625014169500713
