"","bcubed.precision","bcubed.recall","bcubed.f1"
"majority-vote",0.999008656269549,0.0516399008602496,0.0982035479289529
