"","bcubed.precision","bcubed.recall","bcubed.f1"
"majority-vote",0.964636542239686,0.171756041432439,0.291593162955676
