"","bcubed.precision","bcubed.recall","bcubed.f1"
"majority-vote",0.99752436388228,0.593219042403298,0.74399233160797
