"","bcubed.precision","bcubed.recall","bcubed.f1"
"majority-vote",0.998064516129032,0.352330952569115,0.520808947962752
