"","bcubed.precision","bcubed.recall","bcubed.f1"
"majority-vote",0.939123505976096,0.487073133956284,0.641456888090099
