"","bcubed.precision","bcubed.recall","bcubed.f1"
"majority-vote",0.955677501055298,0.294306753093282,0.450025416570494
