"","bcubed.precision","bcubed.recall","bcubed.f1"
"majority-vote",0.98063740030321,0.28916340395016,0.446628239268198
