"","bcubed.precision","bcubed.recall","bcubed.f1"
"majority-vote",0.999008656269549,0.049340009552645,0.0940356929912374
