"","bcubed.precision","bcubed.recall","bcubed.f1"
"majority-vote",0.990203874675174,0.19693317204924,0.328528185609726
