"","bcubed.precision","bcubed.recall","bcubed.f1"
"majority-vote",0.985412600829865,0.0802110718901935,0.148346931454536
