"","bcubed.precision","bcubed.recall","bcubed.f1"
"majority-vote",0.98063740030321,0.292348829523017,0.450418377588063
