"","bcubed.precision","bcubed.recall","bcubed.f1"
"majority-vote",0.991941818007399,0.100355214565915,0.182270080416711
