"","bcubed.precision","bcubed.recall","bcubed.f1"
"majority-vote",0.933993399339934,0.299585727750471,0.453657306792099
