"","bcubed.precision","bcubed.recall","bcubed.f1"
"majority-vote",0.989962003454231,0.483221219742464,0.649438086553578
