"","bcubed.precision","bcubed.recall","bcubed.f1"
"majority-vote",0.823568479508251,0.298760532103578,0.438462794093252
