"","bcubed.precision","bcubed.recall","bcubed.f1"
"majority-vote",0.991309153713299,0.489940447267781,0.655773949007994
