"","bcubed.precision","bcubed.recall","bcubed.f1"
"majority-vote",0.823568479508251,0.286803730556929,0.425447449334487
