"","bcubed.precision","bcubed.recall","bcubed.f1"
"majority-vote",0.985646312765138,0.228524435345793,0.371025685515424
