"","bcubed.precision","bcubed.recall","bcubed.f1"
"majority-vote",0.9867442466572,0.0815877749833249,0.150713946472807
