"","bcubed.precision","bcubed.recall","bcubed.f1"
"majority-vote",0.993095512082854,0.327802737718956,0.492906138267671
