"","bcubed.precision","bcubed.recall","bcubed.f1"
"majority-vote",0.998467502188017,0.161701443282615,0.278327801834232
