"","bcubed.precision","bcubed.recall","bcubed.f1"
"majority-vote",0.984287447287852,0.236937180273618,0.381935128191415
