"","bcubed.precision","bcubed.recall","bcubed.f1"
"majority-vote",0.991854311507731,0.132587063895157,0.233906460312248
