"","bcubed.precision","bcubed.recall","bcubed.f1"
"majority-vote",0.90863076269386,0.252562848515631,0.395259449345161
