"","bcubed.precision","bcubed.recall","bcubed.f1"
"majority-vote",0.950474163562956,0.16721197464893,0.284392292806663
