"","bcubed.precision","bcubed.recall","bcubed.f1"
"majority-vote",0.990258994348379,0.188848505032831,0.317204208736095
