"","bcubed.precision","bcubed.recall","bcubed.f1"
"majority-vote",0.992226271039389,0.111800750438594,0.200958200386409
