"","bcubed.precision","bcubed.recall","bcubed.f1"
"majority-vote",0.883100381194409,0.29130458138926,0.438096219046257
