"","bcubed.precision","bcubed.recall","bcubed.f1"
"majority-vote",0.998470704008085,0.156307707172811,0.270300630686587
