"","bcubed.precision","bcubed.recall","bcubed.f1"
"majority-vote",0.894893891770951,0.404648745139664,0.557300207093048
