"","bcubed.precision","bcubed.recall","bcubed.f1"
"majority-vote",0.976494845360825,0.442698022489113,0.609208722514182
