"","bcubed.precision","bcubed.recall","bcubed.f1"
"majority-vote",0.897346729100284,0.468582870182523,0.615670538352031
