"","bcubed.precision","bcubed.recall","bcubed.f1"
"majority-vote",0.845941872981701,0.790398346631142,0.817227431968867
