"","bcubed.precision","bcubed.recall","bcubed.f1"
"majority-vote",0.982656826568266,0.944423440437521,0.96316085718523
