"","bcubed.precision","bcubed.recall","bcubed.f1"
"majority-vote",0.983388704318937,0.538042638250106,0.69553589188413
