"","bcubed.precision","bcubed.recall","bcubed.f1"
"majority-vote",0.9804833141542,0.330240196078636,0.494070640207858
