"","bcubed.precision","bcubed.recall","bcubed.f1"
"majority-vote",0.95863653772501,0.913458584690456,0.935502437347317
