"","bcubed.precision","bcubed.recall","bcubed.f1"
"majority-vote",0.99821592415129,0.590964306761991,0.742407903319857
