"","bcubed.precision","bcubed.recall","bcubed.f1"
"majority-vote",0.998064516129032,0.342401123362177,0.509880151258811
