"","bcubed.precision","bcubed.recall","bcubed.f1"
"majority-vote",0.976494845360825,0.437953746138678,0.604701476152635
