"","bcubed.precision","bcubed.recall","bcubed.f1"
"majority-vote",0.95042194092827,0.764821207459382,0.847579956392709
