"","bcubed.precision","bcubed.recall","bcubed.f1"
"majority-vote",0.921111654315905,0.429143747539513,0.585503019195141
