"","bcubed.precision","bcubed.recall","bcubed.f1"
"majority-vote",0.927352334911155,0.8279293414951,0.874825070297418
