"","bcubed.precision","bcubed.recall","bcubed.f1"
"majority-vote",0.993124065769806,0.668579921812472,0.799158953946464
