"","bcubed.precision","bcubed.recall","bcubed.f1"
"majority-vote",0.933299504682665,0.798158828530961,0.860455287934595
