"","bcubed.precision","bcubed.recall","bcubed.f1"
"majority-vote",0.994882729211087,0.197475698010511,0.329540441706542
