"","bcubed.precision","bcubed.recall","bcubed.f1"
"majority-vote",0.991223371891138,0.394880311004818,0.56476957416323
