"","bcubed.precision","bcubed.recall","bcubed.f1"
"majority-vote",0.998661311914324,0.519834146958247,0.683753445749029
