"","bcubed.precision","bcubed.recall","bcubed.f1"
"majority-vote",0.969082943383115,0.451054268094024,0.615586992887004
