"","bcubed.precision","bcubed.recall","bcubed.f1"
"majority-vote",0.830388692579505,0.207997161238801,0.332667264574577
