"","bcubed.precision","bcubed.recall","bcubed.f1"
"majority-vote",0.999485559116496,0.0153096628604473,0.0301573886289088
