"","bcubed.precision","bcubed.recall","bcubed.f1"
"majority-vote",0.996817988969028,0.297181693254028,0.457861098263897
