"","bcubed.precision","bcubed.recall","bcubed.f1"
"majority-vote",0.949765700337801,0.847726747707723,0.895849981575356
