"","bcubed.precision","bcubed.recall","bcubed.f1"
"majority-vote",0.9997620468307,0.0181823202514051,0.0357151025115105
