"","bcubed.precision","bcubed.recall","bcubed.f1"
"majority-vote",0.82154019563137,0.924304270999993,0.86989777856378
