"","bcubed.precision","bcubed.recall","bcubed.f1"
"majority-vote",0.990184268965441,0.357935505491165,0.52580210387375
