"","bcubed.precision","bcubed.recall","bcubed.f1"
"majority-vote",0.996467263306642,0.351265800693524,0.519427593579093
