"","bcubed.precision","bcubed.recall","bcubed.f1"
"majority-vote",0.994882729211087,0.169801727633877,0.290091973358646
