"","bcubed.precision","bcubed.recall","bcubed.f1"
"majority-vote",0.82154019563137,0.926559163481679,0.870895115271935
