"","bcubed.precision","bcubed.recall","bcubed.f1"
"majority-vote",0.991223371891138,0.358513721185192,0.526572443485968
