"","bcubed.precision","bcubed.recall","bcubed.f1"
"majority-vote",0.998661311914324,0.532361535058295,0.69450154851092
