"","bcubed.precision","bcubed.recall","bcubed.f1"
"majority-vote",0.970273906411362,0.369904779894486,0.535613585644728
