"","bcubed.precision","bcubed.recall","bcubed.f1"
"majority-vote",0.949765700337801,0.895457288934425,0.921812294873725
