"","bcubed.precision","bcubed.recall","bcubed.f1"
"majority-vote",0.928119180633147,0.455155910741633,0.610780796346176
