"","bcubed.precision","bcubed.recall","bcubed.f1"
"majority-vote",0.83695383835659,0.371228843650136,0.514328520394948
