"","bcubed.precision","bcubed.recall","bcubed.f1"
"majority-vote",0.993880673125956,0.28696494878575,0.445344718494728
