"","bcubed.precision","bcubed.recall","bcubed.f1"
"majority-vote",0.694016662458975,0.31801334579894,0.436166040666543
