"","bcubed.precision","bcubed.recall","bcubed.f1"
"majority-vote",0.832785890219631,0.440086389376986,0.575859403061244
