"","bcubed.precision","bcubed.recall","bcubed.f1"
"majority-vote",0.998134328358209,0.587178642698622,0.739391111857955
