"","bcubed.precision","bcubed.recall","bcubed.f1"
"majority-vote",0.991096698304798,0.649304284913308,0.784592717946665
