"","bcubed.precision","bcubed.recall","bcubed.f1"
"majority-vote",0.989923184763042,0.587314312912719,0.73723336650597
