"","bcubed.precision","bcubed.recall","bcubed.f1"
"majority-vote",0.976121742442086,0.157373601620783,0.271047949218475
