"","bcubed.precision","bcubed.recall","bcubed.f1"
"majority-vote",0.970990990990991,0.484500775900266,0.646442527850385
