"","bcubed.precision","bcubed.recall","bcubed.f1"
"majority-vote",0.948361332601616,0.368625501506532,0.530893950927631
