"","bcubed.precision","bcubed.recall","bcubed.f1"
"majority-vote",0.970959595959596,0.436859676699402,0.602595948808032
