"","bcubed.precision","bcubed.recall","bcubed.f1"
"majority-vote",0.997164729231642,0.489871171904315,0.656987842885566
