"","bcubed.precision","bcubed.recall","bcubed.f1"
"majority-vote",0.984269509981851,0.316609318192216,0.479105189082287
