"","bcubed.precision","bcubed.recall","bcubed.f1"
"majority-vote",0.962293189688342,0.624382231970908,0.757355614621786
