"","bcubed.precision","bcubed.recall","bcubed.f1"
"majority-vote",0.983241978674246,0.213286356200608,0.350534279519322
