"","bcubed.precision","bcubed.recall","bcubed.f1"
"majority-vote",0.947918398478856,0.521334107991689,0.672698791451463
