"","bcubed.precision","bcubed.recall","bcubed.f1"
"majority-vote",0.998089780324737,0.419846335075483,0.591062364226976
