"","bcubed.precision","bcubed.recall","bcubed.f1"
"majority-vote",0.709422200911052,0.442896882400122,0.545336592337056
