"","bcubed.precision","bcubed.recall","bcubed.f1"
"majority-vote",0.976781718023756,0.66416443407234,0.790694656414861
