"","bcubed.precision","bcubed.recall","bcubed.f1"
"majority-vote",0.997164729231642,0.50795036918454,0.673051772431238
