"","bcubed.precision","bcubed.recall","bcubed.f1"
"majority-vote",0.998344644926337,0.298302442344276,0.459351891206928
