"","bcubed.precision","bcubed.recall","bcubed.f1"
"majority-vote",0.997022024534388,0.0449123416496051,0.0859528109473299
