"","bcubed.precision","bcubed.recall","bcubed.f1"
"majority-vote",0.913095152256446,0.549779498891309,0.686321271414154
