"","bcubed.precision","bcubed.recall","bcubed.f1"
"majority-vote",0.978550305514495,0.28511555936957,0.441572294514144
