"","bcubed.precision","bcubed.recall","bcubed.f1"
"majority-vote",0.992311052861512,0.383238126231252,0.552930326763054
