"","bcubed.precision","bcubed.recall","bcubed.f1"
"majority-vote",0.893066443920173,0.407973322410523,0.560086315097082
