"","bcubed.precision","bcubed.recall","bcubed.f1"
"majority-vote",0.991802998736296,0.649763915632829,0.785149596223366
