"","bcubed.precision","bcubed.recall","bcubed.f1"
"majority-vote",0.957446808510638,0.334991718571261,0.496328057548261
