"","bcubed.precision","bcubed.recall","bcubed.f1"
"majority-vote",0.989523809523809,0.432933611443414,0.602335240621953
