"","bcubed.precision","bcubed.recall","bcubed.f1"
"majority-vote",0.976121742442086,0.172001605983439,0.292467717106586
