"","bcubed.precision","bcubed.recall","bcubed.f1"
"majority-vote",0.928119180633147,0.617438267700871,0.74155289371843
