"","bcubed.precision","bcubed.recall","bcubed.f1"
"majority-vote",0.997701149425287,0.0453448024880472,0.0867470152773217
