"","bcubed.precision","bcubed.recall","bcubed.f1"
"majority-vote",0.99434357641041,0.053659587047577,0.101824245487084
