"","bcubed.precision","bcubed.recall","bcubed.f1"
"majority-vote",0.950084569046564,0.174343983507489,0.294623483297951
