"","bcubed.precision","bcubed.recall","bcubed.f1"
"majority-vote",0.998344644926337,0.268148931504542,0.422749952770707
