"","bcubed.precision","bcubed.recall","bcubed.f1"
"majority-vote",0.994306226018072,0.502254561579735,0.667389980765576
