"","bcubed.precision","bcubed.recall","bcubed.f1"
"majority-vote",0.91228124382638,0.528734694078683,0.669464829194748
