"","bcubed.precision","bcubed.recall","bcubed.f1"
"majority-vote",0.986371379897785,0.775544091283299,0.868344149311417
