"","bcubed.precision","bcubed.recall","bcubed.f1"
"majority-vote",0.933928443904878,0.561938112793377,0.701680219939333
