"","bcubed.precision","bcubed.recall","bcubed.f1"
"majority-vote",0.955793392275477,0.328886588817381,0.489378885054726
