"","bcubed.precision","bcubed.recall","bcubed.f1"
"majority-vote",0.515246297751227,0.75103668261563,0.611188614540104
