"","bcubed.precision","bcubed.recall","bcubed.f1"
"majority-vote",0.997708174178762,0.910106932740136,0.951896358172821
