"","bcubed.precision","bcubed.recall","bcubed.f1"
"majority-vote",0.998134328358209,0.632849233141855,0.774586034077607
