"","bcubed.precision","bcubed.recall","bcubed.f1"
"majority-vote",0.816831683168317,0.385518077996711,0.523813270835167
