"","bcubed.precision","bcubed.recall","bcubed.f1"
"majority-vote",0.933801748687054,0.553256255144302,0.69483726551986
