"","bcubed.precision","bcubed.recall","bcubed.f1"
"majority-vote",0.956128123847248,0.134703767657458,0.236139155168668
