"","bcubed.precision","bcubed.recall","bcubed.f1"
"majority-vote",0.933737085856787,0.336592262998956,0.49481448107561
