"","bcubed.precision","bcubed.recall","bcubed.f1"
"majority-vote",0.515246297751227,0.794577352472089,0.625126961279734
