"","bcubed.precision","bcubed.recall","bcubed.f1"
"majority-vote",0.979941062051472,0.346949426673466,0.512461265705892
