"","bcubed.precision","bcubed.recall","bcubed.f1"
"majority-vote",0.980426855426855,0.657902260102465,0.787418154187027
