"","bcubed.precision","bcubed.recall","bcubed.f1"
"majority-vote",0.997266201098658,0.246902341849237,0.395810297397404
