"","bcubed.precision","bcubed.recall","bcubed.f1"
"majority-vote",0.816831683168317,0.36620064329466,0.505690810214828
