"","bcubed.precision","bcubed.recall","bcubed.f1"
"majority-vote",0.997563682629057,0.0484899741108753,0.0924844281800709
