"","bcubed.precision","bcubed.recall","bcubed.f1"
"majority-vote",0.937275586540529,0.386049167629512,0.546856633465408
