"","bcubed.precision","bcubed.recall","bcubed.f1"
"majority-vote",0.957039277118211,0.567544119881837,0.712538278054444
