"","bcubed.precision","bcubed.recall","bcubed.f1"
"majority-vote",0.983014861995754,0.534326798444437,0.692330801595617
