"","bcubed.precision","bcubed.recall","bcubed.f1"
"majority-vote",0.991096698304798,0.622415398668031,0.764634920000031
