"","bcubed.precision","bcubed.recall","bcubed.f1"
"majority-vote",0.92571646861672,0.941411985547417,0.933498256995444
