"","bcubed.precision","bcubed.recall","bcubed.f1"
"majority-vote",0.998041506704501,0.325164192499092,0.490516872476398
