"","bcubed.precision","bcubed.recall","bcubed.f1"
"majority-vote",0.997382554898362,0.223775217888273,0.365537530881097
