"","bcubed.precision","bcubed.recall","bcubed.f1"
"majority-vote",0.989908371891596,0.295339481203702,0.454945751186541
