"","bcubed.precision","bcubed.recall","bcubed.f1"
"majority-vote",0.970170841570096,0.413266738297504,0.579627653783106
