"","bcubed.precision","bcubed.recall","bcubed.f1"
"majority-vote",0.998529411764706,0.185922802133943,0.313477207556366
