"","bcubed.precision","bcubed.recall","bcubed.f1"
"majority-vote",0.99446088905253,0.243431673043109,0.391121629470283
