"","bcubed.precision","bcubed.recall","bcubed.f1"
"majority-vote",0.993122088142371,0.106158150572333,0.191812788871736
