"","bcubed.precision","bcubed.recall","bcubed.f1"
"majority-vote",0.978962131837307,0.312097512321414,0.473303688773236
