"","bcubed.precision","bcubed.recall","bcubed.f1"
"majority-vote",0.920359059115513,0.950077777381708,0.934982323076041
