"","bcubed.precision","bcubed.recall","bcubed.f1"
"majority-vote",0.990121767391142,0.387643821765257,0.557155134291721
