"","bcubed.precision","bcubed.recall","bcubed.f1"
"majority-vote",0.990510083036773,0.365851212443811,0.534340394442508
