"","bcubed.precision","bcubed.recall","bcubed.f1"
"majority-vote",0.995246018540528,0.289063062458802,0.448005649536328
