"","bcubed.precision","bcubed.recall","bcubed.f1"
"majority-vote",0.999069334574221,0.315109766573469,0.47910745884402
