"","bcubed.precision","bcubed.recall","bcubed.f1"
"majority-vote",0.992587285951663,0.550093819297784,0.707879456431513
