"","bcubed.precision","bcubed.recall","bcubed.f1"
"majority-vote",0.992248062015504,0.421063327163444,0.591234562407998
