"","bcubed.precision","bcubed.recall","bcubed.f1"
"majority-vote",0.992138364779874,0.523158400159158,0.685074411381912
