"","bcubed.precision","bcubed.recall","bcubed.f1"
"majority-vote",0.608391133734549,0.650504583540045,0.628743454519393
