"","bcubed.precision","bcubed.recall","bcubed.f1"
"majority-vote",0.992138364779874,0.48546854603907,0.651935187758856
