"","bcubed.precision","bcubed.recall","bcubed.f1"
"majority-vote",0.965050240279598,0.382619099921357,0.547978117925587
