"","bcubed.precision","bcubed.recall","bcubed.f1"
"majority-vote",0.953508394317693,0.366193806383115,0.529163122025602
