"","bcubed.precision","bcubed.recall","bcubed.f1"
"majority-vote",0.988030232211228,0.423394428186748,0.592771979880723
