"","bcubed.precision","bcubed.recall","bcubed.f1"
"majority-vote",0.985262669448773,0.453942651337915,0.621527369269833
