"","bcubed.precision","bcubed.recall","bcubed.f1"
"majority-vote",0.609565673753378,0.650202606915066,0.629228718078349
