"","bcubed.precision","bcubed.recall","bcubed.f1"
"majority-vote",0.999351281219591,0.35506396182593,0.52396578816962
