"","bcubed.precision","bcubed.recall","bcubed.f1"
"majority-vote",0.992248062015504,0.406303755846075,0.576530821638516
