"","bcubed.precision","bcubed.recall","bcubed.f1"
"majority-vote",0.997388414055081,0.216779139696883,0.356150189773013
