"","bcubed.precision","bcubed.recall","bcubed.f1"
"majority-vote",0.990473263675476,0.868929923947916,0.925729140841179
