"","bcubed.precision","bcubed.recall","bcubed.f1"
"majority-vote",0.990473263675476,0.851848493060466,0.915945495398682
