"","bcubed.precision","bcubed.recall","bcubed.f1"
"majority-vote",0.999744862286966,0.477205262491293,0.646038754360239
