"","bcubed.precision","bcubed.recall","bcubed.f1"
"majority-vote",0.997597437266417,0.431831315669778,0.602749613030604
