"","bcubed.precision","bcubed.recall","bcubed.f1"
"majority-vote",0.898963979446104,0.382771951376243,0.536925256372845
