"","bcubed.precision","bcubed.recall","bcubed.f1"
"majority-vote",0.99694043627917,0.637358548078778,0.777591511797387
