"","bcubed.precision","bcubed.recall","bcubed.f1"
"majority-vote",0.998529411764706,0.247917663165105,0.397213942485721
