"","bcubed.precision","bcubed.recall","bcubed.f1"
"majority-vote",0.968061178587494,0.3757677223686,0.541387588751033
