"","bcubed.precision","bcubed.recall","bcubed.f1"
"majority-vote",0.965050240279598,0.357243222621729,0.521454075818999
