"","bcubed.precision","bcubed.recall","bcubed.f1"
"majority-vote",0.994300528388514,0.244893518792192,0.392993745713968
