"","bcubed.precision","bcubed.recall","bcubed.f1"
"majority-vote",0.999359385009609,0.253805911843986,0.404804251456767
