"","bcubed.precision","bcubed.recall","bcubed.f1"
"majority-vote",0.977352793155511,0.307146523401936,0.467404705764141
