"","bcubed.precision","bcubed.recall","bcubed.f1"
"majority-vote",0.997539570048665,0.551765278804103,0.710522140808626
