"","bcubed.precision","bcubed.recall","bcubed.f1"
"majority-vote",0.98936170212766,0.649980688405887,0.784541416051667
