"","bcubed.precision","bcubed.recall","bcubed.f1"
"majority-vote",0.940560627409753,0.694742377574019,0.799175840254323
