"","bcubed.precision","bcubed.recall","bcubed.f1"
"majority-vote",0.986257073565077,0.438103062981388,0.606703647103683
