"","bcubed.precision","bcubed.recall","bcubed.f1"
"majority-vote",0.985762457849382,0.47497901875191,0.641066872477901
