"","bcubed.precision","bcubed.recall","bcubed.f1"
"majority-vote",0.870588235294118,0.401478291741841,0.549534588149014
