"","bcubed.precision","bcubed.recall","bcubed.f1"
"majority-vote",0.841360634547634,0.556942246965555,0.670225726498161
