"","bcubed.precision","bcubed.recall","bcubed.f1"
"majority-vote",0.937834589751994,0.620681605934904,0.746988296790868
