"","bcubed.precision","bcubed.recall","bcubed.f1"
"majority-vote",0.99256750544028,0.756904535096175,0.858863507217268
