"","bcubed.precision","bcubed.recall","bcubed.f1"
"majority-vote",0.989009316101022,0.456235122907098,0.624421412335328
