"","bcubed.precision","bcubed.recall","bcubed.f1"
"majority-vote",0.986257073565077,0.653055385345393,0.785793446180155
