"","bcubed.precision","bcubed.recall","bcubed.f1"
"majority-vote",0.93320405085111,0.2105383806283,0.343565586541762
