"","bcubed.precision","bcubed.recall","bcubed.f1"
"majority-vote",0.937008745710174,0.607710647911913,0.737260364964342
