"","bcubed.precision","bcubed.recall","bcubed.f1"
"majority-vote",0.989463366821857,0.471933304410388,0.639060873053074
