"","bcubed.precision","bcubed.recall","bcubed.f1"
"majority-vote",0.978904088692474,0.133005289741935,0.234190707392775
