"","bcubed.precision","bcubed.recall","bcubed.f1"
"majority-vote",0.985762457849382,0.475702204879885,0.641725231742581
