"","bcubed.precision","bcubed.recall","bcubed.f1"
"majority-vote",0.993565782217048,0.179165635449084,0.303586724206041
