"","bcubed.precision","bcubed.recall","bcubed.f1"
"majority-vote",0.989913253984265,0.182036281081761,0.307521991275312
