"","bcubed.precision","bcubed.recall","bcubed.f1"
"majority-vote",0.994791666666667,0.737067272020814,0.84675300464682
