"","bcubed.precision","bcubed.recall","bcubed.f1"
"majority-vote",0.944839857651246,0.605350521122855,0.737921365063734
