"","bcubed.precision","bcubed.recall","bcubed.f1"
"majority-vote",0.996585013462928,0.212941386602067,0.350904609642637
