"","bcubed.precision","bcubed.recall","bcubed.f1"
"majority-vote",0.997825508130271,0.80551521917082,0.891416270599861
