"","bcubed.precision","bcubed.recall","bcubed.f1"
"majority-vote",0.989913253984265,0.159804902369157,0.275185687957879
