"","bcubed.precision","bcubed.recall","bcubed.f1"
"majority-vote",0.985353309432851,0.481950604157489,0.647298243249053
