"","bcubed.precision","bcubed.recall","bcubed.f1"
"majority-vote",0.971413891354103,0.466322037920507,0.630145906848257
