"","bcubed.precision","bcubed.recall","bcubed.f1"
"majority-vote",0.838941820988166,0.588365539964518,0.691658252466452
