"","bcubed.precision","bcubed.recall","bcubed.f1"
"majority-vote",0.996414164051995,0.268462399903889,0.422965758718818
