"","bcubed.precision","bcubed.recall","bcubed.f1"
"majority-vote",0.95855091383812,0.535173833851302,0.686861978144152
