"","bcubed.precision","bcubed.recall","bcubed.f1"
"majority-vote",0.989446662863662,0.696518519330736,0.817535180266934
