"","bcubed.precision","bcubed.recall","bcubed.f1"
"majority-vote",0.990013495276653,0.504464262359467,0.668362476549158
