"","bcubed.precision","bcubed.recall","bcubed.f1"
"majority-vote",0.978775883183153,0.107928937173957,0.194419383855764
