"","bcubed.precision","bcubed.recall","bcubed.f1"
"majority-vote",0.975092277184957,0.220184351031302,0.359247483267546
