"","bcubed.precision","bcubed.recall","bcubed.f1"
"majority-vote",0.99090232554138,0.771584137962649,0.867597604282289
