"","bcubed.precision","bcubed.recall","bcubed.f1"
"majority-vote",0.901099286407514,0.761763502614395,0.825593732867007
