"","bcubed.precision","bcubed.recall","bcubed.f1"
"majority-vote",0.998228245105611,0.74292049462088,0.851856254066943
