"","bcubed.precision","bcubed.recall","bcubed.f1"
"majority-vote",0.938699398425332,0.195978601213989,0.324259384816285
