"","bcubed.precision","bcubed.recall","bcubed.f1"
"majority-vote",0.980474930664874,0.216810674121953,0.355098950204075
