"","bcubed.precision","bcubed.recall","bcubed.f1"
"majority-vote",0.989506522972206,0.890412490428457,0.93734779119137
