"","bcubed.precision","bcubed.recall","bcubed.f1"
"majority-vote",0.987621278019404,0.847646486061576,0.912295984550243
