"","bcubed.precision","bcubed.recall","bcubed.f1"
"majority-vote",0.964933490226731,0.215942894411855,0.352908286599815
