"","bcubed.precision","bcubed.recall","bcubed.f1"
"majority-vote",0.990989583748416,0.353889236099234,0.521534790494735
