"","bcubed.precision","bcubed.recall","bcubed.f1"
"majority-vote",0.999630101163031,0.460911584694744,0.630918101820595
