"","bcubed.precision","bcubed.recall","bcubed.f1"
"majority-vote",0.987621278019404,0.855573131413569,0.916867179242017
