"","bcubed.precision","bcubed.recall","bcubed.f1"
"majority-vote",0.989463366821857,0.459056481971181,0.627149945637369
