"","bcubed.precision","bcubed.recall","bcubed.f1"
"majority-vote",0.958166586129581,0.325479899541061,0.485903194810095
