"","bcubed.precision","bcubed.recall","bcubed.f1"
"majority-vote",0.969040247678019,0.492530623789152,0.653108250832255
