"","bcubed.precision","bcubed.recall","bcubed.f1"
"majority-vote",0.969040247678019,0.598251308356553,0.739785260491437
