"","bcubed.precision","bcubed.recall","bcubed.f1"
"majority-vote",0.993483018562049,0.3274024455461,0.492501096762928
