"","bcubed.precision","bcubed.recall","bcubed.f1"
"majority-vote",0.981445151671748,0.435250719181063,0.603057744277533
