"","bcubed.precision","bcubed.recall","bcubed.f1"
"majority-vote",0.998710509348807,0.43939804834118,0.6102897396989
