"","bcubed.precision","bcubed.recall","bcubed.f1"
"majority-vote",0.997825825426567,0.648811836509618,0.786331105229908
