"","bcubed.precision","bcubed.recall","bcubed.f1"
"majority-vote",0.989349453080023,0.662975278643156,0.793928961708564
