"","bcubed.precision","bcubed.recall","bcubed.f1"
"majority-vote",0.996925640077709,0.65063278332864,0.787386346681885
