"","bcubed.precision","bcubed.recall","bcubed.f1"
"majority-vote",0.992551437816717,0.239116816780415,0.385389067901547
