"","bcubed.precision","bcubed.recall","bcubed.f1"
"majority-vote",0.994791666666667,0.739777663347562,0.84853876054439
