"","bcubed.precision","bcubed.recall","bcubed.f1"
"majority-vote",0.855748597038399,0.741880976851706,0.794756951781358
