"","bcubed.precision","bcubed.recall","bcubed.f1"
"majority-vote",0.963496649863868,0.277519919255896,0.430920132941017
