"","bcubed.precision","bcubed.recall","bcubed.f1"
"majority-vote",0.990013495276653,0.595267828120184,0.743493504206865
