"","bcubed.precision","bcubed.recall","bcubed.f1"
"majority-vote",0.96325180592924,0.289402530090477,0.445082895950244
