{
      "avg_bcuded_f1": 0.5462693021477626,
      "avg_bcuded_recall": 0.4126060373272927,
      "avg_bcuded_precision": 0.9852956404149026,
      "avg_bcuded_f1star": 0.581641665162126
}