"","bcubed.precision","bcubed.recall","bcubed.f1"
"majority-vote",0.723932208649069,0.241600157945484,0.362291606170222
