"","bcubed.precision","bcubed.recall","bcubed.f1"
"majority-vote",0.930608285136883,0.78799738685393,0.853385868351074
