"","bcubed.precision","bcubed.recall","bcubed.f1"
"majority-vote",0.618985120160061,0.526438638410151,0.568973153237125
