"","bcubed.precision","bcubed.recall","bcubed.f1"
"majority-vote",0.8045566926477,0.424345817449417,0.555634421153565
