"","bcubed.precision","bcubed.recall","bcubed.f1"
"majority-vote",0.487034950117771,0.877684821706422,0.626448289508594
