"","bcubed.precision","bcubed.recall","bcubed.f1"
"majority-vote",0.848937635464607,0.395540512580835,0.53964664306596
