"","bcubed.precision","bcubed.recall","bcubed.f1"
"majority-vote",0.769778469696568,0.943106696346793,0.847672971739708
