"","bcubed.precision","bcubed.recall","bcubed.f1"
"majority-vote",0.728250418039143,0.215058329215791,0.332057385474181
