"","bcubed.precision","bcubed.recall","bcubed.f1"
"majority-vote",0.378139838244461,0.900335265674452,0.532591726947722
