"","bcubed.precision","bcubed.recall","bcubed.f1"
"majority-vote",0.622177134747279,0.957956120880381,0.754390039422622
