"","bcubed.precision","bcubed.recall","bcubed.f1"
"majority-vote",0.777376702825199,0.677263218595734,0.723874877986911
