"","bcubed.precision","bcubed.recall","bcubed.f1"
"majority-vote",0.752169843636231,0.974850183535839,0.849153916668328
