"","bcubed.precision","bcubed.recall","bcubed.f1"
"majority-vote",0.938559931081045,0.934662629318774,0.93660722596702
