"","bcubed.precision","bcubed.recall","bcubed.f1"
"majority-vote",0.221038155191971,0.212433762752872,0.216650560626899
