"","bcubed.precision","bcubed.recall","bcubed.f1"
"majority-vote",0.996313874623209,0.341390155251696,0.508530647648334
