"","bcubed.precision","bcubed.recall","bcubed.f1"
"majority-vote",0.377109720289688,0.816197728256059,0.515870570285678
