"","bcubed.precision","bcubed.recall","bcubed.f1"
"majority-vote",0.666426014503359,0.763482392068552,0.711660306843784
