"","bcubed.precision","bcubed.recall","bcubed.f1"
"majority-vote",0.514809763287779,0.923421636711973,0.661070915585053
