"","bcubed.precision","bcubed.recall","bcubed.f1"
"majority-vote",0.437007652738509,0.999172226749114,0.608065766314619
