"","bcubed.precision","bcubed.recall","bcubed.f1"
"majority-vote",0.204696355619631,0.995431408332716,0.339565815699459
