"","bcubed.precision","bcubed.recall","bcubed.f1"
"majority-vote",0.564328565230847,0.679899887241569,0.616746751137578
