"","bcubed.precision","bcubed.recall","bcubed.f1"
"majority-vote",0.916329598167464,0.852956771764531,0.88350823157616
