"","bcubed.precision","bcubed.recall","bcubed.f1"
"majority-vote",0.649909045651344,0.944384625037409,0.76995113468739
