"","bcubed.precision","bcubed.recall","bcubed.f1"
"majority-vote",0.998625663168294,0.076224963366958,0.141638666272501
