"","bcubed.precision","bcubed.recall","bcubed.f1"
"majority-vote",0.593887655775882,0.843426307345653,0.696995208202627
