"","bcubed.precision","bcubed.recall","bcubed.f1"
"majority-vote",0.889967746923125,0.276531796815468,0.421953667252555
