"","bcubed.precision","bcubed.recall","bcubed.f1"
"majority-vote",0.369044428704061,0.979904582041654,0.53616307774916
