"","bcubed.precision","bcubed.recall","bcubed.f1"
"majority-vote",0.402960101805833,0.949626278875503,0.565821906058835
