"","bcubed.precision","bcubed.recall","bcubed.f1"
"majority-vote",0.29339684988539,0.940924837334488,0.447313510102306
