"","bcubed.precision","bcubed.recall","bcubed.f1"
"majority-vote",0.952700405356912,0.11108218822833,0.198965552531543
