"","bcubed.precision","bcubed.recall","bcubed.f1"
"majority-vote",0.663262037852555,0.877276676803259,0.755403692074102
