"","bcubed.precision","bcubed.recall","bcubed.f1"
"majority-vote",0.769602194979923,0.463131006423107,0.57827052715189
