"","bcubed.precision","bcubed.recall","bcubed.f1"
"majority-vote",0.541222388407554,0.859147996374783,0.664095921545498
