"","bcubed.precision","bcubed.recall","bcubed.f1"
"majority-vote",0.642443612736763,0.440908792426816,0.522930555457284
