"","bcubed.precision","bcubed.recall","bcubed.f1"
"majority-vote",0.872153593778166,0.996586146501368,0.930227115575427
