"","bcubed.precision","bcubed.recall","bcubed.f1"
"majority-vote",0.697518563684734,0.933186708291669,0.798323355670992
