"","bcubed.precision","bcubed.recall","bcubed.f1"
"majority-vote",0.747875819715689,0.618998786388198,0.677361658056739
