"","bcubed.precision","bcubed.recall","bcubed.f1"
"majority-vote",0.643067486371571,0.998210725692863,0.782215784651201
