"","bcubed.precision","bcubed.recall","bcubed.f1"
"majority-vote",0.333493270845446,0.975250292281727,0.497025420455736
