"","bcubed.precision","bcubed.recall","bcubed.f1"
"majority-vote",0.979332514777566,0.434156714912662,0.601608811007587
