"","bcubed.precision","bcubed.recall","bcubed.f1"
"majority-vote",0.67789916338262,0.811294718235039,0.738622442029982
