"","bcubed.precision","bcubed.recall","bcubed.f1"
"majority-vote",0.69405930453511,0.74296842434417,0.717681555517403
