"","bcubed.precision","bcubed.recall","bcubed.f1"
"majority-vote",0.730176274009449,0.52342911454435,0.609754112507401
