"","bcubed.precision","bcubed.recall","bcubed.f1"
"majority-vote",0.742108718386046,0.981092353494954,0.84502870959306
