"","bcubed.precision","bcubed.recall","bcubed.f1"
"majority-vote",0.736386373915813,0.392512079840579,0.512075370871809
