"","bcubed.precision","bcubed.recall","bcubed.f1"
"majority-vote",0.597876267374667,0.447709637842647,0.512009516971046
