"","bcubed.precision","bcubed.recall","bcubed.f1"
"majority-vote",0.779540699326298,0.30725225336633,0.440775100474011
