"","bcubed.precision","bcubed.recall","bcubed.f1"
"majority-vote",0.672167351261546,0.637601586809373,0.654428361077241
