"","bcubed.precision","bcubed.recall","bcubed.f1"
"majority-vote",0.942448656948929,0.988688254598497,0.965014869858077
