"","bcubed.precision","bcubed.recall","bcubed.f1"
"majority-vote",0.781126883886598,0.869762160022387,0.823065133647128
