"","bcubed.precision","bcubed.recall","bcubed.f1"
"majority-vote",0.8550584444337,0.628367901346937,0.724392258214932
