"","bcubed.precision","bcubed.recall","bcubed.f1"
"majority-vote",0.806338419696293,0.95814601442825,0.875711826265785
