"","bcubed.precision","bcubed.recall","bcubed.f1"
"majority-vote",0.219081241369101,0.88829831099214,0.351477497057395
