"","bcubed.precision","bcubed.recall","bcubed.f1"
"majority-vote",0.503539327027137,0.876777564812154,0.63969656177968
