"","bcubed.precision","bcubed.recall","bcubed.f1"
"majority-vote",0.730646470473802,0.896573969798446,0.80515041519798
