"","bcubed.precision","bcubed.recall","bcubed.f1"
"majority-vote",0.908588598779652,0.647542637380305,0.756169973169248
