"","bcubed.precision","bcubed.recall","bcubed.f1"
"majority-vote",0.688357997021539,0.671127229590286,0.679633417802917
