"","bcubed.precision","bcubed.recall","bcubed.f1"
"majority-vote",0.379588774427562,0.983310519383248,0.547734724978483
