"","bcubed.precision","bcubed.recall","bcubed.f1"
"majority-vote",0.342383396884897,0.886431390678751,0.493970928275916
