"","bcubed.precision","bcubed.recall","bcubed.f1"
"majority-vote",0.882288271456106,0.651891083388071,0.749789593145095
