"","bcubed.precision","bcubed.recall","bcubed.f1"
"majority-vote",0.941284696708469,0.911017073258919,0.925903590227478
