"","bcubed.precision","bcubed.recall","bcubed.f1"
"majority-vote",0.730260847803326,0.77049110870223,0.749836757269264
