"","bcubed.precision","bcubed.recall","bcubed.f1"
"majority-vote",0.821862673529365,0.76827371221498,0.794165195871255
