"","bcubed.precision","bcubed.recall","bcubed.f1"
"majority-vote",0.830518097977747,0.625505333278166,0.713578488528887
