"","bcubed.precision","bcubed.recall","bcubed.f1"
"majority-vote",0.378385996532541,0.707204600584527,0.492996748968187
