"","bcubed.precision","bcubed.recall","bcubed.f1"
"majority-vote",0.598475566524858,0.97644872249344,0.742106406576534
