"","bcubed.precision","bcubed.recall","bcubed.f1"
"majority-vote",0.946238282658019,0.495094526944589,0.650061376259931
