"","bcubed.precision","bcubed.recall","bcubed.f1"
"majority-vote",0.819725104306541,0.797012460349745,0.808209243697141
