"","bcubed.precision","bcubed.recall","bcubed.f1"
"majority-vote",0.744654046818862,0.863174047521679,0.799545734843835
