"","bcubed.precision","bcubed.recall","bcubed.f1"
"majority-vote",0.689218776550976,0.936183441046478,0.793939123350125
