"","bcubed.precision","bcubed.recall","bcubed.f1"
"majority-vote",0.847825576666559,0.878352454729537,0.862819086911062
