"","bcubed.precision","bcubed.recall","bcubed.f1"
"majority-vote",0.242582350213943,0.984711081034387,0.389268812554575
