"","bcubed.precision","bcubed.recall","bcubed.f1"
"majority-vote",0.745876943391361,0.697771697223149,0.72102283903134
