"","bcubed.precision","bcubed.recall","bcubed.f1"
"majority-vote",0.380604642566864,0.928481758413827,0.539894796136012
