"","bcubed.precision","bcubed.recall","bcubed.f1"
"majority-vote",0.573810420118771,0.939605485559495,0.712501324179176
