"","bcubed.precision","bcubed.recall","bcubed.f1"
"majority-vote",0.686528757560911,0.711424971331932,0.698755175613908
