"","bcubed.precision","bcubed.recall","bcubed.f1"
"majority-vote",0.409518382673317,0.77346933637622,0.535508368480248
