"","bcubed.precision","bcubed.recall","bcubed.f1"
"majority-vote",0.714939882468589,0.357375271889528,0.476542430354482
