"","bcubed.precision","bcubed.recall","bcubed.f1"
"majority-vote",0.882526165836522,0.791936908225125,0.834781075828751
