"","bcubed.precision","bcubed.recall","bcubed.f1"
"majority-vote",0.480988413510365,0.146662066808176,0.224783560431323
