"","bcubed.precision","bcubed.recall","bcubed.f1"
"majority-vote",0.238182176482819,0.808764990435375,0.367990690976397
