"","bcubed.precision","bcubed.recall","bcubed.f1"
"majority-vote",0.942538394836701,0.902902001390523,0.922294542620042
