"","bcubed.precision","bcubed.recall","bcubed.f1"
"majority-vote",0.577611744268602,0.920198475773583,0.709726024769571
