"","bcubed.precision","bcubed.recall","bcubed.f1"
"majority-vote",0.99992570010526,0.692526680755959,0.818309848982696
