"","bcubed.precision","bcubed.recall","bcubed.f1"
"majority-vote",0.151945615409182,0.969356710414295,0.262711489172649
