"","bcubed.precision","bcubed.recall","bcubed.f1"
"majority-vote",0.875883172729511,0.828288996249392,0.851421478625075
