"","bcubed.precision","bcubed.recall","bcubed.f1"
"majority-vote",0.91312882700091,0.74263168373725,0.819102030597881
