"","bcubed.precision","bcubed.recall","bcubed.f1"
"majority-vote",0.914756078929207,0.784663411695515,0.844730367895148
