"","bcubed.precision","bcubed.recall","bcubed.f1"
"majority-vote",0.447303607758834,0.961601671319897,0.610584548436884
