"","bcubed.precision","bcubed.recall","bcubed.f1"
"majority-vote",0.169156502306155,0.962335476698195,0.287735673436475
