"","bcubed.precision","bcubed.recall","bcubed.f1"
"majority-vote",0.776697427641405,0.780992066021809,0.778838826550673
