"","bcubed.precision","bcubed.recall","bcubed.f1"
"majority-vote",0.88163186131699,0.697517870299729,0.778841886848347
