"","bcubed.precision","bcubed.recall","bcubed.f1"
"majority-vote",0.539861990503716,0.536720366862862,0.538286594826312
