"","bcubed.precision","bcubed.recall","bcubed.f1"
"majority-vote",0.700602260079762,0.197164573541478,0.30772788803891
