"","bcubed.precision","bcubed.recall","bcubed.f1"
"majority-vote",0.482886422884384,0.751539589387952,0.58797896409766
