"","bcubed.precision","bcubed.recall","bcubed.f1"
"majority-vote",0.874954592122554,0.711608465556172,0.784872800004066
