"","bcubed.precision","bcubed.recall","bcubed.f1"
"majority-vote",0.586768773586489,0.962990084849178,0.729213461806913
