"","bcubed.precision","bcubed.recall","bcubed.f1"
"majority-vote",0.205038647134602,0.95029865911509,0.337300544844821
