"","bcubed.precision","bcubed.recall","bcubed.f1"
"majority-vote",0.693315775785867,0.472230750785062,0.561805164987661
