"","bcubed.precision","bcubed.recall","bcubed.f1"
"majority-vote",0.439126469766447,0.887815023638728,0.587611554953534
