"","bcubed.precision","bcubed.recall","bcubed.f1"
"majority-vote",0.686946276985464,0.317162471185488,0.433964108324425
