"","bcubed.precision","bcubed.recall","bcubed.f1"
"majority-vote",0.569459860540707,0.967513359895434,0.716941604019595
