"","bcubed.precision","bcubed.recall","bcubed.f1"
"majority-vote",0.901895545694359,0.599227838793324,0.72004863057703
