"","bcubed.precision","bcubed.recall","bcubed.f1"
"majority-vote",0.296903772829564,0.883485942887158,0.44444695881785
