"","bcubed.precision","bcubed.recall","bcubed.f1"
"majority-vote",0.543629563254103,0.643742197367598,0.589465407902152
