"","bcubed.precision","bcubed.recall","bcubed.f1"
"majority-vote",0.791534558017481,0.801628166514041,0.796549387838129
