"","bcubed.precision","bcubed.recall","bcubed.f1"
"majority-vote",0.71576904758625,0.748120328156707,0.731587213675719
