"","bcubed.precision","bcubed.recall","bcubed.f1"
"majority-vote",0.444732544190559,0.984555990057207,0.612702165957896
