"","bcubed.precision","bcubed.recall","bcubed.f1"
"majority-vote",0.711361468684259,0.454347784264476,0.554521646440136
