"","bcubed.precision","bcubed.recall","bcubed.f1"
"majority-vote",0.492553492169155,0.734213713783636,0.58958134349824
