"","bcubed.precision","bcubed.recall","bcubed.f1"
"majority-vote",0.262003087779551,0.932231009239525,0.409044430324453
