"","bcubed.precision","bcubed.recall","bcubed.f1"
"majority-vote",0.480165800708647,0.794483565045962,0.598570630338503
