"","bcubed.precision","bcubed.recall","bcubed.f1"
"majority-vote",0.931467062502077,0.522133550265258,0.669166207041503
