"","bcubed.precision","bcubed.recall","bcubed.f1"
"majority-vote",0.475527646317779,0.777148489462073,0.590025756023923
