"","bcubed.precision","bcubed.recall","bcubed.f1"
"majority-vote",0.491485759340162,0.640693737558408,0.556257817724094
