"","bcubed.precision","bcubed.recall","bcubed.f1"
"majority-vote",0.436069349361209,0.942903379525501,0.596344299792096
