"","bcubed.precision","bcubed.recall","bcubed.f1"
"majority-vote",0.831000546164688,0.957310258670898,0.889694728291611
