"","bcubed.precision","bcubed.recall","bcubed.f1"
"majority-vote",0.960397113334853,0.0851851446678775,0.156489967980745
