"","bcubed.precision","bcubed.recall","bcubed.f1"
"majority-vote",0.903404139155582,0.700968811250728,0.789415111171629
