"","bcubed.precision","bcubed.recall","bcubed.f1"
"majority-vote",0.631510429248052,0.307176796665418,0.413312007156475
