"","bcubed.precision","bcubed.recall","bcubed.f1"
"majority-vote",0.74625682783288,0.772828622905892,0.75931032886626
