"","bcubed.precision","bcubed.recall","bcubed.f1"
"majority-vote",0.788571791574566,0.362875865570924,0.497032877971766
