"","bcubed.precision","bcubed.recall","bcubed.f1"
"majority-vote",0.80550566220416,0.67920071905461,0.736980768558132
