"","bcubed.precision","bcubed.recall","bcubed.f1"
"majority-vote",0.876540871172066,0.290983620385849,0.436922801969609
