"","bcubed.precision","bcubed.recall","bcubed.f1"
"majority-vote",0.584110998229336,0.802496486388207,0.676106293871681
