"","bcubed.precision","bcubed.recall","bcubed.f1"
"majority-vote",0.685412316844714,0.807299880347034,0.741379728012019
