"","bcubed.precision","bcubed.recall","bcubed.f1"
"majority-vote",0.926570760082814,0.981732756832783,0.953354493804018
