"","bcubed.precision","bcubed.recall","bcubed.f1"
"majority-vote",0.278336244255224,0.917548779384429,0.427109757420594
