"","bcubed.precision","bcubed.recall","bcubed.f1"
"majority-vote",0.354347805768517,0.748621783851949,0.481015050559521
