"","bcubed.precision","bcubed.recall","bcubed.f1"
"majority-vote",0.81002816087573,0.83238030958051,0.821052135868945
