"","bcubed.precision","bcubed.recall","bcubed.f1"
"majority-vote",0.790542423238319,0.537173966564568,0.639683011356873
