"","bcubed.precision","bcubed.recall","bcubed.f1"
"majority-vote",0.327597492046479,0.98110917211005,0.491185554425522
