"","bcubed.precision","bcubed.recall","bcubed.f1"
"majority-vote",0.753665618296474,0.909622847812361,0.824332615757157
