"","bcubed.precision","bcubed.recall","bcubed.f1"
"majority-vote",0.728942688368704,0.454189763727953,0.559663978136494
