"","bcubed.precision","bcubed.recall","bcubed.f1"
"majority-vote",0.469852963514992,0.864355310815617,0.608780371296071
