"","bcubed.precision","bcubed.recall","bcubed.f1"
"majority-vote",0.506970087669798,0.700296149494721,0.588153945459471
