"","bcubed.precision","bcubed.recall","bcubed.f1"
"majority-vote",0.713894655425371,0.512290535675432,0.5965191524053
