"","bcubed.precision","bcubed.recall","bcubed.f1"
"majority-vote",0.278395071466639,0.977592964306144,0.433375247871433
