"","bcubed.precision","bcubed.recall","bcubed.f1"
"majority-vote",0.790956153085397,0.886754310814989,0.8361201691304
