"","bcubed.precision","bcubed.recall","bcubed.f1"
"majority-vote",0.816538712488013,0.719666766260337,0.765048403839067
