"","bcubed.precision","bcubed.recall","bcubed.f1"
"majority-vote",0.943390914231121,0.751233654199162,0.836417714033974
