"","bcubed.precision","bcubed.recall","bcubed.f1"
"majority-vote",0.958409264259449,0.885368315774661,0.920442037379066
