"","bcubed.precision","bcubed.recall","bcubed.f1"
"majority-vote",0.780697973434826,0.62296195637663,0.692967187480456
