"","bcubed.precision","bcubed.recall","bcubed.f1"
"majority-vote",0.916719222248012,0.859268845376505,0.887064819854449
