"","bcubed.precision","bcubed.recall","bcubed.f1"
"majority-vote",0.41915650591257,0.733651799121427,0.533505741298661
