"","bcubed.precision","bcubed.recall","bcubed.f1"
"majority-vote",0.80575196102626,0.879031450579245,0.84079806369061
