"","bcubed.precision","bcubed.recall","bcubed.f1"
"majority-vote",0.808219881897757,0.924770794102582,0.862576068461129
