"","bcubed.precision","bcubed.recall","bcubed.f1"
"majority-vote",0.154021549023354,0.890872383563191,0.262636312106569
