"","bcubed.precision","bcubed.recall","bcubed.f1"
"majority-vote",0.475129857000421,0.982553611166316,0.640523909289887
