"","bcubed.precision","bcubed.recall","bcubed.f1"
"majority-vote",0.813980822596459,0.0516076442351236,0.0970614427443492
