"","bcubed.precision","bcubed.recall","bcubed.f1"
"majority-vote",0.81503978756284,0.276337605976921,0.41273741787991
