"","bcubed.precision","bcubed.recall","bcubed.f1"
"majority-vote",0.627078532415926,0.895696599642899,0.737695405407115
