"","bcubed.precision","bcubed.recall","bcubed.f1"
"majority-vote",0.976192124125981,0.543350488469965,0.698123847383574
