"","bcubed.precision","bcubed.recall","bcubed.f1"
"majority-vote",0.905410206803638,0.999894797151849,0.950309743785555
