"","bcubed.precision","bcubed.recall","bcubed.f1"
"majority-vote",0.42133225367643,0.956263567559508,0.584938888195867
