"","bcubed.precision","bcubed.recall","bcubed.f1"
"majority-vote",0.65621990483669,0.648606181475545,0.652390829933977
