"","bcubed.precision","bcubed.recall","bcubed.f1"
"majority-vote",0.363308862933167,0.868230810776679,0.512262747779142
