"","bcubed.precision","bcubed.recall","bcubed.f1"
"majority-vote",0.166284187294379,0.88353710083737,0.279891921450037
