"","bcubed.precision","bcubed.recall","bcubed.f1"
"majority-vote",0.14876503712731,0.890179031187936,0.254927133545064
