"","bcubed.precision","bcubed.recall","bcubed.f1"
"majority-vote",0.315038122617111,0.93756440728415,0.471607750507587
