"","bcubed.precision","bcubed.recall","bcubed.f1"
"majority-vote",0.926947852508444,0.864834580640628,0.894814618637547
