"","bcubed.precision","bcubed.recall","bcubed.f1"
"majority-vote",0.667266389389992,0.862896286360444,0.752575786277608
