"","bcubed.precision","bcubed.recall","bcubed.f1"
"majority-vote",0.700309202776588,0.267686238177902,0.387322353228819
