"","bcubed.precision","bcubed.recall","bcubed.f1"
"majority-vote",0.517931451015562,0.700781636764012,0.595639537498579
