"","bcubed.precision","bcubed.recall","bcubed.f1"
"majority-vote",0.967518310190975,0.806569635837929,0.87974318619777
