"","bcubed.precision","bcubed.recall","bcubed.f1"
"majority-vote",0.738944604114142,0.107847017954086,0.188223335966241
