"","bcubed.precision","bcubed.recall","bcubed.f1"
"majority-vote",0.239273328943837,0.877742708998265,0.376038324973598
