"","bcubed.precision","bcubed.recall","bcubed.f1"
"majority-vote",0.210735647876963,0.899847039056536,0.341496137112213
