"","bcubed.precision","bcubed.recall","bcubed.f1"
"majority-vote",0.83531584520761,0.775156102045041,0.804112329497174
