"","bcubed.precision","bcubed.recall","bcubed.f1"
"majority-vote",0.786285111914819,0.359149742947173,0.493077532307886
