"","bcubed.precision","bcubed.recall","bcubed.f1"
"majority-vote",0.700051010846112,0.994461584022991,0.8216803336262
