"","bcubed.precision","bcubed.recall","bcubed.f1"
"majority-vote",0.18398384838625,0.916313039581159,0.306438746109836
