"","bcubed.precision","bcubed.recall","bcubed.f1"
"majority-vote",0.643625295372896,0.798472361430382,0.712735378284896
