"","bcubed.precision","bcubed.recall","bcubed.f1"
"majority-vote",0.714504297173968,0.889027254926521,0.792268531439497
