"","bcubed.precision","bcubed.recall","bcubed.f1"
"majority-vote",0.282514096022323,0.960803268290497,0.436639066721968
