"","bcubed.precision","bcubed.recall","bcubed.f1"
"majority-vote",0.952577108698637,0.945844979182925,0.949199107299265
