"","bcubed.precision","bcubed.recall","bcubed.f1"
"majority-vote",0.261798822913553,0.892922197144972,0.404887372976183
