"","bcubed.precision","bcubed.recall","bcubed.f1"
"majority-vote",0.532009677832966,0.986502443337333,0.691240905810944
