"","bcubed.precision","bcubed.recall","bcubed.f1"
"majority-vote",0.688070352346587,0.73790846317784,0.712118484132709
