"","bcubed.precision","bcubed.recall","bcubed.f1"
"majority-vote",0.860189513711551,0.902582369722544,0.88087618936121
