"","bcubed.precision","bcubed.recall","bcubed.f1"
"majority-vote",0.931825453358479,0.96374433670661,0.947516159183426
