"","bcubed.precision","bcubed.recall","bcubed.f1"
"majority-vote",0.290289129821964,0.999645191176016,0.449923888299505
