"","bcubed.precision","bcubed.recall","bcubed.f1"
"majority-vote",0.276714178319987,0.954128510016485,0.429008335773143
