"","bcubed.precision","bcubed.recall","bcubed.f1"
"majority-vote",0.843163467225234,0.839520403992759,0.841337991936051
