"","bcubed.precision","bcubed.recall","bcubed.f1"
"majority-vote",0.801615329516838,0.933105327246083,0.862376926749782
