"","bcubed.precision","bcubed.recall","bcubed.f1"
"majority-vote",0.665016866703269,0.885324811529667,0.759517647553898
