"","bcubed.precision","bcubed.recall","bcubed.f1"
"majority-vote",0.488391848279744,0.606171057833159,0.540944703416227
