"","bcubed.precision","bcubed.recall","bcubed.f1"
"majority-vote",0.262734370176823,0.886347589705049,0.40532178533695
