"","bcubed.precision","bcubed.recall","bcubed.f1"
"majority-vote",0.991671717483044,0.545011998316896,0.703427750112433
