"","bcubed.precision","bcubed.recall","bcubed.f1"
"majority-vote",0.742730790251552,0.345377270209704,0.471501576284686
