"","bcubed.precision","bcubed.recall","bcubed.f1"
"majority-vote",0.938447105948609,0.0516787173526622,0.0979627873496747
