"","bcubed.precision","bcubed.recall","bcubed.f1"
"majority-vote",0.455204230943154,0.709936763086082,0.554724655496523
