"","bcubed.precision","bcubed.recall","bcubed.f1"
"majority-vote",0.917321512845345,0.999331595107246,0.956572023236044
