"","bcubed.precision","bcubed.recall","bcubed.f1"
"majority-vote",0.959811888136267,0.957642087006702,0.958725759892228
