"","bcubed.precision","bcubed.recall","bcubed.f1"
"majority-vote",0.96774845154886,0.539472391191161,0.692763205529342
