"","bcubed.precision","bcubed.recall","bcubed.f1"
"majority-vote",0.247682693041203,0.854377054479608,0.384034368739385
