"","bcubed.precision","bcubed.recall","bcubed.f1"
"majority-vote",0.351396036128504,0.947077518472854,0.512600791473113
