"","bcubed.precision","bcubed.recall","bcubed.f1"
"majority-vote",0.6658850534137,0.964469453837474,0.787835763238095
