"","bcubed.precision","bcubed.recall","bcubed.f1"
"majority-vote",0.373222739735716,0.886832340876026,0.525351631116473
