"","bcubed.precision","bcubed.recall","bcubed.f1"
"majority-vote",0.424454848044009,0.967560646842554,0.590059246951682
