"","bcubed.precision","bcubed.recall","bcubed.f1"
"majority-vote",0.579583142265306,0.937748257735391,0.716393375727734
