"","bcubed.precision","bcubed.recall","bcubed.f1"
"majority-vote",0.190697132494743,0.93323873195047,0.316683461656116
