"","bcubed.precision","bcubed.recall","bcubed.f1"
"majority-vote",0.749477763279982,0.344137702508904,0.471689663515558
