"","bcubed.precision","bcubed.recall","bcubed.f1"
"majority-vote",0.518152898485398,0.949224714664905,0.670370779559135
