"","bcubed.precision","bcubed.recall","bcubed.f1"
"majority-vote",0.494140332995893,0.911001558149616,0.640736164995898
