"","bcubed.precision","bcubed.recall","bcubed.f1"
"majority-vote",0.973877589055119,0.929957200140133,0.951410785365199
