"","bcubed.precision","bcubed.recall","bcubed.f1"
"majority-vote",0.0796540371747443,0.99608251852185,0.147511941542368
