"","bcubed.precision","bcubed.recall","bcubed.f1"
"majority-vote",0.606872743062279,0.921450415060903,0.731786517807661
