"","bcubed.precision","bcubed.recall","bcubed.f1"
"majority-vote",0.834645385443173,0.633592733125379,0.720353523403955
