"","bcubed.precision","bcubed.recall","bcubed.f1"
"majority-vote",0.831800193977529,0.739287942462947,0.782820313746575
