"","bcubed.precision","bcubed.recall","bcubed.f1"
"majority-vote",0.709931418835834,0.681987169496674,0.6956787888703
