"","bcubed.precision","bcubed.recall","bcubed.f1"
"majority-vote",0.400698688017793,0.503101564693232,0.44609887263825
