"","bcubed.precision","bcubed.recall","bcubed.f1"
"majority-vote",0.425235704825131,0.973654495799351,0.591944465108935
