"","bcubed.precision","bcubed.recall","bcubed.f1"
"majority-vote",0.354600696364612,0.984410765025216,0.521388730197188
