"","bcubed.precision","bcubed.recall","bcubed.f1"
"majority-vote",0.847685003090768,0.381188844591047,0.5258929832625
