{
      "avg_bcuded_f1": 0.615399388120578,
      "avg_bcuded_recall": 0.7793052800940411,
      "avg_bcuded_precision": 0.6059803283477062,
      "avg_bcuded_f1star": 0.6817997193310863
}