"","bcubed.precision","bcubed.recall","bcubed.f1"
"majority-vote",0.803511349232327,0.31552550159863,0.453118807157175
