"","bcubed.precision","bcubed.recall","bcubed.f1"
"majority-vote",0.876448005416648,0.493715141591445,0.631626462931372
