"","bcubed.precision","bcubed.recall","bcubed.f1"
"majority-vote",0.880638790709827,0.495412207745158,0.634103253471609
