"","bcubed.precision","bcubed.recall","bcubed.f1"
"majority-vote",0.807207863842558,0.444096360549896,0.572967097132255
