"","bcubed.precision","bcubed.recall","bcubed.f1"
"majority-vote",0.225804074564286,0.353333319944812,0.275527375988192
