"","bcubed.precision","bcubed.recall","bcubed.f1"
"majority-vote",0.822976134884844,0.258516610431315,0.393443232564818
