"","bcubed.precision","bcubed.recall","bcubed.f1"
"majority-vote",0.766155350275637,0.277867811031142,0.407826029116863
