"","bcubed.precision","bcubed.recall","bcubed.f1"
"majority-vote",0.763190801950777,0.515042831683141,0.615029899712107
