"","bcubed.precision","bcubed.recall","bcubed.f1"
"majority-vote",0.898429375736111,0.539936266613903,0.67450805089958
