"","bcubed.precision","bcubed.recall","bcubed.f1"
"majority-vote",0.72208543135925,0.143543271587119,0.239480287171403
