"","bcubed.precision","bcubed.recall","bcubed.f1"
"majority-vote",0.507649828558334,0.724731910386624,0.597071537871847
