"","bcubed.precision","bcubed.recall","bcubed.f1"
"majority-vote",0.95698642903096,0.40299821325408,0.56715908256124
