"","bcubed.precision","bcubed.recall","bcubed.f1"
"majority-vote",0.810386971485635,0.650620022196037,0.721767919873822
