"","bcubed.precision","bcubed.recall","bcubed.f1"
"majority-vote",0.9743789126868,0.566961259632061,0.716824365726766
