"","bcubed.precision","bcubed.recall","bcubed.f1"
"majority-vote",0.984559132489198,0.294546859998527,0.453439828537665
