"","bcubed.precision","bcubed.recall","bcubed.f1"
"majority-vote",0.971020169522398,0.293554599512705,0.450819427941621
