"","bcubed.precision","bcubed.recall","bcubed.f1"
"majority-vote",0.762892825063075,0.859444435662613,0.808295549119184
