"","bcubed.precision","bcubed.recall","bcubed.f1"
"majority-vote",0.994366330556148,0.146742013552804,0.255743143599326
