"","bcubed.precision","bcubed.recall","bcubed.f1"
"majority-vote",0.807094460866364,0.363201195179027,0.500963446791887
