"","bcubed.precision","bcubed.recall","bcubed.f1"
"majority-vote",0.999247071304617,0.330144657754608,0.496311320669364
