"","bcubed.precision","bcubed.recall","bcubed.f1"
"majority-vote",0.85034307691413,0.405396860638338,0.549041092884935
