"","bcubed.precision","bcubed.recall","bcubed.f1"
"majority-vote",0.817929392503257,0.509612284386721,0.627968030588877
