"","bcubed.precision","bcubed.recall","bcubed.f1"
"majority-vote",0.978528279228834,0.154081455298729,0.266240094391262
