"","bcubed.precision","bcubed.recall","bcubed.f1"
"majority-vote",0.985556488285803,0.881674407932555,0.930725744794936
