"","bcubed.precision","bcubed.recall","bcubed.f1"
"majority-vote",0.567562034566253,0.104999083957155,0.177213615467846
