"","bcubed.precision","bcubed.recall","bcubed.f1"
"majority-vote",0.97839811984784,0.426542121725343,0.594086492197961
