"","bcubed.precision","bcubed.recall","bcubed.f1"
"majority-vote",0.92998363549086,0.801152087411117,0.860774023636585
