"","bcubed.precision","bcubed.recall","bcubed.f1"
"majority-vote",0.872821350762527,0.946794031278795,0.908304088249227
