"","bcubed.precision","bcubed.recall","bcubed.f1"
"majority-vote",0.874411585957031,0.354059170627053,0.504030623848947
