"","bcubed.precision","bcubed.recall","bcubed.f1"
"majority-vote",0.682222712790398,0.717596034604155,0.699462433013539
