"","bcubed.precision","bcubed.recall","bcubed.f1"
"majority-vote",0.997228578657378,0.477859084971352,0.646110394459156
