"","bcubed.precision","bcubed.recall","bcubed.f1"
"majority-vote",0.962320464487862,0.275249687931765,0.428062048883063
