"","bcubed.precision","bcubed.recall","bcubed.f1"
"majority-vote",0.971810010599065,0.282539919286411,0.437796687215433
