"","bcubed.precision","bcubed.recall","bcubed.f1"
"majority-vote",0.968068895014886,0.70473198573983,0.815672830598945
