"","bcubed.precision","bcubed.recall","bcubed.f1"
"majority-vote",0.894220336535634,0.340462278713974,0.493160411735044
