"","bcubed.precision","bcubed.recall","bcubed.f1"
"majority-vote",0.774516169268561,0.431232376941145,0.554006802998778
