"","bcubed.precision","bcubed.recall","bcubed.f1"
"majority-vote",0.986373878181286,0.249426951787413,0.398168092772229
