"","bcubed.precision","bcubed.recall","bcubed.f1"
"majority-vote",0.999663930158577,0.292703905686181,0.452820827964588
