"","bcubed.precision","bcubed.recall","bcubed.f1"
"majority-vote",0.965281990040215,0.54368622754207,0.695588571799258
