"","bcubed.precision","bcubed.recall","bcubed.f1"
"majority-vote",0.699400049358234,0.610124528887447,0.651719154733562
