"","bcubed.precision","bcubed.recall","bcubed.f1"
"majority-vote",0.902953108320226,0.313047674456743,0.464913139377443
