"","bcubed.precision","bcubed.recall","bcubed.f1"
"majority-vote",0.92172743478741,0.887403698414162,0.904239963095048
