"","bcubed.precision","bcubed.recall","bcubed.f1"
"majority-vote",0.739201759782264,0.619890665187949,0.674309211295285
