"","bcubed.precision","bcubed.recall","bcubed.f1"
"majority-vote",0.932194333714367,0.440283075867452,0.598085455816756
