"","bcubed.precision","bcubed.recall","bcubed.f1"
"majority-vote",0.892450259438167,0.648851108742731,0.751400540204061
