"","bcubed.precision","bcubed.recall","bcubed.f1"
"majority-vote",0.768103984665559,0.450678673403371,0.568055481513652
