"","bcubed.precision","bcubed.recall","bcubed.f1"
"majority-vote",0.906082164231947,0.60036990151166,0.722206131972592
