"","bcubed.precision","bcubed.recall","bcubed.f1"
"majority-vote",0.73183863333704,0.804541315121256,0.766469800796814
