"","bcubed.precision","bcubed.recall","bcubed.f1"
"majority-vote",0.900250842397879,0.483691058885441,0.629279715887143
