"","bcubed.precision","bcubed.recall","bcubed.f1"
"majority-vote",0.824803998355947,0.645798022888429,0.724406445406657
