"","bcubed.precision","bcubed.recall","bcubed.f1"
"majority-vote",0.981829435724254,0.392897630643041,0.56121461260091
