"","bcubed.precision","bcubed.recall","bcubed.f1"
"majority-vote",0.969730891414742,0.454548489803066,0.618965236765642
