"","bcubed.precision","bcubed.recall","bcubed.f1"
"majority-vote",0.844689407495799,0.346029095306894,0.490942419729108
