"","bcubed.precision","bcubed.recall","bcubed.f1"
"majority-vote",0.924109819908637,0.152626483396207,0.261983610381948
