"","bcubed.precision","bcubed.recall","bcubed.f1"
"majority-vote",0.606331558327986,0.272789320741565,0.37628676073653
