"","bcubed.precision","bcubed.recall","bcubed.f1"
"majority-vote",0.941184025151433,0.605101087288175,0.736618974567844
