"","bcubed.precision","bcubed.recall","bcubed.f1"
"majority-vote",0.777712184936363,0.874258124165338,0.823163942108275
