"","bcubed.precision","bcubed.recall","bcubed.f1"
"majority-vote",0.983991527194501,0.826210442479667,0.898224716025414
