"","bcubed.precision","bcubed.recall","bcubed.f1"
"majority-vote",0.876013064558935,0.830255340051159,0.852520650138672
