"","bcubed.precision","bcubed.recall","bcubed.f1"
"majority-vote",0.920125170881358,0.494038623079441,0.642892109703613
