"","bcubed.precision","bcubed.recall","bcubed.f1"
"majority-vote",0.81280856653484,0.340203469113255,0.479648582167133
