"","bcubed.precision","bcubed.recall","bcubed.f1"
"majority-vote",0.714349850966504,0.60075356279407,0.652645584459977
