"","bcubed.precision","bcubed.recall","bcubed.f1"
"majority-vote",0.558953747976662,0.522958717062642,0.540357458454111
