"","bcubed.precision","bcubed.recall","bcubed.f1"
"majority-vote",0.913943280228363,0.548480858487257,0.68554721120586
