"","bcubed.precision","bcubed.recall","bcubed.f1"
"majority-vote",0.934866963959533,0.662624787793527,0.775548321835243
