"","bcubed.precision","bcubed.recall","bcubed.f1"
"majority-vote",0.914214595385354,0.765226576514296,0.833112009794099
