"","bcubed.precision","bcubed.recall","bcubed.f1"
"majority-vote",0.915556675202751,0.351691815641384,0.508177822662324
