"","bcubed.precision","bcubed.recall","bcubed.f1"
"majority-vote",0.758556882104076,0.479540591658728,0.587609334094608
