"","bcubed.precision","bcubed.recall","bcubed.f1"
"majority-vote",0.999619991210437,0.617682039668656,0.763552265780325
