"","bcubed.precision","bcubed.recall","bcubed.f1"
"majority-vote",0.966500967143928,0.176613181950237,0.298652258482735
