"","bcubed.precision","bcubed.recall","bcubed.f1"
"majority-vote",0.477013837672925,0.779888389134116,0.591959415017461
