"","bcubed.precision","bcubed.recall","bcubed.f1"
"majority-vote",0.692699015419816,0.602719462992704,0.644584256820296
