"","bcubed.precision","bcubed.recall","bcubed.f1"
"majority-vote",0.977495359671613,0.647450826060977,0.778955246206914
