"","bcubed.precision","bcubed.recall","bcubed.f1"
"majority-vote",0.712578758321087,0.744888945715119,0.728375714336374
