"","bcubed.precision","bcubed.recall","bcubed.f1"
"majority-vote",0.265738625729614,0.522976793841527,0.352408818276924
