"","bcubed.precision","bcubed.recall","bcubed.f1"
"majority-vote",0.940613874834037,0.229715371346659,0.369252441151008
