"","bcubed.precision","bcubed.recall","bcubed.f1"
"majority-vote",0.968791752068507,0.354749311945151,0.519331385793549
