"","bcubed.precision","bcubed.recall","bcubed.f1"
"majority-vote",0.737866514582741,0.618536256862495,0.672952314168301
