"","bcubed.precision","bcubed.recall","bcubed.f1"
"majority-vote",0.685685397066304,0.775644149344056,0.727895864189671
