"","bcubed.precision","bcubed.recall","bcubed.f1"
"majority-vote",0.535075925491047,0.441646680124439,0.483892775183017
