"","bcubed.precision","bcubed.recall","bcubed.f1"
"majority-vote",0.893222224384061,0.587598330755159,0.708871694439898
