"","bcubed.precision","bcubed.recall","bcubed.f1"
"majority-vote",0.724255940027801,0.783111006353334,0.752534476643808
