"","bcubed.precision","bcubed.recall","bcubed.f1"
"majority-vote",0.847699172426858,0.534670473973973,0.655743157394808
