"","bcubed.precision","bcubed.recall","bcubed.f1"
"majority-vote",0.725557299525467,0.825629761479375,0.772365519550915
