"","bcubed.precision","bcubed.recall","bcubed.f1"
"majority-vote",0.8424809190932,0.684104096803954,0.755077040884105
