"","bcubed.precision","bcubed.recall","bcubed.f1"
"majority-vote",0.732789680855481,0.507590574671363,0.599746946247047
