"","bcubed.precision","bcubed.recall","bcubed.f1"
"majority-vote",0.989423934752666,0.020429130422177,0.0400317062015079
