"","bcubed.precision","bcubed.recall","bcubed.f1"
"majority-vote",0.661230769072451,0.804705753244873,0.725947127988879
