"","bcubed.precision","bcubed.recall","bcubed.f1"
"majority-vote",0.916574191111627,0.720919771703678,0.807058189661499
