"","bcubed.precision","bcubed.recall","bcubed.f1"
"majority-vote",0.704154461623218,0.71595616951796,0.71000627702874
