"","bcubed.precision","bcubed.recall","bcubed.f1"
"majority-vote",0.973851803984487,0.434872127628668,0.601254790225352
