"","bcubed.precision","bcubed.recall","bcubed.f1"
"majority-vote",0.917092954917926,0.964750376173477,0.940318206755268
