"","bcubed.precision","bcubed.recall","bcubed.f1"
"majority-vote",0.693901991282865,0.85570357558728,0.766355552332161
