"","bcubed.precision","bcubed.recall","bcubed.f1"
"majority-vote",0.975756625755926,0.40413545926767,0.571548828148543
