"","bcubed.precision","bcubed.recall","bcubed.f1"
"majority-vote",0.995315499292878,0.575864715077136,0.72960068001107
