"","bcubed.precision","bcubed.recall","bcubed.f1"
"majority-vote",0.67709079000597,0.217087752117419,0.328766819281424
