"","bcubed.precision","bcubed.recall","bcubed.f1"
"majority-vote",0.630181731416681,0.221858013311152,0.328179214226085
