"","bcubed.precision","bcubed.recall","bcubed.f1"
"majority-vote",0.927114688877465,0.664209303001989,0.773944469441336
