"","bcubed.precision","bcubed.recall","bcubed.f1"
"majority-vote",0.967988796219812,0.768830551922906,0.856991098410672
