"","bcubed.precision","bcubed.recall","bcubed.f1"
"majority-vote",0.998873752283962,0.829794521385483,0.906517577994377
