"","bcubed.precision","bcubed.recall","bcubed.f1"
"majority-vote",0.766979080389307,0.246655552931181,0.373269900102671
