"","bcubed.precision","bcubed.recall","bcubed.f1"
"majority-vote",0.930478759708675,0.559513293815839,0.698816123802518
