"","bcubed.precision","bcubed.recall","bcubed.f1"
"majority-vote",0.460480722492075,0.249916072564299,0.323992265893198
