"","bcubed.precision","bcubed.recall","bcubed.f1"
"majority-vote",0.717735094372418,0.829700863339754,0.769667299615382
