"","bcubed.precision","bcubed.recall","bcubed.f1"
"majority-vote",0.761290306018896,0.722985299440888,0.74164353012865
