"","bcubed.precision","bcubed.recall","bcubed.f1"
"majority-vote",0.783549391521404,0.293092272521534,0.426608554106104
