"","bcubed.precision","bcubed.recall","bcubed.f1"
"majority-vote",0.599781834996194,0.309046874021727,0.407911192420164
