"","bcubed.precision","bcubed.recall","bcubed.f1"
"majority-vote",0.676402580586683,0.628036113963751,0.651322672290275
