"","bcubed.precision","bcubed.recall","bcubed.f1"
"majority-vote",0.902422816880436,0.545895291589877,0.68027647224353
