"","bcubed.precision","bcubed.recall","bcubed.f1"
"majority-vote",0.965425920674504,0.951337794231427,0.958330083907501
