"","bcubed.precision","bcubed.recall","bcubed.f1"
"majority-vote",0.899473393071318,0.217416918659688,0.350187894879045
