"","bcubed.precision","bcubed.recall","bcubed.f1"
"majority-vote",0.692106428145251,0.374412278311727,0.485942052450082
