"","bcubed.precision","bcubed.recall","bcubed.f1"
"majority-vote",0.698603157915515,0.756202254406439,0.726262465724534
