"","bcubed.precision","bcubed.recall","bcubed.f1"
"majority-vote",0.99697711456098,0.525945540502184,0.6886175941277
