"","bcubed.precision","bcubed.recall","bcubed.f1"
"majority-vote",0.816147415181775,0.724752942920708,0.767739767078151
