"","bcubed.precision","bcubed.recall","bcubed.f1"
"majority-vote",0.433546347894242,0.333282699982054,0.376859738930655
