"","bcubed.precision","bcubed.recall","bcubed.f1"
"majority-vote",0.985093185965582,0.886897453459804,0.933419878981508
