"","bcubed.precision","bcubed.recall","bcubed.f1"
"majority-vote",0.808099548689591,0.604911635901289,0.691896603933037
