"","bcubed.precision","bcubed.recall","bcubed.f1"
"majority-vote",0.864907294606388,0.487963655050706,0.623922518054104
