"","bcubed.precision","bcubed.recall","bcubed.f1"
"majority-vote",0.703777898790752,0.48417255577709,0.573677029453064
