"","bcubed.precision","bcubed.recall","bcubed.f1"
"majority-vote",0.973947026142903,0.60328423288185,0.745061171178524
