"","bcubed.precision","bcubed.recall","bcubed.f1"
"majority-vote",0.665846348449253,0.20380475488675,0.312085274927793
