"","bcubed.precision","bcubed.recall","bcubed.f1"
"majority-vote",0.966412552077781,0.773738887553042,0.859409078925448
