"","bcubed.precision","bcubed.recall","bcubed.f1"
"majority-vote",0.998873752619882,0.880617599452329,0.936025382844395
