"","bcubed.precision","bcubed.recall","bcubed.f1"
"majority-vote",0.98503958198841,0.759500110927446,0.857690627305443
