"","bcubed.precision","bcubed.recall","bcubed.f1"
"majority-vote",0.69094019298742,0.254991916454024,0.372509109705577
