"","bcubed.precision","bcubed.recall","bcubed.f1"
"majority-vote",0.981685829735172,0.701078807309991,0.817986206166492
