"","bcubed.precision","bcubed.recall","bcubed.f1"
"majority-vote",0.974754506135026,0.972472941432849,0.973612387130252
