"","bcubed.precision","bcubed.recall","bcubed.f1"
"majority-vote",0.697009010758392,0.759351412608733,0.726845866487789
