"","bcubed.precision","bcubed.recall","bcubed.f1"
"majority-vote",0.8947889469828,0.639681884782916,0.746029534403387
