"","bcubed.precision","bcubed.recall","bcubed.f1"
"majority-vote",0.690011229437846,0.883182374048782,0.774737139007718
