"","bcubed.precision","bcubed.recall","bcubed.f1"
"majority-vote",0.837446977149465,0.460571760171276,0.594297165712695
