"","bcubed.precision","bcubed.recall","bcubed.f1"
"majority-vote",0.931701789197599,0.271804325864419,0.420838039043079
