"","bcubed.precision","bcubed.recall","bcubed.f1"
"majority-vote",0.480950894757485,0.833450935445575,0.609933680748277
