"","bcubed.precision","bcubed.recall","bcubed.f1"
"majority-vote",0.714494537342395,0.430944444646414,0.537623490102108
