"","bcubed.precision","bcubed.recall","bcubed.f1"
"majority-vote",0.677393754156423,0.215893798818296,0.327431207103713
