"","bcubed.precision","bcubed.recall","bcubed.f1"
"majority-vote",0.976906210993042,0.619214050603491,0.757980543851551
