"","bcubed.precision","bcubed.recall","bcubed.f1"
"majority-vote",0.787275584574888,0.204275031848989,0.324382320880365
