"","bcubed.precision","bcubed.recall","bcubed.f1"
"majority-vote",0.408834058349618,0.770263636011435,0.534154226262542
