"","bcubed.precision","bcubed.recall","bcubed.f1"
"majority-vote",0.807435116477071,0.546786170183771,0.652026901894291
