"","bcubed.precision","bcubed.recall","bcubed.f1"
"majority-vote",0.819787423943808,0.638608921613541,0.717944150575919
