"","bcubed.precision","bcubed.recall","bcubed.f1"
"majority-vote",0.602015927716439,0.846172343748482,0.703512434905222
