"","bcubed.precision","bcubed.recall","bcubed.f1"
"majority-vote",0.682020596614197,0.417704556094682,0.518098744680759
