"","bcubed.precision","bcubed.recall","bcubed.f1"
"majority-vote",0.800191479311242,0.585063617674595,0.675923045129944
