"","bcubed.precision","bcubed.recall","bcubed.f1"
"majority-vote",0.967966140100214,0.463719573557912,0.627043828716942
