"","bcubed.precision","bcubed.recall","bcubed.f1"
"majority-vote",0.905193740147068,0.671040232730341,0.770724941228732
