"","bcubed.precision","bcubed.recall","bcubed.f1"
"majority-vote",0.420964059567477,0.751859216389631,0.539732992076423
