"","bcubed.precision","bcubed.recall","bcubed.f1"
"majority-vote",0.903106191476622,0.385609163357381,0.540454525682327
