"","bcubed.precision","bcubed.recall","bcubed.f1"
"majority-vote",0.895609965050328,0.483453419820429,0.627941696051069
