"","bcubed.precision","bcubed.recall","bcubed.f1"
"majority-vote",0.343652468120987,0.566869388720557,0.427899809482456
