"","bcubed.precision","bcubed.recall","bcubed.f1"
"majority-vote",0.868591041442347,0.657346515751029,0.748346866505925
