"","bcubed.precision","bcubed.recall","bcubed.f1"
"majority-vote",0.721444814691906,0.67729779387306,0.698674621620767
