"","bcubed.precision","bcubed.recall","bcubed.f1"
"majority-vote",0.506589427290128,0.681288828422068,0.581092743721572
