"","bcubed.precision","bcubed.recall","bcubed.f1"
"majority-vote",0.798453268910666,0.66722689180982,0.726965551077351
