"","bcubed.precision","bcubed.recall","bcubed.f1"
"majority-vote",0.755485671076371,0.912644089886446,0.826661748788395
