"","bcubed.precision","bcubed.recall","bcubed.f1"
"majority-vote",0.950665025594221,0.606712671275705,0.740707303470302
