"","bcubed.precision","bcubed.recall","bcubed.f1"
"majority-vote",0.408309972027941,0.81212685309206,0.543411155487796
