"","bcubed.precision","bcubed.recall","bcubed.f1"
"majority-vote",0.83574034527042,0.532139054070964,0.650247495495983
