"","bcubed.precision","bcubed.recall","bcubed.f1"
"majority-vote",0.660866586576788,0.520239376045534,0.582181161606731
