"","bcubed.precision","bcubed.recall","bcubed.f1"
"majority-vote",0.985586215017124,0.621978814166892,0.762661210149297
