"","bcubed.precision","bcubed.recall","bcubed.f1"
"majority-vote",0.507051676258396,0.75241201559654,0.605832111258871
