"","bcubed.precision","bcubed.recall","bcubed.f1"
"majority-vote",0.970949288529417,0.744404134390043,0.84271690604054
