"","bcubed.precision","bcubed.recall","bcubed.f1"
"majority-vote",0.786076766293487,0.832724631591102,0.808728589522427
