"","bcubed.precision","bcubed.recall","bcubed.f1"
"majority-vote",0.708658115435452,0.705515951168135,0.707083542502282
