"","bcubed.precision","bcubed.recall","bcubed.f1"
"majority-vote",0.968775318580387,0.414501583035207,0.580590773529158
