"","bcubed.precision","bcubed.recall","bcubed.f1"
"majority-vote",0.848952519855767,0.48645187267101,0.618501100346395
