"","bcubed.precision","bcubed.recall","bcubed.f1"
"majority-vote",0.35094871234491,0.520449946450469,0.419213953804489
