"","bcubed.precision","bcubed.recall","bcubed.f1"
"majority-vote",0.739443368921795,0.253230325064484,0.377262912905259
