"","bcubed.precision","bcubed.recall","bcubed.f1"
"majority-vote",0.881709139762733,0.560832730837999,0.685583350800113
