"","bcubed.precision","bcubed.recall","bcubed.f1"
"majority-vote",0.421483160543596,0.434396386268029,0.427842358180019
