"","bcubed.precision","bcubed.recall","bcubed.f1"
"majority-vote",0.968752351485181,0.381977588793496,0.547913652201999
