"","bcubed.precision","bcubed.recall","bcubed.f1"
"majority-vote",0.667769302355357,0.50512514288081,0.575170367007323
