"","bcubed.precision","bcubed.recall","bcubed.f1"
"majority-vote",0.872099736515169,0.559998362002987,0.682040461414019
