"","bcubed.precision","bcubed.recall","bcubed.f1"
"majority-vote",0.923368189554836,0.903183459992423,0.913164296772872
