"","bcubed.precision","bcubed.recall","bcubed.f1"
"majority-vote",0.786782280951977,0.337362561832482,0.472236095926752
