"","bcubed.precision","bcubed.recall","bcubed.f1"
"majority-vote",0.523861230439791,0.326403621276127,0.402204565593039
