"","bcubed.precision","bcubed.recall","bcubed.f1"
"majority-vote",0.998341266901744,0.448586924458336,0.61902565884535
