"","bcubed.precision","bcubed.recall","bcubed.f1"
"majority-vote",0.778474016476102,0.258402585805603,0.388010874962817
