"","bcubed.precision","bcubed.recall","bcubed.f1"
"majority-vote",0.377707462420542,0.545738046941563,0.446435292103006
