"","bcubed.precision","bcubed.recall","bcubed.f1"
"majority-vote",0.962030330201597,0.533511341158241,0.686378857279286
