"","bcubed.precision","bcubed.recall","bcubed.f1"
"majority-vote",0.679894895164339,0.603349350754251,0.639339151347432
