"","bcubed.precision","bcubed.recall","bcubed.f1"
"majority-vote",0.817654114776641,0.452828207653877,0.582860289731222
