"","bcubed.precision","bcubed.recall","bcubed.f1"
"majority-vote",0.786890870924598,0.106952600128981,0.188310431051075
