"","bcubed.precision","bcubed.recall","bcubed.f1"
"majority-vote",0.788266753454885,0.528644043407703,0.632863706217658
