"","bcubed.precision","bcubed.recall","bcubed.f1"
"majority-vote",0.775017216222592,0.596066026975121,0.673863436378535
