"","bcubed.precision","bcubed.recall","bcubed.f1"
"majority-vote",0.776205817848481,0.465960243726869,0.582339291428068
