"","bcubed.precision","bcubed.recall","bcubed.f1"
"majority-vote",0.976153992813988,0.703530629202208,0.817718068929312
