"","bcubed.precision","bcubed.recall","bcubed.f1"
"majority-vote",0.711074310917565,0.292601948310809,0.414599283095932
