"","bcubed.precision","bcubed.recall","bcubed.f1"
"majority-vote",0.890615354888409,0.675271357966426,0.768136079301414
