"","bcubed.precision","bcubed.recall","bcubed.f1"
"majority-vote",0.876201704032246,0.807488723565658,0.840443093311952
