"","bcubed.precision","bcubed.recall","bcubed.f1"
"majority-vote",0.65658309815904,0.231613210929374,0.34243177561197
