"","bcubed.precision","bcubed.recall","bcubed.f1"
"majority-vote",0.977197263182243,0.281148998247704,0.43666523286187
