"","bcubed.precision","bcubed.recall","bcubed.f1"
"majority-vote",0.853760246763751,0.694470854995394,0.765921325127001
