"","bcubed.precision","bcubed.recall","bcubed.f1"
"majority-vote",0.897514473043709,0.462996523511236,0.610867654686353
