"","bcubed.precision","bcubed.recall","bcubed.f1"
"majority-vote",0.87789254190265,0.854052664729847,0.865808527760787
