"","bcubed.precision","bcubed.recall","bcubed.f1"
"majority-vote",0.973350914378403,0.321597899354633,0.483459432649882
