"","bcubed.precision","bcubed.recall","bcubed.f1"
"majority-vote",0.839717560157196,0.635690213167216,0.7235968855089
