"","bcubed.precision","bcubed.recall","bcubed.f1"
"majority-vote",0.995892021951678,0.669589208134207,0.800775821810266
