"","bcubed.precision","bcubed.recall","bcubed.f1"
"majority-vote",0.947921309166197,0.96810947801499,0.957909037741775
