"","bcubed.precision","bcubed.recall","bcubed.f1"
"majority-vote",0.973515191867113,0.566002572505877,0.715824286957485
