"","bcubed.precision","bcubed.recall","bcubed.f1"
"majority-vote",0.906768772955909,0.725297146908286,0.80594392165872
