"","bcubed.precision","bcubed.recall","bcubed.f1"
"majority-vote",0.960815637070561,0.380338644469658,0.544956418539695
