"","bcubed.precision","bcubed.recall","bcubed.f1"
"majority-vote",0.849969704656656,0.628649071363307,0.722745678852568
