"","bcubed.precision","bcubed.recall","bcubed.f1"
"majority-vote",0.639094692148671,0.928577438696453,0.757108454814446
