"","bcubed.precision","bcubed.recall","bcubed.f1"
"majority-vote",0.757132080101641,0.78079795296331,0.768782929725448
