"","bcubed.precision","bcubed.recall","bcubed.f1"
"majority-vote",0.906616762859599,0.959363558488647,0.932244647868521
