"","bcubed.precision","bcubed.recall","bcubed.f1"
"majority-vote",0.983014774366697,0.343727346666979,0.509351523209727
