"","bcubed.precision","bcubed.recall","bcubed.f1"
"majority-vote",0.708394331670688,0.887550381464227,0.787916591504463
