"","bcubed.precision","bcubed.recall","bcubed.f1"
"majority-vote",0.69958425986263,0.742647543360586,0.720472993037036
