"","bcubed.precision","bcubed.recall","bcubed.f1"
"majority-vote",0.717579707069516,0.452100788473527,0.554712765742263
