"","bcubed.precision","bcubed.recall","bcubed.f1"
"majority-vote",0.967046304583291,0.326921966432606,0.488649817166761
