"","bcubed.precision","bcubed.recall","bcubed.f1"
"majority-vote",0.753896069337545,0.698882419335955,0.725347619027009
