"","bcubed.precision","bcubed.recall","bcubed.f1"
"majority-vote",0.731158145157539,0.699050945501647,0.71474415317558
