"","bcubed.precision","bcubed.recall","bcubed.f1"
"majority-vote",0.799437141684826,0.593969330514603,0.681554382456009
