"","bcubed.precision","bcubed.recall","bcubed.f1"
"majority-vote",0.999862704531696,0.44100594111122,0.612054949390977
