"","bcubed.precision","bcubed.recall","bcubed.f1"
"majority-vote",0.831724849120148,0.47616590475486,0.605614825420264
