"","bcubed.precision","bcubed.recall","bcubed.f1"
"majority-vote",0.884908065314882,0.23876942366323,0.37606696017792
