"","bcubed.precision","bcubed.recall","bcubed.f1"
"majority-vote",0.62398536894584,0.659592117664958,0.641294873411461
