"","bcubed.precision","bcubed.recall","bcubed.f1"
"majority-vote",0.951025397893154,0.555852273564834,0.701622486880878
