"","bcubed.precision","bcubed.recall","bcubed.f1"
"majority-vote",0.990503182407431,0.703311672084169,0.822560325972292
