"","bcubed.precision","bcubed.recall","bcubed.f1"
"majority-vote",0.95777521625562,0.369776974324289,0.533558264696301
