"","bcubed.precision","bcubed.recall","bcubed.f1"
"majority-vote",0.810734131556235,0.339668479838301,0.478755571816567
