"","bcubed.precision","bcubed.recall","bcubed.f1"
"majority-vote",0.706651817264457,0.604152315625334,0.651394546338476
