"","bcubed.precision","bcubed.recall","bcubed.f1"
"majority-vote",0.829102579641256,0.513094391758218,0.63389784490817
