"","bcubed.precision","bcubed.recall","bcubed.f1"
"majority-vote",0.975219229376443,0.392061253606192,0.559279062882738
