"","bcubed.precision","bcubed.recall","bcubed.f1"
"majority-vote",0.772965413329374,0.474778488931654,0.588241465691696
