"","bcubed.precision","bcubed.recall","bcubed.f1"
"majority-vote",0.725610880804469,0.533505991232701,0.614903605550913
