"","bcubed.precision","bcubed.recall","bcubed.f1"
"majority-vote",0.896829950608384,0.653492935141547,0.756064484544358
