"","bcubed.precision","bcubed.recall","bcubed.f1"
"majority-vote",0.899460723565532,0.303639281580551,0.454013143953397
