"","bcubed.precision","bcubed.recall","bcubed.f1"
"majority-vote",0.94966643438835,0.945788796088969,0.947723648888376
