"","bcubed.precision","bcubed.recall","bcubed.f1"
"majority-vote",0.836475364342228,0.614895691647963,0.708771331191784
