"","bcubed.precision","bcubed.recall","bcubed.f1"
"majority-vote",0.920766876356172,0.374020330029487,0.531956956751669
