"","bcubed.precision","bcubed.recall","bcubed.f1"
"majority-vote",0.544943999142021,0.347363875826124,0.424279253742814
