"","bcubed.precision","bcubed.recall","bcubed.f1"
"majority-vote",0.511724853984437,0.603512395778938,0.553841422842182
