"","bcubed.precision","bcubed.recall","bcubed.f1"
"majority-vote",0.988585253610431,0.141959874958013,0.24826861916707
