"","bcubed.precision","bcubed.recall","bcubed.f1"
"majority-vote",0.791519353721095,0.413020753170872,0.542802880124487
