"","bcubed.precision","bcubed.recall","bcubed.f1"
"majority-vote",0.971963704479174,0.42850863796213,0.594791957731865
