"","bcubed.precision","bcubed.recall","bcubed.f1"
"majority-vote",0.71200956199736,0.445869406551574,0.548353134463885
