"","bcubed.precision","bcubed.recall","bcubed.f1"
"majority-vote",0.885805776905274,0.781716161089106,0.830512241686954
