"","bcubed.precision","bcubed.recall","bcubed.f1"
"majority-vote",0.778116070467114,0.722395629577384,0.749221280437469
