"","bcubed.precision","bcubed.recall","bcubed.f1"
"majority-vote",0.922630434873432,0.405540560790735,0.56342754838441
