"","bcubed.precision","bcubed.recall","bcubed.f1"
"majority-vote",0.989510521512408,0.222531372163328,0.363349048034007
