"","bcubed.precision","bcubed.recall","bcubed.f1"
"majority-vote",0.924212226312777,0.539947179342545,0.681654993006893
