"","bcubed.precision","bcubed.recall","bcubed.f1"
"majority-vote",0.974868156274207,0.388886031240216,0.55598378614978
