"","bcubed.precision","bcubed.recall","bcubed.f1"
"majority-vote",0.963529408461274,0.556513705422828,0.705529095180038
