"","bcubed.precision","bcubed.recall","bcubed.f1"
"majority-vote",0.687297786216161,0.599793791948433,0.640571273071663
