"","bcubed.precision","bcubed.recall","bcubed.f1"
"majority-vote",0.579060060929551,0.559640529830759,0.569184703919521
