"","bcubed.precision","bcubed.recall","bcubed.f1"
"majority-vote",0.705609488313365,0.333336130059471,0.452776607376219
