"","bcubed.precision","bcubed.recall","bcubed.f1"
"majority-vote",0.939447165991254,0.560052230429219,0.701753507790378
