"","bcubed.precision","bcubed.recall","bcubed.f1"
"majority-vote",0.796620403608782,0.536377889074944,0.641095450499709
