"","bcubed.precision","bcubed.recall","bcubed.f1"
"majority-vote",0.984781739010917,0.936493479701467,0.960030784273448
