"","bcubed.precision","bcubed.recall","bcubed.f1"
"majority-vote",0.280567794315904,0.34930494656598,0.311185774651676
