"","bcubed.precision","bcubed.recall","bcubed.f1"
"majority-vote",0.992789958654361,0.321530046110188,0.485744415403695
