"","bcubed.precision","bcubed.recall","bcubed.f1"
"majority-vote",0.699234775251512,0.7452601101454,0.721514199724213
