"","bcubed.precision","bcubed.recall","bcubed.f1"
"majority-vote",0.766788229998825,0.710726999657145,0.737694051663173
