"","bcubed.precision","bcubed.recall","bcubed.f1"
"majority-vote",0.997350331188317,0.0969127072018786,0.176659390353427
