"","bcubed.precision","bcubed.recall","bcubed.f1"
"majority-vote",0.991714980868101,0.251894478975293,0.401745944308306
