"","bcubed.precision","bcubed.recall","bcubed.f1"
"majority-vote",0.639389043387209,0.427171973393157,0.512167752491411
