"","bcubed.precision","bcubed.recall","bcubed.f1"
"majority-vote",0.891770693416997,0.765788706639151,0.823992100563477
