"","bcubed.precision","bcubed.recall","bcubed.f1"
"majority-vote",0.950069415825477,0.534243079986995,0.683909907575384
