"","bcubed.precision","bcubed.recall","bcubed.f1"
"majority-vote",0.859856159019072,0.611867317770883,0.714968389082593
