"","bcubed.precision","bcubed.recall","bcubed.f1"
"majority-vote",0.836217994730975,0.684511151038617,0.752797490184
