"","bcubed.precision","bcubed.recall","bcubed.f1"
"majority-vote",0.796317864927372,0.538986399854969,0.642856479197064
