"","bcubed.precision","bcubed.recall","bcubed.f1"
"majority-vote",0.856487984060822,0.626781954206427,0.723848301046389
