"","bcubed.precision","bcubed.recall","bcubed.f1"
"majority-vote",0.881831265318504,0.51520532378726,0.650411257825336
