"","bcubed.precision","bcubed.recall","bcubed.f1"
"majority-vote",0.731438698266764,0.487985744150022,0.585410042735284
