"","bcubed.precision","bcubed.recall","bcubed.f1"
"majority-vote",0.946374520273406,0.437188803973617,0.598085157908632
