"","bcubed.precision","bcubed.recall","bcubed.f1"
"majority-vote",0.949939431884689,0.272262842110058,0.423224886846268
