"","bcubed.precision","bcubed.recall","bcubed.f1"
"majority-vote",0.978553042946557,0.151924815316125,0.263015306739679
