"","bcubed.precision","bcubed.recall","bcubed.f1"
"majority-vote",0.818949854007471,0.594937878289727,0.689197985723059
