"","bcubed.precision","bcubed.recall","bcubed.f1"
"majority-vote",0.972674313090229,0.586743216577289,0.731952853276373
