"","bcubed.precision","bcubed.recall","bcubed.f1"
"majority-vote",0.735069150199273,0.670223145732474,0.701150016411078
