"","bcubed.precision","bcubed.recall","bcubed.f1"
"majority-vote",0.840551280942557,0.64227927206101,0.72815961845431
