"","bcubed.precision","bcubed.recall","bcubed.f1"
"majority-vote",0.937360920956975,0.410664929684167,0.571118508610792
