"","bcubed.precision","bcubed.recall","bcubed.f1"
"majority-vote",0.99367871810874,0.170846802768362,0.291563952741847
