"","bcubed.precision","bcubed.recall","bcubed.f1"
"majority-vote",0.470979095004665,0.606670030922859,0.530281879799375
