"","bcubed.precision","bcubed.recall","bcubed.f1"
"majority-vote",0.979411379347348,0.412143516295172,0.580153971715705
