"","bcubed.precision","bcubed.recall","bcubed.f1"
"majority-vote",0.215931688135931,0.738120150120219,0.334119224284359
