"","bcubed.precision","bcubed.recall","bcubed.f1"
"majority-vote",0.67131603059094,0.960398074859809,0.790249494379367
