"","bcubed.precision","bcubed.recall","bcubed.f1"
"majority-vote",0.783559297277569,0.478698997728666,0.594314256839005
