"","bcubed.precision","bcubed.recall","bcubed.f1"
"majority-vote",0.943204123261962,0.81552766200824,0.874731508104498
