"","bcubed.precision","bcubed.recall","bcubed.f1"
"majority-vote",0.794042668880333,0.775535931777411,0.784680194828181
