"","bcubed.precision","bcubed.recall","bcubed.f1"
"majority-vote",0.701955338373081,0.482068399074786,0.571594091383511
