"","bcubed.precision","bcubed.recall","bcubed.f1"
"majority-vote",0.660685097863522,0.553095563139895,0.602121961572318
