"","bcubed.precision","bcubed.recall","bcubed.f1"
"majority-vote",0.984123396622158,0.368954873511737,0.536697885606779
