"","bcubed.precision","bcubed.recall","bcubed.f1"
"majority-vote",0.846086292748192,0.37229284146761,0.517067079052962
