"","bcubed.precision","bcubed.recall","bcubed.f1"
"majority-vote",0.820648264630694,0.43396904865774,0.567720440188972
