"","bcubed.precision","bcubed.recall","bcubed.f1"
"majority-vote",0.902130506461899,0.236954228303123,0.375325261524958
