"","bcubed.precision","bcubed.recall","bcubed.f1"
"majority-vote",0.817702730932203,0.420571329476838,0.555454298301938
