"","bcubed.precision","bcubed.recall","bcubed.f1"
"majority-vote",0.914190708284021,0.867542701786156,0.890256053492628
