"","bcubed.precision","bcubed.recall","bcubed.f1"
"majority-vote",0.92729552394049,0.497864072829588,0.647881300188361
