"","bcubed.precision","bcubed.recall","bcubed.f1"
"majority-vote",0.963575598658962,0.730952949735611,0.831297208654666
