"","bcubed.precision","bcubed.recall","bcubed.f1"
"majority-vote",0.979057825968562,0.574677751391676,0.724245178019227
