"","bcubed.precision","bcubed.recall","bcubed.f1"
"majority-vote",0.935721474789222,0.48835722297092,0.641771190905469
