"","bcubed.precision","bcubed.recall","bcubed.f1"
"majority-vote",0.972565528326761,0.357191459873393,0.522489603691835
