"","bcubed.precision","bcubed.recall","bcubed.f1"
"majority-vote",0.89076666593594,0.857031215097805,0.873573364929557
