"","bcubed.precision","bcubed.recall","bcubed.f1"
"majority-vote",0.981377202699015,0.558322932332764,0.711730011667668
