"","bcubed.precision","bcubed.recall","bcubed.f1"
"majority-vote",0.805097935732047,0.945865975848952,0.869823460778897
