"","bcubed.precision","bcubed.recall","bcubed.f1"
"majority-vote",0.717860689849356,0.678344237310298,0.697543251249711
