"","bcubed.precision","bcubed.recall","bcubed.f1"
"majority-vote",0.982086026245425,0.999678387546722,0.990804122141397
