"","bcubed.precision","bcubed.recall","bcubed.f1"
"majority-vote",0.930605425764744,0.334153321806491,0.491737882671444
