"","bcubed.precision","bcubed.recall","bcubed.f1"
"majority-vote",0.942394229983773,0.456852410555303,0.615381253294453
