"","bcubed.precision","bcubed.recall","bcubed.f1"
"majority-vote",0.754113089432517,0.814225955374341,0.783017489409127
