"","bcubed.precision","bcubed.recall","bcubed.f1"
"majority-vote",0.998960109675324,0.705056066385263,0.826662205791681
