"","bcubed.precision","bcubed.recall","bcubed.f1"
"majority-vote",0.885142819505127,0.617311384620017,0.727354934340033
