"","bcubed.precision","bcubed.recall","bcubed.f1"
"majority-vote",0.923109102728855,0.435143292038391,0.591472888867423
