"","bcubed.precision","bcubed.recall","bcubed.f1"
"majority-vote",0.709825058231863,0.595077991776454,0.64740636503613
