"","bcubed.precision","bcubed.recall","bcubed.f1"
"majority-vote",0.850570177208101,0.449709824658773,0.588349839577705
