"","bcubed.precision","bcubed.recall","bcubed.f1"
"majority-vote",0.732085076152909,0.364407731422545,0.486601389386359
