"","bcubed.precision","bcubed.recall","bcubed.f1"
"majority-vote",0.967702600062717,0.714121694511182,0.821795026709075
