"","bcubed.precision","bcubed.recall","bcubed.f1"
"majority-vote",0.98134293412155,0.125013601682858,0.221775188576727
