"","bcubed.precision","bcubed.recall","bcubed.f1"
"majority-vote",0.716350166356536,0.459601765692213,0.559947719525879
