"","bcubed.precision","bcubed.recall","bcubed.f1"
"majority-vote",0.849918743340799,0.725601024119107,0.78285518636224
