"","bcubed.precision","bcubed.recall","bcubed.f1"
"majority-vote",0.985042311943727,0.645131217702124,0.779648957164
