"","bcubed.precision","bcubed.recall","bcubed.f1"
"majority-vote",0.985054652062194,0.793047735987152,0.878684339992973
