"","bcubed.precision","bcubed.recall","bcubed.f1"
"majority-vote",0.854359834293836,0.731452628307129,0.788143315873938
