"","bcubed.precision","bcubed.recall","bcubed.f1"
"majority-vote",0.67343927974318,0.407247224490297,0.507559364281472
