"","bcubed.precision","bcubed.recall","bcubed.f1"
"majority-vote",0.771789914145192,0.658272626968921,0.710525812188144
