"","bcubed.precision","bcubed.recall","bcubed.f1"
"majority-vote",0.869422528117685,0.889592775741362,0.879392007998425
