"","bcubed.precision","bcubed.recall","bcubed.f1"
"majority-vote",0.961446590542258,0.704656666390605,0.813262619330466
