"","bcubed.precision","bcubed.recall","bcubed.f1"
"majority-vote",0.936176711301145,0.873115355502446,0.903547058098655
