"","bcubed.precision","bcubed.recall","bcubed.f1"
"majority-vote",0.839381927695238,0.864798167556379,0.851900517994968
