"","bcubed.precision","bcubed.recall","bcubed.f1"
"majority-vote",0.95984668157306,0.606579533097092,0.743377947203189
