"","bcubed.precision","bcubed.recall","bcubed.f1"
"majority-vote",0.903542361273108,0.366246421742452,0.5212192155661
