"","bcubed.precision","bcubed.recall","bcubed.f1"
"majority-vote",0.991669032785223,0.439075320997157,0.608658559779772
