"","bcubed.precision","bcubed.recall","bcubed.f1"
"majority-vote",0.650269949082704,0.854130388616749,0.738387662376028
