"","bcubed.precision","bcubed.recall","bcubed.f1"
"majority-vote",0.940672002148431,0.424948706992162,0.585429538877256
