"","bcubed.precision","bcubed.recall","bcubed.f1"
"majority-vote",0.9024087986201,0.497636373221819,0.64150993230877
