"","bcubed.precision","bcubed.recall","bcubed.f1"
"majority-vote",0.151183279065603,0.751627349001067,0.251732719409183
