"","bcubed.precision","bcubed.recall","bcubed.f1"
"majority-vote",0.963706499811855,0.355997253959745,0.519930123068444
