"","bcubed.precision","bcubed.recall","bcubed.f1"
"majority-vote",0.984636617144757,0.349546111386733,0.515935176331903
