"","bcubed.precision","bcubed.recall","bcubed.f1"
"majority-vote",0.562607477067488,0.780260531119399,0.653795318962324
