"","bcubed.precision","bcubed.recall","bcubed.f1"
"majority-vote",0.867809184605497,0.312322718330058,0.45933259299843
