"","bcubed.precision","bcubed.recall","bcubed.f1"
"majority-vote",0.946562865298851,0.560811675413809,0.704328608498019
