"","bcubed.precision","bcubed.recall","bcubed.f1"
"majority-vote",0.988187909752912,0.846177228135531,0.911685562574855
