"","bcubed.precision","bcubed.recall","bcubed.f1"
"majority-vote",0.984018174057734,0.512227200456441,0.673740929236973
