"","bcubed.precision","bcubed.recall","bcubed.f1"
"majority-vote",0.991435296993287,0.959004786294705,0.974950426075391
