"","bcubed.precision","bcubed.recall","bcubed.f1"
"majority-vote",0.999979615635826,0.609378174829554,0.757278159838786
