"","bcubed.precision","bcubed.recall","bcubed.f1"
"majority-vote",0.724649392743332,0.2614495873755,0.384260177820729
