"","bcubed.precision","bcubed.recall","bcubed.f1"
"majority-vote",0.917651911306262,0.82814440388289,0.870603619046339
