"","bcubed.precision","bcubed.recall","bcubed.f1"
"majority-vote",0.847402721619893,0.441024012816091,0.580126038635301
