"","bcubed.precision","bcubed.recall","bcubed.f1"
"majority-vote",0.998071261493618,0.177089417810461,0.300806284185624
