"","bcubed.precision","bcubed.recall","bcubed.f1"
"majority-vote",0.561258154523765,0.400528048544693,0.467462795045311
