"","bcubed.precision","bcubed.recall","bcubed.f1"
"majority-vote",0.954670182583109,0.609727246080143,0.744169493858872
