"","bcubed.precision","bcubed.recall","bcubed.f1"
"majority-vote",0.885142819505127,0.633631509738392,0.738561839317477
