"","bcubed.precision","bcubed.recall","bcubed.f1"
"majority-vote",0.911468573916608,0.604523894112062,0.726922518792376
