{
      "avg_bcuded_f1": 0.6229392747776846,
      "avg_bcuded_recall": 0.5397393265836725,
      "avg_bcuded_precision": 0.845412701087784,
      "avg_bcuded_f1star": 0.6588482316088907
}