{
      "avg_bcuded_f1": 0.6940747522511022,
      "avg_bcuded_recall": 0.6047658988780669,
      "avg_bcuded_precision": 0.9103837498181401,
      "avg_bcuded_f1star": 0.7267520370103636
}