"","bcubed.precision","bcubed.recall","bcubed.f1"
"majority-vote",0.963874661148693,0.218416284331189,0.35613217347889
