"","bcubed.precision","bcubed.recall","bcubed.f1"
"majority-vote",0.986728216964801,0.269614443833974,0.42350894820862
