"","bcubed.precision","bcubed.recall","bcubed.f1"
"majority-vote",0.901430697837317,0.226385406328229,0.361886577169651
