"","bcubed.precision","bcubed.recall","bcubed.f1"
"majority-vote",0.991010611185765,0.0865927936435118,0.15926894248545
