"","bcubed.precision","bcubed.recall","bcubed.f1"
"majority-vote",0.895220588235294,0.803646527564035,0.846965498888505
