"","bcubed.precision","bcubed.recall","bcubed.f1"
"majority-vote",0.883100381194409,0.221346367881771,0.353971003157722
