"","bcubed.precision","bcubed.recall","bcubed.f1"
"majority-vote",0.976827782894151,0.769165633610939,0.860647415340764
