"","bcubed.precision","bcubed.recall","bcubed.f1"
"majority-vote",0.994994521959796,0.0479497852001899,0.0914905489694941
