"","bcubed.precision","bcubed.recall","bcubed.f1"
"majority-vote",0.983388704318937,0.442569031579785,0.610421158468111
