"","bcubed.precision","bcubed.recall","bcubed.f1"
"majority-vote",0.907869494060487,0.276178515618692,0.42352007215156
