"","bcubed.precision","bcubed.recall","bcubed.f1"
"majority-vote",0.927817738033523,0.374430121902166,0.533543451201433
