"","bcubed.precision","bcubed.recall","bcubed.f1"
"majority-vote",0.783719308080885,0.566650215840927,0.65773805942091
