"","bcubed.precision","bcubed.recall","bcubed.f1"
"majority-vote",0.998064516129032,0.343041922925067,0.510590301926615
