"","bcubed.precision","bcubed.recall","bcubed.f1"
"majority-vote",0.992974238875878,0.309465053662787,0.47186971074948
