"","bcubed.precision","bcubed.recall","bcubed.f1"
"majority-vote",0.886435331230284,0.320696931199271,0.470995762900093
