"","bcubed.precision","bcubed.recall","bcubed.f1"
"majority-vote",0.951148691880467,0.901283900479564,0.925545152346844
