"","bcubed.precision","bcubed.recall","bcubed.f1"
"majority-vote",0.809808102345416,0.665934091379059,0.730857767867657
