"","bcubed.precision","bcubed.recall","bcubed.f1"
"majority-vote",0.980563905793028,0.14249892157082,0.248836121545867
