"","bcubed.precision","bcubed.recall","bcubed.f1"
"majority-vote",0.982656826568266,0.856613395584671,0.91531629312825
