"","bcubed.precision","bcubed.recall","bcubed.f1"
"majority-vote",0.946187399407525,0.54238896497305,0.689520022640884
