"","bcubed.precision","bcubed.recall","bcubed.f1"
"majority-vote",0.998447229718563,0.809616562480269,0.894171342217549
