"","bcubed.precision","bcubed.recall","bcubed.f1"
"majority-vote",0.990743108474403,0.114239195833762,0.204857029019702
