"","bcubed.precision","bcubed.recall","bcubed.f1"
"majority-vote",0.930046511627907,0.387110977387319,0.546679067817658
