"","bcubed.precision","bcubed.recall","bcubed.f1"
"majority-vote",0.992070721865757,0.57127941016598,0.725044972611296
