"","bcubed.precision","bcubed.recall","bcubed.f1"
"majority-vote",0.981858054226475,0.189525647518766,0.317722166052912
