"","bcubed.precision","bcubed.recall","bcubed.f1"
"majority-vote",0.992849895364322,0.451714958420142,0.620927676631476
