"","bcubed.precision","bcubed.recall","bcubed.f1"
"majority-vote",0.996762393558484,0.93593388054516,0.965390897146879
