"","bcubed.precision","bcubed.recall","bcubed.f1"
"majority-vote",0.954040647077727,0.753153863655852,0.841778010547332
