"","bcubed.precision","bcubed.recall","bcubed.f1"
"majority-vote",0.998265973055889,0.117306215586975,0.209942134880389
