"","bcubed.precision","bcubed.recall","bcubed.f1"
"majority-vote",0.947845331645422,0.328041535242767,0.487398445481298
