"","bcubed.precision","bcubed.recall","bcubed.f1"
"majority-vote",0.993138424821002,0.576912718466478,0.729854171854949
