"","bcubed.precision","bcubed.recall","bcubed.f1"
"majority-vote",0.998305814262297,0.152340786441948,0.264343009854123
