"","bcubed.precision","bcubed.recall","bcubed.f1"
"majority-vote",0.960058110381311,0.830395121844277,0.890531578483842
