"","bcubed.precision","bcubed.recall","bcubed.f1"
"majority-vote",0.986321356921393,0.486751394707665,0.651825642121903
