"","bcubed.precision","bcubed.recall","bcubed.f1"
"majority-vote",0.950222057735011,0.265513383524145,0.415051934962414
