"","bcubed.precision","bcubed.recall","bcubed.f1"
"majority-vote",0.998961578400831,0.688982840395313,0.815509537006281
