"","bcubed.precision","bcubed.recall","bcubed.f1"
"majority-vote",0.99074403848122,0.315927172083835,0.479084500837721
