"","bcubed.precision","bcubed.recall","bcubed.f1"
"majority-vote",0.977447737224273,0.449481859051417,0.615790754077658
