"","bcubed.precision","bcubed.recall","bcubed.f1"
"majority-vote",0.994849445324881,0.50267030326067,0.667879369006663
