"","bcubed.precision","bcubed.recall","bcubed.f1"
"majority-vote",0.966456482123563,0.655951023489564,0.781490613688326
