"","bcubed.precision","bcubed.recall","bcubed.f1"
"majority-vote",0.986558121923514,0.478970115329801,0.644862166999763
