"","bcubed.precision","bcubed.recall","bcubed.f1"
"majority-vote",0.998134328358209,0.569223906440166,0.724993060202576
