"","bcubed.precision","bcubed.recall","bcubed.f1"
"majority-vote",0.89541410046814,0.508917271364302,0.648980304636729
