"","bcubed.precision","bcubed.recall","bcubed.f1"
"majority-vote",0.992418088275115,0.295651597179494,0.455580930413408
