"","bcubed.precision","bcubed.recall","bcubed.f1"
"majority-vote",0.803303597686501,0.529988374168638,0.638632162630231
