"","bcubed.precision","bcubed.recall","bcubed.f1"
"majority-vote",0.9972444199504,0.663924396971619,0.797143425044153
