"","bcubed.precision","bcubed.recall","bcubed.f1"
"majority-vote",0.996282414804758,0.0438690357877582,0.0840376637169276
