"","bcubed.precision","bcubed.recall","bcubed.f1"
"majority-vote",0.956542732979237,0.25640287393488,0.404404458665502
