"","bcubed.precision","bcubed.recall","bcubed.f1"
"majority-vote",0.984533143264433,0.167951038884325,0.286951208161516
