"","bcubed.precision","bcubed.recall","bcubed.f1"
"majority-vote",0.978956118801044,0.397481725822296,0.565397368468632
