"","bcubed.precision","bcubed.recall","bcubed.f1"
"majority-vote",0.997108302758527,0.227427283412682,0.370376549486241
