"","bcubed.precision","bcubed.recall","bcubed.f1"
"majority-vote",0.983014861995754,0.447790161646777,0.615296111882031
