"","bcubed.precision","bcubed.recall","bcubed.f1"
"majority-vote",0.996419803600655,0.501888896130809,0.667542056455575
