"","bcubed.precision","bcubed.recall","bcubed.f1"
"majority-vote",0.910351324070163,0.571929191243853,0.702507374473474
