"","bcubed.precision","bcubed.recall","bcubed.f1"
"majority-vote",0.998344644926337,0.218539713287119,0.358584529403018
