"","bcubed.precision","bcubed.recall","bcubed.f1"
"majority-vote",0.999578082808281,0.0504047834469626,0.0959701694599531
