"","bcubed.precision","bcubed.recall","bcubed.f1"
"majority-vote",0.954857103159335,0.47068518913852,0.630548947764091
