"","bcubed.precision","bcubed.recall","bcubed.f1"
"majority-vote",0.9811571713589,0.245538080210585,0.392781251793516
