"","bcubed.precision","bcubed.recall","bcubed.f1"
"majority-vote",0.548601898229623,0.379354746980206,0.448544089575867
