"","bcubed.precision","bcubed.recall","bcubed.f1"
"majority-vote",0.923093207524345,0.527680629773079,0.671501501561525
