"","bcubed.precision","bcubed.recall","bcubed.f1"
"majority-vote",0.968706072442679,0.321709796723579,0.483010541170396
