"","bcubed.precision","bcubed.recall","bcubed.f1"
"majority-vote",0.961057722504868,0.395152605039729,0.56003770938525
