"","bcubed.precision","bcubed.recall","bcubed.f1"
"majority-vote",0.996452502956248,0.286634786794161,0.445204239831464
