"","bcubed.precision","bcubed.recall","bcubed.f1"
"majority-vote",0.993136699050648,0.532135390428946,0.692969062692209
