"","bcubed.precision","bcubed.recall","bcubed.f1"
"majority-vote",0.699363057324841,0.296949693761676,0.416888462933677
