"","bcubed.precision","bcubed.recall","bcubed.f1"
"majority-vote",0.994146881364609,0.208070665154346,0.344118755321113
