"","bcubed.precision","bcubed.recall","bcubed.f1"
"majority-vote",0.928119180633147,0.70760914370352,0.803000851536837
