"","bcubed.precision","bcubed.recall","bcubed.f1"
"majority-vote",0.835390783481638,0.380260364347978,0.522626913595765
