"","bcubed.precision","bcubed.recall","bcubed.f1"
"majority-vote",0.985464302793951,0.102737748706836,0.186076443727287
