"","bcubed.precision","bcubed.recall","bcubed.f1"
"majority-vote",0.997274330607664,0.307057517823785,0.469543975199284
