"","bcubed.precision","bcubed.recall","bcubed.f1"
"majority-vote",0.996180739173865,0.353594876927087,0.521930314436755
