"","bcubed.precision","bcubed.recall","bcubed.f1"
"majority-vote",0.993103170121804,0.496021996146086,0.661597866964268
