"","bcubed.precision","bcubed.recall","bcubed.f1"
"majority-vote",0.994636471990465,0.563882602122062,0.719732226967914
