"","bcubed.precision","bcubed.recall","bcubed.f1"
"majority-vote",0.952859013531209,0.351541748881384,0.513599399366493
