"","bcubed.precision","bcubed.recall","bcubed.f1"
"majority-vote",0.999271886025506,0.441966975769186,0.61286881050086
