"","bcubed.precision","bcubed.recall","bcubed.f1"
"majority-vote",0.954776146456407,0.31856083309108,0.477727874892526
