"","bcubed.precision","bcubed.recall","bcubed.f1"
"majority-vote",0.998574918566775,0.108307736825603,0.195419792611059
