"","bcubed.precision","bcubed.recall","bcubed.f1"
"majority-vote",0.676332979531736,0.496872131242507,0.572876824151841
