"","bcubed.precision","bcubed.recall","bcubed.f1"
"majority-vote",0.965050240279598,0.289179720748712,0.445010831608148
