"","bcubed.precision","bcubed.recall","bcubed.f1"
"majority-vote",0.975075228524385,0.431383473766464,0.598142467431644
