"","bcubed.precision","bcubed.recall","bcubed.f1"
"majority-vote",0.996053670086819,0.449585410379569,0.619533885154221
