"","bcubed.precision","bcubed.recall","bcubed.f1"
"majority-vote",0.996594427244582,0.0797743417748076,0.147723841007218
