"","bcubed.precision","bcubed.recall","bcubed.f1"
"majority-vote",0.999069334574221,0.287250111139451,0.446207632713255
