"","bcubed.precision","bcubed.recall","bcubed.f1"
"majority-vote",0.9969802978087,0.234036328594566,0.379084414581789
