"","bcubed.precision","bcubed.recall","bcubed.f1"
"majority-vote",0.971184965817424,0.306704215363466,0.466185217467091
