"","bcubed.precision","bcubed.recall","bcubed.f1"
"majority-vote",0.970105263157895,0.288155070075241,0.444328955944014
