"","bcubed.precision","bcubed.recall","bcubed.f1"
"majority-vote",0.999390615478367,0.24403564396438,0.392282100475378
