"","bcubed.precision","bcubed.recall","bcubed.f1"
"majority-vote",0.994330370824395,0.295912699368121,0.456092330029642
