"","bcubed.precision","bcubed.recall","bcubed.f1"
"majority-vote",0.99423593056698,0.342224935042069,0.509184122798413
