"","bcubed.precision","bcubed.recall","bcubed.f1"
"majority-vote",0.998198237469395,0.312421944691358,0.47589536432062
