"","bcubed.precision","bcubed.recall","bcubed.f1"
"majority-vote",0.978962131837307,0.281170046003019,0.436866596194145
