"","bcubed.precision","bcubed.recall","bcubed.f1"
"majority-vote",0.994657184372264,0.284842494788057,0.442861594215313
