"","bcubed.precision","bcubed.recall","bcubed.f1"
"majority-vote",0.94602640416916,0.968678561367685,0.957218488175265
