"","bcubed.precision","bcubed.recall","bcubed.f1"
"majority-vote",0.998677248677249,0.226407490001828,0.369130398993859
