"","bcubed.precision","bcubed.recall","bcubed.f1"
"majority-vote",0.997368054764707,0.387895636174491,0.558557505886511
