"","bcubed.precision","bcubed.recall","bcubed.f1"
"majority-vote",0.997588682885007,0.0654674247873147,0.122871335941906
