"","bcubed.precision","bcubed.recall","bcubed.f1"
"majority-vote",0.997132658550542,0.113989115330169,0.204590121959392
