"","bcubed.precision","bcubed.recall","bcubed.f1"
"majority-vote",0.99822695035461,0.224791406423768,0.366949259357656
