"","bcubed.precision","bcubed.recall","bcubed.f1"
"majority-vote",0.992744464386275,0.452430048894713,0.621582269040348
