"","bcubed.precision","bcubed.recall","bcubed.f1"
"majority-vote",0.985762457849382,0.296332250965562,0.455681169329302
