"","bcubed.precision","bcubed.recall","bcubed.f1"
"majority-vote",0.995800406412283,0.300456981956275,0.461629283545342
