"","bcubed.precision","bcubed.recall","bcubed.f1"
"majority-vote",0.993448126930317,0.299664653195184,0.460441336594146
