"","bcubed.precision","bcubed.recall","bcubed.f1"
"majority-vote",0.969040247678019,0.493781562215506,0.654207100430067
