"","bcubed.precision","bcubed.recall","bcubed.f1"
"majority-vote",0.870588235294118,0.40026359389793,0.548395600273273
