"","bcubed.precision","bcubed.recall","bcubed.f1"
"majority-vote",0.98359343737495,0.241550165895257,0.38785193398917
