"","bcubed.precision","bcubed.recall","bcubed.f1"
"majority-vote",0.844335217259743,0.379962968921018,0.524081664966574
