"","bcubed.precision","bcubed.recall","bcubed.f1"
"majority-vote",0.95855091383812,0.504738268479901,0.661273703580664
