"","bcubed.precision","bcubed.recall","bcubed.f1"
"majority-vote",0.942323624699674,0.743059009898589,0.830911681655357
