"","bcubed.precision","bcubed.recall","bcubed.f1"
"majority-vote",0.996475535241385,0.358552854858224,0.527353006870817
