"","bcubed.precision","bcubed.recall","bcubed.f1"
"majority-vote",0.987760502811776,0.644332233122043,0.779913930812656
