"","bcubed.precision","bcubed.recall","bcubed.f1"
"majority-vote",0.943453421707123,0.648090018633852,0.768364507252588
