"","bcubed.precision","bcubed.recall","bcubed.f1"
"majority-vote",0.996353691886964,0.151754643054918,0.263392041094119
