"","bcubed.precision","bcubed.recall","bcubed.f1"
"majority-vote",0.989389159736163,0.407437868973845,0.577186154825495
