"","bcubed.precision","bcubed.recall","bcubed.f1"
"majority-vote",0.936644026277697,0.543964332050137,0.68823188692291
