"","bcubed.precision","bcubed.recall","bcubed.f1"
"majority-vote",0.973589901070544,0.10717484312586,0.193093539507974
