"","bcubed.precision","bcubed.recall","bcubed.f1"
"majority-vote",0.978095330763811,0.116482695981916,0.208173703967765
