"","bcubed.precision","bcubed.recall","bcubed.f1"
"majority-vote",0.994791666666667,0.705682869084488,0.8256606290956
