"","bcubed.precision","bcubed.recall","bcubed.f1"
"majority-vote",0.989913253984265,0.190845488972643,0.319998441890041
