"","bcubed.precision","bcubed.recall","bcubed.f1"
"majority-vote",0.99380521439345,0.53696063341553,0.697212154525353
