"","bcubed.precision","bcubed.recall","bcubed.f1"
"majority-vote",0.996228786926461,0.342523716560424,0.50977605756668
