"","bcubed.precision","bcubed.recall","bcubed.f1"
"majority-vote",0.995399515738499,0.703247658353846,0.824199856504864
