"","bcubed.precision","bcubed.recall","bcubed.f1"
"majority-vote",0.998691955526488,0.413661727371271,0.585010177602639
