"","bcubed.precision","bcubed.recall","bcubed.f1"
"majority-vote",0.979278162029292,0.23342373287134,0.376987559863576
