"","bcubed.precision","bcubed.recall","bcubed.f1"
"majority-vote",0.99003501211958,0.419240052242357,0.589043744119177
