{
      "avg_bcuded_f1": 0.5212083482175941,
      "avg_bcuded_recall": 0.3850366479141412,
      "avg_bcuded_precision": 0.9846836504731823,
      "avg_bcuded_f1star": 0.5536010417315764
}