"","bcubed.precision","bcubed.recall","bcubed.f1"
"majority-vote",0.986728216964801,0.27580173049794,0.431104783402487
