"","bcubed.precision","bcubed.recall","bcubed.f1"
"majority-vote",0.97050606334426,0.260508475923845,0.410758845443012
