"","bcubed.precision","bcubed.recall","bcubed.f1"
"majority-vote",0.964143426294821,0.14508320052938,0.252213588591368
