"","bcubed.precision","bcubed.recall","bcubed.f1"
"majority-vote",0.84124374018985,0.185675713452726,0.304207951448071
