"","bcubed.precision","bcubed.recall","bcubed.f1"
"majority-vote",0.998247628557164,0.0754440166978887,0.140285734904092
