"","bcubed.precision","bcubed.recall","bcubed.f1"
"majority-vote",0.991384685908434,0.497987211427381,0.662959863913741
