"","bcubed.precision","bcubed.recall","bcubed.f1"
"majority-vote",0.815179422038742,0.702426673205517,0.754614483010638
