"","bcubed.precision","bcubed.recall","bcubed.f1"
"majority-vote",0.978463884124261,0.170094432937311,0.289808984093287
