"","bcubed.precision","bcubed.recall","bcubed.f1"
"majority-vote",0.979935217361287,0.296613910295649,0.455387748674349
