"","bcubed.precision","bcubed.recall","bcubed.f1"
"majority-vote",0.87371418173255,0.341817669314997,0.491391393800009
