"","bcubed.precision","bcubed.recall","bcubed.f1"
"majority-vote",0.982403594159491,0.567475936056772,0.719398363953364
