"","bcubed.precision","bcubed.recall","bcubed.f1"
"majority-vote",0.995522388059702,0.505140552581587,0.670208766529438
