"","bcubed.precision","bcubed.recall","bcubed.f1"
"majority-vote",0.976829268292683,0.342274493625842,0.506925615430745
