"","bcubed.precision","bcubed.recall","bcubed.f1"
"majority-vote",0.996430696014277,0.39758421113606,0.568380022616024
