"","bcubed.precision","bcubed.recall","bcubed.f1"
"majority-vote",0.983388704318937,0.487645480160506,0.651983566339382
