"","bcubed.precision","bcubed.recall","bcubed.f1"
"majority-vote",0.988776621984581,0.076541061743514,0.14208346229458
