"","bcubed.precision","bcubed.recall","bcubed.f1"
"majority-vote",0.927280639628789,0.505766204403991,0.654531582795391
