"","bcubed.precision","bcubed.recall","bcubed.f1"
"majority-vote",0.894052044609665,0.415282263979597,0.567133931747543
