"","bcubed.precision","bcubed.recall","bcubed.f1"
"majority-vote",0.994605394605395,0.509089436697353,0.673465239801524
