"","bcubed.precision","bcubed.recall","bcubed.f1"
"majority-vote",0.95042194092827,0.547915033085659,0.695104610298709
