"","bcubed.precision","bcubed.recall","bcubed.f1"
"majority-vote",0.844026548672566,0.665494565293119,0.744203013668439
