"","bcubed.precision","bcubed.recall","bcubed.f1"
"majority-vote",0.973209945977999,0.123558551858357,0.219277653974217
