"","bcubed.precision","bcubed.recall","bcubed.f1"
"majority-vote",0.998296126094108,0.547081728253122,0.706816871272762
