"","bcubed.precision","bcubed.recall","bcubed.f1"
"majority-vote",0.947926711668274,0.298335640369183,0.453837544055264
