"","bcubed.precision","bcubed.recall","bcubed.f1"
"majority-vote",0.99869670400422,0.0145466897446485,0.0286756986362412
