"","bcubed.precision","bcubed.recall","bcubed.f1"
"majority-vote",0.98494105228623,0.567132586852447,0.719801113548003
