"","bcubed.precision","bcubed.recall","bcubed.f1"
"majority-vote",0.990897675238153,0.435192455332927,0.604774106525643
