"","bcubed.precision","bcubed.recall","bcubed.f1"
"majority-vote",0.98275334614494,0.24489652112342,0.392087161022249
