"","bcubed.precision","bcubed.recall","bcubed.f1"
"majority-vote",0.97861216730038,0.423827372202073,0.591487349849024
