"","bcubed.precision","bcubed.recall","bcubed.f1"
"majority-vote",0.99832138410082,0.174891357579252,0.297640446549808
