"","bcubed.precision","bcubed.recall","bcubed.f1"
"majority-vote",0.638507402693106,0.281873284191514,0.39109507868294
