"","bcubed.precision","bcubed.recall","bcubed.f1"
"majority-vote",0.9977479046226,0.600904763480037,0.750070957378784
