"","bcubed.precision","bcubed.recall","bcubed.f1"
"majority-vote",0.993085032735328,0.253650584555787,0.404089841620527
