"","bcubed.precision","bcubed.recall","bcubed.f1"
"majority-vote",0.992776950303496,0.261293503059018,0.413702701320342
