"","bcubed.precision","bcubed.recall","bcubed.f1"
"majority-vote",0.998813848475942,0.0668451589429065,0.12530437971423
