"","bcubed.precision","bcubed.recall","bcubed.f1"
"majority-vote",0.989094179202093,0.583999311016214,0.734387781496711
