"","bcubed.precision","bcubed.recall","bcubed.f1"
"majority-vote",0.894158848776998,0.759554547663061,0.821378627498291
