"","bcubed.precision","bcubed.recall","bcubed.f1"
"majority-vote",0.996575342465753,0.382597585098112,0.552921699339353
