"","bcubed.precision","bcubed.recall","bcubed.f1"
"majority-vote",0.982496788070388,0.28072185923691,0.436675512397367
