"","bcubed.precision","bcubed.recall","bcubed.f1"
"majority-vote",0.885397409345251,0.807141115503714,0.844460131513752
