"","bcubed.precision","bcubed.recall","bcubed.f1"
"majority-vote",0.992843758788589,0.60477712367711,0.751679199102888
