"","bcubed.precision","bcubed.recall","bcubed.f1"
"majority-vote",0.822798310623733,0.856257799792669,0.839194672241277
