"","bcubed.precision","bcubed.recall","bcubed.f1"
"majority-vote",0.999123191582639,0.196890199021292,0.328955454149491
