"","bcubed.precision","bcubed.recall","bcubed.f1"
"majority-vote",0.962608299133607,0.30604264096353,0.464429066765527
