"","bcubed.precision","bcubed.recall","bcubed.f1"
"majority-vote",0.991591824427645,0.135478757105958,0.238387249442871
