"","bcubed.precision","bcubed.recall","bcubed.f1"
"majority-vote",0.960857150029068,0.357143148879069,0.520733642425779
