"","bcubed.precision","bcubed.recall","bcubed.f1"
"majority-vote",0.997783687943262,0.486582654767796,0.654156890780353
