"","bcubed.precision","bcubed.recall","bcubed.f1"
"majority-vote",0.97168445174948,0.142219507324804,0.248122798877255
