"","bcubed.precision","bcubed.recall","bcubed.f1"
"majority-vote",0.98002630306911,0.381507055464074,0.54921452613403
