"","bcubed.precision","bcubed.recall","bcubed.f1"
"majority-vote",0.986106353012828,0.174071590633189,0.295908230875331
