"","bcubed.precision","bcubed.recall","bcubed.f1"
"majority-vote",0.972826086956522,0.376973452676875,0.543383810834218
