"","bcubed.precision","bcubed.recall","bcubed.f1"
"majority-vote",0.985264019647974,0.245491627190982,0.393049697585922
