"","bcubed.precision","bcubed.recall","bcubed.f1"
"majority-vote",0.999062072559109,0.040390473528088,0.077642005585564
