"","bcubed.precision","bcubed.recall","bcubed.f1"
"majority-vote",0.986888065858068,0.451343468553899,0.619407198439638
