"","bcubed.precision","bcubed.recall","bcubed.f1"
"majority-vote",0.994982712634788,0.134429727131629,0.236858121711225
