"","bcubed.precision","bcubed.recall","bcubed.f1"
"majority-vote",0.935108636158111,0.576843869954988,0.713529932096195
