"","bcubed.precision","bcubed.recall","bcubed.f1"
"majority-vote",0.988167001562849,0.230412458876871,0.37369083593272
