"","bcubed.precision","bcubed.recall","bcubed.f1"
"majority-vote",0.997274520351443,0.232119820868033,0.37658735730085
