"","bcubed.precision","bcubed.recall","bcubed.f1"
"majority-vote",0.948754789272031,0.318286047914894,0.476662477569652
