"","bcubed.precision","bcubed.recall","bcubed.f1"
"majority-vote",0.960475902399677,0.292282049302775,0.448178939399758
