"","bcubed.precision","bcubed.recall","bcubed.f1"
"majority-vote",0.993930739021778,0.22898435043264,0.372216495834511
