"","bcubed.precision","bcubed.recall","bcubed.f1"
"majority-vote",0.372581141426825,0.794577352472089,0.507291063696094
