"","bcubed.precision","bcubed.recall","bcubed.f1"
"majority-vote",0.886096140367837,0.354017967786609,0.505911436397451
