"","bcubed.precision","bcubed.recall","bcubed.f1"
"majority-vote",0.997186503812891,0.487544017517198,0.654896369810369
