"","bcubed.precision","bcubed.recall","bcubed.f1"
"majority-vote",0.995323460639127,0.677343233644724,0.806108728840818
