"","bcubed.precision","bcubed.recall","bcubed.f1"
"majority-vote",0.99118716263357,0.446782083158893,0.615930648889125
