"","bcubed.precision","bcubed.recall","bcubed.f1"
"majority-vote",0.855845173311877,0.37758115894868,0.523989157629672
