"","bcubed.precision","bcubed.recall","bcubed.f1"
"majority-vote",0.997703788748565,0.265258689959272,0.419093368857031
