"","bcubed.precision","bcubed.recall","bcubed.f1"
"majority-vote",0.975209763539283,0.484993665747142,0.64781461076619
