"","bcubed.precision","bcubed.recall","bcubed.f1"
"majority-vote",0.983014861995754,0.423200084252046,0.591676220662652
