"","bcubed.precision","bcubed.recall","bcubed.f1"
"majority-vote",0.996421471172962,0.30040898134966,0.461639312321404
