"","bcubed.precision","bcubed.recall","bcubed.f1"
"majority-vote",0.977328904290168,0.465209037433991,0.63036434005725
