"","bcubed.precision","bcubed.recall","bcubed.f1"
"majority-vote",0.997170910301215,0.323280411172995,0.488266120301994
