"","bcubed.precision","bcubed.recall","bcubed.f1"
"majority-vote",0.773924881650534,0.441508282927329,0.562259210247795
