"","bcubed.precision","bcubed.recall","bcubed.f1"
"majority-vote",0.968285431119921,0.276360455762512,0.429995078717162
