"","bcubed.precision","bcubed.recall","bcubed.f1"
"majority-vote",0.997106771268013,0.188462372542157,0.317007420060029
