"","bcubed.precision","bcubed.recall","bcubed.f1"
"majority-vote",0.998718605843157,0.120493465627215,0.215042473311293
