"","bcubed.precision","bcubed.recall","bcubed.f1"
"majority-vote",0.952380347395558,0.257958423166143,0.405959948807668
