"","bcubed.precision","bcubed.recall","bcubed.f1"
"majority-vote",0.991708844787933,0.238402278587156,0.384397220380857
