"","bcubed.precision","bcubed.recall","bcubed.f1"
"majority-vote",0.998549673676577,0.0956734705665637,0.174616509103046
