"","bcubed.precision","bcubed.recall","bcubed.f1"
"majority-vote",0.990461538461539,0.699406000828036,0.81986869086863
