"","bcubed.precision","bcubed.recall","bcubed.f1"
"majority-vote",0.984237614853255,0.720404740109128,0.831904054325383
