"","bcubed.precision","bcubed.recall","bcubed.f1"
"majority-vote",0.997151477670958,0.226916534747389,0.369701937532537
