"","bcubed.precision","bcubed.recall","bcubed.f1"
"majority-vote",0.991842242983408,0.266014977055862,0.419514850027301
