"","bcubed.precision","bcubed.recall","bcubed.f1"
"majority-vote",0.965050240279598,0.300906150292989,0.458767070973931
