"","bcubed.precision","bcubed.recall","bcubed.f1"
"majority-vote",0.986912898066017,0.790788610841799,0.878032083308481
