"","bcubed.precision","bcubed.recall","bcubed.f1"
"majority-vote",0.999358974358974,0.189910581299505,0.319168758410379
