"","bcubed.precision","bcubed.recall","bcubed.f1"
"majority-vote",0.996072270227808,0.518665969961689,0.682136063489116
