"","bcubed.precision","bcubed.recall","bcubed.f1"
"majority-vote",0.982875399361022,0.318434893204249,0.481025662544526
