"","bcubed.precision","bcubed.recall","bcubed.f1"
"majority-vote",0.598660359809272,0.536698162739563,0.565988467666295
