"","bcubed.precision","bcubed.recall","bcubed.f1"
"majority-vote",0.875487928577418,0.591678161758205,0.70613285248937
