"","bcubed.precision","bcubed.recall","bcubed.f1"
"majority-vote",0.965542060278902,0.226299156429275,0.366661851721479
