"","bcubed.precision","bcubed.recall","bcubed.f1"
"majority-vote",0.978234896888473,0.26857922344274,0.421447856046258
