"","bcubed.precision","bcubed.recall","bcubed.f1"
"majority-vote",0.970920154895814,0.356951822354463,0.521995681192715
