"","bcubed.precision","bcubed.recall","bcubed.f1"
"majority-vote",0.957594811108906,0.223449198826912,0.362346858445556
