"","bcubed.precision","bcubed.recall","bcubed.f1"
"majority-vote",0.940146494593652,0.20613003789629,0.338125098204179
