"","bcubed.precision","bcubed.recall","bcubed.f1"
"majority-vote",0.984682759143909,0.53718383539857,0.695140642556507
