"","bcubed.precision","bcubed.recall","bcubed.f1"
"majority-vote",0.980070799093866,0.368917461027572,0.536053932443302
