"","bcubed.precision","bcubed.recall","bcubed.f1"
"majority-vote",0.984395491048405,0.580467802972549,0.730300071741985
