"","bcubed.precision","bcubed.recall","bcubed.f1"
"majority-vote",0.990021574973031,0.489677820295463,0.655256883159446
