"","bcubed.precision","bcubed.recall","bcubed.f1"
"majority-vote",0.948794185662372,0.426113539732683,0.588103538096297
