"","bcubed.precision","bcubed.recall","bcubed.f1"
"majority-vote",0.994308382200759,0.271372937836436,0.426376501764732
