"","bcubed.precision","bcubed.recall","bcubed.f1"
"majority-vote",0.991604197901049,0.331418652142178,0.496795844026661
