"","bcubed.precision","bcubed.recall","bcubed.f1"
"majority-vote",0.864704887535938,0.433990576954195,0.577924206710256
