"","bcubed.precision","bcubed.recall","bcubed.f1"
"majority-vote",0.958862144420131,0.337937323455781,0.49974620544711
