"","bcubed.precision","bcubed.recall","bcubed.f1"
"majority-vote",0.974397064466221,0.217042043100004,0.355007869591253
