"","bcubed.precision","bcubed.recall","bcubed.f1"
"majority-vote",0.989410417859187,0.330525192583952,0.49551669993612
