"","bcubed.precision","bcubed.recall","bcubed.f1"
"majority-vote",0.995921985815603,0.207869392706363,0.343949461788951
