"","bcubed.precision","bcubed.recall","bcubed.f1"
"majority-vote",0.995351113286029,0.792238384376249,0.88225552780217
