"","bcubed.precision","bcubed.recall","bcubed.f1"
"majority-vote",0.991004112988205,0.122729530010478,0.218410334984623
