"","bcubed.precision","bcubed.recall","bcubed.f1"
"majority-vote",0.989367816091954,0.481772838728847,0.648001317540424
