"","bcubed.precision","bcubed.recall","bcubed.f1"
"majority-vote",0.988871528683033,0.45093285126172,0.619410058993829
