"","bcubed.precision","bcubed.recall","bcubed.f1"
"majority-vote",0.93885078253208,0.519681468109802,0.669033341960848
