"","bcubed.precision","bcubed.recall","bcubed.f1"
"majority-vote",0.98274070751903,0.111219984325561,0.199825106882148
