"","bcubed.precision","bcubed.recall","bcubed.f1"
"majority-vote",0.995947197776748,0.118157196252461,0.211251888306816
