"","bcubed.precision","bcubed.recall","bcubed.f1"
"majority-vote",0.987571380584481,0.460068629484214,0.627712150014112
