"","bcubed.precision","bcubed.recall","bcubed.f1"
"majority-vote",0.987079402847659,0.0792940596312548,0.146795725482963
