"","bcubed.precision","bcubed.recall","bcubed.f1"
"majority-vote",0.982000073723908,0.218034166327197,0.356839097188627
