"","bcubed.precision","bcubed.recall","bcubed.f1"
"majority-vote",0.990376559563435,0.316078823908595,0.479215841786384
