{
      "avg_bcuded_f1": 0.48521978125367005,
      "avg_bcuded_recall": 0.3500065445540333,
      "avg_bcuded_precision": 0.9835539023256676,
      "avg_bcuded_f1star": 0.5162875121875845
}