"","bcubed.precision","bcubed.recall","bcubed.f1"
"majority-vote",0.979804308305274,0.260372916416333,0.411416207595652
