"","bcubed.precision","bcubed.recall","bcubed.f1"
"majority-vote",0.996483756483756,0.555353936855592,0.713220434780209
