"","bcubed.precision","bcubed.recall","bcubed.f1"
"majority-vote",0.941638296978103,0.303786144061425,0.459372175321659
