"","bcubed.precision","bcubed.recall","bcubed.f1"
"majority-vote",0.99619705220988,0.562942409274457,0.719373195967018
