"","bcubed.precision","bcubed.recall","bcubed.f1"
"majority-vote",0.895220588235294,0.789782838653475,0.839202871774547
