"","bcubed.precision","bcubed.recall","bcubed.f1"
"majority-vote",0.925130408100644,0.869961522255385,0.896698207491086
