"","bcubed.precision","bcubed.recall","bcubed.f1"
"majority-vote",0.963538149898717,0.244091591025286,0.389509386945679
