"","bcubed.precision","bcubed.recall","bcubed.f1"
"majority-vote",0.555011569234844,0.620745633676668,0.586041076149791
