"","bcubed.precision","bcubed.recall","bcubed.f1"
"majority-vote",0.989149266108841,0.87201806274794,0.926897881159994
