"","bcubed.precision","bcubed.recall","bcubed.f1"
"majority-vote",0.955558710165875,0.516301462355941,0.6703848213792
