"","bcubed.precision","bcubed.recall","bcubed.f1"
"majority-vote",0.952664440329452,0.505460812451709,0.660484469471084
