"","bcubed.precision","bcubed.recall","bcubed.f1"
"majority-vote",0.996156421180767,0.459940476970293,0.629316167181848
