"","bcubed.precision","bcubed.recall","bcubed.f1"
"majority-vote",0.965247500994405,0.903560811977481,0.933386061806179
