"","bcubed.precision","bcubed.recall","bcubed.f1"
"majority-vote",0.984644841213699,0.341633494235587,0.507265554588023
