"","bcubed.precision","bcubed.recall","bcubed.f1"
"majority-vote",0.936200968901391,0.639567538511293,0.759964101853113
