"","bcubed.precision","bcubed.recall","bcubed.f1"
"majority-vote",0.993667354027568,0.194613172983461,0.32547997255128
