"","bcubed.precision","bcubed.recall","bcubed.f1"
"majority-vote",0.976668031109292,0.593268588468435,0.738152683353938
