"","bcubed.precision","bcubed.recall","bcubed.f1"
"majority-vote",0.967429051577696,0.0511157699399649,0.0971010402075399
