"","bcubed.precision","bcubed.recall","bcubed.f1"
"majority-vote",0.982584368093004,0.62500182012862,0.764023755600212
