"","bcubed.precision","bcubed.recall","bcubed.f1"
"majority-vote",0.982637606206132,0.852605186195635,0.913014804003985
