"","bcubed.precision","bcubed.recall","bcubed.f1"
"majority-vote",0.944465112433862,0.580335717116222,0.718922534266047
