"","bcubed.precision","bcubed.recall","bcubed.f1"
"majority-vote",0.990058454058956,0.61991228195285,0.762435467669144
