"","bcubed.precision","bcubed.recall","bcubed.f1"
"majority-vote",0.983026874115983,0.381077295623266,0.549238439443696
