"","bcubed.precision","bcubed.recall","bcubed.f1"
"majority-vote",0.990493480772405,0.286215016047155,0.444101544244588
