"","bcubed.precision","bcubed.recall","bcubed.f1"
"majority-vote",0.874347158218126,0.570526781124599,0.690494106344738
