"","bcubed.precision","bcubed.recall","bcubed.f1"
"majority-vote",0.960793063878618,0.597190951213176,0.736563299980825
