"","bcubed.precision","bcubed.recall","bcubed.f1"
"majority-vote",0.901312994990862,0.655197416925041,0.758797296359995
