"","bcubed.precision","bcubed.recall","bcubed.f1"
"majority-vote",0.855113743590084,0.527202177351002,0.652264537612415
