"","bcubed.precision","bcubed.recall","bcubed.f1"
"majority-vote",0.993028190360715,0.646824286665087,0.783381139300234
