"","bcubed.precision","bcubed.recall","bcubed.f1"
"majority-vote",0.967678832203863,0.793240879232943,0.8718198821753
