"","bcubed.precision","bcubed.recall","bcubed.f1"
"majority-vote",0.991774808859659,0.643670825730536,0.780675916894546
