"","bcubed.precision","bcubed.recall","bcubed.f1"
"majority-vote",0.884116990695293,0.811935965756883,0.846490529616306
