"","bcubed.precision","bcubed.recall","bcubed.f1"
"majority-vote",0.992897912285286,0.410576742791181,0.580930748233634
