"","bcubed.precision","bcubed.recall","bcubed.f1"
"majority-vote",0.990575700793986,0.319287478006054,0.482918250393652
