"","bcubed.precision","bcubed.recall","bcubed.f1"
"majority-vote",0.997313986653006,0.220883690500909,0.361666087682513
