"","bcubed.precision","bcubed.recall","bcubed.f1"
"majority-vote",0.996727675682912,0.867502189992592,0.927636079006642
