"","bcubed.precision","bcubed.recall","bcubed.f1"
"majority-vote",0.997624386305754,0.0222437146125802,0.0435171413235771
