"","bcubed.precision","bcubed.recall","bcubed.f1"
"majority-vote",0.972354825054628,0.240404794758946,0.385498920529795
