"","bcubed.precision","bcubed.recall","bcubed.f1"
"majority-vote",0.974080465149111,0.190971174687516,0.319335700339897
