"","bcubed.precision","bcubed.recall","bcubed.f1"
"majority-vote",0.975431445498742,0.0990740307476297,0.179877957181093
