"","bcubed.precision","bcubed.recall","bcubed.f1"
"majority-vote",0.959855752874736,0.925127822724061,0.942171883385333
