"","bcubed.precision","bcubed.recall","bcubed.f1"
"majority-vote",0.996984299603287,0.0101698527655928,0.0201343230581439
