"","bcubed.precision","bcubed.recall","bcubed.f1"
"majority-vote",0.982132729513405,0.81886361533739,0.893097601147162
