"","bcubed.precision","bcubed.recall","bcubed.f1"
"majority-vote",0.926575102091229,0.860612521006585,0.89237651851064
