"","bcubed.precision","bcubed.recall","bcubed.f1"
"majority-vote",0.980849877517678,0.81857976598195,0.892398173057008
