"","bcubed.precision","bcubed.recall","bcubed.f1"
"majority-vote",0.947867942160026,0.233517066379857,0.374718384893486
