"","bcubed.precision","bcubed.recall","bcubed.f1"
"majority-vote",0.993892481546803,0.379549097285383,0.54932222816579
