"","bcubed.precision","bcubed.recall","bcubed.f1"
"majority-vote",0.9949252889766,0.228256714584896,0.371323935535337
