"","bcubed.precision","bcubed.recall","bcubed.f1"
"majority-vote",0.947985975817975,0.720064364296803,0.818453619322645
