"","bcubed.precision","bcubed.recall","bcubed.f1"
"majority-vote",0.992015007372207,0.847299506563502,0.913964218606106
