"","bcubed.precision","bcubed.recall","bcubed.f1"
"majority-vote",0.988746397936046,0.438706380202283,0.607752998655811
