"","bcubed.precision","bcubed.recall","bcubed.f1"
"majority-vote",0.9631479574322,0.64902233961847,0.775482021812427
