"","bcubed.precision","bcubed.recall","bcubed.f1"
"majority-vote",0.996697298343596,0.70351503301487,0.82482819329957
