"","bcubed.precision","bcubed.recall","bcubed.f1"
"majority-vote",0.962293189688342,0.680234980847048,0.797046286571181
