"","bcubed.precision","bcubed.recall","bcubed.f1"
"majority-vote",0.697914048755969,0.480539161818022,0.56917835854826
