"","bcubed.precision","bcubed.recall","bcubed.f1"
"majority-vote",0.855784048036559,0.789920626069135,0.821534363536239
