"","bcubed.precision","bcubed.recall","bcubed.f1"
"majority-vote",0.949903045794831,0.612549692674098,0.74480693648627
