"","bcubed.precision","bcubed.recall","bcubed.f1"
"majority-vote",0.989083442564573,0.725298046812849,0.836896914102275
