"","bcubed.precision","bcubed.recall","bcubed.f1"
"majority-vote",0.983692433708263,0.846707685624649,0.910074180081622
