"","bcubed.precision","bcubed.recall","bcubed.f1"
"majority-vote",0.988544545104761,0.696362117053143,0.817119414020068
