"","bcubed.precision","bcubed.recall","bcubed.f1"
"majority-vote",0.803094059405941,0.379867472594745,0.515772157166328
