"","bcubed.precision","bcubed.recall","bcubed.f1"
"majority-vote",0.976942334066221,0.365914712826748,0.532413445564063
