"","bcubed.precision","bcubed.recall","bcubed.f1"
"majority-vote",0.921365697519339,0.478340111080546,0.629741146159935
