"","bcubed.precision","bcubed.recall","bcubed.f1"
"majority-vote",0.999615147066583,0.627693391020371,0.771152865842118
