"","bcubed.precision","bcubed.recall","bcubed.f1"
"majority-vote",0.727876767935735,0.794577352472089,0.759765942946632
