"","bcubed.precision","bcubed.recall","bcubed.f1"
"majority-vote",0.993129054284739,0.620666403494469,0.76391569372369
