"","bcubed.precision","bcubed.recall","bcubed.f1"
"majority-vote",0.976662861396506,0.610606574838338,0.751424743594568
