"","bcubed.precision","bcubed.recall","bcubed.f1"
"majority-vote",0.990948858217621,0.160768813393033,0.276654037696636
