"","bcubed.precision","bcubed.recall","bcubed.f1"
"majority-vote",0.991284369114878,0.472230908133701,0.639713332854197
