"","bcubed.precision","bcubed.recall","bcubed.f1"
"majority-vote",0.997665369649805,0.619011037798041,0.76399441842169
