"","bcubed.precision","bcubed.recall","bcubed.f1"
"majority-vote",0.999513145082765,0.374177143667318,0.544511345458085
