"","bcubed.precision","bcubed.recall","bcubed.f1"
"majority-vote",0.983014861995754,0.428466288457749,0.596803902457785
