"","bcubed.precision","bcubed.recall","bcubed.f1"
"majority-vote",0.995352657733215,0.0868133710104684,0.159698081933629
