"","bcubed.precision","bcubed.recall","bcubed.f1"
"majority-vote",0.758147873086358,0.446989014490947,0.562398801534553
