"","bcubed.precision","bcubed.recall","bcubed.f1"
"majority-vote",0.982134202681264,0.513833688390234,0.674685122414564
