"","bcubed.precision","bcubed.recall","bcubed.f1"
"majority-vote",0.864593064019022,0.822789235448382,0.84317331803554
