"","bcubed.precision","bcubed.recall","bcubed.f1"
"majority-vote",0.952145834995695,0.241395757369715,0.385146133884939
