"","bcubed.precision","bcubed.recall","bcubed.f1"
"majority-vote",0.941746761010062,0.331904781529165,0.490825382813395
