"","bcubed.precision","bcubed.recall","bcubed.f1"
"majority-vote",0.997164729231642,0.605509151878044,0.753481262278621
