"","bcubed.precision","bcubed.recall","bcubed.f1"
"majority-vote",0.995725451880801,0.194756734927566,0.325791078676251
