"","bcubed.precision","bcubed.recall","bcubed.f1"
"majority-vote",0.928119180633147,0.452856853276108,0.608707350868256
