"","bcubed.precision","bcubed.recall","bcubed.f1"
"majority-vote",0.992778380493764,0.771020412171967,0.867958861641863
