"","bcubed.precision","bcubed.recall","bcubed.f1"
"majority-vote",0.990078586347436,0.528800976764474,0.689395704899004
