"","bcubed.precision","bcubed.recall","bcubed.f1"
"majority-vote",0.971109044408277,0.424879894320812,0.591128907565427
