"","bcubed.precision","bcubed.recall","bcubed.f1"
"majority-vote",0.613533533736635,0.666968253473223,0.639135991110514
