"","bcubed.precision","bcubed.recall","bcubed.f1"
"majority-vote",0.937483795930037,0.392162319010284,0.552997997460382
