"","bcubed.precision","bcubed.recall","bcubed.f1"
"majority-vote",0.993470503014679,0.475062416633521,0.642764614536983
