"","bcubed.precision","bcubed.recall","bcubed.f1"
"majority-vote",0.918928520299683,0.583863683757957,0.714042819125302
