"","bcubed.precision","bcubed.recall","bcubed.f1"
"majority-vote",0.898963979446104,0.671434900416325,0.768716531522405
