"","bcubed.precision","bcubed.recall","bcubed.f1"
"majority-vote",0.99560969762436,0.178541149772973,0.302784434441279
