"","bcubed.precision","bcubed.recall","bcubed.f1"
"majority-vote",0.998601538307861,0.142237935697406,0.24900790098802
