"","bcubed.precision","bcubed.recall","bcubed.f1"
"majority-vote",0.978962131837307,0.433369377677424,0.600782758135685
