"","bcubed.precision","bcubed.recall","bcubed.f1"
"majority-vote",0.996139550751441,0.342286866421111,0.509502025617724
