"","bcubed.precision","bcubed.recall","bcubed.f1"
"majority-vote",0.830072835533522,0.459237776554312,0.5913250070148
