"","bcubed.precision","bcubed.recall","bcubed.f1"
"majority-vote",0.970105263157895,0.572785998114945,0.720287586535491
