"","bcubed.precision","bcubed.recall","bcubed.f1"
"majority-vote",0.98968008255934,0.578107059785656,0.729870818816683
