"","bcubed.precision","bcubed.recall","bcubed.f1"
"majority-vote",0.992481203007519,0.429624931471273,0.5996664503313
