"","bcubed.precision","bcubed.recall","bcubed.f1"
"majority-vote",0.993314674340506,0.565127252781089,0.720397960665741
