"","bcubed.precision","bcubed.recall","bcubed.f1"
"majority-vote",0.991162127626963,0.331061164395384,0.496338689624661
