"","bcubed.precision","bcubed.recall","bcubed.f1"
"majority-vote",0.980337645655565,0.561476444664258,0.714011500230922
