"","bcubed.precision","bcubed.recall","bcubed.f1"
"majority-vote",0.993161483957981,0.904429402329566,0.946720869966013
