"","bcubed.precision","bcubed.recall","bcubed.f1"
"majority-vote",0.922754013877226,0.740627237035901,0.821719921859778
