"","bcubed.precision","bcubed.recall","bcubed.f1"
"majority-vote",0.981266417338067,0.867572759886599,0.920923814641312
