"","bcubed.precision","bcubed.recall","bcubed.f1"
"majority-vote",0.999390615478367,0.492428429835857,0.659769498342938
