"","bcubed.precision","bcubed.recall","bcubed.f1"
"majority-vote",0.996604938271605,0.68756309383753,0.813729701107854
