"","bcubed.precision","bcubed.recall","bcubed.f1"
"majority-vote",0.999069334574221,0.434369949828289,0.605488772989605
