"","bcubed.precision","bcubed.recall","bcubed.f1"
"majority-vote",0.973612290075065,0.634364467280126,0.76820145428809
