"","bcubed.precision","bcubed.recall","bcubed.f1"
"majority-vote",0.926913817297096,0.698070200940275,0.796378188871988
