"","bcubed.precision","bcubed.recall","bcubed.f1"
"majority-vote",0.99813447337738,0.678580447781287,0.807906614706231
