"","bcubed.precision","bcubed.recall","bcubed.f1"
"majority-vote",0.99854350246044,0.220293890601396,0.360955504555307
