"","bcubed.precision","bcubed.recall","bcubed.f1"
"majority-vote",0.996090761620572,0.685501495318869,0.812113285781862
