"","bcubed.precision","bcubed.recall","bcubed.f1"
"majority-vote",0.966884957394192,0.246122670714681,0.392367372592236
