"","bcubed.precision","bcubed.recall","bcubed.f1"
"majority-vote",0.973992093863375,0.49932203776857,0.660192835508389
