"","bcubed.precision","bcubed.recall","bcubed.f1"
"majority-vote",0.995393939393939,0.744158394882653,0.851633769930071
