"","bcubed.precision","bcubed.recall","bcubed.f1"
"majority-vote",0.99299060063565,0.164817020381532,0.282709750899466
