"","bcubed.precision","bcubed.recall","bcubed.f1"
"majority-vote",0.791214011963351,0.655334667452891,0.716892530188913
