"","bcubed.precision","bcubed.recall","bcubed.f1"
"majority-vote",0.989097148576671,0.644473877122755,0.780434109280728
