"","bcubed.precision","bcubed.recall","bcubed.f1"
"majority-vote",0.96699227934467,0.680469115148885,0.798814931725607
