"","bcubed.precision","bcubed.recall","bcubed.f1"
"majority-vote",0.879143578084244,0.276056746735122,0.420175636839368
