"","bcubed.precision","bcubed.recall","bcubed.f1"
"majority-vote",0.95855091383812,0.53831078720934,0.689440175598521
