"","bcubed.precision","bcubed.recall","bcubed.f1"
"majority-vote",0.870588235294118,0.49341573480288,0.629854374687549
