"","bcubed.precision","bcubed.recall","bcubed.f1"
"majority-vote",0.975593372145096,0.220367381707286,0.359525103709437
