"","bcubed.precision","bcubed.recall","bcubed.f1"
"majority-vote",0.989545069228596,0.926180327867858,0.956814769013598
