"","bcubed.precision","bcubed.recall","bcubed.f1"
"majority-vote",0.993641216665343,0.188232713632414,0.316507163404154
