"","bcubed.precision","bcubed.recall","bcubed.f1"
"majority-vote",0.98932794923565,0.616926756119782,0.759957783065954
