"","bcubed.precision","bcubed.recall","bcubed.f1"
"majority-vote",0.975758927326959,0.742126174309288,0.84305549782761
