"","bcubed.precision","bcubed.recall","bcubed.f1"
"majority-vote",0.989913253984265,0.166844226248943,0.28555909728162
