"","bcubed.precision","bcubed.recall","bcubed.f1"
"majority-vote",0.8373162864728,0.846011876385317,0.841641621968808
