"","bcubed.precision","bcubed.recall","bcubed.f1"
"majority-vote",0.991443452380952,0.789940558389788,0.879295412612191
