"","bcubed.precision","bcubed.recall","bcubed.f1"
"majority-vote",0.947444581845069,0.462867274268635,0.621906550977555
