"","bcubed.precision","bcubed.recall","bcubed.f1"
"majority-vote",0.993455313922735,0.986869806956071,0.990151610494479
