"","bcubed.precision","bcubed.recall","bcubed.f1"
"majority-vote",0.919972385143598,0.630913962148152,0.748505425418701
