"","bcubed.precision","bcubed.recall","bcubed.f1"
"majority-vote",0.988148414177011,0.505317582025455,0.668684481071402
