"","bcubed.precision","bcubed.recall","bcubed.f1"
"majority-vote",0.998301285832252,0.712518776671009,0.831540880914746
