"","bcubed.precision","bcubed.recall","bcubed.f1"
"majority-vote",0.984054840891862,0.945016493398904,0.964140660349135
