"","bcubed.precision","bcubed.recall","bcubed.f1"
"majority-vote",0.972944179491408,0.486251188457194,0.648433066567781
