"","bcubed.precision","bcubed.recall","bcubed.f1"
"majority-vote",0.998691955526488,0.680648843534436,0.809553992800466
