"","bcubed.precision","bcubed.recall","bcubed.f1"
"majority-vote",0.925034018083133,0.347194605712178,0.504888532095152
