"","bcubed.precision","bcubed.recall","bcubed.f1"
"majority-vote",0.987987802728523,0.77999392087587,0.871756160981891
