"","bcubed.precision","bcubed.recall","bcubed.f1"
"majority-vote",0.991060581968516,0.520030535755644,0.68213195003568
