{
      "avg_bcuded_f1": 0.6662947113336648,
      "avg_bcuded_recall": 0.5404867726053808,
      "avg_bcuded_precision": 0.9824184700644817,
      "avg_bcuded_f1star": 0.6973305670708431
}