"","bcubed.precision","bcubed.recall","bcubed.f1"
"majority-vote",0.933134410168287,0.864232033868933,0.897362529325295
