"","bcubed.precision","bcubed.recall","bcubed.f1"
"majority-vote",0.971722743941629,0.659942692194358,0.786045116236539
