"","bcubed.precision","bcubed.recall","bcubed.f1"
"majority-vote",0.934688858476304,0.439568581858034,0.597937248058816
