"","bcubed.precision","bcubed.recall","bcubed.f1"
"majority-vote",0.971461518219277,0.481562166266695,0.643924965784581
