"","bcubed.precision","bcubed.recall","bcubed.f1"
"majority-vote",0.959209310833719,0.275375962589836,0.427905942152524
