"","bcubed.precision","bcubed.recall","bcubed.f1"
"majority-vote",0.95985894798707,0.523458113245968,0.677462650470565
