"","bcubed.precision","bcubed.recall","bcubed.f1"
"majority-vote",0.884427040231755,0.890130181185335,0.887269446220541
