"","bcubed.precision","bcubed.recall","bcubed.f1"
"majority-vote",0.999991663088742,0.793273355283189,0.884717801001676
