"","bcubed.precision","bcubed.recall","bcubed.f1"
"majority-vote",0.495837275307474,0.953033516848023,0.652300460233045
