"","bcubed.precision","bcubed.recall","bcubed.f1"
"majority-vote",0.992257873388848,0.121614940642754,0.216673539122872
