"","bcubed.precision","bcubed.recall","bcubed.f1"
"majority-vote",0.959014958533374,0.812945444837562,0.879959665676102
