"","bcubed.precision","bcubed.recall","bcubed.f1"
"majority-vote",0.882875045389997,0.469809829136007,0.613274210474873
