"","bcubed.precision","bcubed.recall","bcubed.f1"
"majority-vote",0.931747376116741,0.547862256580239,0.69000526728333
