"","bcubed.precision","bcubed.recall","bcubed.f1"
"majority-vote",0.987159479298804,0.0848960077566219,0.156346196299523
