"","bcubed.precision","bcubed.recall","bcubed.f1"
"majority-vote",0.978541317616831,0.842143854164488,0.905233446670826
