"","bcubed.precision","bcubed.recall","bcubed.f1"
"majority-vote",0.95052123050197,0.907815918065657,0.928677881916261
