"","bcubed.precision","bcubed.recall","bcubed.f1"
"majority-vote",0.961246720131574,0.909538554518186,0.934678035166275
