"","bcubed.precision","bcubed.recall","bcubed.f1"
"majority-vote",0.999026782933666,0.364663055810994,0.534297681409696
