"","bcubed.precision","bcubed.recall","bcubed.f1"
"majority-vote",0.848090717560436,0.809609164759962,0.828403289169169
