"","bcubed.precision","bcubed.recall","bcubed.f1"
"majority-vote",0.902991433825178,0.363514484821453,0.518355991918156
