"","bcubed.precision","bcubed.recall","bcubed.f1"
"majority-vote",0.938420776863935,0.812645193999434,0.871015880562956
