"","bcubed.precision","bcubed.recall","bcubed.f1"
"majority-vote",0.830517622928699,0.404265405279808,0.543819498252123
