"","bcubed.precision","bcubed.recall","bcubed.f1"
"majority-vote",0.982240920712773,0.603710489786977,0.747802414886674
