"","bcubed.precision","bcubed.recall","bcubed.f1"
"majority-vote",0.986216801700028,0.299861748119151,0.459892118135129
