"","bcubed.precision","bcubed.recall","bcubed.f1"
"majority-vote",0.610606145848199,0.799241501701869,0.692304269619706
