"","bcubed.precision","bcubed.recall","bcubed.f1"
"majority-vote",0.969867005795898,0.527922697155994,0.683693851778101
