"","bcubed.precision","bcubed.recall","bcubed.f1"
"majority-vote",0.990378597873454,0.543939514295995,0.702209078057133
