"","bcubed.precision","bcubed.recall","bcubed.f1"
"majority-vote",0.8909063878842,0.874073319384769,0.882409582967932
