"","bcubed.precision","bcubed.recall","bcubed.f1"
"majority-vote",0.996267953714054,0.631792818116219,0.773232730579544
