"","bcubed.precision","bcubed.recall","bcubed.f1"
"majority-vote",0.908154928594668,0.0978810396136775,0.176715647054723
