"","bcubed.precision","bcubed.recall","bcubed.f1"
"majority-vote",0.979251711011928,0.843227492261478,0.906163387857847
