"","bcubed.precision","bcubed.recall","bcubed.f1"
"majority-vote",0.988303962240235,0.417906136949264,0.587420459047365
