"","bcubed.precision","bcubed.recall","bcubed.f1"
"majority-vote",0.941768391234381,0.94078893434817,0.941278407995371
