"","bcubed.precision","bcubed.recall","bcubed.f1"
"majority-vote",0.554551271796513,0.614238881535796,0.58287101747288
