"","bcubed.precision","bcubed.recall","bcubed.f1"
"majority-vote",0.997924033306718,0.849256021081563,0.917607346240416
