"","bcubed.precision","bcubed.recall","bcubed.f1"
"majority-vote",0.922045336510116,0.631821947265171,0.749830421250879
