"","bcubed.precision","bcubed.recall","bcubed.f1"
"majority-vote",0.969827444695594,0.403560002783614,0.569953609230005
