"","bcubed.precision","bcubed.recall","bcubed.f1"
"majority-vote",0.962504974499192,0.580748758067844,0.724409158103555
