"","bcubed.precision","bcubed.recall","bcubed.f1"
"majority-vote",0.959735111473105,0.316651977003134,0.476190997528944
