"","bcubed.precision","bcubed.recall","bcubed.f1"
"majority-vote",0.930275556784117,0.664866117579784,0.775490613352663
