"","bcubed.precision","bcubed.recall","bcubed.f1"
"majority-vote",0.860343183879991,0.848017974280837,0.85413611810946
