"","bcubed.precision","bcubed.recall","bcubed.f1"
"majority-vote",0.871665905915291,0.850018340218768,0.860706030429359
