"","bcubed.precision","bcubed.recall","bcubed.f1"
"majority-vote",0.951915605543631,0.550380889208488,0.69748702637689
