"","bcubed.precision","bcubed.recall","bcubed.f1"
"majority-vote",0.644901159669698,0.785265165619627,0.708195133672814
