"","bcubed.precision","bcubed.recall","bcubed.f1"
"majority-vote",0.987059076598173,0.720794182924385,0.833170457295112
