"","bcubed.precision","bcubed.recall","bcubed.f1"
"majority-vote",0.990315600227345,0.767317761068022,0.864670375347391
