"","bcubed.precision","bcubed.recall","bcubed.f1"
"majority-vote",0.988419923420962,0.216225578697341,0.354829150255176
