"","bcubed.precision","bcubed.recall","bcubed.f1"
"majority-vote",0.967433879201809,0.525605263517766,0.68114535575761
