"","bcubed.precision","bcubed.recall","bcubed.f1"
"majority-vote",0.957530716299668,0.412667668184382,0.57676606889169
