"","bcubed.precision","bcubed.recall","bcubed.f1"
"majority-vote",0.993606471816284,0.29691863722027,0.45720966989194
