"","bcubed.precision","bcubed.recall","bcubed.f1"
"majority-vote",0.985724383409487,0.644185878058241,0.779171396685671
