"","bcubed.precision","bcubed.recall","bcubed.f1"
"majority-vote",0.95355532766517,0.737224282155254,0.831550295319609
