"","bcubed.precision","bcubed.recall","bcubed.f1"
"majority-vote",0.996631499409681,0.374823580057684,0.54476590914239
