"","bcubed.precision","bcubed.recall","bcubed.f1"
"majority-vote",0.99143133093311,0.222163512859589,0.362987480320543
