"","bcubed.precision","bcubed.recall","bcubed.f1"
"majority-vote",0.918445843573448,0.85034427408619,0.883084042977705
