"","bcubed.precision","bcubed.recall","bcubed.f1"
"majority-vote",0.965107799274468,0.424309377546239,0.589461964925763
