"","bcubed.precision","bcubed.recall","bcubed.f1"
"majority-vote",0.913365262039125,0.491786195989181,0.639333824408037
