"","bcubed.precision","bcubed.recall","bcubed.f1"
"majority-vote",0.919099819008447,0.408078902281327,0.565206839457822
