"","bcubed.precision","bcubed.recall","bcubed.f1"
"majority-vote",0.95433055354915,0.566963150731837,0.711329121993063
