"","bcubed.precision","bcubed.recall","bcubed.f1"
"majority-vote",0.758246939715939,0.696495764487621,0.726060739705836
