"","bcubed.precision","bcubed.recall","bcubed.f1"
"majority-vote",0.994162493936054,0.539977771462226,0.699839069548902
