"","bcubed.precision","bcubed.recall","bcubed.f1"
"majority-vote",0.999281634998743,0.519118482703103,0.68327914375924
