"","bcubed.precision","bcubed.recall","bcubed.f1"
"majority-vote",0.946725437694425,0.562790023536915,0.70593199612334
