"","bcubed.precision","bcubed.recall","bcubed.f1"
"majority-vote",0.991691303042671,0.266649092969128,0.420289434082861
