"","bcubed.precision","bcubed.recall","bcubed.f1"
"majority-vote",0.988750847977295,0.394508473874409,0.563987651361542
