"","bcubed.precision","bcubed.recall","bcubed.f1"
"majority-vote",0.984311164347385,0.762417714852025,0.859270465567652
