"","bcubed.precision","bcubed.recall","bcubed.f1"
"majority-vote",0.943297384488199,0.551360211153164,0.695940858439174
