"","bcubed.precision","bcubed.recall","bcubed.f1"
"majority-vote",0.959178916660259,0.509600991864395,0.665584441165821
