"","bcubed.precision","bcubed.recall","bcubed.f1"
"majority-vote",0.594418105376152,0.980667037294493,0.740183786287327
