"","bcubed.precision","bcubed.recall","bcubed.f1"
"majority-vote",0.970131004014758,0.822470550957232,0.890219222626054
