"","bcubed.precision","bcubed.recall","bcubed.f1"
"majority-vote",0.980993626670654,0.412199414181444,0.580486675388585
