"","bcubed.precision","bcubed.recall","bcubed.f1"
"majority-vote",0.975711683783245,0.0321622642268644,0.062271868511003
