"","bcubed.precision","bcubed.recall","bcubed.f1"
"majority-vote",0.849212584599134,0.375966588024914,0.52118998604219
