"","bcubed.precision","bcubed.recall","bcubed.f1"
"majority-vote",0.926194701678435,0.32160287993354,0.477428210838763
