"","bcubed.precision","bcubed.recall","bcubed.f1"
"majority-vote",0.993129379779224,0.854337762480734,0.918520186655718
