"","bcubed.precision","bcubed.recall","bcubed.f1"
"majority-vote",0.998200164863441,0.809019335867141,0.89370796863782
