"","bcubed.precision","bcubed.recall","bcubed.f1"
"majority-vote",0.888577523034553,0.405689428442289,0.557051243617422
