"","bcubed.precision","bcubed.recall","bcubed.f1"
"majority-vote",0.93939777894389,0.724956101108401,0.818362199740427
