"","bcubed.precision","bcubed.recall","bcubed.f1"
"majority-vote",0.96940728919826,0.243670529799032,0.389449026353866
