"","bcubed.precision","bcubed.recall","bcubed.f1"
"majority-vote",0.907721898453045,0.760967754013454,0.827891625400379
