"","bcubed.precision","bcubed.recall","bcubed.f1"
"majority-vote",0.999926353126726,0.812604455212574,0.896585708443454
