"","bcubed.precision","bcubed.recall","bcubed.f1"
"majority-vote",0.988506312084879,0.317562321867577,0.480698106494543
