"","bcubed.precision","bcubed.recall","bcubed.f1"
"majority-vote",0.985308772925521,0.229632083976419,0.372460117053084
