"","bcubed.precision","bcubed.recall","bcubed.f1"
"majority-vote",0.956954205395602,0.844082462947196,0.896981473854429
