"","bcubed.precision","bcubed.recall","bcubed.f1"
"majority-vote",0.875291096527594,0.484038884821159,0.623358466406703
