"","bcubed.precision","bcubed.recall","bcubed.f1"
"majority-vote",0.956837289604264,0.234074883569317,0.37613449959463
