"","bcubed.precision","bcubed.recall","bcubed.f1"
"majority-vote",0.998152945579013,0.961030808637865,0.979240186500523
