"","bcubed.precision","bcubed.recall","bcubed.f1"
"majority-vote",0.88607389529531,0.570715076792175,0.694260789841613
