"","bcubed.precision","bcubed.recall","bcubed.f1"
"majority-vote",0.998185369435572,0.995148000323128,0.996664370762889
