"","bcubed.precision","bcubed.recall","bcubed.f1"
"majority-vote",0.847660459837581,0.38733571523014,0.531708805439005
