"","bcubed.precision","bcubed.recall","bcubed.f1"
"majority-vote",0.998805256869773,0.735497922795575,0.847163518257253
