"","bcubed.precision","bcubed.recall","bcubed.f1"
"majority-vote",0.99657945927043,0.871473717519802,0.929837348277801
