"","bcubed.precision","bcubed.recall","bcubed.f1"
"majority-vote",0.999094991168108,0.66485838442273,0.798407805719924
