"","bcubed.precision","bcubed.recall","bcubed.f1"
"majority-vote",0.932824612829453,0.839580761880266,0.883749970875917
