"","bcubed.precision","bcubed.recall","bcubed.f1"
"majority-vote",0.988234252677003,0.847824384206072,0.912660499938689
