"","bcubed.precision","bcubed.recall","bcubed.f1"
"majority-vote",0.973165898375982,0.683639165854396,0.803105129706667
