"","bcubed.precision","bcubed.recall","bcubed.f1"
"majority-vote",0.942746132724359,0.672285066177223,0.784869229347364
