"","bcubed.precision","bcubed.recall","bcubed.f1"
"majority-vote",0.969218443495023,0.182513313516525,0.307181370256914
