"","bcubed.precision","bcubed.recall","bcubed.f1"
"majority-vote",0.737798996613594,0.199654359611698,0.314265846322576
