"","bcubed.precision","bcubed.recall","bcubed.f1"
"majority-vote",0.952042096124969,0.651848064367841,0.773851991666414
