"","bcubed.precision","bcubed.recall","bcubed.f1"
"majority-vote",0.996985079514916,0.909211008741673,0.951077190254034
