"","bcubed.precision","bcubed.recall","bcubed.f1"
"majority-vote",0.997879208487151,0.880525073403364,0.935536265299094
