"","bcubed.precision","bcubed.recall","bcubed.f1"
"majority-vote",0.905291623022176,0.519787504134882,0.660397397278071
