"","bcubed.precision","bcubed.recall","bcubed.f1"
"majority-vote",0.971310610914772,0.535265638669089,0.690186367455302
