"","bcubed.precision","bcubed.recall","bcubed.f1"
"majority-vote",0.949398807448601,0.805538470957101,0.871572190175838
