"","bcubed.precision","bcubed.recall","bcubed.f1"
"majority-vote",0.958931650236519,0.37620670357146,0.540403193507099
