"","bcubed.precision","bcubed.recall","bcubed.f1"
"majority-vote",0.997410591516294,0.728726528571405,0.842157380728933
