"","bcubed.precision","bcubed.recall","bcubed.f1"
"majority-vote",0.997446065472111,0.892389892798437,0.941997937486013
