"","bcubed.precision","bcubed.recall","bcubed.f1"
"majority-vote",0.997014583710882,0.848731620849939,0.916916747874672
