"","bcubed.precision","bcubed.recall","bcubed.f1"
"majority-vote",0.981793958520547,0.965812186746639,0.973737500590279
