"","bcubed.precision","bcubed.recall","bcubed.f1"
"majority-vote",0.996430974705271,0.792629560187616,0.882922215133702
