"","bcubed.precision","bcubed.recall","bcubed.f1"
"majority-vote",0.984227748041102,0.841576446196939,0.907329376346976
