"","bcubed.precision","bcubed.recall","bcubed.f1"
"majority-vote",0.992527552764785,0.841955148009603,0.911061938320733
