"","bcubed.precision","bcubed.recall","bcubed.f1"
"majority-vote",0.982438570004449,0.972540418247898,0.977464436719218
