"","bcubed.precision","bcubed.recall","bcubed.f1"
"majority-vote",0.902903081013099,0.416634170785721,0.570169998527815
