"","bcubed.precision","bcubed.recall","bcubed.f1"
"majority-vote",0.852468873994215,0.482663968774186,0.616352166313809
