"","bcubed.precision","bcubed.recall","bcubed.f1"
"majority-vote",0.986702946487265,0.958780659038976,0.972541427356684
