"","bcubed.precision","bcubed.recall","bcubed.f1"
"majority-vote",0.760327269541,0.891827073194373,0.820843944085711
