"","bcubed.precision","bcubed.recall","bcubed.f1"
"majority-vote",0.998190432608438,0.467119365419549,0.636417066309704
