"","bcubed.precision","bcubed.recall","bcubed.f1"
"majority-vote",0.995899052587334,0.670320343044585,0.801300712641075
