"","bcubed.precision","bcubed.recall","bcubed.f1"
"majority-vote",0.900993265545928,0.326741305935224,0.479568993268897
