"","bcubed.precision","bcubed.recall","bcubed.f1"
"majority-vote",0.958906986186848,0.554470278000672,0.70264756289074
