"","bcubed.precision","bcubed.recall","bcubed.f1"
"majority-vote",0.902392205750485,0.536854742007338,0.673204185789424
