"","bcubed.precision","bcubed.recall","bcubed.f1"
"majority-vote",0.998661213440829,0.441824982058578,0.612617426101913
