"","bcubed.precision","bcubed.recall","bcubed.f1"
"majority-vote",0.960817094800533,0.234827374855812,0.377413456616325
