"","bcubed.precision","bcubed.recall","bcubed.f1"
"majority-vote",0.876123388679364,0.300997982473855,0.448061480919829
