"","bcubed.precision","bcubed.recall","bcubed.f1"
"majority-vote",0.804462802271545,0.215105350881665,0.339446172026255
