"","bcubed.precision","bcubed.recall","bcubed.f1"
"majority-vote",0.99466060886313,0.698975279941589,0.821006666335637
