"","bcubed.precision","bcubed.recall","bcubed.f1"
"majority-vote",0.621325428826043,0.361335761181426,0.456936936248653
