"","bcubed.precision","bcubed.recall","bcubed.f1"
"majority-vote",0.932038424688847,0.432427774677313,0.590764801779878
