"","bcubed.precision","bcubed.recall","bcubed.f1"
"majority-vote",0.990572573055298,0.550604333266084,0.707788377702367
