"","bcubed.precision","bcubed.recall","bcubed.f1"
"majority-vote",0.928371044283055,0.648885859644042,0.7638664844495
