"","bcubed.precision","bcubed.recall","bcubed.f1"
"majority-vote",0.998678441670987,0.417273722133427,0.58861066245459
