"","bcubed.precision","bcubed.recall","bcubed.f1"
"majority-vote",0.823541550358745,0.712701177703061,0.764122780999057
