"","bcubed.precision","bcubed.recall","bcubed.f1"
"majority-vote",0.855897354910757,0.638378354023678,0.731305931528226
