"","bcubed.precision","bcubed.recall","bcubed.f1"
"majority-vote",0.985462106145527,0.410279203207274,0.579354648302024
