"","bcubed.precision","bcubed.recall","bcubed.f1"
"majority-vote",0.883562957846868,0.452300298789405,0.598318409984086
