"","bcubed.precision","bcubed.recall","bcubed.f1"
"majority-vote",0.90130731849252,0.625030703780678,0.738165123818456
