"","bcubed.precision","bcubed.recall","bcubed.f1"
"majority-vote",0.963045743912164,0.124968262588865,0.221229051632048
