"","bcubed.precision","bcubed.recall","bcubed.f1"
"majority-vote",0.960527662749477,0.473433478972559,0.634251430940122
