"","bcubed.precision","bcubed.recall","bcubed.f1"
"majority-vote",0.831874375220186,0.527285737918359,0.645450803850418
