"","bcubed.precision","bcubed.recall","bcubed.f1"
"majority-vote",0.913514419814514,0.813135964586669,0.860407452059057
