"","bcubed.precision","bcubed.recall","bcubed.f1"
"majority-vote",0.913526819239253,0.833924242066024,0.871912441166777
