"","bcubed.precision","bcubed.recall","bcubed.f1"
"majority-vote",0.824008331003425,0.495632979974619,0.618964715974907
