"","bcubed.precision","bcubed.recall","bcubed.f1"
"majority-vote",0.973624569396301,0.486138634115437,0.648483969412155
