"","bcubed.precision","bcubed.recall","bcubed.f1"
"majority-vote",0.996934125898139,0.420178855036487,0.591188769282758
