"","bcubed.precision","bcubed.recall","bcubed.f1"
"majority-vote",0.98124365748679,0.956350007720908,0.968636919354288
