"","bcubed.precision","bcubed.recall","bcubed.f1"
"majority-vote",0.846617848929618,0.77826335753945,0.811002856131974
