"","bcubed.precision","bcubed.recall","bcubed.f1"
"majority-vote",0.977231562771278,0.71060458138462,0.822858578995783
