"","bcubed.precision","bcubed.recall","bcubed.f1"
"majority-vote",0.955147597993766,0.355045284856681,0.517665231507109
