"","bcubed.precision","bcubed.recall","bcubed.f1"
"majority-vote",0.996904928754964,0.448973917430991,0.619117310347336
