"","bcubed.precision","bcubed.recall","bcubed.f1"
"majority-vote",0.97505516154952,0.467756726306663,0.632221863672751
