"","bcubed.precision","bcubed.recall","bcubed.f1"
"majority-vote",0.946910931370099,0.551529977346847,0.69705753692378
