"","bcubed.precision","bcubed.recall","bcubed.f1"
"majority-vote",0.961909559098839,0.937113338809332,0.949349562401448
