"","bcubed.precision","bcubed.recall","bcubed.f1"
"majority-vote",0.983120765627225,0.982844694233754,0.982982710546778
