"","bcubed.precision","bcubed.recall","bcubed.f1"
"majority-vote",0.947267199868709,0.865438242289197,0.904505763999545
