"","bcubed.precision","bcubed.recall","bcubed.f1"
"majority-vote",0.994999499052686,0.297822349617507,0.45842834259171
