"","bcubed.precision","bcubed.recall","bcubed.f1"
"majority-vote",0.98426502399227,0.518964392871961,0.679601523055331
