"","bcubed.precision","bcubed.recall","bcubed.f1"
"majority-vote",0.938780351373228,0.571926573458804,0.71081084062819
