"","bcubed.precision","bcubed.recall","bcubed.f1"
"majority-vote",0.981434622638777,0.643648569238689,0.777435879984651
