"","bcubed.precision","bcubed.recall","bcubed.f1"
"majority-vote",0.983926365499148,0.754395107386312,0.854006865518208
