"","bcubed.precision","bcubed.recall","bcubed.f1"
"majority-vote",0.979281305918098,0.322009592929543,0.484654084588535
