"","bcubed.precision","bcubed.recall","bcubed.f1"
"majority-vote",0.863509475205468,0.48566019020971,0.621674481314582
