"","bcubed.precision","bcubed.recall","bcubed.f1"
"majority-vote",0.998666103361548,0.644983648154383,0.783771975799809
