"","bcubed.precision","bcubed.recall","bcubed.f1"
"majority-vote",0.97005490428847,0.905472557778071,0.936651809303211
