"","bcubed.precision","bcubed.recall","bcubed.f1"
"majority-vote",0.970690311843968,0.594705707301451,0.737545083053142
