"","bcubed.precision","bcubed.recall","bcubed.f1"
"majority-vote",0.894937598131037,0.644797892618766,0.749549361909149
