"","bcubed.precision","bcubed.recall","bcubed.f1"
"majority-vote",0.968690985976268,0.462389047483823,0.625977711712967
