"","bcubed.precision","bcubed.recall","bcubed.f1"
"majority-vote",0.994389687248637,0.831801188877372,0.9058576897673
