"","bcubed.precision","bcubed.recall","bcubed.f1"
"majority-vote",0.807349701152495,0.527610774479079,0.63817080561729
