"","bcubed.precision","bcubed.recall","bcubed.f1"
"majority-vote",0.917365366046695,0.787976933257003,0.847762643439751
