"","bcubed.precision","bcubed.recall","bcubed.f1"
"majority-vote",0.873537467934896,0.642446366338535,0.740378570599081
