"","bcubed.precision","bcubed.recall","bcubed.f1"
"majority-vote",0.89730029933867,0.519525466545414,0.65804895403547
