"","bcubed.precision","bcubed.recall","bcubed.f1"
"majority-vote",0.959070730985499,0.281292740479361,0.435000933901813
