"","bcubed.precision","bcubed.recall","bcubed.f1"
"majority-vote",0.8092690481537,0.362498457966526,0.50071158400198
