"","bcubed.precision","bcubed.recall","bcubed.f1"
"majority-vote",0.912527003416284,0.35462421707074,0.510758572316306
