"","bcubed.precision","bcubed.recall","bcubed.f1"
"majority-vote",0.741535813455442,0.535744201151069,0.622061736598895
