"","bcubed.precision","bcubed.recall","bcubed.f1"
"majority-vote",0.435840463748563,0.54605037844202,0.484760301133463
