"","bcubed.precision","bcubed.recall","bcubed.f1"
"majority-vote",0.996991695248584,0.267754705223732,0.422138726581237
