"","bcubed.precision","bcubed.recall","bcubed.f1"
"majority-vote",0.977371608026786,0.571407098319644,0.721183823401134
