"","bcubed.precision","bcubed.recall","bcubed.f1"
"majority-vote",0.993071198757862,0.645066201682709,0.7821037063325
