"","bcubed.precision","bcubed.recall","bcubed.f1"
"majority-vote",0.958284536082474,0.390117088152189,0.554498253515462
