"","bcubed.precision","bcubed.recall","bcubed.f1"
"majority-vote",0.906767150869454,0.78209785270357,0.83983105825127
