"","bcubed.precision","bcubed.recall","bcubed.f1"
"majority-vote",0.98304789809362,0.529457608286269,0.688238405427352
