"","bcubed.precision","bcubed.recall","bcubed.f1"
"majority-vote",0.996651367260225,0.672283605181641,0.80294605284779
