"","bcubed.precision","bcubed.recall","bcubed.f1"
"majority-vote",0.995933753553331,0.411020296909518,0.581893896183797
