"","bcubed.precision","bcubed.recall","bcubed.f1"
"majority-vote",0.949143944640846,0.791467024079601,0.863163735938417
