"","bcubed.precision","bcubed.recall","bcubed.f1"
"majority-vote",0.52501835361704,0.36282603898303,0.429107467984131
