"","bcubed.precision","bcubed.recall","bcubed.f1"
"majority-vote",0.980206067225108,0.715118470203787,0.826937200285628
