"","bcubed.precision","bcubed.recall","bcubed.f1"
"majority-vote",0.999953253006416,0.488301548652001,0.65617624277581
