"","bcubed.precision","bcubed.recall","bcubed.f1"
"majority-vote",0.996290333869952,0.539006724545572,0.699548255644892
