"","bcubed.precision","bcubed.recall","bcubed.f1"
"majority-vote",0.92766922163446,0.525096736554959,0.670605031921075
