"","bcubed.precision","bcubed.recall","bcubed.f1"
"majority-vote",0.899929312755781,0.586791485318125,0.710383360207803
