"","bcubed.precision","bcubed.recall","bcubed.f1"
"majority-vote",0.949590118724942,0.650454977294735,0.772060263365153
