"","bcubed.precision","bcubed.recall","bcubed.f1"
"majority-vote",0.972954261626829,0.582850896415472,0.728995222350372
