"","bcubed.precision","bcubed.recall","bcubed.f1"
"majority-vote",0.933608667696923,0.498323430441208,0.649806055163235
