"","bcubed.precision","bcubed.recall","bcubed.f1"
"majority-vote",0.93941497101682,0.381760078102665,0.542897223112424
