"","bcubed.precision","bcubed.recall","bcubed.f1"
"majority-vote",0.988470944138383,0.539645307495985,0.69814545330552
