"","bcubed.precision","bcubed.recall","bcubed.f1"
"majority-vote",0.906170286108239,0.558271656948695,0.690896883282797
