"","bcubed.precision","bcubed.recall","bcubed.f1"
"majority-vote",0.936561485504245,0.999729574037263,0.96711515590489
