"","bcubed.precision","bcubed.recall","bcubed.f1"
"majority-vote",0.777506176565397,0.668117293544121,0.718673061335061
