"","bcubed.precision","bcubed.recall","bcubed.f1"
"majority-vote",0.835256283102112,0.642263924955718,0.726155860073475
