"","bcubed.precision","bcubed.recall","bcubed.f1"
"majority-vote",0.980028976208784,0.600822728626485,0.744944869677247
