"","bcubed.precision","bcubed.recall","bcubed.f1"
"majority-vote",0.998458856221401,0.255622555693986,0.407036739652799
