"","bcubed.precision","bcubed.recall","bcubed.f1"
"majority-vote",0.998412600542845,0.649817999813977,0.787252073749108
