"","bcubed.precision","bcubed.recall","bcubed.f1"
"majority-vote",0.994376556739082,0.79424361949395,0.883113414529081
