"","bcubed.precision","bcubed.recall","bcubed.f1"
"majority-vote",0.999407016182171,0.493775676640802,0.660981242317978
