"","bcubed.precision","bcubed.recall","bcubed.f1"
"majority-vote",0.903399957614871,0.358959391964539,0.51377430617402
