"","bcubed.precision","bcubed.recall","bcubed.f1"
"majority-vote",0.991823852669022,0.729120603609053,0.840421320390416
