"","bcubed.precision","bcubed.recall","bcubed.f1"
"majority-vote",0.973249245612351,0.595544003886124,0.738928157290866
