"","bcubed.precision","bcubed.recall","bcubed.f1"
"majority-vote",0.937014409221902,0.568707546561246,0.707816159171247
