"","bcubed.precision","bcubed.recall","bcubed.f1"
"majority-vote",0.980139380849936,0.289054638936275,0.446446848034353
