"","bcubed.precision","bcubed.recall","bcubed.f1"
"majority-vote",0.934006825122058,0.468011140437921,0.623566331017141
