"","bcubed.precision","bcubed.recall","bcubed.f1"
"majority-vote",0.997589333016707,0.617687708226098,0.762963446057259
