"","bcubed.precision","bcubed.recall","bcubed.f1"
"majority-vote",0.981540960651214,0.662545024218894,0.791096190261452
