"","bcubed.precision","bcubed.recall","bcubed.f1"
"majority-vote",0.914276238202945,0.617673537000225,0.737262078675104
