"","bcubed.precision","bcubed.recall","bcubed.f1"
"majority-vote",0.987538878173638,0.584894086841688,0.734664896019151
