"","bcubed.precision","bcubed.recall","bcubed.f1"
"majority-vote",0.999870537592647,0.25606920832687,0.407720287255115
