"","bcubed.precision","bcubed.recall","bcubed.f1"
"majority-vote",0.934426147789657,0.258739635827713,0.405263182210934
