"","bcubed.precision","bcubed.recall","bcubed.f1"
"majority-vote",0.98504889353797,0.590113184092137,0.738070510085796
