"","bcubed.precision","bcubed.recall","bcubed.f1"
"majority-vote",0.884442447905347,0.765037058384712,0.820417890705331
