"","bcubed.precision","bcubed.recall","bcubed.f1"
"majority-vote",0.994751513020768,0.151298905501164,0.262649553166737
