"","bcubed.precision","bcubed.recall","bcubed.f1"
"majority-vote",0.999125387035935,0.842928963091472,0.914404861544194
