"","bcubed.precision","bcubed.recall","bcubed.f1"
"majority-vote",0.989145652992096,0.950007081482762,0.969181393764593
