"","bcubed.precision","bcubed.recall","bcubed.f1"
"majority-vote",0.986941125862291,0.794188220443429,0.88013486281245
