"","bcubed.precision","bcubed.recall","bcubed.f1"
"majority-vote",0.972760000803797,0.410738244880991,0.577593411002583
