"","bcubed.precision","bcubed.recall","bcubed.f1"
"majority-vote",0.980704376485016,0.327673802457255,0.491220561915983
