"","bcubed.precision","bcubed.recall","bcubed.f1"
"majority-vote",0.794417318874915,0.124177059664063,0.214781211618115
