"","bcubed.precision","bcubed.recall","bcubed.f1"
"majority-vote",0.926208973879044,0.378543726514294,0.537436092521528
