"","bcubed.precision","bcubed.recall","bcubed.f1"
"majority-vote",0.966217135027548,0.846897713076313,0.902631273298252
