"","bcubed.precision","bcubed.recall","bcubed.f1"
"majority-vote",0.960086351515469,0.857977192429062,0.906164358343061
