"","bcubed.precision","bcubed.recall","bcubed.f1"
"majority-vote",0.952052510574071,0.590235900186853,0.72870361559236
