"","bcubed.precision","bcubed.recall","bcubed.f1"
"majority-vote",0.980876817632958,0.558460161653145,0.711709825084782
