"","bcubed.precision","bcubed.recall","bcubed.f1"
"majority-vote",0.945773482744769,0.281146420305965,0.433444479028885
