"","bcubed.precision","bcubed.recall","bcubed.f1"
"majority-vote",0.677000050860278,0.762158230904053,0.717059641908266
