"","bcubed.precision","bcubed.recall","bcubed.f1"
"majority-vote",0.978523812261298,0.640044424612792,0.773892253808535
