"","bcubed.precision","bcubed.recall","bcubed.f1"
"majority-vote",0.993685083860659,0.160192405091113,0.27590589990868
