"","bcubed.precision","bcubed.recall","bcubed.f1"
"majority-vote",0.946362722091854,0.838125307075222,0.8889614658026
