"","bcubed.precision","bcubed.recall","bcubed.f1"
"majority-vote",0.881286017736606,0.567177981364356,0.690173901256402
