"","bcubed.precision","bcubed.recall","bcubed.f1"
"majority-vote",0.98655885548366,0.348836657097453,0.515424666227348
