"","bcubed.precision","bcubed.recall","bcubed.f1"
"majority-vote",0.992455721194181,0.882665479934741,0.93434643577646
