"","bcubed.precision","bcubed.recall","bcubed.f1"
"majority-vote",0.958352392161426,0.865988197395118,0.909832150101871
