"","bcubed.precision","bcubed.recall","bcubed.f1"
"majority-vote",0.993950251451448,0.767041525596697,0.865876975891973
