"","bcubed.precision","bcubed.recall","bcubed.f1"
"majority-vote",0.947090952844686,0.324749520404055,0.483657092512071
