"","bcubed.precision","bcubed.recall","bcubed.f1"
"majority-vote",0.983322642719692,0.888772658538379,0.93366003192643
