"","bcubed.precision","bcubed.recall","bcubed.f1"
"majority-vote",0.935876534724207,0.567738305059028,0.706740773648438
