"","bcubed.precision","bcubed.recall","bcubed.f1"
"majority-vote",0.989524487798883,0.887152339983168,0.935546229191652
