"","bcubed.precision","bcubed.recall","bcubed.f1"
"majority-vote",0.851057340037081,0.862071369340145,0.85652894904722
