"","bcubed.precision","bcubed.recall","bcubed.f1"
"majority-vote",0.923144837114158,0.777590946751484,0.844139430345579
