"","bcubed.precision","bcubed.recall","bcubed.f1"
"majority-vote",0.946885787359635,0.754088908890681,0.839561072611092
