"","bcubed.precision","bcubed.recall","bcubed.f1"
"majority-vote",0.999669825970976,0.417628557757219,0.589135883377588
