"","bcubed.precision","bcubed.recall","bcubed.f1"
"majority-vote",0.975694937391749,0.473200703564258,0.637312333320601
