"","bcubed.precision","bcubed.recall","bcubed.f1"
"majority-vote",0.926002585456957,0.49048590385519,0.641291783910867
