"","bcubed.precision","bcubed.recall","bcubed.f1"
"majority-vote",0.906987824245633,0.429524641847454,0.58297042527095
