"","bcubed.precision","bcubed.recall","bcubed.f1"
"majority-vote",0.96076193938352,0.420476576469286,0.584950226101319
