"","bcubed.precision","bcubed.recall","bcubed.f1"
"majority-vote",0.966304027414955,0.590508941172812,0.733050378681581
