"","bcubed.precision","bcubed.recall","bcubed.f1"
"majority-vote",0.978810504421039,0.856536930239289,0.913600693699641
