"","bcubed.precision","bcubed.recall","bcubed.f1"
"majority-vote",0.818110390885877,0.497538758683819,0.618769264557838
