"","bcubed.precision","bcubed.recall","bcubed.f1"
"majority-vote",0.981143789063776,0.86446210128205,0.919114558520376
