"","bcubed.precision","bcubed.recall","bcubed.f1"
"majority-vote",0.974318034206538,0.55956148775863,0.710865281090903
