"","bcubed.precision","bcubed.recall","bcubed.f1"
"majority-vote",0.768163257650802,0.589863640993702,0.667308690995373
