"","bcubed.precision","bcubed.recall","bcubed.f1"
"majority-vote",0.886975444186922,0.872170691562992,0.879510770406941
