"","bcubed.precision","bcubed.recall","bcubed.f1"
"majority-vote",0.976164679620386,0.801177921504486,0.880057214145858
