"","bcubed.precision","bcubed.recall","bcubed.f1"
"majority-vote",0.991854651719167,0.709684989075008,0.827373445546967
