"","bcubed.precision","bcubed.recall","bcubed.f1"
"majority-vote",0.999018493567702,0.792166474887434,0.88364850345907
