"","bcubed.precision","bcubed.recall","bcubed.f1"
"majority-vote",0.947569038649327,0.554213487660134,0.699376284526551
