"","bcubed.precision","bcubed.recall","bcubed.f1"
"majority-vote",0.993239200866093,0.870735879993894,0.927961986714492
