"","bcubed.precision","bcubed.recall","bcubed.f1"
"majority-vote",0.933791733250073,0.627940814162788,0.750917232540098
