"","bcubed.precision","bcubed.recall","bcubed.f1"
"majority-vote",0.999246338876729,0.837976017684717,0.911533070286748
