"","bcubed.precision","bcubed.recall","bcubed.f1"
"majority-vote",0.944133374112252,0.256868011538935,0.403859088479345
