"","bcubed.precision","bcubed.recall","bcubed.f1"
"majority-vote",0.991900541635421,0.315786632772692,0.479057894301416
