"","bcubed.precision","bcubed.recall","bcubed.f1"
"majority-vote",0.952599975618862,0.912022354828704,0.931869643291405
