"","bcubed.precision","bcubed.recall","bcubed.f1"
"majority-vote",0.933831252487862,0.316404198493746,0.472659975750727
