"","bcubed.precision","bcubed.recall","bcubed.f1"
"majority-vote",0.809403541338646,0.52956479915039,0.640241611155741
