"","bcubed.precision","bcubed.recall","bcubed.f1"
"majority-vote",0.996891948248579,0.546324508351869,0.705832938959969
