"","bcubed.precision","bcubed.recall","bcubed.f1"
"majority-vote",0.998229184354884,0.377772803041372,0.548115250567367
