"","bcubed.precision","bcubed.recall","bcubed.f1"
"majority-vote",0.993667588539401,0.111399427003702,0.200338981145026
