"","bcubed.precision","bcubed.recall","bcubed.f1"
"majority-vote",0.936078138432152,0.602023837411701,0.732775019948789
