"","bcubed.precision","bcubed.recall","bcubed.f1"
"majority-vote",0.994385935242214,0.583943968968123,0.735797589797214
