"","bcubed.precision","bcubed.recall","bcubed.f1"
"majority-vote",0.970608720857544,0.0740473887644348,0.137597512960503
