"","bcubed.precision","bcubed.recall","bcubed.f1"
"majority-vote",0.977914225554838,0.5975655441663,0.741828435467726
