"","bcubed.precision","bcubed.recall","bcubed.f1"
"majority-vote",0.844607653772646,0.691308781966568,0.760307884964059
