"","bcubed.precision","bcubed.recall","bcubed.f1"
"majority-vote",0.968900228426183,0.392065775875972,0.558239689461017
