"","bcubed.precision","bcubed.recall","bcubed.f1"
"majority-vote",0.978871675343352,0.825089482409362,0.895425847151133
