"","bcubed.precision","bcubed.recall","bcubed.f1"
"majority-vote",0.987504671317874,0.627233661937584,0.767178382298538
