"","bcubed.precision","bcubed.recall","bcubed.f1"
"majority-vote",0.747745767988205,0.414059261370437,0.53298281994352
