"","bcubed.precision","bcubed.recall","bcubed.f1"
"majority-vote",0.987975949274056,0.485032211155025,0.650641553954176
