"","bcubed.precision","bcubed.recall","bcubed.f1"
"majority-vote",0.977584216488446,0.794793913281029,0.876763227817168
