"","bcubed.precision","bcubed.recall","bcubed.f1"
"majority-vote",0.922405682971754,0.590359413474868,0.719941092327158
