"","bcubed.precision","bcubed.recall","bcubed.f1"
"majority-vote",0.998164939212219,0.903920600937078,0.948707965695603
