"","bcubed.precision","bcubed.recall","bcubed.f1"
"majority-vote",0.993056832074694,0.118663030571451,0.211994293136373
