"","bcubed.precision","bcubed.recall","bcubed.f1"
"majority-vote",0.901671511972138,0.931394099667182,0.916291834570819
