"","bcubed.precision","bcubed.recall","bcubed.f1"
"majority-vote",0.818459416863672,0.45472516418789,0.584634935504903
