"","bcubed.precision","bcubed.recall","bcubed.f1"
"majority-vote",0.998854565123629,0.222739305345416,0.364252272960913
