"","bcubed.precision","bcubed.recall","bcubed.f1"
"majority-vote",0.998768491864349,0.840014494507136,0.912538364822121
