"","bcubed.precision","bcubed.recall","bcubed.f1"
"majority-vote",0.999498588806454,0.495685364241105,0.662710191667284
