"","bcubed.precision","bcubed.recall","bcubed.f1"
"majority-vote",0.979141529267915,0.558881750392704,0.711594341901238
