"","bcubed.precision","bcubed.recall","bcubed.f1"
"majority-vote",0.996438192344774,0.138738353559936,0.243564218673977
