"","bcubed.precision","bcubed.recall","bcubed.f1"
"majority-vote",0.813291459831831,0.510764022699488,0.627466179675018
