"","bcubed.precision","bcubed.recall","bcubed.f1"
"majority-vote",0.989108202452311,0.446891485533501,0.61563249302273
