"","bcubed.precision","bcubed.recall","bcubed.f1"
"majority-vote",0.962884864914931,0.520722279135135,0.675914245107341
