"","bcubed.precision","bcubed.recall","bcubed.f1"
"majority-vote",0.475721865999154,0.604641500405819,0.532489700739746
