{
      "avg_bcuded_f1": 0.6764272110616112,
      "avg_bcuded_recall": 0.5636683222491546,
      "avg_bcuded_precision": 0.9477880630058269,
      "avg_bcuded_f1star": 0.7069183239874235
}