"","bcubed.precision","bcubed.recall","bcubed.f1"
"majority-vote",0.913294745940883,0.332834767883517,0.487872635070747
