"","bcubed.precision","bcubed.recall","bcubed.f1"
"majority-vote",0.97528086093313,0.250028885231429,0.398019173861872
