"","bcubed.precision","bcubed.recall","bcubed.f1"
"majority-vote",0.935783940210655,0.510203006401373,0.660365269211107
