"","bcubed.precision","bcubed.recall","bcubed.f1"
"majority-vote",0.971470652373511,0.432115582648204,0.598164325784395
