"","bcubed.precision","bcubed.recall","bcubed.f1"
"majority-vote",0.960046590435271,0.235008594248802,0.377587918153241
