"","bcubed.precision","bcubed.recall","bcubed.f1"
"majority-vote",0.996350939941794,0.409041822721948,0.579979085379749
