"","bcubed.precision","bcubed.recall","bcubed.f1"
"majority-vote",0.967455631934997,0.545888274087116,0.69795461966216
