"","bcubed.precision","bcubed.recall","bcubed.f1"
"majority-vote",0.905384667872353,0.445907139192495,0.597528209686443
