"","bcubed.precision","bcubed.recall","bcubed.f1"
"majority-vote",0.990403634649312,0.511314285508484,0.674437615770752
