"","bcubed.precision","bcubed.recall","bcubed.f1"
"majority-vote",0.968545431371828,0.454860452116699,0.619012493793593
