"","bcubed.precision","bcubed.recall","bcubed.f1"
"majority-vote",0.916039235332226,0.666145219782751,0.771357796845077
