"","bcubed.precision","bcubed.recall","bcubed.f1"
"majority-vote",0.99301282156644,0.374318205891883,0.54369098679393
