"","bcubed.precision","bcubed.recall","bcubed.f1"
"majority-vote",0.904677794611209,0.704130413036607,0.791904399985613
