"","bcubed.precision","bcubed.recall","bcubed.f1"
"majority-vote",0.932849305327242,0.425250945406981,0.58419111372403
