"","bcubed.precision","bcubed.recall","bcubed.f1"
"majority-vote",0.886146607002814,0.553780715677398,0.681605098384678
