"","bcubed.precision","bcubed.recall","bcubed.f1"
"majority-vote",0.897259783423297,0.83700746934765,0.866086976468723
