"","bcubed.precision","bcubed.recall","bcubed.f1"
"majority-vote",0.985511802677209,0.183615219816466,0.309555698908288
