"","bcubed.precision","bcubed.recall","bcubed.f1"
"majority-vote",0.865239735489694,0.816852783599912,0.840350311763509
