"","bcubed.precision","bcubed.recall","bcubed.f1"
"majority-vote",0.998599753425442,0.343793429344011,0.511492516766122
