"","bcubed.precision","bcubed.recall","bcubed.f1"
"majority-vote",0.912325519922864,0.11621250919406,0.206163768126378
