"","bcubed.precision","bcubed.recall","bcubed.f1"
"majority-vote",0.999194763758302,0.551084537716552,0.710376232141773
