"","bcubed.precision","bcubed.recall","bcubed.f1"
"majority-vote",0.960310163769014,0.547963712382433,0.697771314212716
