"","bcubed.precision","bcubed.recall","bcubed.f1"
"majority-vote",0.952286891945194,0.623320957679761,0.753462071941889
