"","bcubed.precision","bcubed.recall","bcubed.f1"
"majority-vote",0.940812471478477,0.78079279927638,0.853365885523486
