"","bcubed.precision","bcubed.recall","bcubed.f1"
"majority-vote",0.9845992903824,0.755933755700609,0.855245858289123
