"","bcubed.precision","bcubed.recall","bcubed.f1"
"majority-vote",0.901717557251908,0.423037407126522,0.575895569576957
