"","bcubed.precision","bcubed.recall","bcubed.f1"
"majority-vote",0.956892512786999,0.452284276379828,0.61424150758973
