"","bcubed.precision","bcubed.recall","bcubed.f1"
"majority-vote",0.998443433718979,0.541983527592498,0.702584293704996
