"","bcubed.precision","bcubed.recall","bcubed.f1"
"majority-vote",0.999748736942925,0.861443735273508,0.92545752160869
