"","bcubed.precision","bcubed.recall","bcubed.f1"
"majority-vote",0.959350501158926,0.588297513702552,0.729343505993006
