"","bcubed.precision","bcubed.recall","bcubed.f1"
"majority-vote",0.933189976383085,0.44203219822134,0.59990309091313
