"","bcubed.precision","bcubed.recall","bcubed.f1"
"majority-vote",0.979727105154772,0.695615868937151,0.813581137847805
