"","bcubed.precision","bcubed.recall","bcubed.f1"
"majority-vote",0.943816823688971,0.527288396447819,0.676584723772725
