"","bcubed.precision","bcubed.recall","bcubed.f1"
"majority-vote",0.925437313841672,0.837732554175387,0.879403599978369
