"","bcubed.precision","bcubed.recall","bcubed.f1"
"majority-vote",0.917651314203038,0.294374736468701,0.445755045675728
