"","bcubed.precision","bcubed.recall","bcubed.f1"
"majority-vote",0.9056264050446,0.866761269737755,0.885767717653405
