"","bcubed.precision","bcubed.recall","bcubed.f1"
"majority-vote",0.951097684895305,0.819907161084629,0.880643330261682
