"","bcubed.precision","bcubed.recall","bcubed.f1"
"majority-vote",0.861610818214715,0.620883788259266,0.721702711742995
