"","bcubed.precision","bcubed.recall","bcubed.f1"
"majority-vote",0.968659240349635,0.626798077493645,0.761103092896711
