"","bcubed.precision","bcubed.recall","bcubed.f1"
"majority-vote",0.843559536341375,0.683427184849233,0.755096964726711
