"","bcubed.precision","bcubed.recall","bcubed.f1"
"majority-vote",0.92253603306508,0.0514516129878672,0.0974672874609468
