"","bcubed.precision","bcubed.recall","bcubed.f1"
"majority-vote",0.927338994488005,0.567653730012562,0.704227426100782
