"","bcubed.precision","bcubed.recall","bcubed.f1"
"majority-vote",0.991459833831939,0.163426371256851,0.280600256849751
