"","bcubed.precision","bcubed.recall","bcubed.f1"
"majority-vote",0.951736893266533,0.814820858341632,0.87797307682794
