"","bcubed.precision","bcubed.recall","bcubed.f1"
"majority-vote",0.927579365079365,0.600481568967037,0.729021075107717
