"","bcubed.precision","bcubed.recall","bcubed.f1"
"majority-vote",0.904552476349696,0.660250236680762,0.763330714634864
