"","bcubed.precision","bcubed.recall","bcubed.f1"
"majority-vote",0.998015086798072,0.792151982248281,0.883246757233598
