"","bcubed.precision","bcubed.recall","bcubed.f1"
"majority-vote",0.954777614590412,0.62377908887918,0.754575757972341
