"","bcubed.precision","bcubed.recall","bcubed.f1"
"majority-vote",0.781728098461078,0.581652459286145,0.667009762430938
