"","bcubed.precision","bcubed.recall","bcubed.f1"
"majority-vote",0.680319165783287,0.652459569594516,0.66609818766059
