"","bcubed.precision","bcubed.recall","bcubed.f1"
"majority-vote",0.993688007213706,0.212237368395618,0.349769118260342
