"","bcubed.precision","bcubed.recall","bcubed.f1"
"majority-vote",0.970229799948079,0.345958051680861,0.510046967622943
