"","bcubed.precision","bcubed.recall","bcubed.f1"
"majority-vote",0.999008220852636,0.600023048594386,0.749738882159755
