"","bcubed.precision","bcubed.recall","bcubed.f1"
"majority-vote",0.924094756319898,0.541924073185508,0.68319612855614
