"","bcubed.precision","bcubed.recall","bcubed.f1"
"majority-vote",0.995603187688926,0.753532230622603,0.857817048331695
