"","bcubed.precision","bcubed.recall","bcubed.f1"
"majority-vote",0.909735171806701,0.644871735904604,0.754740631276554
