"","bcubed.precision","bcubed.recall","bcubed.f1"
"majority-vote",0.916912456855977,0.776315952148428,0.840777018854106
