"","bcubed.precision","bcubed.recall","bcubed.f1"
"majority-vote",0.965813793047928,0.528306519385356,0.683004867992922
