"","bcubed.precision","bcubed.recall","bcubed.f1"
"majority-vote",0.941278902968114,0.871799826028789,0.905208108978452
