"","bcubed.precision","bcubed.recall","bcubed.f1"
"majority-vote",0.945012944152661,0.584031407066053,0.721911354669615
