"","bcubed.precision","bcubed.recall","bcubed.f1"
"majority-vote",0.978726226557761,0.434989008856944,0.602292654938772
