"","bcubed.precision","bcubed.recall","bcubed.f1"
"majority-vote",0.98508834057953,0.26290806595683,0.415045538692168
