"","bcubed.precision","bcubed.recall","bcubed.f1"
"majority-vote",0.962343151415213,0.871402231481137,0.914617675295008
