"","bcubed.precision","bcubed.recall","bcubed.f1"
"majority-vote",0.999677462986277,0.286104624826245,0.444884632016501
