"","bcubed.precision","bcubed.recall","bcubed.f1"
"majority-vote",0.995391573776414,0.368546038015074,0.537924341432369
