"","bcubed.precision","bcubed.recall","bcubed.f1"
"majority-vote",0.925644648534087,0.810950022614044,0.864509791642976
