"","bcubed.precision","bcubed.recall","bcubed.f1"
"majority-vote",0.999280031678606,0.475726041247886,0.644585188215989
