"","bcubed.precision","bcubed.recall","bcubed.f1"
"majority-vote",0.959757615037434,0.389146895866165,0.553762988642601
