"","bcubed.precision","bcubed.recall","bcubed.f1"
"majority-vote",0.82811047019942,0.106603212559722,0.188890433735842
