"","bcubed.precision","bcubed.recall","bcubed.f1"
"majority-vote",0.97643897906038,0.248301248461108,0.395922354959192
