"","bcubed.precision","bcubed.recall","bcubed.f1"
"majority-vote",0.947651179352757,0.863112620342219,0.903408487312738
