"","bcubed.precision","bcubed.recall","bcubed.f1"
"majority-vote",0.930612828154983,0.256035155885336,0.401584300871249
