"","bcubed.precision","bcubed.recall","bcubed.f1"
"majority-vote",0.946548091539713,0.712640072463958,0.813106210832384
