"","bcubed.precision","bcubed.recall","bcubed.f1"
"majority-vote",0.917299993973025,0.811541548390444,0.861185989815724
