"","bcubed.precision","bcubed.recall","bcubed.f1"
"majority-vote",0.929727868866002,0.511977582619915,0.660328815855949
