"","bcubed.precision","bcubed.recall","bcubed.f1"
"majority-vote",0.967989413696959,0.630415679567203,0.763555755197754
