"","bcubed.precision","bcubed.recall","bcubed.f1"
"majority-vote",0.941183056500005,0.757840452794502,0.839619451759853
