"","bcubed.precision","bcubed.recall","bcubed.f1"
"majority-vote",0.894016038595749,0.341866691444786,0.494600818968121
