"","bcubed.precision","bcubed.recall","bcubed.f1"
"majority-vote",0.96229402040647,0.468892396955166,0.63054308555529
