"","bcubed.precision","bcubed.recall","bcubed.f1"
"majority-vote",0.987039527836054,0.318693628315021,0.481818520016232
