"","bcubed.precision","bcubed.recall","bcubed.f1"
"majority-vote",0.992774745278469,0.202128683141797,0.335873589692291
