"","bcubed.precision","bcubed.recall","bcubed.f1"
"majority-vote",0.996249936761629,0.533476019165401,0.694863610437069
