"","bcubed.precision","bcubed.recall","bcubed.f1"
"majority-vote",0.980161407369401,0.749752645702339,0.849612854564239
