"","bcubed.precision","bcubed.recall","bcubed.f1"
"majority-vote",0.975413831073885,0.703055063151095,0.81713713606918
