"","bcubed.precision","bcubed.recall","bcubed.f1"
"majority-vote",0.872827988483119,0.419182780865271,0.566364417556549
