"","bcubed.precision","bcubed.recall","bcubed.f1"
"majority-vote",0.976763684862649,0.725442266187937,0.832549857600377
