"","bcubed.precision","bcubed.recall","bcubed.f1"
"majority-vote",0.95437816190885,0.199485948525009,0.32999558814314
