"","bcubed.precision","bcubed.recall","bcubed.f1"
"majority-vote",0.906308495667827,0.749991705671247,0.82077373894022
