"","bcubed.precision","bcubed.recall","bcubed.f1"
"majority-vote",0.972941660126322,0.952385590111652,0.962553890003984
