"","bcubed.precision","bcubed.recall","bcubed.f1"
"majority-vote",0.980643550208191,0.706002903786774,0.820963032752827
