"","bcubed.precision","bcubed.recall","bcubed.f1"
"majority-vote",0.781363695753472,0.222579283279767,0.346464639952185
