"","bcubed.precision","bcubed.recall","bcubed.f1"
"majority-vote",0.997667566776886,0.33964097670144,0.506762315182865
