"","bcubed.precision","bcubed.recall","bcubed.f1"
"majority-vote",0.996576803193525,0.884546252302645,0.937225530058768
