"","bcubed.precision","bcubed.recall","bcubed.f1"
"majority-vote",0.99394005102417,0.587667792615271,0.738623746874187
