"","bcubed.precision","bcubed.recall","bcubed.f1"
"majority-vote",0.991529171729716,0.248015305436897,0.396781906427848
