"","bcubed.precision","bcubed.recall","bcubed.f1"
"majority-vote",0.992487518494782,0.854418819479543,0.918292385991348
