"","bcubed.precision","bcubed.recall","bcubed.f1"
"majority-vote",0.986726913301327,0.926356408143852,0.955589115202979
