"","bcubed.precision","bcubed.recall","bcubed.f1"
"majority-vote",0.851899183597979,0.367095201918637,0.513091949450918
