"","bcubed.precision","bcubed.recall","bcubed.f1"
"majority-vote",0.998663042679791,0.456443860645576,0.626529382333492
