"","bcubed.precision","bcubed.recall","bcubed.f1"
"majority-vote",0.914127563468039,0.625994035338267,0.743108080183821
