"","bcubed.precision","bcubed.recall","bcubed.f1"
"majority-vote",0.925591496620152,0.811547709860672,0.864826096315371
