"","bcubed.precision","bcubed.recall","bcubed.f1"
"majority-vote",0.839672695842422,0.778757164717918,0.808068540800278
