"","bcubed.precision","bcubed.recall","bcubed.f1"
"majority-vote",0.970113900577737,0.428324319438241,0.594267762844452
