"","bcubed.precision","bcubed.recall","bcubed.f1"
"majority-vote",0.97464058830021,0.672008310291251,0.795514545262383
