"","bcubed.precision","bcubed.recall","bcubed.f1"
"majority-vote",0.965144600111802,0.839185436756171,0.897768452808778
