"","bcubed.precision","bcubed.recall","bcubed.f1"
"majority-vote",0.971110026209829,0.464574840830331,0.628485117051178
