"","bcubed.precision","bcubed.recall","bcubed.f1"
"majority-vote",0.998213917322371,0.891134646804738,0.941639910748411
