"","bcubed.precision","bcubed.recall","bcubed.f1"
"majority-vote",0.984245779901559,0.792602267792082,0.8780890839004
