"","bcubed.precision","bcubed.recall","bcubed.f1"
"majority-vote",0.98944497959478,0.0338759959028339,0.065509131303662
