"","bcubed.precision","bcubed.recall","bcubed.f1"
"majority-vote",0.969689078938898,0.422963332501843,0.589009749955243
