"","bcubed.precision","bcubed.recall","bcubed.f1"
"majority-vote",0.918294823610361,0.314314708420548,0.46832928389191
