"","bcubed.precision","bcubed.recall","bcubed.f1"
"majority-vote",0.894878976678013,0.851052150589249,0.872415487329068
