"","bcubed.precision","bcubed.recall","bcubed.f1"
"majority-vote",0.851644701660402,0.36312343499782,0.50915420010169
