"","bcubed.precision","bcubed.recall","bcubed.f1"
"majority-vote",0.938338215719723,0.606752602469522,0.736965293796492
