"","bcubed.precision","bcubed.recall","bcubed.f1"
"majority-vote",0.991668177098687,0.0501883464163841,0.0955413435132425
