"","bcubed.precision","bcubed.recall","bcubed.f1"
"majority-vote",0.975695240075186,0.682264304266526,0.803013603580255
