"","bcubed.precision","bcubed.recall","bcubed.f1"
"majority-vote",0.961254820146616,0.363740216703731,0.527771088741259
