"","bcubed.precision","bcubed.recall","bcubed.f1"
"majority-vote",0.995235663995732,0.718980822283329,0.834848295758205
