"","bcubed.precision","bcubed.recall","bcubed.f1"
"majority-vote",0.881212505900538,0.599465872394216,0.713533514580978
