"","bcubed.precision","bcubed.recall","bcubed.f1"
"majority-vote",0.990704127644814,0.56704047999167,0.721259879591942
