"","bcubed.precision","bcubed.recall","bcubed.f1"
"majority-vote",0.917619000298122,0.426597072226197,0.582426571066352
