"","bcubed.precision","bcubed.recall","bcubed.f1"
"majority-vote",0.996149691652384,0.781179268527969,0.875663993445993
