"","bcubed.precision","bcubed.recall","bcubed.f1"
"majority-vote",0.997033737680061,0.813529293198016,0.895982231025744
