"","bcubed.precision","bcubed.recall","bcubed.f1"
"majority-vote",0.951702835542397,0.719723934883244,0.819615099812819
