"","bcubed.precision","bcubed.recall","bcubed.f1"
"majority-vote",0.958258740747642,0.866579206338752,0.910115991779022
