"","bcubed.precision","bcubed.recall","bcubed.f1"
"majority-vote",0.88490618907753,0.500980923262852,0.639765123230601
