"","bcubed.precision","bcubed.recall","bcubed.f1"
"majority-vote",0.954139601327112,0.4915905846315,0.64887079068001
