"","bcubed.precision","bcubed.recall","bcubed.f1"
"majority-vote",0.888777414138475,0.569174705576581,0.693945454277675
