"","bcubed.precision","bcubed.recall","bcubed.f1"
"majority-vote",0.999081702004964,0.536851199640386,0.698413595653243
