"","bcubed.precision","bcubed.recall","bcubed.f1"
"majority-vote",0.881328470853522,0.18480120755267,0.305536125601084
