"","bcubed.precision","bcubed.recall","bcubed.f1"
"majority-vote",0.985665193494002,0.208128346193833,0.343685670599917
