"","bcubed.precision","bcubed.recall","bcubed.f1"
"majority-vote",0.996978997760791,0.945161163257345,0.970378810119185
