"","bcubed.precision","bcubed.recall","bcubed.f1"
"majority-vote",0.830925700692541,0.444817379787071,0.579442990732646
