"","bcubed.precision","bcubed.recall","bcubed.f1"
"majority-vote",0.962074776562751,0.459126706310429,0.62160675838109
