"","bcubed.precision","bcubed.recall","bcubed.f1"
"majority-vote",0.977173526463836,0.962332420205098,0.969696191236078
