"","bcubed.precision","bcubed.recall","bcubed.f1"
"majority-vote",0.984194658712843,0.768995749484519,0.86338769100811
