"","bcubed.precision","bcubed.recall","bcubed.f1"
"majority-vote",0.961183994325239,0.637700885111681,0.766719220150794
