"","bcubed.precision","bcubed.recall","bcubed.f1"
"majority-vote",0.998393963891134,0.401038744867907,0.572224244376349
