"","bcubed.precision","bcubed.recall","bcubed.f1"
"majority-vote",0.901804347848109,0.902085096892741,0.901944700523181
