"","bcubed.precision","bcubed.recall","bcubed.f1"
"majority-vote",0.985773289010928,0.307182791037778,0.468403521080871
