"","bcubed.precision","bcubed.recall","bcubed.f1"
"majority-vote",0.880976743075014,0.591014715915,0.707436468270613
