"","bcubed.precision","bcubed.recall","bcubed.f1"
"majority-vote",0.998761052657033,0.416150502110965,0.587506564847089
