"","bcubed.precision","bcubed.recall","bcubed.f1"
"majority-vote",0.968869954291362,0.475171360793624,0.637626153494906
