"","bcubed.precision","bcubed.recall","bcubed.f1"
"majority-vote",0.971364456031048,0.746320281538433,0.844100175597204
