"","bcubed.precision","bcubed.recall","bcubed.f1"
"majority-vote",0.957802344091006,0.589981579334283,0.730186857615551
