"","bcubed.precision","bcubed.recall","bcubed.f1"
"majority-vote",0.519833400327369,0.388405730596263,0.444610377967669
