"","bcubed.precision","bcubed.recall","bcubed.f1"
"majority-vote",0.980589132186116,0.281027735238259,0.43685646590966
