"","bcubed.precision","bcubed.recall","bcubed.f1"
"majority-vote",0.996195467309122,0.436788854332995,0.607301936645118
