"","bcubed.precision","bcubed.recall","bcubed.f1"
"majority-vote",0.818133592311937,0.489801615586457,0.612756890188506
