"","bcubed.precision","bcubed.recall","bcubed.f1"
"majority-vote",0.993636178999391,0.285034024711951,0.44299166177104
