"","bcubed.precision","bcubed.recall","bcubed.f1"
"majority-vote",0.989870951402793,0.623958796685923,0.765432274926293
