"","bcubed.precision","bcubed.recall","bcubed.f1"
"majority-vote",0.98194176172601,0.46877094769763,0.63459259333443
