"","bcubed.precision","bcubed.recall","bcubed.f1"
"majority-vote",0.941023189593447,0.563130228577865,0.704607119793781
