"","bcubed.precision","bcubed.recall","bcubed.f1"
"majority-vote",0.968093682509264,0.557238226526682,0.707333011992256
