"","bcubed.precision","bcubed.recall","bcubed.f1"
"majority-vote",0.975594283889954,0.738829269540043,0.84086293692335
