"","bcubed.precision","bcubed.recall","bcubed.f1"
"majority-vote",0.920133446778022,0.829184632734364,0.872294779398736
