"","bcubed.precision","bcubed.recall","bcubed.f1"
"majority-vote",0.935327093783724,0.79156814431195,0.85746386418613
