"","bcubed.precision","bcubed.recall","bcubed.f1"
"majority-vote",0.971132793321484,0.381130056575526,0.547420047055431
