"","bcubed.precision","bcubed.recall","bcubed.f1"
"majority-vote",0.975334512850313,0.0936895110310282,0.170957081523501
