"","bcubed.precision","bcubed.recall","bcubed.f1"
"majority-vote",0.706735063419436,0.551591266870837,0.619599033398024
