"","bcubed.precision","bcubed.recall","bcubed.f1"
"majority-vote",0.998685235683677,0.718838503166275,0.835963292634094
