"","bcubed.precision","bcubed.recall","bcubed.f1"
"majority-vote",0.931350224394467,0.646781434801165,0.763409099521229
