"","bcubed.precision","bcubed.recall","bcubed.f1"
"majority-vote",0.960414731996023,0.552045441997367,0.701099552030709
