"","bcubed.precision","bcubed.recall","bcubed.f1"
"majority-vote",0.944444117300668,0.503217792832261,0.656591267387584
