"","bcubed.precision","bcubed.recall","bcubed.f1"
"majority-vote",0.95467214472938,0.891532558495684,0.922022675197777
