"","bcubed.precision","bcubed.recall","bcubed.f1"
"majority-vote",0.939099545428142,0.492576915166665,0.646205717357716
