"","bcubed.precision","bcubed.recall","bcubed.f1"
"majority-vote",0.846593199221986,0.595552123019851,0.69922270572157
