"","bcubed.precision","bcubed.recall","bcubed.f1"
"majority-vote",0.944858892717689,0.582780296773089,0.720909950065183
