"","bcubed.precision","bcubed.recall","bcubed.f1"
"majority-vote",0.847805718674986,0.578347831371112,0.687621047262206
