"","bcubed.precision","bcubed.recall","bcubed.f1"
"majority-vote",0.94805218876334,0.485040833918639,0.641750419488584
