"","bcubed.precision","bcubed.recall","bcubed.f1"
"majority-vote",0.972198070363339,0.360019228010218,0.525454817607524
