"","bcubed.precision","bcubed.recall","bcubed.f1"
"majority-vote",0.985139269357649,0.669632726250653,0.797308023615709
