"","bcubed.precision","bcubed.recall","bcubed.f1"
"majority-vote",0.686042830814338,0.712354677079297,0.698951215871999
