"","bcubed.precision","bcubed.recall","bcubed.f1"
"majority-vote",0.940305614475564,0.692785831964112,0.797788034277163
