"","bcubed.precision","bcubed.recall","bcubed.f1"
"majority-vote",0.969133900801231,0.788667908139626,0.869637068712129
