"","bcubed.precision","bcubed.recall","bcubed.f1"
"majority-vote",0.930157955526144,0.620151815754767,0.744159852107077
