"","bcubed.precision","bcubed.recall","bcubed.f1"
"majority-vote",0.966309377456015,0.669336356560352,0.790863185793066
