"","bcubed.precision","bcubed.recall","bcubed.f1"
"majority-vote",0.959690570512448,0.299317423953989,0.456314988659713
