"","bcubed.precision","bcubed.recall","bcubed.f1"
"majority-vote",0.891480197504673,0.59006748323361,0.710113462203324
