"","bcubed.precision","bcubed.recall","bcubed.f1"
"majority-vote",0.756845405625941,0.325386484506627,0.455109977994551
