"","bcubed.precision","bcubed.recall","bcubed.f1"
"majority-vote",0.999136197570025,0.777966133331971,0.874788255891863
