"","bcubed.precision","bcubed.recall","bcubed.f1"
"majority-vote",0.885174507759308,0.507545963089585,0.645164277321506
