"","bcubed.precision","bcubed.recall","bcubed.f1"
"majority-vote",0.675973511555003,0.522279985807874,0.589270028084098
