"","bcubed.precision","bcubed.recall","bcubed.f1"
"majority-vote",0.937491337197093,0.510332060634202,0.660898127016254
