"","bcubed.precision","bcubed.recall","bcubed.f1"
"majority-vote",0.893968337573625,0.37928400766006,0.532601247608769
