"","bcubed.precision","bcubed.recall","bcubed.f1"
"majority-vote",0.942166803582076,0.733338596885621,0.824738949308341
