"","bcubed.precision","bcubed.recall","bcubed.f1"
"majority-vote",0.731278262211953,0.409932403540186,0.525362520140247
