"","bcubed.precision","bcubed.recall","bcubed.f1"
"majority-vote",0.425615100208681,0.363657620280808,0.392204545981208
