"","bcubed.precision","bcubed.recall","bcubed.f1"
"majority-vote",0.995541449406786,0.291042323674034,0.450409375295247
