"","bcubed.precision","bcubed.recall","bcubed.f1"
"majority-vote",0.942482705039432,0.258321313833747,0.405500592610996
