"","bcubed.precision","bcubed.recall","bcubed.f1"
"majority-vote",0.998950206368912,0.276953396050451,0.43367328317682
