"","bcubed.precision","bcubed.recall","bcubed.f1"
"majority-vote",0.928435909524532,0.613804120194395,0.73902606030327
