"","bcubed.precision","bcubed.recall","bcubed.f1"
"majority-vote",0.998624105535096,0.355586974527933,0.524434823500869
