"","bcubed.precision","bcubed.recall","bcubed.f1"
"majority-vote",0.890006013268508,0.658447797755144,0.756913115849516
