"","bcubed.precision","bcubed.recall","bcubed.f1"
"majority-vote",0.980039445282861,0.493885204653282,0.656786603063847
