"","bcubed.precision","bcubed.recall","bcubed.f1"
"majority-vote",0.62105889169144,0.239752491169091,0.345953641902206
