"","bcubed.precision","bcubed.recall","bcubed.f1"
"majority-vote",0.986300942768536,0.82525909718725,0.898621969607986
