"","bcubed.precision","bcubed.recall","bcubed.f1"
"majority-vote",0.922446126634154,0.259692850142114,0.405286803724965
