"","bcubed.precision","bcubed.recall","bcubed.f1"
"majority-vote",0.898910532981497,0.45622068371179,0.60525736976712
