"","bcubed.precision","bcubed.recall","bcubed.f1"
"majority-vote",0.946721058090565,0.928112648608923,0.937324505718538
