"","bcubed.precision","bcubed.recall","bcubed.f1"
"majority-vote",0.823341086343248,0.697182053007063,0.755027811213867
