"","bcubed.precision","bcubed.recall","bcubed.f1"
"majority-vote",0.802702646460951,0.375392764091683,0.511552396350198
