"","bcubed.precision","bcubed.recall","bcubed.f1"
"majority-vote",0.95317652825926,0.34003071479762,0.501248810617827
