"","bcubed.precision","bcubed.recall","bcubed.f1"
"majority-vote",0.879288381102835,0.558219948340005,0.682898741693459
