"","bcubed.precision","bcubed.recall","bcubed.f1"
"majority-vote",0.916585642580818,0.497555159341636,0.644987988218111
