"","bcubed.precision","bcubed.recall","bcubed.f1"
"majority-vote",0.9758430650292,0.926961098461146,0.95077420665918
