"","bcubed.precision","bcubed.recall","bcubed.f1"
"majority-vote",0.998271144278607,0.448376171748717,0.618811494798914
