"","bcubed.precision","bcubed.recall","bcubed.f1"
"majority-vote",0.943486008962405,0.8889210723995,0.915391130509545
