"","bcubed.precision","bcubed.recall","bcubed.f1"
"majority-vote",0.994402685177979,0.813504595899674,0.894903364828605
