"","bcubed.precision","bcubed.recall","bcubed.f1"
"majority-vote",0.932100853211835,0.337780920469048,0.495866451024438
