"","bcubed.precision","bcubed.recall","bcubed.f1"
"majority-vote",0.92613941179829,0.316512514358868,0.471788934141237
