"","bcubed.precision","bcubed.recall","bcubed.f1"
"majority-vote",0.665830059524464,0.64026373391863,0.652796670815772
