"","bcubed.precision","bcubed.recall","bcubed.f1"
"majority-vote",0.98617120165293,0.47917851963545,0.644968296168483
