"","bcubed.precision","bcubed.recall","bcubed.f1"
"majority-vote",0.812647259274986,0.552919828529576,0.658083791365748
