"","bcubed.precision","bcubed.recall","bcubed.f1"
"majority-vote",0.963935160021741,0.373896157108935,0.5387998433275
