"","bcubed.precision","bcubed.recall","bcubed.f1"
"majority-vote",0.991640524859736,0.209027260447906,0.345274362812097
