"","bcubed.precision","bcubed.recall","bcubed.f1"
"majority-vote",0.941938089986176,0.498680041724819,0.652116915200308
