"","bcubed.precision","bcubed.recall","bcubed.f1"
"majority-vote",0.977372720298539,0.20714911085801,0.341845772127367
