"","bcubed.precision","bcubed.recall","bcubed.f1"
"majority-vote",0.949681578740467,0.400750007500168,0.563649286170054
