"","bcubed.precision","bcubed.recall","bcubed.f1"
"majority-vote",0.985971163990153,0.535730836275699,0.694242573297382
