"","bcubed.precision","bcubed.recall","bcubed.f1"
"majority-vote",0.990958366354201,0.505618674966016,0.669590729122099
