"","bcubed.precision","bcubed.recall","bcubed.f1"
"majority-vote",0.933387081106852,0.337146836115167,0.495364188236709
