"","bcubed.precision","bcubed.recall","bcubed.f1"
"majority-vote",0.848052277969062,0.22383641937998,0.354187866365415
