"","bcubed.precision","bcubed.recall","bcubed.f1"
"majority-vote",0.96317663407703,0.501105994427004,0.659235554165007
