"","bcubed.precision","bcubed.recall","bcubed.f1"
"majority-vote",0.967806925666061,0.513789946408322,0.67123450088737
