"","bcubed.precision","bcubed.recall","bcubed.f1"
"majority-vote",0.9771737079444,0.529531630255228,0.686855450089056
