"","bcubed.precision","bcubed.recall","bcubed.f1"
"majority-vote",0.989715042490637,0.466505948652743,0.634117977423832
