"","bcubed.precision","bcubed.recall","bcubed.f1"
"majority-vote",0.978303795467071,0.146969427510205,0.25554815633209
