"","bcubed.precision","bcubed.recall","bcubed.f1"
"majority-vote",0.984155002413294,0.588614098867549,0.736646605556693
