"","bcubed.precision","bcubed.recall","bcubed.f1"
"majority-vote",0.932933613588039,0.457417218500828,0.613859306189981
