"","bcubed.precision","bcubed.recall","bcubed.f1"
"majority-vote",0.756032656945231,0.49950932484456,0.601565487269192
