"","bcubed.precision","bcubed.recall","bcubed.f1"
"majority-vote",0.957601546690417,0.274146789248319,0.426261407050051
