"","bcubed.precision","bcubed.recall","bcubed.f1"
"majority-vote",0.989143119583795,0.969385225628018,0.979164512477289
