"","bcubed.precision","bcubed.recall","bcubed.f1"
"majority-vote",0.91833727125972,0.649607521499982,0.760943626891473
