"","bcubed.precision","bcubed.recall","bcubed.f1"
"majority-vote",0.827928788775493,0.615797119764651,0.706278332309928
