"","bcubed.precision","bcubed.recall","bcubed.f1"
"majority-vote",0.852089908001218,0.509456638406944,0.637661431841564
