"","bcubed.precision","bcubed.recall","bcubed.f1"
"majority-vote",0.815607608297014,0.608676586932652,0.697109828161055
