"","bcubed.precision","bcubed.recall","bcubed.f1"
"majority-vote",0.914267048347756,0.590311580563407,0.717413388701098
