"","bcubed.precision","bcubed.recall","bcubed.f1"
"majority-vote",0.971201817307814,0.535372609438689,0.690247812511382
