"","bcubed.precision","bcubed.recall","bcubed.f1"
"majority-vote",0.764411946355776,0.296495230224531,0.427265459267975
