"","bcubed.precision","bcubed.recall","bcubed.f1"
"majority-vote",0.950845548456774,0.800550800236792,0.869249459480112
