"","bcubed.precision","bcubed.recall","bcubed.f1"
"majority-vote",0.852105308013231,0.438402786886574,0.578943043023448
