"","bcubed.precision","bcubed.recall","bcubed.f1"
"majority-vote",0.883251911867726,0.301681757933687,0.44974836357752
