"","bcubed.precision","bcubed.recall","bcubed.f1"
"majority-vote",0.977210174338278,0.614959251431124,0.754874987015335
