"","bcubed.precision","bcubed.recall","bcubed.f1"
"majority-vote",0.997706909372833,0.534299300532661,0.69591637470894
