"","bcubed.precision","bcubed.recall","bcubed.f1"
"majority-vote",0.986318813546053,0.778291498111069,0.870043138633828
