"","bcubed.precision","bcubed.recall","bcubed.f1"
"majority-vote",0.997515811511758,0.0874659527717527,0.160829746141181
