"","bcubed.precision","bcubed.recall","bcubed.f1"
"majority-vote",0.938639608962483,0.381172101839774,0.542173144381045
