"","bcubed.precision","bcubed.recall","bcubed.f1"
"majority-vote",0.953470322871397,0.618195868128998,0.75007201574723
