"","bcubed.precision","bcubed.recall","bcubed.f1"
"majority-vote",0.973888314207606,0.455499054128218,0.620692774785831
