"","bcubed.precision","bcubed.recall","bcubed.f1"
"majority-vote",0.982936957053949,0.648017188268857,0.781088842972438
