"","bcubed.precision","bcubed.recall","bcubed.f1"
"majority-vote",0.963046677483869,0.311170927777518,0.470362561132936
