"","bcubed.precision","bcubed.recall","bcubed.f1"
"majority-vote",0.817421227395202,0.442727890186997,0.574368811356387
