"","bcubed.precision","bcubed.recall","bcubed.f1"
"majority-vote",0.765160245290401,0.538467435050994,0.632103599666759
