"","bcubed.precision","bcubed.recall","bcubed.f1"
"majority-vote",0.972678776181955,0.436939548540881,0.603002696384222
