"","bcubed.precision","bcubed.recall","bcubed.f1"
"majority-vote",0.967030032290175,0.454978398534415,0.618811767762775
