"","bcubed.precision","bcubed.recall","bcubed.f1"
"majority-vote",0.998418504127827,0.52302704094918,0.686452272357146
