"","bcubed.precision","bcubed.recall","bcubed.f1"
"majority-vote",0.946118210365948,0.551665976447982,0.696951177548503
