"","bcubed.precision","bcubed.recall","bcubed.f1"
"majority-vote",0.951539665202567,0.447359542825986,0.608593309886445
