"","bcubed.precision","bcubed.recall","bcubed.f1"
"majority-vote",0.958969854763324,0.531915961238395,0.684279596224275
