"","bcubed.precision","bcubed.recall","bcubed.f1"
"majority-vote",0.9704270781868,0.382450450989327,0.548667955082103
