"","bcubed.precision","bcubed.recall","bcubed.f1"
"majority-vote",0.999409081034108,0.329092535737609,0.495141390216651
