"","bcubed.precision","bcubed.recall","bcubed.f1"
"majority-vote",0.989308571147543,0.400955353806036,0.570637791930121
