"","bcubed.precision","bcubed.recall","bcubed.f1"
"majority-vote",0.979409240187092,0.770410790623351,0.862428631276873
