"","bcubed.precision","bcubed.recall","bcubed.f1"
"majority-vote",0.845185835528241,0.346887401012008,0.491889774674352
