"","bcubed.precision","bcubed.recall","bcubed.f1"
"majority-vote",0.996283776042849,0.999100556957356,0.997690178348099
