"","bcubed.precision","bcubed.recall","bcubed.f1"
"majority-vote",0.715144068735866,0.850748894886349,0.777074857982884
