"","bcubed.precision","bcubed.recall","bcubed.f1"
"majority-vote",0.847586224508516,0.896712311255644,0.871457479077124
