"","bcubed.precision","bcubed.recall","bcubed.f1"
"majority-vote",0.977976308275141,0.511970833964613,0.672098132813745
