"","bcubed.precision","bcubed.recall","bcubed.f1"
"majority-vote",0.992706221450634,0.12795115564207,0.226684642146739
