"","bcubed.precision","bcubed.recall","bcubed.f1"
"majority-vote",0.978940390871185,0.798329788222256,0.879458040898481
