"","bcubed.precision","bcubed.recall","bcubed.f1"
"majority-vote",0.871296894735837,0.830925384566611,0.850632395231896
