"","bcubed.precision","bcubed.recall","bcubed.f1"
"majority-vote",0.980281770991365,0.491899366415539,0.655082407737815
