"","bcubed.precision","bcubed.recall","bcubed.f1"
"majority-vote",0.991175295337778,0.750832340551409,0.854423886052976
