"","bcubed.precision","bcubed.recall","bcubed.f1"
"majority-vote",0.965308509498376,0.649262481834607,0.776353101817527
