"","bcubed.precision","bcubed.recall","bcubed.f1"
"majority-vote",0.943313209791823,0.50012984970081,0.653685769911565
