"","bcubed.precision","bcubed.recall","bcubed.f1"
"majority-vote",0.993306469958198,0.268572953709732,0.422822097851821
