"","bcubed.precision","bcubed.recall","bcubed.f1"
"majority-vote",0.982508779236801,0.250033918876536,0.3986239515746
