"","bcubed.precision","bcubed.recall","bcubed.f1"
"majority-vote",0.985670453032513,0.0973388926707872,0.177180503228608
