"","bcubed.precision","bcubed.recall","bcubed.f1"
"majority-vote",0.996649609755814,0.113514851714629,0.203815806737362
