"","bcubed.precision","bcubed.recall","bcubed.f1"
"majority-vote",0.947083623605168,0.236927785779645,0.379034229079808
