"","bcubed.precision","bcubed.recall","bcubed.f1"
"majority-vote",0.956450128468541,0.640504118823907,0.767223291177445
