"","bcubed.precision","bcubed.recall","bcubed.f1"
"majority-vote",0.962281078874479,0.833530836984402,0.893290601320999
