"","bcubed.precision","bcubed.recall","bcubed.f1"
"majority-vote",0.999524839039225,0.48722141471798,0.65510830095151
