"","bcubed.precision","bcubed.recall","bcubed.f1"
"majority-vote",0.959982685280774,0.881225353966078,0.918919604526491
