"","bcubed.precision","bcubed.recall","bcubed.f1"
"majority-vote",0.941848340859166,0.543151707869697,0.68897847556273
