"","bcubed.precision","bcubed.recall","bcubed.f1"
"majority-vote",0.997041525146502,0.183804153635653,0.310388354654701
