"","bcubed.precision","bcubed.recall","bcubed.f1"
"majority-vote",0.970988375432098,0.654306762777441,0.781795559080291
