"","bcubed.precision","bcubed.recall","bcubed.f1"
"majority-vote",0.996296469024093,0.993271055010947,0.994781461736218
