"","bcubed.precision","bcubed.recall","bcubed.f1"
"majority-vote",0.9236669481525,0.314839817910686,0.469609277454065
