"","bcubed.precision","bcubed.recall","bcubed.f1"
"majority-vote",0.89082505618863,0.437814539252346,0.587090980681218
