"","bcubed.precision","bcubed.recall","bcubed.f1"
"majority-vote",0.987679127426185,0.349074133110067,0.515836759670806
