"","bcubed.precision","bcubed.recall","bcubed.f1"
"majority-vote",0.955333689022309,0.589255480984025,0.728913064206937
