"","bcubed.precision","bcubed.recall","bcubed.f1"
"majority-vote",0.951271208366632,0.758556022142481,0.844053119428218
