"","bcubed.precision","bcubed.recall","bcubed.f1"
"majority-vote",0.835337831231055,0.398907673440877,0.539961732948908
