"","bcubed.precision","bcubed.recall","bcubed.f1"
"majority-vote",0.983003603329429,0.701435978188468,0.818686644068084
