"","bcubed.precision","bcubed.recall","bcubed.f1"
"majority-vote",0.983659944009598,0.828860833071091,0.899650046454791
