"","bcubed.precision","bcubed.recall","bcubed.f1"
"majority-vote",0.978609045510781,0.379142829522654,0.546539628239931
