"","bcubed.precision","bcubed.recall","bcubed.f1"
"majority-vote",0.94339773051712,0.327030638509827,0.485694384195841
