"","bcubed.precision","bcubed.recall","bcubed.f1"
"majority-vote",0.971380938898267,0.421172803866226,0.587581248887111
