"","bcubed.precision","bcubed.recall","bcubed.f1"
"majority-vote",0.752646988082071,0.385451398626716,0.509813277334258
