"","bcubed.precision","bcubed.recall","bcubed.f1"
"majority-vote",0.987442421752181,0.645154614499207,0.780416748040204
