"","bcubed.precision","bcubed.recall","bcubed.f1"
"majority-vote",0.730416504535465,0.44878435772383,0.55596889783609
