"","bcubed.precision","bcubed.recall","bcubed.f1"
"majority-vote",0.767208627293522,0.777234453753005,0.7721889989562
