"","bcubed.precision","bcubed.recall","bcubed.f1"
"majority-vote",0.934731737485118,0.522930376649471,0.670662446131429
