"","bcubed.precision","bcubed.recall","bcubed.f1"
"majority-vote",0.985279753857736,0.777705047086921,0.869272425896285
