"","bcubed.precision","bcubed.recall","bcubed.f1"
"majority-vote",0.933566060109906,0.909558561337863,0.921405956674195
