"","bcubed.precision","bcubed.recall","bcubed.f1"
"majority-vote",0.998134906656624,0.974010250592428,0.985925023808878
