"","bcubed.precision","bcubed.recall","bcubed.f1"
"majority-vote",0.928990162178734,0.945780381143566,0.937310086072735
