"","bcubed.precision","bcubed.recall","bcubed.f1"
"majority-vote",0.842699970264645,0.401903634193187,0.54424425475031
