"","bcubed.precision","bcubed.recall","bcubed.f1"
"majority-vote",0.889315562344478,0.851563486662312,0.870030185549283
