"","bcubed.precision","bcubed.recall","bcubed.f1"
"majority-vote",0.994289385611199,0.72052626462492,0.835555258516562
