"","bcubed.precision","bcubed.recall","bcubed.f1"
"majority-vote",0.7996666061698,0.371316023905703,0.507145054122609
