"","bcubed.precision","bcubed.recall","bcubed.f1"
"majority-vote",0.960970092034237,0.57276726450586,0.717739851010801
