"","bcubed.precision","bcubed.recall","bcubed.f1"
"majority-vote",0.966235451904286,0.303310240019608,0.461691310044021
