"","bcubed.precision","bcubed.recall","bcubed.f1"
"majority-vote",0.994137995505511,0.43517996230347,0.605364164138423
