"","bcubed.precision","bcubed.recall","bcubed.f1"
"majority-vote",0.987824905212767,0.355806050931985,0.523170557999785
