"","bcubed.precision","bcubed.recall","bcubed.f1"
"majority-vote",0.96752815050567,0.550174841052058,0.701467479973141
