"","bcubed.precision","bcubed.recall","bcubed.f1"
"majority-vote",0.974637018615368,0.502142448493052,0.662802577933674
