"","bcubed.precision","bcubed.recall","bcubed.f1"
"majority-vote",0.939892079367733,0.602461682359619,0.734265999699313
