"","bcubed.precision","bcubed.recall","bcubed.f1"
"majority-vote",0.993228751612824,0.871152439477466,0.928193927359533
