"","bcubed.precision","bcubed.recall","bcubed.f1"
"majority-vote",0.912219801017408,0.175983321363834,0.295046884345655
