"","bcubed.precision","bcubed.recall","bcubed.f1"
"majority-vote",0.96198501848144,0.81461816351614,0.882189649355765
