"","bcubed.precision","bcubed.recall","bcubed.f1"
"majority-vote",0.870636815814808,0.548500064715299,0.673006749905001
