"","bcubed.precision","bcubed.recall","bcubed.f1"
"majority-vote",0.997521348395969,0.747312802890774,0.854477171097814
