"","bcubed.precision","bcubed.recall","bcubed.f1"
"majority-vote",0.935884863212202,0.465992840474231,0.622187862205475
