{
      "avg_bcuded_f1": 0.6437931859586384,
      "avg_bcuded_recall": 0.5226146898327145,
      "avg_bcuded_precision": 0.9455929619355894,
      "avg_bcuded_f1star": 0.6731755850948964
}