{
      "avg_bcuded_f1": 0.6786206046451574,
      "avg_bcuded_recall": 0.5640264020272822,
      "avg_bcuded_precision": 0.9450284107146996,
      "avg_bcuded_f1star": 0.7064302367393313
}